"../../../Engine/Plugins/2D/Paper2D/Content/PlaceholderTextures/DummySpriteTexture.ubulk" 0
"../../../Engine/Plugins/2D/Paper2D/Content/PlaceholderTextures/DummySpriteTexture.uasset" 1
"../../../Engine/Plugins/2D/Paper2D/Content/PlaceholderTextures/DummySpriteTexture.uexp" 2
"../../../Engine/Plugins/2D/Paper2D/Content/DummySprite.uasset" 3
"../../../Engine/Plugins/2D/Paper2D/Content/DummySprite.uexp" 4
"../../../Engine/Plugins/2D/Paper2D/Content/DefaultPaperTerrainMaterial.uasset" 5
"../../../Engine/Plugins/2D/Paper2D/Content/DefaultPaperTerrainMaterial.uexp" 6
"../../../Engine/Plugins/Animation/ACLPlugin/Content/ACLAnimBoneCompressionSettings.uasset" 7
"../../../Engine/Plugins/Animation/ACLPlugin/Content/ACLAnimBoneCompressionSettings.uexp" 8
"../../../Engine/Content/EngineFonts/Faces/DroidSansFallback.uexp" 9
"../../../Engine/Content/EngineFonts/Faces/DroidSansFallback.uasset" 10
"../../../Engine/Content/EngineFonts/Faces/DroidSansFallback.ufont" 11
"../../../Engine/Content/EngineFonts/Faces/RobotoBold.uexp" 12
"../../../Engine/Content/EngineFonts/Faces/RobotoBold.uasset" 13
"../../../Engine/Content/EngineFonts/Faces/RobotoBold.ufont" 14
"../../../Engine/Content/EngineFonts/Faces/RobotoBoldItalic.uexp" 15
"../../../Engine/Content/EngineFonts/Faces/RobotoBoldItalic.uasset" 16
"../../../Engine/Content/EngineFonts/Faces/RobotoBoldItalic.ufont" 17
"../../../Engine/Content/EngineFonts/Faces/RobotoItalic.uexp" 18
"../../../Engine/Content/EngineFonts/Faces/RobotoItalic.uasset" 19
"../../../Engine/Content/EngineFonts/Faces/RobotoItalic.ufont" 20
"../../../Engine/Content/EngineFonts/Faces/RobotoLight.uexp" 21
"../../../Engine/Content/EngineFonts/Faces/RobotoLight.uasset" 22
"../../../Engine/Content/EngineFonts/Faces/RobotoLight.ufont" 23
"../../../Engine/Content/EngineFonts/Faces/RobotoRegular.uexp" 24
"../../../Engine/Content/EngineFonts/Faces/RobotoRegular.uasset" 25
"../../../Engine/Content/EngineFonts/Faces/RobotoRegular.ufont" 26
"../../../Engine/Content/EngineFonts/Roboto.uasset" 27
"../../../Engine/Content/EngineFonts/Roboto.uexp" 28
"../../../Engine/Content/MobileResources/HUD/VirtualJoystick_Background.uasset" 29
"../../../Engine/Content/MobileResources/HUD/VirtualJoystick_Background.uexp" 30
"../../../Engine/Content/MobileResources/HUD/VirtualJoystick_Thumb.uasset" 31
"../../../Engine/Content/MobileResources/HUD/VirtualJoystick_Thumb.uexp" 32
"../../../Engine/Content/MobileResources/HUD/DefaultVirtualJoysticks.uasset" 33
"../../../Engine/Content/MobileResources/HUD/DefaultVirtualJoysticks.uexp" 34
"../../../Engine/Content/EngineMaterials/DefaultDestructiblePhysicalMaterial.uasset" 35
"../../../Engine/Content/EngineMaterials/DefaultDestructiblePhysicalMaterial.uexp" 36
"../../../Engine/Content/EngineSounds/Master.uasset" 37
"../../../Engine/Content/EngineSounds/Master.uexp" 38
"../../../Engine/Plugins/Animation/ControlRig/Content/Controls/DefaultGizmoLibraryNormalized.uasset" 39
"../../../Engine/Plugins/Animation/ControlRig/Content/Controls/DefaultGizmoLibraryNormalized.uexp" 40
"../../../Engine/Content/EngineMaterials/PreintegratedSkinBRDF.uasset" 41
"../../../Engine/Content/EngineMaterials/PreintegratedSkinBRDF.uexp" 42
"../../../Engine/Content/EngineMaterials/T_Default_Material_Grid_M.ubulk" 43
"../../../Engine/Content/EngineMaterials/T_Default_Material_Grid_M.uasset" 44
"../../../Engine/Content/EngineMaterials/T_Default_Material_Grid_M.uexp" 45
"../../../Engine/Content/EngineMaterials/T_Default_Material_Grid_N.ubulk" 46
"../../../Engine/Content/EngineMaterials/T_Default_Material_Grid_N.uasset" 47
"../../../Engine/Content/EngineMaterials/T_Default_Material_Grid_N.uexp" 48
"../../../Engine/Content/Functions/Engine_MaterialFunctions01/Opacity/CameraDepthFade.uasset" 49
"../../../Engine/Content/Functions/Engine_MaterialFunctions01/Opacity/CameraDepthFade.uexp" 50
"../../../Engine/Content/EngineMaterials/WorldGridMaterial.uasset" 51
"../../../Engine/Content/EngineMaterials/WorldGridMaterial.uexp" 52
"../../../Engine/Plugins/Media/MediaPlate/Content/SM_MediaPlateScreen.ubulk" 53
"../../../Engine/Plugins/Media/MediaPlate/Content/SM_MediaPlateScreen.uasset" 54
"../../../Engine/Plugins/Media/MediaPlate/Content/SM_MediaPlateScreen.uexp" 55
"../../../Engine/Plugins/NNE/NNEDenoiser/Content/NNEDIM_ColorAlbedoNormal_Alpha.uasset" 56
"../../../Engine/Plugins/NNE/NNEDenoiser/Content/NNEDIM_ColorAlbedoNormal_Alpha.uexp" 57
"../../../Engine/Plugins/NNE/NNEDenoiser/Content/NNEDIM_ColorAlbedoNormal_Default.uasset" 58
"../../../Engine/Plugins/NNE/NNEDenoiser/Content/NNEDIM_ColorAlbedoNormal_Default.uexp" 59
"../../../Engine/Plugins/NNE/NNEDenoiser/Content/NNEDIM_HighQuality_Alpha.uasset" 60
"../../../Engine/Plugins/NNE/NNEDenoiser/Content/NNEDIM_HighQuality_Alpha.uexp" 61
"../../../Engine/Plugins/NNE/NNEDenoiser/Content/NNEDIM_HighQuality_Default.uasset" 62
"../../../Engine/Plugins/NNE/NNEDenoiser/Content/NNEDIM_HighQuality_Default.uexp" 63
"../../../Engine/Plugins/NNE/NNEDenoiser/Content/NNEDOM_Output_Alpha.uasset" 64
"../../../Engine/Plugins/NNE/NNEDenoiser/Content/NNEDOM_Output_Alpha.uexp" 65
"../../../Engine/Plugins/NNE/NNEDenoiser/Content/NNEDOM_Output_Default.uasset" 66
"../../../Engine/Plugins/NNE/NNEDenoiser/Content/NNEDOM_Output_Default.uexp" 67
"../../../Engine/Plugins/NNE/NNEDenoiser/Content/NNEDTIM_ColorAlbedoNormal_Alpha.uasset" 68
"../../../Engine/Plugins/NNE/NNEDenoiser/Content/NNEDTIM_ColorAlbedoNormal_Alpha.uexp" 69
"../../../Engine/Plugins/NNE/NNEDenoiser/Content/NNEDTIM_ColorAlbedoNormal_Default.uasset" 70
"../../../Engine/Plugins/NNE/NNEDenoiser/Content/NNEDTIM_ColorAlbedoNormal_Default.uexp" 71
"../../../Engine/Plugins/NNE/NNEDenoiser/Content/NNEDTOM_Output_Alpha.uasset" 72
"../../../Engine/Plugins/NNE/NNEDenoiser/Content/NNEDTOM_Output_Alpha.uexp" 73
"../../../Engine/Plugins/NNE/NNEDenoiser/Content/NNEDTOM_Output_Default.uasset" 74
"../../../Engine/Plugins/NNE/NNEDenoiser/Content/NNEDTOM_Output_Default.uexp" 75
"../../../Engine/Plugins/NNE/NNEDenoiser/Content/NNEDT_Oidn2-3_Balanced.uasset" 76
"../../../Engine/Plugins/NNE/NNEDenoiser/Content/NNEDT_Oidn2-3_Balanced.uexp" 77
"../../../Engine/Plugins/NNE/NNEDenoiser/Content/NNEDT_Oidn2-3_Balanced_Alpha.uasset" 78
"../../../Engine/Plugins/NNE/NNEDenoiser/Content/NNEDT_Oidn2-3_Balanced_Alpha.uexp" 79
"../../../Engine/Plugins/NNE/NNEDenoiser/Content/NNED_Oidn2-3_Balanced.uasset" 80
"../../../Engine/Plugins/NNE/NNEDenoiser/Content/NNED_Oidn2-3_Balanced.uexp" 81
"../../../Engine/Plugins/NNE/NNEDenoiser/Content/NNED_Oidn2-3_Balanced_Alpha.uasset" 82
"../../../Engine/Plugins/NNE/NNEDenoiser/Content/NNED_Oidn2-3_Balanced_Alpha.uexp" 83
"../../../Engine/Plugins/NNE/NNEDenoiser/Content/NNED_Oidn2-3_Fast.uasset" 84
"../../../Engine/Plugins/NNE/NNEDenoiser/Content/NNED_Oidn2-3_Fast.uexp" 85
"../../../Engine/Plugins/NNE/NNEDenoiser/Content/NNED_Oidn2-3_Fast_Alpha.uasset" 86
"../../../Engine/Plugins/NNE/NNEDenoiser/Content/NNED_Oidn2-3_Fast_Alpha.uexp" 87
"../../../Engine/Content/EngineMaterials/RemoveSurfaceMaterial.uasset" 88
"../../../Engine/Content/EngineMaterials/RemoveSurfaceMaterial.uexp" 89
"../../../Engine/Plugins/NNE/NNEDenoiser/Content/NNED_Oidn2-3_HighQuality.uasset" 90
"../../../Engine/Plugins/NNE/NNEDenoiser/Content/NNED_Oidn2-3_HighQuality.uexp" 91
"../../../Engine/Plugins/NNE/NNEDenoiser/Content/NNED_Oidn2-3_HighQuality_Alpha.uasset" 92
"../../../Engine/Plugins/NNE/NNEDenoiser/Content/NNED_Oidn2-3_HighQuality_Alpha.uexp" 93
"../../../Engine/Plugins/NNE/NNEDenoiser/Content/NNE_oidn2-3-0_rt_hdr_alb_nrm_small__dyn__fp16_opset11_DenoiseAlpha.uasset" 94
"../../../Engine/Plugins/NNE/NNEDenoiser/Content/NNE_oidn2-3-0_rt_hdr_alb_nrm_small__dyn__fp16_opset11_DenoiseAlpha.uexp" 95
"../../../Engine/Plugins/NNE/NNEDenoiser/Content/NNE_oidn2-3-0_rt_hdr_alb_nrm_small__dyn__fp16_opset11_ForwardAlpha.uasset" 96
"../../../Engine/Plugins/NNE/NNEDenoiser/Content/NNE_oidn2-3-0_rt_hdr_alb_nrm_small__dyn__fp16_opset11_ForwardAlpha.uexp" 97
"../../../Engine/Plugins/NNE/NNEDenoiser/Content/NNE_oidn2-3-0_rt_hdr_alb_nrm__dyn__fp16_opset11_DenoiseAlpha.uasset" 98
"../../../Engine/Plugins/NNE/NNEDenoiser/Content/NNE_oidn2-3-0_rt_hdr_alb_nrm__dyn__fp16_opset11_DenoiseAlpha.uexp" 99
"../../../Engine/Plugins/NNE/NNEDenoiser/Content/NNE_oidn2-3-0_rt_hdr_alb_nrm__dyn__fp16_opset11_ForwardAlpha.uasset" 100
"../../../Engine/Plugins/NNE/NNEDenoiser/Content/NNE_oidn2-3-0_rt_hdr_alb_nrm__dyn__fp16_opset11_ForwardAlpha.uexp" 101
"../../../Engine/Plugins/NNE/NNEDenoiser/Content/NNE_oidn2-3-0_rt_hdr_calb_cnrm_large__dyn__fp16_opset11_DenoiseAlpha.uasset" 102
"../../../Engine/Plugins/NNE/NNEDenoiser/Content/NNE_oidn2-3-0_rt_hdr_calb_cnrm_large__dyn__fp16_opset11_DenoiseAlpha.uexp" 103
"../../../Engine/Plugins/NNE/NNEDenoiser/Content/NNE_oidn2-3-0_rt_hdr_calb_cnrm_large__dyn__fp16_opset11_ForwardAlpha.uasset" 104
"../../../Engine/Plugins/NNE/NNEDenoiser/Content/NNE_oidn2-3-0_rt_hdr_calb_cnrm_large__dyn__fp16_opset11_ForwardAlpha.uexp" 105
"../../../Engine/Content/EngineMaterials/SMAAAreaTex.uasset" 106
"../../../Engine/Content/EngineMaterials/SMAAAreaTex.uexp" 107
"../../../Engine/Content/EngineMaterials/SMAASearchTex.uasset" 108
"../../../Engine/Content/EngineMaterials/SMAASearchTex.uexp" 109
"../../../Engine/Plugins/Runtime/WebBrowserWidget/Content/WebTexture_T.uasset" 110
"../../../Engine/Plugins/Runtime/WebBrowserWidget/Content/WebTexture_T.uexp" 111
"../../../Engine/Plugins/Runtime/WebBrowserWidget/Content/WebTexture_M.uasset" 112
"../../../Engine/Plugins/Runtime/WebBrowserWidget/Content/WebTexture_M.uexp" 113
"../../../Engine/Plugins/Runtime/WebBrowserWidget/Content/WebTexture_TM.uasset" 114
"../../../Engine/Plugins/Runtime/WebBrowserWidget/Content/WebTexture_TM.uexp" 115
"../../../Engine/Content/EngineResources/WhiteSquareTexture.uasset" 116
"../../../Engine/Content/EngineResources/WhiteSquareTexture.uexp" 117
"../../../Engine/Content/EngineMaterials/Widget3DPassThrough.uasset" 118
"../../../Engine/Content/EngineMaterials/Widget3DPassThrough.uexp" 119
"../../../Engine/Content/EngineMaterials/Widget3DPassThrough_Masked.uasset" 120
"../../../Engine/Content/EngineMaterials/Widget3DPassThrough_Masked.uexp" 121
"../../../Engine/Content/EngineMaterials/Widget3DPassThrough_Opaque.uasset" 122
"../../../Engine/Content/EngineMaterials/Widget3DPassThrough_Opaque.uexp" 123
"../../../Engine/Content/EngineMaterials/Widget3DPassThrough_Masked_OneSided.uasset" 124
"../../../Engine/Content/EngineMaterials/Widget3DPassThrough_Masked_OneSided.uexp" 125
"../../../Engine/Content/EngineMaterials/Widget3DPassThrough_Opaque_OneSided.uasset" 126
"../../../Engine/Content/EngineMaterials/Widget3DPassThrough_Opaque_OneSided.uexp" 127
"../../../Engine/Content/EngineMaterials/Widget3DPassThrough_Translucent.uasset" 128
"../../../Engine/Content/EngineMaterials/Widget3DPassThrough_Translucent.uexp" 129
"../../../Engine/Content/EngineMaterials/Widget3DPassThrough_Translucent_OneSided.uasset" 130
"../../../Engine/Content/EngineMaterials/Widget3DPassThrough_Translucent_OneSided.uexp" 131
"../../../Engine/Content/EditorResources/BSPVertex.uasset" 132
"../../../Engine/Content/EditorResources/BSPVertex.uexp" 133
"../../../Engine/Content/EngineMeshes/Sphere.ubulk" 134
"../../../Engine/Content/EngineMeshes/Sphere.uasset" 135
"../../../Engine/Content/EngineMeshes/Sphere.uexp" 136
"../../../Engine/Content/EditorResources/S_Actor.ubulk" 137
"../../../Engine/Content/EditorResources/S_Actor.uasset" 138
"../../../Engine/Content/EditorResources/S_Actor.uexp" 139
"../../../Engine/Content/EditorResources/S_BoxReflectionCapture.uasset" 140
"../../../Engine/Content/EditorResources/S_BoxReflectionCapture.uexp" 141
"../../../Engine/Content/EngineResources/Black.uasset" 142
"../../../Engine/Content/EngineResources/Black.uexp" 143
"../../../Engine/Content/EngineResources/DefaultTexture.ubulk" 144
"../../../Engine/Content/EngineResources/DefaultTexture.uasset" 145
"../../../Engine/Content/EngineResources/DefaultTexture.uexp" 146
"../../../Engine/Content/EngineResources/DefaultTextureCube.uasset" 147
"../../../Engine/Content/EngineResources/DefaultTextureCube.uexp" 148
"../../../Engine/Content/EngineResources/DefaultVolumeTexture2D.uasset" 149
"../../../Engine/Content/EngineResources/DefaultVolumeTexture2D.uexp" 150
"../../../Engine/Content/EngineResources/DefaultVolumeTexture.uasset" 151
"../../../Engine/Content/EngineResources/DefaultVolumeTexture.uexp" 152
"../../../Engine/Content/EngineResources/GradientTexture0.uasset" 153
"../../../Engine/Content/EngineResources/GradientTexture0.uexp" 154
"../../../Engine/Content/EngineResources/LandscapeVisibilityLayerInfo.uasset" 155
"../../../Engine/Content/EngineResources/LandscapeVisibilityLayerInfo.uexp" 156
"../../../Engine/Content/EditorResources/S_Solver.ubulk" 157
"../../../Engine/Content/EditorResources/S_Solver.uasset" 158
"../../../Engine/Content/EditorResources/S_Solver.uexp" 159
"../../../Engine/Content/EditorResources/S_Terrain.ubulk" 160
"../../../Engine/Content/EditorResources/S_Terrain.uasset" 161
"../../../Engine/Content/EditorResources/S_Terrain.uexp" 162
"../../../Engine/Content/EditorResources/S_Trigger.ubulk" 163
"../../../Engine/Content/EditorResources/S_Trigger.uasset" 164
"../../../Engine/Content/EditorResources/S_Trigger.uexp" 165
"../../../Engine/Content/EditorResources/S_TriggerBox.uasset" 166
"../../../Engine/Content/EditorResources/S_TriggerBox.uexp" 167
"../../../Engine/Content/EditorResources/S_TriggerCapsule.uasset" 168
"../../../Engine/Content/EditorResources/S_TriggerCapsule.uexp" 169
"../../../Engine/Content/EditorResources/S_TriggerSphere.uasset" 170
"../../../Engine/Content/EditorResources/S_TriggerSphere.uexp" 171
"../../../Engine/Content/EngineDamageTypes/DmgTypeBP_Environmental.uasset" 172
"../../../Engine/Content/EngineDamageTypes/DmgTypeBP_Environmental.uexp" 173
"../../../Engine/Content/EngineDebugMaterials/DebugEditorMaterial.uasset" 174
"../../../Engine/Content/EngineDebugMaterials/DebugEditorMaterial.uexp" 175
"../../../Engine/Content/EngineDebugMaterials/DebugMeshMaterial.uasset" 176
"../../../Engine/Content/EngineDebugMaterials/DebugMeshMaterial.uexp" 177
"../../../Engine/Content/EngineDebugMaterials/M_SimpleUnlitTranslucent.uasset" 178
"../../../Engine/Content/EngineDebugMaterials/M_SimpleUnlitTranslucent.uexp" 179
"../../../Engine/Content/Functions/Engine_MaterialFunctions02/Utility/CameraDirectionVector.uasset" 180
"../../../Engine/Content/Functions/Engine_MaterialFunctions02/Utility/CameraDirectionVector.uexp" 181
"../../../Engine/Content/EngineDebugMaterials/VolumeToRender.uasset" 182
"../../../Engine/Content/EngineDebugMaterials/VolumeToRender.uexp" 183
"../../../Engine/Content/EngineDebugMaterials/M_VolumeRenderSphereTracePP.uasset" 184
"../../../Engine/Content/EngineDebugMaterials/M_VolumeRenderSphereTracePP.uexp" 185
"../../../Engine/Content/EngineMaterials/DefaultMaterial.uasset" 186
"../../../Engine/Content/EngineMaterials/DefaultMaterial.uexp" 187
"../../../Engine/Content/BasicShapes/Cone.ubulk" 188
"../../../Engine/Content/BasicShapes/Cone.uasset" 189
"../../../Engine/Content/BasicShapes/Cone.uexp" 190
"../../../Engine/Content/BasicShapes/Cube.ubulk" 191
"../../../Engine/Content/BasicShapes/Cube.uasset" 192
"../../../Engine/Content/BasicShapes/Cube.uexp" 193
"../../../Engine/Content/BasicShapes/Cylinder.ubulk" 194
"../../../Engine/Content/BasicShapes/Cylinder.uasset" 195
"../../../Engine/Content/BasicShapes/Cylinder.uexp" 196
"../../../Engine/Content/BasicShapes/Sphere.ubulk" 197
"../../../Engine/Content/BasicShapes/Sphere.uasset" 198
"../../../Engine/Content/BasicShapes/Sphere.uexp" 199
"../../../Engine/Content/Functions/Engine_MaterialFunctions02/Utility/MakeFloat3.uasset" 200
"../../../Engine/Content/Functions/Engine_MaterialFunctions02/Utility/MakeFloat3.uexp" 201
"../../../Engine/Content/Functions/Engine_MaterialFunctions02/SplitComponents.uasset" 202
"../../../Engine/Content/Functions/Engine_MaterialFunctions02/SplitComponents.uexp" 203
"../../../Engine/Content/Functions/Engine_MaterialFunctions02/Utility/BreakOutFloat3Components.uasset" 204
"../../../Engine/Content/Functions/Engine_MaterialFunctions02/Utility/BreakOutFloat3Components.uexp" 205
"../../../Engine/Content/Functions/Engine_MaterialFunctions02/Math/Transform3x3Matrix.uasset" 206
"../../../Engine/Content/Functions/Engine_MaterialFunctions02/Math/Transform3x3Matrix.uexp" 207
"../../../Engine/Content/VREditor/SnapGrid/SnapGridMaterial.uasset" 208
"../../../Engine/Content/VREditor/SnapGrid/SnapGridMaterial.uexp" 209
"../../../Engine/Content/VREditor/SnapGrid/SnapGridPlaneMesh.ubulk" 210
"../../../Engine/Content/VREditor/SnapGrid/SnapGridPlaneMesh.uasset" 211
"../../../Engine/Content/VREditor/SnapGrid/SnapGridPlaneMesh.uexp" 212
"../../../Engine/Content/VREditor/LaserPointer/VR_LaserPower_01.ubulk" 213
"../../../Engine/Content/VREditor/LaserPointer/VR_LaserPower_01.uasset" 214
"../../../Engine/Content/VREditor/LaserPointer/VR_LaserPower_01.uexp" 215
"../../../Engine/Content/VREditor/TransformGizmo/TransformGizmoMaterial.uasset" 216
"../../../Engine/Content/VREditor/TransformGizmo/TransformGizmoMaterial.uexp" 217
"../../../Engine/Content/VREditor/TransformGizmo/TranslucentTransformGizmoMaterial.uasset" 218
"../../../Engine/Content/VREditor/TransformGizmo/TranslucentTransformGizmoMaterial.uexp" 219
"../../../Engine/Content/VREditor/TransformGizmo/PlaneTranslationHandle.ubulk" 220
"../../../Engine/Content/VREditor/TransformGizmo/PlaneTranslationHandle.uasset" 221
"../../../Engine/Content/VREditor/TransformGizmo/PlaneTranslationHandle.uexp" 222
"../../../Engine/Content/VREditor/TransformGizmo/RotationHandleFull.ubulk" 223
"../../../Engine/Content/VREditor/TransformGizmo/RotationHandleFull.uasset" 224
"../../../Engine/Content/VREditor/TransformGizmo/RotationHandleFull.uexp" 225
"../../../Engine/Content/VREditor/TransformGizmo/RotationHandleIndicator.ubulk" 226
"../../../Engine/Content/VREditor/TransformGizmo/RotationHandleIndicator.uasset" 227
"../../../Engine/Content/VREditor/TransformGizmo/RotationHandleIndicator.uexp" 228
"../../../Engine/Content/VREditor/TransformGizmo/RotationHandleQuarter.ubulk" 229
"../../../Engine/Content/VREditor/TransformGizmo/RotationHandleQuarter.uasset" 230
"../../../Engine/Content/VREditor/TransformGizmo/RotationHandleQuarter.uexp" 231
"../../../Engine/Content/VREditor/TransformGizmo/StartRotationHandleIndicator.ubulk" 232
"../../../Engine/Content/VREditor/TransformGizmo/StartRotationHandleIndicator.uasset" 233
"../../../Engine/Content/VREditor/TransformGizmo/StartRotationHandleIndicator.uexp" 234
"../../../Engine/Content/VREditor/TransformGizmo/TranslucentTransformGizmoMaterial_Inst.uasset" 235
"../../../Engine/Content/VREditor/TransformGizmo/TranslucentTransformGizmoMaterial_Inst.uexp" 236
"../../../Engine/Content/VREditor/TransformGizmo/TransformGizmoFreeRotation.ubulk" 237
"../../../Engine/Content/VREditor/TransformGizmo/TransformGizmoFreeRotation.uasset" 238
"../../../Engine/Content/VREditor/TransformGizmo/TransformGizmoFreeRotation.uexp" 239
"../../../Engine/Content/VREditor/TransformGizmo/TransformGizmoMaterial_Inst.uasset" 240
"../../../Engine/Content/VREditor/TransformGizmo/TransformGizmoMaterial_Inst.uexp" 241
"../../../Engine/Content/VREditor/TransformGizmo/TranslateArrowHandle.ubulk" 242
"../../../Engine/Content/VREditor/TransformGizmo/TranslateArrowHandle.uasset" 243
"../../../Engine/Content/VREditor/TransformGizmo/TranslateArrowHandle.uexp" 244
"../../../Engine/Content/VREditor/TransformGizmo/UniformScaleHandle.ubulk" 245
"../../../Engine/Content/VREditor/TransformGizmo/UniformScaleHandle.uasset" 246
"../../../Engine/Content/VREditor/TransformGizmo/UniformScaleHandle.uexp" 247
"../../../Engine/Content/VREditor/Sounds/UI/Drop_Item_From_ContentBrowser.ubulk" 248
"../../../Engine/Content/VREditor/Sounds/UI/Drop_Item_From_ContentBrowser.uasset" 249
"../../../Engine/Content/VREditor/Sounds/UI/Drop_Item_From_ContentBrowser.uexp" 250
"../../../Engine/Content/VREditor/Sounds/UI/Gizmo_Handle_Clicked.ubulk" 251
"../../../Engine/Content/VREditor/Sounds/UI/Gizmo_Handle_Clicked.uasset" 252
"../../../Engine/Content/VREditor/Sounds/UI/Gizmo_Handle_Clicked.uexp" 253
"../../../Engine/Content/VREditor/Sounds/UI/Object_PickUp.ubulk" 254
"../../../Engine/Content/VREditor/Sounds/UI/Object_PickUp.uasset" 255
"../../../Engine/Content/VREditor/Sounds/UI/Object_PickUp.uexp" 256
"../../../Engine/Content/VREditor/Sounds/UI/Object_Snaps_To_Another_Actor.ubulk" 257
"../../../Engine/Content/VREditor/Sounds/UI/Object_Snaps_To_Another_Actor.uasset" 258
"../../../Engine/Content/VREditor/Sounds/UI/Object_Snaps_To_Another_Actor.uexp" 259
"../../../Engine/Content/VREditor/Sounds/UI/Object_Snaps_To_Grid.ubulk" 260
"../../../Engine/Content/VREditor/Sounds/UI/Object_Snaps_To_Grid.uasset" 261
"../../../Engine/Content/VREditor/Sounds/UI/Object_Snaps_To_Grid.uexp" 262
"../../../Engine/Content/VREditor/Sounds/UI/Scaling_Down.ubulk" 263
"../../../Engine/Content/VREditor/Sounds/UI/Scaling_Down.uasset" 264
"../../../Engine/Content/VREditor/Sounds/UI/Scaling_Down.uexp" 265
"../../../Engine/Content/VREditor/Sounds/UI/Scaling_Up.ubulk" 266
"../../../Engine/Content/VREditor/Sounds/UI/Scaling_Up.uasset" 267
"../../../Engine/Content/VREditor/Sounds/UI/Scaling_Up.uexp" 268
"../../../Engine/Content/VREditor/Sounds/UI/Selection_Changes.ubulk" 269
"../../../Engine/Content/VREditor/Sounds/UI/Selection_Changes.uasset" 270
"../../../Engine/Content/VREditor/Sounds/UI/Selection_Changes.uexp" 271
"../../../Engine/Plugins/Animation/ControlRig/Content/Controls/ControlRigGizmoMaterial.uasset" 272
"../../../Engine/Plugins/Animation/ControlRig/Content/Controls/ControlRigGizmoMaterial.uexp" 273
"../../../Engine/Plugins/Animation/ControlRig/Content/Controls/ControlRigXRayMaterial.uasset" 274
"../../../Engine/Plugins/Animation/ControlRig/Content/Controls/ControlRigXRayMaterial.uexp" 275
"../../../Engine/Plugins/Animation/ControlRig/Content/Controls/ControlRig_Arrow2_1mm.ubulk" 276
"../../../Engine/Plugins/Animation/ControlRig/Content/Controls/ControlRig_Arrow2_1mm.uasset" 277
"../../../Engine/Plugins/Animation/ControlRig/Content/Controls/ControlRig_Arrow2_1mm.uexp" 278
"../../../Engine/Plugins/Animation/ControlRig/Content/Controls/ControlRig_Arrow2_3mm.ubulk" 279
"../../../Engine/Plugins/Animation/ControlRig/Content/Controls/ControlRig_Arrow2_3mm.uasset" 280
"../../../Engine/Plugins/Animation/ControlRig/Content/Controls/ControlRig_Arrow2_3mm.uexp" 281
"../../../Engine/Plugins/Animation/ControlRig/Content/Controls/ControlRig_Arrow2_solid.ubulk" 282
"../../../Engine/Plugins/Animation/ControlRig/Content/Controls/ControlRig_Arrow2_solid.uasset" 283
"../../../Engine/Plugins/Animation/ControlRig/Content/Controls/ControlRig_Arrow2_solid.uexp" 284
"../../../Engine/Plugins/Animation/ControlRig/Content/Controls/ControlRig_Arrow4_1mm.ubulk" 285
"../../../Engine/Plugins/Animation/ControlRig/Content/Controls/ControlRig_Arrow4_1mm.uasset" 286
"../../../Engine/Plugins/Animation/ControlRig/Content/Controls/ControlRig_Arrow4_1mm.uexp" 287
"../../../Engine/Plugins/Animation/ControlRig/Content/Controls/ControlRig_Arrow4_3mm.ubulk" 288
"../../../Engine/Plugins/Animation/ControlRig/Content/Controls/ControlRig_Arrow4_3mm.uasset" 289
"../../../Engine/Plugins/Animation/ControlRig/Content/Controls/ControlRig_Arrow4_3mm.uexp" 290
"../../../Engine/Plugins/Animation/ControlRig/Content/Controls/ControlRig_Arrow4_solid.ubulk" 291
"../../../Engine/Plugins/Animation/ControlRig/Content/Controls/ControlRig_Arrow4_solid.uasset" 292
"../../../Engine/Plugins/Animation/ControlRig/Content/Controls/ControlRig_Arrow4_solid.uexp" 293
"../../../Engine/Content/EditorLandscapeResources/DefaultAlphaTexture.uasset" 294
"../../../Engine/Content/EditorLandscapeResources/DefaultAlphaTexture.uexp" 295
"../../../Engine/Content/EditorLandscapeResources/ColorMaskBrushMaterial.uasset" 296
"../../../Engine/Content/EditorLandscapeResources/ColorMaskBrushMaterial.uexp" 297
"../../../Engine/Content/EditorLandscapeResources/ColorMaskBrushMaterial_MaskedRegion.uasset" 298
"../../../Engine/Content/EditorLandscapeResources/ColorMaskBrushMaterial_MaskedRegion.uexp" 299
"../../../Engine/Plugins/Animation/ControlRig/Content/Controls/ControlRig_Arrow_1mm.ubulk" 300
"../../../Engine/Plugins/Animation/ControlRig/Content/Controls/ControlRig_Arrow_1mm.uasset" 301
"../../../Engine/Plugins/Animation/ControlRig/Content/Controls/ControlRig_Arrow_1mm.uexp" 302
"../../../Engine/Plugins/Animation/ControlRig/Content/Controls/ControlRig_Arrow_3mm.ubulk" 303
"../../../Engine/Plugins/Animation/ControlRig/Content/Controls/ControlRig_Arrow_3mm.uasset" 304
"../../../Engine/Plugins/Animation/ControlRig/Content/Controls/ControlRig_Arrow_3mm.uexp" 305
"../../../Engine/Plugins/Animation/ControlRig/Content/Controls/ControlRig_Arrow_solid.ubulk" 306
"../../../Engine/Plugins/Animation/ControlRig/Content/Controls/ControlRig_Arrow_solid.uasset" 307
"../../../Engine/Plugins/Animation/ControlRig/Content/Controls/ControlRig_Arrow_solid.uexp" 308
"../../../Engine/Plugins/Animation/ControlRig/Content/Controls/ControlRig_Box_1mm.ubulk" 309
"../../../Engine/Plugins/Animation/ControlRig/Content/Controls/ControlRig_Box_1mm.uasset" 310
"../../../Engine/Plugins/Animation/ControlRig/Content/Controls/ControlRig_Box_1mm.uexp" 311
"../../../Engine/Plugins/Animation/ControlRig/Content/Controls/ControlRig_Box_3mm.ubulk" 312
"../../../Engine/Plugins/Animation/ControlRig/Content/Controls/ControlRig_Box_3mm.uasset" 313
"../../../Engine/Plugins/Animation/ControlRig/Content/Controls/ControlRig_Box_3mm.uexp" 314
"../../../Engine/Plugins/Animation/ControlRig/Content/Controls/ControlRig_Box_solid.ubulk" 315
"../../../Engine/Plugins/Animation/ControlRig/Content/Controls/ControlRig_Box_solid.uasset" 316
"../../../Engine/Plugins/Animation/ControlRig/Content/Controls/ControlRig_Box_solid.uexp" 317
"../../../Engine/Content/EngineMaterials/DefaultBloomKernel.uasset" 318
"../../../Engine/Content/EngineMaterials/DefaultBloomKernel.uexp" 319
"../../../Engine/Plugins/Animation/ControlRig/Content/Controls/ControlRig_Circle_1mm.ubulk" 320
"../../../Engine/Plugins/Animation/ControlRig/Content/Controls/ControlRig_Circle_1mm.uasset" 321
"../../../Engine/Plugins/Animation/ControlRig/Content/Controls/ControlRig_Circle_1mm.uexp" 322
"../../../Engine/Content/EditorLandscapeResources/LandscapeDirtyMaterial.uasset" 323
"../../../Engine/Content/EditorLandscapeResources/LandscapeDirtyMaterial.uexp" 324
"../../../Engine/Content/EngineMaterials/DefaultBokeh.uasset" 325
"../../../Engine/Content/EngineMaterials/DefaultBokeh.uexp" 326
"../../../Engine/Plugins/Animation/ControlRig/Content/Controls/ControlRig_Circle_3mm.ubulk" 327
"../../../Engine/Plugins/Animation/ControlRig/Content/Controls/ControlRig_Circle_3mm.uasset" 328
"../../../Engine/Plugins/Animation/ControlRig/Content/Controls/ControlRig_Circle_3mm.uexp" 329
"../../../Engine/Plugins/Animation/ControlRig/Content/Controls/ControlRig_Circle_solid.ubulk" 330
"../../../Engine/Plugins/Animation/ControlRig/Content/Controls/ControlRig_Circle_solid.uasset" 331
"../../../Engine/Plugins/Animation/ControlRig/Content/Controls/ControlRig_Circle_solid.uexp" 332
"../../../Engine/Plugins/Animation/ControlRig/Content/Controls/ControlRig_Diamond_1mm.ubulk" 333
"../../../Engine/Plugins/Animation/ControlRig/Content/Controls/ControlRig_Diamond_1mm.uasset" 334
"../../../Engine/Plugins/Animation/ControlRig/Content/Controls/ControlRig_Diamond_1mm.uexp" 335
"../../../Engine/Plugins/Animation/ControlRig/Content/Controls/ControlRig_Diamond_3mm.ubulk" 336
"../../../Engine/Plugins/Animation/ControlRig/Content/Controls/ControlRig_Diamond_3mm.uasset" 337
"../../../Engine/Plugins/Animation/ControlRig/Content/Controls/ControlRig_Diamond_3mm.uexp" 338
"../../../Engine/Content/EngineMaterials/DefaultDiffuse.ubulk" 339
"../../../Engine/Content/EngineMaterials/DefaultDiffuse.uasset" 340
"../../../Engine/Content/EngineMaterials/DefaultDiffuse.uexp" 341
"../../../Engine/Content/Functions/Engine_MaterialFunctions01/Texturing/TextureCropping.uasset" 342
"../../../Engine/Content/Functions/Engine_MaterialFunctions01/Texturing/TextureCropping.uexp" 343
"../../../Engine/Content/Functions/Engine_MaterialFunctions02/ExampleContent/DebugNumberStrip.uasset" 344
"../../../Engine/Content/Functions/Engine_MaterialFunctions02/ExampleContent/DebugNumberStrip.uexp" 345
"../../../Engine/Content/Functions/Engine_MaterialFunctions01/Debug/DebugIntValues.uasset" 346
"../../../Engine/Content/Functions/Engine_MaterialFunctions01/Debug/DebugIntValues.uexp" 347
"../../../Engine/Content/Functions/Engine_MaterialFunctions02/Utility/BreakOutFloat2Components.uasset" 348
"../../../Engine/Content/Functions/Engine_MaterialFunctions02/Utility/BreakOutFloat2Components.uexp" 349
"../../../Engine/Content/Functions/Engine_MaterialFunctions01/Texturing/ScaleUVsByCenter.uasset" 350
"../../../Engine/Content/Functions/Engine_MaterialFunctions01/Texturing/ScaleUVsByCenter.uexp" 351
"../../../Engine/Content/Functions/Engine_MaterialFunctions02/WorldPositionOffset/LocalPosition.uasset" 352
"../../../Engine/Content/Functions/Engine_MaterialFunctions02/WorldPositionOffset/LocalPosition.uexp" 353
"../../../Engine/Content/EditorLandscapeResources/LandscapeLayerUsageMaterial.uasset" 354
"../../../Engine/Content/EditorLandscapeResources/LandscapeLayerUsageMaterial.uexp" 355
"../../../Engine/Content/EngineMaterials/DefaultDeferredDecalMaterial.uasset" 356
"../../../Engine/Content/EngineMaterials/DefaultDeferredDecalMaterial.uexp" 357
"../../../Engine/Plugins/Animation/ControlRig/Content/Controls/ControlRig_Diamond_solid.ubulk" 358
"../../../Engine/Plugins/Animation/ControlRig/Content/Controls/ControlRig_Diamond_solid.uasset" 359
"../../../Engine/Plugins/Animation/ControlRig/Content/Controls/ControlRig_Diamond_solid.uexp" 360
"../../../Engine/Plugins/Animation/ControlRig/Content/Controls/ControlRig_HalfCircle_1mm.ubulk" 361
"../../../Engine/Plugins/Animation/ControlRig/Content/Controls/ControlRig_HalfCircle_1mm.uasset" 362
"../../../Engine/Plugins/Animation/ControlRig/Content/Controls/ControlRig_HalfCircle_1mm.uexp" 363
"../../../Engine/Content/EditorLandscapeResources/WhiteSquareTexture.uasset" 364
"../../../Engine/Content/EditorLandscapeResources/WhiteSquareTexture.uexp" 365
"../../../Engine/Content/EditorLandscapeResources/LayerVisMaterial.uasset" 366
"../../../Engine/Content/EditorLandscapeResources/LayerVisMaterial.uexp" 367
"../../../Engine/Plugins/Animation/ControlRig/Content/Controls/ControlRig_HalfCircle_3mm.ubulk" 368
"../../../Engine/Plugins/Animation/ControlRig/Content/Controls/ControlRig_HalfCircle_3mm.uasset" 369
"../../../Engine/Plugins/Animation/ControlRig/Content/Controls/ControlRig_HalfCircle_3mm.uexp" 370
"../../../Engine/Content/EngineMaterials/DefaultLightFunctionMaterial.uasset" 371
"../../../Engine/Content/EngineMaterials/DefaultLightFunctionMaterial.uexp" 372
"../../../Engine/Plugins/Animation/ControlRig/Content/Controls/ControlRig_HalfCircle_solid.ubulk" 373
"../../../Engine/Plugins/Animation/ControlRig/Content/Controls/ControlRig_HalfCircle_solid.uasset" 374
"../../../Engine/Plugins/Animation/ControlRig/Content/Controls/ControlRig_HalfCircle_solid.uexp" 375
"../../../Engine/Content/Functions/Engine_MaterialFunctions03/Math/WithinRangeFloat2.uasset" 376
"../../../Engine/Content/Functions/Engine_MaterialFunctions03/Math/WithinRangeFloat2.uexp" 377
"../../../Engine/Content/EditorLandscapeResources/MaskBrushMaterial.uasset" 378
"../../../Engine/Content/EditorLandscapeResources/MaskBrushMaterial.uexp" 379
"../../../Engine/Content/EditorLandscapeResources/MaskBrushMaterial_MaskedRegion.uasset" 380
"../../../Engine/Content/EditorLandscapeResources/MaskBrushMaterial_MaskedRegion.uexp" 381
"../../../Engine/Plugins/Animation/ControlRig/Content/Controls/ControlRig_Hexagon_1mm.ubulk" 382
"../../../Engine/Plugins/Animation/ControlRig/Content/Controls/ControlRig_Hexagon_1mm.uasset" 383
"../../../Engine/Plugins/Animation/ControlRig/Content/Controls/ControlRig_Hexagon_1mm.uexp" 384
"../../../Engine/Plugins/Animation/ControlRig/Content/Controls/ControlRig_Hexagon_3mm.ubulk" 385
"../../../Engine/Plugins/Animation/ControlRig/Content/Controls/ControlRig_Hexagon_3mm.uasset" 386
"../../../Engine/Plugins/Animation/ControlRig/Content/Controls/ControlRig_Hexagon_3mm.uexp" 387
"../../../Engine/Plugins/Animation/ControlRig/Content/Controls/ControlRig_Hexagon_solid.ubulk" 388
"../../../Engine/Plugins/Animation/ControlRig/Content/Controls/ControlRig_Hexagon_solid.uasset" 389
"../../../Engine/Plugins/Animation/ControlRig/Content/Controls/ControlRig_Hexagon_solid.uexp" 390
"../../../Engine/Content/EditorLandscapeResources/SelectBrushMaterial.uasset" 391
"../../../Engine/Content/EditorLandscapeResources/SelectBrushMaterial.uexp" 392
"../../../Engine/Content/EditorLandscapeResources/SelectBrushMaterial_Selected.uasset" 393
"../../../Engine/Content/EditorLandscapeResources/SelectBrushMaterial_Selected.uexp" 394
"../../../Engine/Content/EngineMaterials/DefaultPostProcessMaterial.uasset" 395
"../../../Engine/Content/EngineMaterials/DefaultPostProcessMaterial.uexp" 396
"../../../Engine/Content/EditorLandscapeResources/SelectBrushMaterial_SelectedRegion.uasset" 397
"../../../Engine/Content/EditorLandscapeResources/SelectBrushMaterial_SelectedRegion.uexp" 398
"../../../Engine/Content/EngineFonts/RobotoDistanceField.uasset" 399
"../../../Engine/Content/EngineFonts/RobotoDistanceField.uexp" 400
"../../../Engine/Content/EngineMaterials/DefaultTextMaterialOpaque.uasset" 401
"../../../Engine/Content/EngineMaterials/DefaultTextMaterialOpaque.uexp" 402
"../../../Engine/Plugins/Animation/ControlRig/Content/Controls/ControlRig_Octagon_1mm.ubulk" 403
"../../../Engine/Plugins/Animation/ControlRig/Content/Controls/ControlRig_Octagon_1mm.uasset" 404
"../../../Engine/Plugins/Animation/ControlRig/Content/Controls/ControlRig_Octagon_1mm.uexp" 405
"../../../Engine/Content/EngineMaterials/DefaultWhiteGrid.ubulk" 406
"../../../Engine/Content/EngineMaterials/DefaultWhiteGrid.uasset" 407
"../../../Engine/Content/EngineMaterials/DefaultWhiteGrid.uexp" 408
"../../../Engine/Content/EditorLandscapeResources/SplineEditorMeshMat.uasset" 409
"../../../Engine/Content/EditorLandscapeResources/SplineEditorMeshMat.uexp" 410
"../../../Engine/Content/EditorLandscapeResources/SplineEditorMesh.ubulk" 411
"../../../Engine/Content/EditorLandscapeResources/SplineEditorMesh.uasset" 412
"../../../Engine/Content/EditorLandscapeResources/SplineEditorMesh.uexp" 413
"../../../Engine/Plugins/Animation/ControlRig/Content/Controls/ControlRig_Octagon_3mm.ubulk" 414
"../../../Engine/Plugins/Animation/ControlRig/Content/Controls/ControlRig_Octagon_3mm.uasset" 415
"../../../Engine/Plugins/Animation/ControlRig/Content/Controls/ControlRig_Octagon_3mm.uexp" 416
"../../../Engine/Plugins/Animation/ControlRig/Content/Controls/ControlRig_Octagon_solid.ubulk" 417
"../../../Engine/Plugins/Animation/ControlRig/Content/Controls/ControlRig_Octagon_solid.uasset" 418
"../../../Engine/Plugins/Animation/ControlRig/Content/Controls/ControlRig_Octagon_solid.uexp" 419
"../../../Engine/Content/EngineMaterials/DefaultWhiteGrid_Low.uasset" 420
"../../../Engine/Content/EngineMaterials/DefaultWhiteGrid_Low.uexp" 421
"../../../Engine/Content/EngineMaterials/EmissiveMeshMaterial.uasset" 422
"../../../Engine/Content/EngineMaterials/EmissiveMeshMaterial.uexp" 423
"../../../Engine/Plugins/Animation/ControlRig/Content/Controls/ControlRig_Pyramid_1mm.ubulk" 424
"../../../Engine/Plugins/Animation/ControlRig/Content/Controls/ControlRig_Pyramid_1mm.uasset" 425
"../../../Engine/Plugins/Animation/ControlRig/Content/Controls/ControlRig_Pyramid_1mm.uexp" 426
"../../../Engine/Plugins/Animation/ControlRig/Content/Controls/ControlRig_Pyramid_3mm.ubulk" 427
"../../../Engine/Plugins/Animation/ControlRig/Content/Controls/ControlRig_Pyramid_3mm.uasset" 428
"../../../Engine/Plugins/Animation/ControlRig/Content/Controls/ControlRig_Pyramid_3mm.uexp" 429
"../../../Engine/Content/EngineMaterials/FastBlueNoise_scalar_128x128x64.uasset" 430
"../../../Engine/Content/EngineMaterials/FastBlueNoise_scalar_128x128x64.uexp" 431
"../../../Engine/Plugins/Animation/ControlRig/Content/Controls/ControlRig_Pyramid_solid.ubulk" 432
"../../../Engine/Plugins/Animation/ControlRig/Content/Controls/ControlRig_Pyramid_solid.uasset" 433
"../../../Engine/Plugins/Animation/ControlRig/Content/Controls/ControlRig_Pyramid_solid.uexp" 434
"../../../Engine/Plugins/Animation/ControlRig/Content/Controls/ControlRig_QuarterCircle_1mm.ubulk" 435
"../../../Engine/Plugins/Animation/ControlRig/Content/Controls/ControlRig_QuarterCircle_1mm.uasset" 436
"../../../Engine/Plugins/Animation/ControlRig/Content/Controls/ControlRig_QuarterCircle_1mm.uexp" 437
"../../../Engine/Content/EngineMaterials/FastBlueNoise_scalar_128x128x8.uasset" 438
"../../../Engine/Content/EngineMaterials/FastBlueNoise_scalar_128x128x8.uexp" 439
"../../../Engine/Plugins/Animation/ControlRig/Content/Controls/ControlRig_QuarterCircle_3mm.ubulk" 440
"../../../Engine/Plugins/Animation/ControlRig/Content/Controls/ControlRig_QuarterCircle_3mm.uasset" 441
"../../../Engine/Plugins/Animation/ControlRig/Content/Controls/ControlRig_QuarterCircle_3mm.uexp" 442
"../../../Engine/Content/EngineMaterials/FastBlueNoise_vec2_128x128x64.uasset" 443
"../../../Engine/Content/EngineMaterials/FastBlueNoise_vec2_128x128x64.uexp" 444
"../../../Engine/Plugins/Animation/ControlRig/Content/Controls/ControlRig_QuarterCircle_solid.ubulk" 445
"../../../Engine/Plugins/Animation/ControlRig/Content/Controls/ControlRig_QuarterCircle_solid.uasset" 446
"../../../Engine/Plugins/Animation/ControlRig/Content/Controls/ControlRig_QuarterCircle_solid.uexp" 447
"../../../Engine/Content/EngineMaterials/BaseFlattenDiffuseMap.uasset" 448
"../../../Engine/Content/EngineMaterials/BaseFlattenDiffuseMap.uexp" 449
"../../../Engine/Content/EngineMaterials/BaseFlattenEmissiveMap.uasset" 450
"../../../Engine/Content/EngineMaterials/BaseFlattenEmissiveMap.uexp" 451
"../../../Engine/Content/EngineMaterials/BaseFlattenGrayscaleMap.uasset" 452
"../../../Engine/Content/EngineMaterials/BaseFlattenGrayscaleMap.uexp" 453
"../../../Engine/Content/EngineMaterials/BaseFlattenLinearColor.uasset" 454
"../../../Engine/Content/EngineMaterials/BaseFlattenLinearColor.uexp" 455
"../../../Engine/Content/EngineMaterials/BaseFlattenNormalMap.uasset" 456
"../../../Engine/Content/EngineMaterials/BaseFlattenNormalMap.uexp" 457
"../../../Engine/Content/Functions/Engine_MaterialFunctions02/PivotPainter2/Black_1x1_EXR_Texture.uasset" 458
"../../../Engine/Content/Functions/Engine_MaterialFunctions02/PivotPainter2/Black_1x1_EXR_Texture.uexp" 459
"../../../Engine/Content/EngineMaterials/FlattenMaterial.uasset" 460
"../../../Engine/Content/EngineMaterials/FlattenMaterial.uexp" 461
"../../../Engine/Plugins/Animation/ControlRig/Content/Controls/ControlRig_RoundedSquare_1mm.ubulk" 462
"../../../Engine/Plugins/Animation/ControlRig/Content/Controls/ControlRig_RoundedSquare_1mm.uasset" 463
"../../../Engine/Plugins/Animation/ControlRig/Content/Controls/ControlRig_RoundedSquare_1mm.uexp" 464
"../../../Engine/Content/EngineMaterials/BaseFlattenDiffuseMap_VT.ubulk" 465
"../../../Engine/Content/EngineMaterials/BaseFlattenDiffuseMap_VT.uasset" 466
"../../../Engine/Content/EngineMaterials/BaseFlattenDiffuseMap_VT.uexp" 467
"../../../Engine/Content/EngineMaterials/BaseFlattenEmissiveMap_VT.ubulk" 468
"../../../Engine/Content/EngineMaterials/BaseFlattenEmissiveMap_VT.uasset" 469
"../../../Engine/Content/EngineMaterials/BaseFlattenEmissiveMap_VT.uexp" 470
"../../../Engine/Content/EngineMaterials/BaseFlattenGrayscaleMap_VT.ubulk" 471
"../../../Engine/Content/EngineMaterials/BaseFlattenGrayscaleMap_VT.uasset" 472
"../../../Engine/Content/EngineMaterials/BaseFlattenGrayscaleMap_VT.uexp" 473
"../../../Engine/Content/EngineMaterials/BaseFlattenLinearColor_VT.ubulk" 474
"../../../Engine/Content/EngineMaterials/BaseFlattenLinearColor_VT.uasset" 475
"../../../Engine/Content/EngineMaterials/BaseFlattenLinearColor_VT.uexp" 476
"../../../Engine/Content/EngineMaterials/BaseFlattenNormalMap_VT.ubulk" 477
"../../../Engine/Content/EngineMaterials/BaseFlattenNormalMap_VT.uasset" 478
"../../../Engine/Content/EngineMaterials/BaseFlattenNormalMap_VT.uexp" 479
"../../../Engine/Content/EngineMaterials/Black_1x1_EXR_Texture_VT.ubulk" 480
"../../../Engine/Content/EngineMaterials/Black_1x1_EXR_Texture_VT.uasset" 481
"../../../Engine/Content/EngineMaterials/Black_1x1_EXR_Texture_VT.uexp" 482
"../../../Engine/Content/EngineMaterials/FlattenMaterial_VT.uasset" 483
"../../../Engine/Content/EngineMaterials/FlattenMaterial_VT.uexp" 484
"../../../Engine/Plugins/Animation/ControlRig/Content/Controls/ControlRig_RoundedSquare_3mm.ubulk" 485
"../../../Engine/Plugins/Animation/ControlRig/Content/Controls/ControlRig_RoundedSquare_3mm.uasset" 486
"../../../Engine/Plugins/Animation/ControlRig/Content/Controls/ControlRig_RoundedSquare_3mm.uexp" 487
"../../../Engine/Content/EngineMaterials/FlattenMaterial_WS_Normal_VT.uasset" 488
"../../../Engine/Content/EngineMaterials/FlattenMaterial_WS_Normal_VT.uexp" 489
"../../../Engine/Plugins/Animation/ControlRig/Content/Controls/ControlRig_RoundedSquare_solid.ubulk" 490
"../../../Engine/Plugins/Animation/ControlRig/Content/Controls/ControlRig_RoundedSquare_solid.uasset" 491
"../../../Engine/Plugins/Animation/ControlRig/Content/Controls/ControlRig_RoundedSquare_solid.uexp" 492
"../../../Engine/Content/EngineMaterials/GizmoMaterial.uasset" 493
"../../../Engine/Content/EngineMaterials/GizmoMaterial.uexp" 494
"../../../Engine/Plugins/Animation/ControlRig/Content/Controls/ControlRig_RoundedTriangle_1mm.ubulk" 495
"../../../Engine/Plugins/Animation/ControlRig/Content/Controls/ControlRig_RoundedTriangle_1mm.uasset" 496
"../../../Engine/Plugins/Animation/ControlRig/Content/Controls/ControlRig_RoundedTriangle_1mm.uexp" 497
"../../../Engine/Plugins/Animation/ControlRig/Content/Controls/ControlRig_RoundedTriangle_3mm.ubulk" 498
"../../../Engine/Plugins/Animation/ControlRig/Content/Controls/ControlRig_RoundedTriangle_3mm.uasset" 499
"../../../Engine/Plugins/Animation/ControlRig/Content/Controls/ControlRig_RoundedTriangle_3mm.uexp" 500
"../../../Engine/Plugins/Animation/ControlRig/Content/Controls/ControlRig_RoundedTriangle_solid.ubulk" 501
"../../../Engine/Plugins/Animation/ControlRig/Content/Controls/ControlRig_RoundedTriangle_solid.uasset" 502
"../../../Engine/Plugins/Animation/ControlRig/Content/Controls/ControlRig_RoundedTriangle_solid.uexp" 503
"../../../Engine/Plugins/Animation/ControlRig/Content/Controls/ControlRig_Sphere_1mm.ubulk" 504
"../../../Engine/Plugins/Animation/ControlRig/Content/Controls/ControlRig_Sphere_1mm.uasset" 505
"../../../Engine/Plugins/Animation/ControlRig/Content/Controls/ControlRig_Sphere_1mm.uexp" 506
"../../../Engine/Plugins/Animation/ControlRig/Content/Controls/ControlRig_Sphere_3mm.ubulk" 507
"../../../Engine/Plugins/Animation/ControlRig/Content/Controls/ControlRig_Sphere_3mm.uasset" 508
"../../../Engine/Plugins/Animation/ControlRig/Content/Controls/ControlRig_Sphere_3mm.uexp" 509
"../../../Engine/Plugins/Animation/ControlRig/Content/Controls/ControlRig_Sphere_solid.ubulk" 510
"../../../Engine/Plugins/Animation/ControlRig/Content/Controls/ControlRig_Sphere_solid.uasset" 511
"../../../Engine/Plugins/Animation/ControlRig/Content/Controls/ControlRig_Sphere_solid.uexp" 512
"../../../Engine/Plugins/Animation/ControlRig/Content/Controls/ControlRig_Square_1mm.ubulk" 513
"../../../Engine/Plugins/Animation/ControlRig/Content/Controls/ControlRig_Square_1mm.uasset" 514
"../../../Engine/Plugins/Animation/ControlRig/Content/Controls/ControlRig_Square_1mm.uexp" 515
"../../../Engine/Plugins/Animation/ControlRig/Content/Controls/ControlRig_Square_3mm.ubulk" 516
"../../../Engine/Plugins/Animation/ControlRig/Content/Controls/ControlRig_Square_3mm.uasset" 517
"../../../Engine/Plugins/Animation/ControlRig/Content/Controls/ControlRig_Square_3mm.uexp" 518
"../../../Engine/Plugins/Animation/ControlRig/Content/Controls/ControlRig_Square_solid.ubulk" 519
"../../../Engine/Plugins/Animation/ControlRig/Content/Controls/ControlRig_Square_solid.uasset" 520
"../../../Engine/Plugins/Animation/ControlRig/Content/Controls/ControlRig_Square_solid.uexp" 521
"../../../Engine/Content/EngineMaterials/MiniFont.uasset" 522
"../../../Engine/Content/EngineMaterials/MiniFont.uexp" 523
"../../../Engine/Content/EngineMaterials/InvalidLightmapSettings.ubulk" 524
"../../../Engine/Content/EngineMaterials/InvalidLightmapSettings.uasset" 525
"../../../Engine/Content/EngineMaterials/InvalidLightmapSettings.uexp" 526
"../../../Engine/Content/EngineMaterials/M_InvalidLightmapSettings.uasset" 527
"../../../Engine/Content/EngineMaterials/M_InvalidLightmapSettings.uexp" 528
"../../../Engine/Plugins/Animation/ControlRig/Content/Controls/ControlRig_Star4_1mm.ubulk" 529
"../../../Engine/Plugins/Animation/ControlRig/Content/Controls/ControlRig_Star4_1mm.uasset" 530
"../../../Engine/Plugins/Animation/ControlRig/Content/Controls/ControlRig_Star4_1mm.uexp" 531
"../../../Engine/Content/EngineMaterials/NaniteHiddenSectionMaterial.uasset" 532
"../../../Engine/Content/EngineMaterials/NaniteHiddenSectionMaterial.uexp" 533
"../../../Engine/Plugins/Animation/ControlRig/Content/Controls/ControlRig_Star4_3mm.ubulk" 534
"../../../Engine/Plugins/Animation/ControlRig/Content/Controls/ControlRig_Star4_3mm.uasset" 535
"../../../Engine/Plugins/Animation/ControlRig/Content/Controls/ControlRig_Star4_3mm.uexp" 536
"../../../Engine/Plugins/Animation/ControlRig/Content/Controls/ControlRig_Star4_solid.ubulk" 537
"../../../Engine/Plugins/Animation/ControlRig/Content/Controls/ControlRig_Star4_solid.uasset" 538
"../../../Engine/Plugins/Animation/ControlRig/Content/Controls/ControlRig_Star4_solid.uexp" 539
"../../../Engine/Plugins/Animation/ControlRig/Content/Controls/ControlRig_Triangle_1mm.ubulk" 540
"../../../Engine/Plugins/Animation/ControlRig/Content/Controls/ControlRig_Triangle_1mm.uasset" 541
"../../../Engine/Plugins/Animation/ControlRig/Content/Controls/ControlRig_Triangle_1mm.uexp" 542
"../../../Engine/Plugins/Animation/ControlRig/Content/Controls/ControlRig_Triangle_3mm.ubulk" 543
"../../../Engine/Plugins/Animation/ControlRig/Content/Controls/ControlRig_Triangle_3mm.uasset" 544
"../../../Engine/Plugins/Animation/ControlRig/Content/Controls/ControlRig_Triangle_3mm.uexp" 545
"../../../Engine/Content/Functions/Engine_MaterialFunctions02/WorldPositionOffset/CameraOffset.uasset" 546
"../../../Engine/Content/Functions/Engine_MaterialFunctions02/WorldPositionOffset/CameraOffset.uexp" 547
"../../../Engine/Content/EngineMaterials/PhAT_JointLimitMaterial.uasset" 548
"../../../Engine/Content/EngineMaterials/PhAT_JointLimitMaterial.uexp" 549
"../../../Engine/Content/EditorMaterials/PhAT_NoCollisionMaterial.uasset" 550
"../../../Engine/Content/EditorMaterials/PhAT_NoCollisionMaterial.uexp" 551
"../../../Engine/Plugins/Animation/ControlRig/Content/Controls/ControlRig_Triangle_solid.ubulk" 552
"../../../Engine/Plugins/Animation/ControlRig/Content/Controls/ControlRig_Triangle_solid.uasset" 553
"../../../Engine/Plugins/Animation/ControlRig/Content/Controls/ControlRig_Triangle_solid.uexp" 554
"../../../Engine/Content/EditorMaterials/PhAT_UnselectedMaterial.uasset" 555
"../../../Engine/Content/EditorMaterials/PhAT_UnselectedMaterial.uexp" 556
"../../../Engine/Content/EngineMaterials/DefaultCalibrationColor.uasset" 557
"../../../Engine/Content/EngineMaterials/DefaultCalibrationColor.uexp" 558
"../../../Engine/Content/EngineMaterials/PPM_DefaultCalibrationColor.uasset" 559
"../../../Engine/Content/EngineMaterials/PPM_DefaultCalibrationColor.uexp" 560
"../../../Engine/Plugins/Animation/ControlRig/Content/Controls/ControlRig_Wedge_1mm.ubulk" 561
"../../../Engine/Plugins/Animation/ControlRig/Content/Controls/ControlRig_Wedge_1mm.uasset" 562
"../../../Engine/Plugins/Animation/ControlRig/Content/Controls/ControlRig_Wedge_1mm.uexp" 563
"../../../Engine/Content/EditorMaterials/PreviewShadowIndicator.ubulk" 564
"../../../Engine/Content/EditorMaterials/PreviewShadowIndicator.uasset" 565
"../../../Engine/Content/EditorMaterials/PreviewShadowIndicator.uexp" 566
"../../../Engine/Content/EditorMaterials/PreviewShadowIndicatorMaterial.uasset" 567
"../../../Engine/Content/EditorMaterials/PreviewShadowIndicatorMaterial.uexp" 568
"../../../Engine/Content/EngineMaterials/DefaultCalibrationGrayscale.uasset" 569
"../../../Engine/Content/EngineMaterials/DefaultCalibrationGrayscale.uexp" 570
"../../../Engine/Content/EngineMaterials/PPM_DefaultCalibrationGrayscale.uasset" 571
"../../../Engine/Content/EngineMaterials/PPM_DefaultCalibrationGrayscale.uexp" 572
"../../../Engine/Plugins/Animation/ControlRig/Content/Controls/ControlRig_Wedge_3mm.ubulk" 573
"../../../Engine/Plugins/Animation/ControlRig/Content/Controls/ControlRig_Wedge_3mm.uasset" 574
"../../../Engine/Plugins/Animation/ControlRig/Content/Controls/ControlRig_Wedge_3mm.uexp" 575
"../../../Engine/Plugins/Animation/ControlRig/Content/Controls/ControlRig_Wedge_solid.ubulk" 576
"../../../Engine/Plugins/Animation/ControlRig/Content/Controls/ControlRig_Wedge_solid.uasset" 577
"../../../Engine/Plugins/Animation/ControlRig/Content/Controls/ControlRig_Wedge_solid.uexp" 578
"../../../Engine/Plugins/Interchange/Assets/Content/Substrate/MX_SimpleVolume.uasset" 579
"../../../Engine/Plugins/Interchange/Assets/Content/Substrate/MX_SimpleVolume.uexp" 580
"../../../Engine/Plugins/Interchange/Assets/Content/Functions/MX_AbsorptionVDF.uasset" 581
"../../../Engine/Plugins/Interchange/Assets/Content/Functions/MX_AbsorptionVDF.uexp" 582
"../../../Engine/Plugins/Interchange/Assets/Content/Functions/MX_AnisotropicVDF.uasset" 583
"../../../Engine/Plugins/Interchange/Assets/Content/Functions/MX_AnisotropicVDF.uexp" 584
"../../../Engine/Plugins/Interchange/Assets/Content/Functions/MX_BurleyDiffuseBSDF.uasset" 585
"../../../Engine/Plugins/Interchange/Assets/Content/Functions/MX_BurleyDiffuseBSDF.uexp" 586
"../../../Engine/Plugins/Runtime/AudioWidgets/Content/Resources/ScrubHandleDown_Clamped.uasset" 587
"../../../Engine/Plugins/Runtime/AudioWidgets/Content/Resources/ScrubHandleDown_Clamped.uexp" 588
"../../../Engine/Plugins/Interchange/Assets/Content/Functions/MX_ChiangHairBSDF.uasset" 589
"../../../Engine/Plugins/Interchange/Assets/Content/Functions/MX_ChiangHairBSDF.uexp" 590
"../../../Engine/Plugins/Interchange/Assets/Content/Functions/MX_ConductorBSDF.uasset" 591
"../../../Engine/Plugins/Interchange/Assets/Content/Functions/MX_ConductorBSDF.uexp" 592
"../../../Engine/Plugins/Interchange/Assets/Content/Functions/MX_ConicalEDF.uasset" 593
"../../../Engine/Plugins/Interchange/Assets/Content/Functions/MX_ConicalEDF.uexp" 594
"../../../Engine/Plugins/Interchange/Assets/Content/Functions/MX_DielectricBSDF.uasset" 595
"../../../Engine/Plugins/Interchange/Assets/Content/Functions/MX_DielectricBSDF.uexp" 596
"../../../Engine/Content/Functions/Engine_MaterialFunctions02/Utility/BlendAngleCorrectedNormals.uasset" 597
"../../../Engine/Content/Functions/Engine_MaterialFunctions02/Utility/BlendAngleCorrectedNormals.uexp" 598
"../../../Engine/Plugins/Interchange/Assets/Content/Functions/MX_Displacement.uasset" 599
"../../../Engine/Plugins/Interchange/Assets/Content/Functions/MX_Displacement.uexp" 600
"../../../Engine/Plugins/Interchange/Assets/Content/Functions/MX_GeneralizedSchlickBSDF.uasset" 601
"../../../Engine/Plugins/Interchange/Assets/Content/Functions/MX_GeneralizedSchlickBSDF.uexp" 602
"../../../Engine/Plugins/Interchange/Assets/Content/Functions/MX_MeasuredEDF.uasset" 603
"../../../Engine/Plugins/Interchange/Assets/Content/Functions/MX_MeasuredEDF.uexp" 604
"../../../Engine/Plugins/Interchange/Assets/Content/Functions/MF_IridescenceNoLUT.uasset" 605
"../../../Engine/Plugins/Interchange/Assets/Content/Functions/MF_IridescenceNoLUT.uexp" 606
"../../../Engine/Plugins/Interchange/Assets/Content/Functions/MX_StandardSurface.uasset" 607
"../../../Engine/Plugins/Interchange/Assets/Content/Functions/MX_StandardSurface.uexp" 608
"../../../Engine/Plugins/Interchange/Assets/Content/Functions/MX_OpenPBR_Opaque.uasset" 609
"../../../Engine/Plugins/Interchange/Assets/Content/Functions/MX_OpenPBR_Opaque.uexp" 610
"../../../Engine/Plugins/Interchange/Assets/Content/Functions/MX_TransmissionSurface.uasset" 611
"../../../Engine/Plugins/Interchange/Assets/Content/Functions/MX_TransmissionSurface.uexp" 612
"../../../Engine/Plugins/Interchange/Assets/Content/Functions/MX_OpenPBR_Translucent.uasset" 613
"../../../Engine/Plugins/Interchange/Assets/Content/Functions/MX_OpenPBR_Translucent.uexp" 614
"../../../Engine/Plugins/Interchange/Assets/Content/Functions/MX_OrenNayarBSDF.uasset" 615
"../../../Engine/Plugins/Interchange/Assets/Content/Functions/MX_OrenNayarBSDF.uexp" 616
"../../../Engine/Plugins/Interchange/Assets/Content/Functions/MX_SheenBSDF.uasset" 617
"../../../Engine/Plugins/Interchange/Assets/Content/Functions/MX_SheenBSDF.uexp" 618
"../../../Engine/Plugins/Interchange/Assets/Content/Functions/MX_SubsurfaceBSDF.uasset" 619
"../../../Engine/Plugins/Interchange/Assets/Content/Functions/MX_SubsurfaceBSDF.uexp" 620
"../../../Engine/Plugins/Interchange/Assets/Content/Functions/MX_Surface.uasset" 621
"../../../Engine/Plugins/Interchange/Assets/Content/Functions/MX_Surface.uexp" 622
"../../../Engine/Plugins/Interchange/Assets/Content/Functions/MX_SurfaceUnlit.uasset" 623
"../../../Engine/Plugins/Interchange/Assets/Content/Functions/MX_SurfaceUnlit.uexp" 624
"../../../Engine/Plugins/Interchange/Assets/Content/Functions/MX_TranslucentBSDF.uasset" 625
"../../../Engine/Plugins/Interchange/Assets/Content/Functions/MX_TranslucentBSDF.uexp" 626
"../../../Engine/Plugins/Interchange/Assets/Content/Functions/MX_UniformEDF.uasset" 627
"../../../Engine/Plugins/Interchange/Assets/Content/Functions/MX_UniformEDF.uexp" 628
"../../../Engine/Plugins/Interchange/Assets/Content/Functions/MX_UsdPreviewSurface.uasset" 629
"../../../Engine/Plugins/Interchange/Assets/Content/Functions/MX_UsdPreviewSurface.uexp" 630
"../../../Engine/Plugins/2D/Paper2D/Content/DefaultSpriteMaterial.uasset" 631
"../../../Engine/Plugins/2D/Paper2D/Content/DefaultSpriteMaterial.uexp" 632
"../../../Engine/Plugins/2D/Paper2D/Content/MaskedUnlitSpriteMaterial.uasset" 633
"../../../Engine/Plugins/2D/Paper2D/Content/MaskedUnlitSpriteMaterial.uexp" 634
"../../../Engine/Plugins/2D/Paper2D/Content/OpaqueUnlitSpriteMaterial.uasset" 635
"../../../Engine/Plugins/2D/Paper2D/Content/OpaqueUnlitSpriteMaterial.uexp" 636
"../../../Engine/Plugins/Animation/ControlRig/Content/M_Manip.uasset" 637
"../../../Engine/Plugins/Animation/ControlRig/Content/M_Manip.uexp" 638
"../../../Engine/Plugins/Runtime/HairStrands/Content/Materials/HairCardsDefaultMaterial.uasset" 639
"../../../Engine/Plugins/Runtime/HairStrands/Content/Materials/HairCardsDefaultMaterial.uexp" 640
"../../../Engine/Content/Functions/Engine_MaterialFunctions02/Utility/MakeFloat2.uasset" 641
"../../../Engine/Content/Functions/Engine_MaterialFunctions02/Utility/MakeFloat2.uexp" 642
"../../../Engine/Content/EngineMaterials/HairColorMap.uasset" 643
"../../../Engine/Content/EngineMaterials/HairColorMap.uexp" 644
"../../../Engine/Content/EngineMaterials/HairDebugColor.uasset" 645
"../../../Engine/Content/EngineMaterials/HairDebugColor.uexp" 646
"../../../Engine/Plugins/Runtime/HairStrands/Content/Materials/HairGroupColors.uasset" 647
"../../../Engine/Plugins/Runtime/HairStrands/Content/Materials/HairGroupColors.uexp" 648
"../../../Engine/Plugins/Runtime/HairStrands/Content/Materials/HairDebugMaterial.uasset" 649
"../../../Engine/Plugins/Runtime/HairStrands/Content/Materials/HairDebugMaterial.uexp" 650
"../../../Engine/Plugins/Runtime/HairStrands/Content/Materials/HairDefaultMaterial.uasset" 651
"../../../Engine/Plugins/Runtime/HairStrands/Content/Materials/HairDefaultMaterial.uexp" 652
"../../../Engine/Plugins/Runtime/HairStrands/Content/Materials/HairMeshesDefaultMaterial.uasset" 653
"../../../Engine/Plugins/Runtime/HairStrands/Content/Materials/HairMeshesDefaultMaterial.uexp" 654
"../../../Engine/Content/EditorResources/SequenceRecorder/Countdown.uasset" 655
"../../../Engine/Content/EditorResources/SequenceRecorder/Countdown.uexp" 656
"../../../Engine/Content/EditorResources/SequenceRecorder/RecordingIndicator.uasset" 657
"../../../Engine/Content/EditorResources/SequenceRecorder/RecordingIndicator.uexp" 658
"../../../Engine/Content/EngineMaterials/EnergyConservation/Diffuse_Energy.uasset" 659
"../../../Engine/Content/EngineMaterials/EnergyConservation/Diffuse_Energy.uexp" 660
"../../../Engine/Content/EngineMaterials/EnergyConservation/GGX_ReflectionEnergy.uasset" 661
"../../../Engine/Content/EngineMaterials/EnergyConservation/GGX_ReflectionEnergy.uexp" 662
"../../../Engine/Content/EngineMaterials/EnergyConservation/GGX_TransmissionEnergyArray.uasset" 663
"../../../Engine/Content/EngineMaterials/EnergyConservation/GGX_TransmissionEnergyArray.uexp" 664
"../../../Engine/Content/EngineMaterials/EnergyConservation/SheenLegacy_Energy.uasset" 665
"../../../Engine/Content/EngineMaterials/EnergyConservation/SheenLegacy_Energy.uexp" 666
"../../../Engine/Content/EngineMaterials/EnergyConservation/Sheen_Energy.uasset" 667
"../../../Engine/Content/EngineMaterials/EnergyConservation/Sheen_Energy.uexp" 668
"../../../Engine/Content/EngineMaterials/LTC/GGX_LTCAmp.uasset" 669
"../../../Engine/Content/EngineMaterials/LTC/GGX_LTCAmp.uexp" 670
"../../../Engine/Content/EngineMaterials/LTC/GGX_LTCMat.uasset" 671
"../../../Engine/Content/EngineMaterials/LTC/GGX_LTCMat.uexp" 672
"../../../Engine/Content/EngineMaterials/LTC/Sheen_LTC.uasset" 673
"../../../Engine/Content/EngineMaterials/LTC/Sheen_LTC.uexp" 674
"../../../Engine/Content/EngineResources/Development/ZenLogo_64.uasset" 675
"../../../Engine/Content/EngineResources/Development/ZenLogo_64.uexp" 676
"../../../Engine/Content/EngineResources/FilmGrains/Marcie_Grain_v3_128_M2_000.uasset" 677
"../../../Engine/Content/EngineResources/FilmGrains/Marcie_Grain_v3_128_M2_000.uexp" 678
"../../../Engine/Content/EditorMaterials/Dataflow/DataflowTwoSidedVertexMaterial.uasset" 679
"../../../Engine/Content/EditorMaterials/Dataflow/DataflowTwoSidedVertexMaterial.uexp" 680
"../../../Engine/Content/EditorMaterials/Dataflow/DataflowVertexMaterial.uasset" 681
"../../../Engine/Content/EditorMaterials/Dataflow/DataflowVertexMaterial.uexp" 682
"../../../Engine/Plugins/Animation/DeformerGraph/Content/DeformerFunctions/DG_Function_LinearBlendSkin_Morph_Cloth.uasset" 683
"../../../Engine/Plugins/Animation/DeformerGraph/Content/DeformerFunctions/DG_Function_LinearBlendSkin_Morph_Cloth.uexp" 684
"../../../Engine/Plugins/Animation/DeformerGraph/Content/Deformers/DG_LinearBlendSkin_Morph_Cloth.uasset" 685
"../../../Engine/Plugins/Animation/DeformerGraph/Content/Deformers/DG_LinearBlendSkin_Morph_Cloth.uexp" 686
"../../../Engine/Plugins/Animation/DeformerGraph/Content/DeformerFunctions/DG_Function_ComputeNormalsTangents.uasset" 687
"../../../Engine/Plugins/Animation/DeformerGraph/Content/DeformerFunctions/DG_Function_ComputeNormalsTangents.uexp" 688
"../../../Engine/Plugins/Animation/DeformerGraph/Content/DeformerFunctions/DG_Function_LinearBlendSkin_Morph_Cloth_PositionOnly.uasset" 689
"../../../Engine/Plugins/Animation/DeformerGraph/Content/DeformerFunctions/DG_Function_LinearBlendSkin_Morph_Cloth_PositionOnly.uexp" 690
"../../../Engine/Plugins/Animation/DeformerGraph/Content/Deformers/DG_LinearBlendSkin_Morph_Cloth_RecomputeNormals.uasset" 691
"../../../Engine/Plugins/Animation/DeformerGraph/Content/Deformers/DG_LinearBlendSkin_Morph_Cloth_RecomputeNormals.uexp" 692
"../../../Engine/Content/EditorMaterials/ParticleSystems/PSysThumbnail_NoImage.ubulk" 693
"../../../Engine/Content/EditorMaterials/ParticleSystems/PSysThumbnail_NoImage.uasset" 694
"../../../Engine/Content/EditorMaterials/ParticleSystems/PSysThumbnail_NoImage.uexp" 695
"../../../Engine/Content/EditorMaterials/ParticleSystems/PSysThumbnail_OOD.ubulk" 696
"../../../Engine/Content/EditorMaterials/ParticleSystems/PSysThumbnail_OOD.uasset" 697
"../../../Engine/Content/EditorMaterials/ParticleSystems/PSysThumbnail_OOD.uexp" 698
"../../../Engine/Content/EditorMaterials/Camera/CineMat.uasset" 699
"../../../Engine/Content/EditorMaterials/Camera/CineMat.uexp" 700
"../../../Engine/Content/EditorMaterials/Camera/MI_CineMat_Rig.uasset" 701
"../../../Engine/Content/EditorMaterials/Camera/MI_CineMat_Rig.uexp" 702
"../../../Engine/Content/EditorMeshes/Camera/SM_CraneRig_Arm.ubulk" 703
"../../../Engine/Content/EditorMeshes/Camera/SM_CraneRig_Arm.uasset" 704
"../../../Engine/Content/EditorMeshes/Camera/SM_CraneRig_Arm.uexp" 705
"../../../Engine/Content/EditorMeshes/Camera/SM_CraneRig_Base.ubulk" 706
"../../../Engine/Content/EditorMeshes/Camera/SM_CraneRig_Base.uasset" 707
"../../../Engine/Content/EditorMeshes/Camera/SM_CraneRig_Base.uexp" 708
"../../../Engine/Content/EditorMeshes/Camera/SM_CraneRig_Body.ubulk" 709
"../../../Engine/Content/EditorMeshes/Camera/SM_CraneRig_Body.uasset" 710
"../../../Engine/Content/EditorMeshes/Camera/SM_CraneRig_Body.uexp" 711
"../../../Engine/Content/EditorMeshes/Camera/SM_CraneRig_Mount.ubulk" 712
"../../../Engine/Content/EditorMeshes/Camera/SM_CraneRig_Mount.uasset" 713
"../../../Engine/Content/EditorMeshes/Camera/SM_CraneRig_Mount.uexp" 714
"../../../Engine/Content/EditorMeshes/Camera/SM_RailRig_Mount.ubulk" 715
"../../../Engine/Content/EditorMeshes/Camera/SM_RailRig_Mount.uasset" 716
"../../../Engine/Content/EditorMeshes/Camera/SM_RailRig_Mount.uexp" 717
"../../../Engine/Content/EditorMeshes/Camera/SM_RailRig_Track.ubulk" 718
"../../../Engine/Content/EditorMeshes/Camera/SM_RailRig_Track.uasset" 719
"../../../Engine/Content/EditorMeshes/Camera/SM_RailRig_Track.uexp" 720
"../../../Engine/Content/Functions/Engine_MaterialFunctions02/Utility/VectorLength.uasset" 721
"../../../Engine/Content/Functions/Engine_MaterialFunctions02/Utility/VectorLength.uexp" 722
"../../../Engine/Content/Functions/Engine_MaterialFunctions02/WorldPositionOffset/ObjectScale.uasset" 723
"../../../Engine/Content/Functions/Engine_MaterialFunctions02/WorldPositionOffset/ObjectScale.uexp" 724
"../../../Engine/Plugins/Editor/SpeedTreeImporter/Content/SpeedTree9/Empty.uasset" 725
"../../../Engine/Plugins/Editor/SpeedTreeImporter/Content/SpeedTree9/Empty.uexp" 726
"../../../Engine/Plugins/Editor/SpeedTreeImporter/Content/SpeedTree9/EmptyNormal.uasset" 727
"../../../Engine/Plugins/Editor/SpeedTreeImporter/Content/SpeedTree9/EmptyNormal.uexp" 728
"../../../Engine/Plugins/Editor/SpeedTreeImporter/Content/SpeedTree9/game_wind_noise.ubulk" 729
"../../../Engine/Plugins/Editor/SpeedTreeImporter/Content/SpeedTree9/game_wind_noise.uasset" 730
"../../../Engine/Plugins/Editor/SpeedTreeImporter/Content/SpeedTree9/game_wind_noise.uexp" 731
"../../../Engine/Plugins/Editor/SpeedTreeImporter/Content/SpeedTree9/SpeedTreeBillboard.uasset" 732
"../../../Engine/Plugins/Editor/SpeedTreeImporter/Content/SpeedTree9/SpeedTreeBillboard.uexp" 733
"../../../Engine/Content/Functions/Engine_MaterialFunctions02/SafeNormalize.uasset" 734
"../../../Engine/Content/Functions/Engine_MaterialFunctions02/SafeNormalize.uexp" 735
"../../../Engine/Plugins/Editor/SpeedTreeImporter/Content/SpeedTree9/SpeedTreeWindMotion.uasset" 736
"../../../Engine/Plugins/Editor/SpeedTreeImporter/Content/SpeedTree9/SpeedTreeWindMotion.uexp" 737
"../../../Engine/Plugins/Editor/SpeedTreeImporter/Content/SpeedTree9/UnpackDirection.uasset" 738
"../../../Engine/Plugins/Editor/SpeedTreeImporter/Content/SpeedTree9/UnpackDirection.uexp" 739
"../../../Engine/Plugins/Editor/SpeedTreeImporter/Content/SpeedTree9/UnpackInteger3.uasset" 740
"../../../Engine/Plugins/Editor/SpeedTreeImporter/Content/SpeedTree9/UnpackInteger3.uexp" 741
"../../../Engine/Plugins/Editor/SpeedTreeImporter/Content/SpeedTree9/SpeedTreeBranchMotion.uasset" 742
"../../../Engine/Plugins/Editor/SpeedTreeImporter/Content/SpeedTree9/SpeedTreeBranchMotion.uexp" 743
"../../../Engine/Content/Functions/Engine_MaterialFunctions02/ObjectLocalBounds.uasset" 744
"../../../Engine/Content/Functions/Engine_MaterialFunctions02/ObjectLocalBounds.uexp" 745
"../../../Engine/Content/Functions/Engine_MaterialFunctions02/UVs/BoundingBoxBased_0-1_UVW.uasset" 746
"../../../Engine/Content/Functions/Engine_MaterialFunctions02/UVs/BoundingBoxBased_0-1_UVW.uexp" 747
"../../../Engine/Plugins/Editor/SpeedTreeImporter/Content/SpeedTree9/SpeedTreeWind.uasset" 748
"../../../Engine/Plugins/Editor/SpeedTreeImporter/Content/SpeedTree9/SpeedTreeWind.uexp" 749
"../../../Engine/Plugins/Editor/SpeedTreeImporter/Content/SpeedTree9/SpeedTreeBillboardMaster.uasset" 750
"../../../Engine/Plugins/Editor/SpeedTreeImporter/Content/SpeedTree9/SpeedTreeBillboardMaster.uexp" 751
"../../../Engine/Plugins/Editor/SpeedTreeImporter/Content/SpeedTree9/SpeedTreeCameraFacing.uasset" 752
"../../../Engine/Plugins/Editor/SpeedTreeImporter/Content/SpeedTree9/SpeedTreeCameraFacing.uexp" 753
"../../../Engine/Plugins/Editor/SpeedTreeImporter/Content/SpeedTree9/SpeedTreeMaster.uasset" 754
"../../../Engine/Plugins/Editor/SpeedTreeImporter/Content/SpeedTree9/SpeedTreeMaster.uexp" 755
"../../../Engine/Plugins/Experimental/MeshModelingToolsetExp/Content/Materials/GetDisplacementVectorForDepthBias.uasset" 756
"../../../Engine/Plugins/Experimental/MeshModelingToolsetExp/Content/Materials/GetDisplacementVectorForDepthBias.uexp" 757
"../../../Engine/Content/Functions/Engine_MaterialFunctions03/Viewport/MF_OrthoWidth.uasset" 758
"../../../Engine/Content/Functions/Engine_MaterialFunctions03/Viewport/MF_OrthoWidth.uexp" 759
"../../../Engine/Content/Functions/Engine_MaterialFunctions02/Utility/FOV.uasset" 760
"../../../Engine/Content/Functions/Engine_MaterialFunctions02/Utility/FOV.uexp" 761
"../../../Engine/Content/Functions/Engine_MaterialFunctions02/WorldPositionOffset/V2/ObjectScale.uasset" 762
"../../../Engine/Content/Functions/Engine_MaterialFunctions02/WorldPositionOffset/V2/ObjectScale.uexp" 763
"../../../Engine/Plugins/Experimental/MeshModelingToolsetExp/Content/Materials/PointSetOverlaidComponentMaterial.uasset" 764
"../../../Engine/Plugins/Experimental/MeshModelingToolsetExp/Content/Materials/PointSetOverlaidComponentMaterial.uexp" 765
"../../../Engine/Content/VREditor/TransformGizmo/BoundingBoxCorner.ubulk" 766
"../../../Engine/Content/VREditor/TransformGizmo/BoundingBoxCorner.uasset" 767
"../../../Engine/Content/VREditor/TransformGizmo/BoundingBoxCorner.uexp" 768
"../../../Engine/Content/VREditor/TransformGizmo/BoundingBoxEdge.ubulk" 769
"../../../Engine/Content/VREditor/TransformGizmo/BoundingBoxEdge.uasset" 770
"../../../Engine/Content/VREditor/TransformGizmo/BoundingBoxEdge.uexp" 771
"../../../Engine/Content/Functions/Engine_MaterialFunctions01/Texturing/FlattenNormal.uasset" 772
"../../../Engine/Content/Functions/Engine_MaterialFunctions01/Texturing/FlattenNormal.uexp" 773
"../../../Engine/Plugins/Interchange/Assets/Content/Utilities/New_LUT.uasset" 774
"../../../Engine/Plugins/Interchange/Assets/Content/Utilities/New_LUT.uexp" 775
"../../../Engine/Content/Functions/Engine_MaterialFunctions03/Math/RemapValueRange.uasset" 776
"../../../Engine/Content/Functions/Engine_MaterialFunctions03/Math/RemapValueRange.uexp" 777
"../../../Engine/Plugins/Interchange/Assets/Content/Functions/MF_Iridescence.uasset" 778
"../../../Engine/Plugins/Interchange/Assets/Content/Functions/MF_Iridescence.uexp" 779
"../../../Engine/Plugins/Interchange/Assets/Content/gltf/Textures/T_White_srgb.uasset" 780
"../../../Engine/Plugins/Interchange/Assets/Content/gltf/Textures/T_White_srgb.uexp" 781
"../../../Engine/Plugins/Interchange/Assets/Content/gltf/MaterialFunctions/MF_BaseColor.uasset" 782
"../../../Engine/Plugins/Interchange/Assets/Content/gltf/MaterialFunctions/MF_BaseColor.uexp" 783
"../../../Engine/Plugins/Interchange/Assets/Content/gltf/MaterialFunctions/MF_RotateNormals_TS.uasset" 784
"../../../Engine/Plugins/Interchange/Assets/Content/gltf/MaterialFunctions/MF_RotateNormals_TS.uexp" 785
"../../../Engine/Plugins/Interchange/Assets/Content/gltf/Textures/T_Generic_N.uasset" 786
"../../../Engine/Plugins/Interchange/Assets/Content/gltf/Textures/T_Generic_N.uexp" 787
"../../../Engine/Plugins/Interchange/Assets/Content/gltf/Textures/T_White_Linear.uasset" 788
"../../../Engine/Plugins/Interchange/Assets/Content/gltf/Textures/T_White_Linear.uexp" 789
"../../../Engine/Plugins/Interchange/Assets/Content/gltf/MaterialFunctions/MF_Clearcoat.uasset" 790
"../../../Engine/Plugins/Interchange/Assets/Content/gltf/MaterialFunctions/MF_Clearcoat.uexp" 791
"../../../Engine/Plugins/Interchange/Assets/Content/gltf/MaterialFunctions/MF_Emissive.uasset" 792
"../../../Engine/Plugins/Interchange/Assets/Content/gltf/MaterialFunctions/MF_Emissive.uexp" 793
"../../../Engine/Plugins/Interchange/Assets/Content/gltf/MaterialFunctions/MF_IOR.uasset" 794
"../../../Engine/Plugins/Interchange/Assets/Content/gltf/MaterialFunctions/MF_IOR.uexp" 795
"../../../Engine/Plugins/Interchange/Assets/Content/gltf/MaterialFunctions/MF_Iridescence.uasset" 796
"../../../Engine/Plugins/Interchange/Assets/Content/gltf/MaterialFunctions/MF_Iridescence.uexp" 797
"../../../Engine/Plugins/Interchange/Assets/Content/gltf/MaterialFunctions/MF_MetallicRoughness.uasset" 798
"../../../Engine/Plugins/Interchange/Assets/Content/gltf/MaterialFunctions/MF_MetallicRoughness.uexp" 799
"../../../Engine/Plugins/Interchange/Assets/Content/gltf/MaterialFunctions/MF_ScaleNormal.uasset" 800
"../../../Engine/Plugins/Interchange/Assets/Content/gltf/MaterialFunctions/MF_ScaleNormal.uexp" 801
"../../../Engine/Plugins/Interchange/Assets/Content/gltf/MaterialFunctions/MF_Normals.uasset" 802
"../../../Engine/Plugins/Interchange/Assets/Content/gltf/MaterialFunctions/MF_Normals.uexp" 803
"../../../Engine/Plugins/Interchange/Assets/Content/gltf/MaterialFunctions/MF_Occlusion.uasset" 804
"../../../Engine/Plugins/Interchange/Assets/Content/gltf/MaterialFunctions/MF_Occlusion.uexp" 805
"../../../Engine/Plugins/Interchange/Assets/Content/gltf/MaterialFunctions/MF_Specular.uasset" 806
"../../../Engine/Plugins/Interchange/Assets/Content/gltf/MaterialFunctions/MF_Specular.uexp" 807
"../../../Engine/Plugins/Interchange/Assets/Content/gltf/Textures/T_Anisotropy_Direction_Linear.uasset" 808
"../../../Engine/Plugins/Interchange/Assets/Content/gltf/Textures/T_Anisotropy_Direction_Linear.uexp" 809
"../../../Engine/Plugins/Interchange/Assets/Content/gltf/MaterialFunctions/MF_SpecularAnisotropy.uasset" 810
"../../../Engine/Plugins/Interchange/Assets/Content/gltf/MaterialFunctions/MF_SpecularAnisotropy.uexp" 811
"../../../Engine/Plugins/Interchange/Assets/Content/gltf/MaterialFunctions/MF_RotateV2.uasset" 812
"../../../Engine/Plugins/Interchange/Assets/Content/gltf/MaterialFunctions/MF_RotateV2.uexp" 813
"../../../Engine/Plugins/Interchange/Assets/Content/gltf/MaterialFunctions/MF_TransformUVs.uasset" 814
"../../../Engine/Plugins/Interchange/Assets/Content/gltf/MaterialFunctions/MF_TransformUVs.uexp" 815
"../../../Engine/Plugins/Interchange/Assets/Content/gltf/MaterialBodies/MF_ClearCoat_Body.uasset" 816
"../../../Engine/Plugins/Interchange/Assets/Content/gltf/MaterialBodies/MF_ClearCoat_Body.uexp" 817
"../../../Engine/Plugins/Interchange/Assets/Content/gltf/M_ClearCoat.uasset" 818
"../../../Engine/Plugins/Interchange/Assets/Content/gltf/M_ClearCoat.uexp" 819
"../../../Engine/Plugins/Interchange/Assets/Content/gltf/MaterialInstances/MI_ClearCoat_Blend.uasset" 820
"../../../Engine/Plugins/Interchange/Assets/Content/gltf/MaterialInstances/MI_ClearCoat_Blend.uexp" 821
"../../../Engine/Plugins/Interchange/Assets/Content/gltf/MaterialInstances/MI_ClearCoat_Blend_DS.uasset" 822
"../../../Engine/Plugins/Interchange/Assets/Content/gltf/MaterialInstances/MI_ClearCoat_Blend_DS.uexp" 823
"../../../Engine/Plugins/Interchange/Assets/Content/gltf/MaterialInstances/MI_ClearCoat_Mask.uasset" 824
"../../../Engine/Plugins/Interchange/Assets/Content/gltf/MaterialInstances/MI_ClearCoat_Mask.uexp" 825
"../../../Engine/Plugins/Interchange/Assets/Content/gltf/MaterialInstances/MI_ClearCoat_Mask_DS.uasset" 826
"../../../Engine/Plugins/Interchange/Assets/Content/gltf/MaterialInstances/MI_ClearCoat_Mask_DS.uexp" 827
"../../../Engine/Plugins/Interchange/Assets/Content/gltf/MaterialInstances/MI_ClearCoat_Opaque.uasset" 828
"../../../Engine/Plugins/Interchange/Assets/Content/gltf/MaterialInstances/MI_ClearCoat_Opaque.uexp" 829
"../../../Engine/Plugins/Interchange/Assets/Content/gltf/MaterialInstances/MI_ClearCoat_Opaque_DS.uasset" 830
"../../../Engine/Plugins/Interchange/Assets/Content/gltf/MaterialInstances/MI_ClearCoat_Opaque_DS.uexp" 831
"../../../Engine/Plugins/Interchange/Assets/Content/gltf/MaterialBodies/MF_Default_Body.uasset" 832
"../../../Engine/Plugins/Interchange/Assets/Content/gltf/MaterialBodies/MF_Default_Body.uexp" 833
"../../../Engine/Plugins/Interchange/Assets/Content/gltf/M_Default.uasset" 834
"../../../Engine/Plugins/Interchange/Assets/Content/gltf/M_Default.uexp" 835
"../../../Engine/Plugins/Interchange/Assets/Content/gltf/MaterialInstances/MI_Default_Blend.uasset" 836
"../../../Engine/Plugins/Interchange/Assets/Content/gltf/MaterialInstances/MI_Default_Blend.uexp" 837
"../../../Engine/Plugins/Interchange/Assets/Content/gltf/MaterialInstances/MI_Default_Mask.uasset" 838
"../../../Engine/Plugins/Interchange/Assets/Content/gltf/MaterialInstances/MI_Default_Mask.uexp" 839
"../../../Engine/Plugins/Interchange/Assets/Content/gltf/MaterialInstances/MI_Default_Mask_DS.uasset" 840
"../../../Engine/Plugins/Interchange/Assets/Content/gltf/MaterialInstances/MI_Default_Mask_DS.uexp" 841
"../../../Engine/Plugins/Interchange/Assets/Content/gltf/MaterialInstances/MI_Default_Opaque.uasset" 842
"../../../Engine/Plugins/Interchange/Assets/Content/gltf/MaterialInstances/MI_Default_Opaque.uexp" 843
"../../../Engine/Plugins/Interchange/Assets/Content/gltf/MaterialFunctions/MF_Sheen.uasset" 844
"../../../Engine/Plugins/Interchange/Assets/Content/gltf/MaterialFunctions/MF_Sheen.uexp" 845
"../../../Engine/Plugins/Interchange/Assets/Content/gltf/MaterialBodies/MF_Sheen_Body.uasset" 846
"../../../Engine/Plugins/Interchange/Assets/Content/gltf/MaterialBodies/MF_Sheen_Body.uexp" 847
"../../../Engine/Plugins/Interchange/Assets/Content/gltf/M_Sheen.uasset" 848
"../../../Engine/Plugins/Interchange/Assets/Content/gltf/M_Sheen.uexp" 849
"../../../Engine/Plugins/Interchange/Assets/Content/gltf/MaterialInstances/MI_Sheen_Blend.uasset" 850
"../../../Engine/Plugins/Interchange/Assets/Content/gltf/MaterialInstances/MI_Sheen_Blend.uexp" 851
"../../../Engine/Plugins/Interchange/Assets/Content/gltf/MaterialInstances/MI_Sheen_Blend_DS.uasset" 852
"../../../Engine/Plugins/Interchange/Assets/Content/gltf/MaterialInstances/MI_Sheen_Blend_DS.uexp" 853
"../../../Engine/Plugins/Interchange/Assets/Content/gltf/MaterialInstances/MI_Sheen_Mask.uasset" 854
"../../../Engine/Plugins/Interchange/Assets/Content/gltf/MaterialInstances/MI_Sheen_Mask.uexp" 855
"../../../Engine/Plugins/Interchange/Assets/Content/gltf/MaterialInstances/MI_Sheen_Mask_DS.uasset" 856
"../../../Engine/Plugins/Interchange/Assets/Content/gltf/MaterialInstances/MI_Sheen_Mask_DS.uexp" 857
"../../../Engine/Plugins/Interchange/Assets/Content/gltf/MaterialInstances/MI_Sheen_Opaque.uasset" 858
"../../../Engine/Plugins/Interchange/Assets/Content/gltf/MaterialInstances/MI_Sheen_Opaque.uexp" 859
"../../../Engine/Plugins/Interchange/Assets/Content/gltf/MaterialInstances/MI_Sheen_Opaque_DS.uasset" 860
"../../../Engine/Plugins/Interchange/Assets/Content/gltf/MaterialInstances/MI_Sheen_Opaque_DS.uexp" 861
"../../../Engine/Plugins/Interchange/Assets/Content/gltf/MaterialFunctions/MF_DiffuseSpecGloss.uasset" 862
"../../../Engine/Plugins/Interchange/Assets/Content/gltf/MaterialFunctions/MF_DiffuseSpecGloss.uexp" 863
"../../../Engine/Plugins/Interchange/Assets/Content/gltf/MaterialFunctions/MF_MaxComponentValue.uasset" 864
"../../../Engine/Plugins/Interchange/Assets/Content/gltf/MaterialFunctions/MF_MaxComponentValue.uexp" 865
"../../../Engine/Content/Functions/Engine_MaterialFunctions02/Math/AddComponents.uasset" 866
"../../../Engine/Content/Functions/Engine_MaterialFunctions02/Math/AddComponents.uexp" 867
"../../../Engine/Plugins/Interchange/Assets/Content/gltf/MaterialFunctions/MF_PerceivedBrightness.uasset" 868
"../../../Engine/Plugins/Interchange/Assets/Content/gltf/MaterialFunctions/MF_PerceivedBrightness.uexp" 869
"../../../Engine/Plugins/Interchange/Assets/Content/gltf/MaterialFunctions/MF_SpecGlossToMetalRoughness.uasset" 870
"../../../Engine/Plugins/Interchange/Assets/Content/gltf/MaterialFunctions/MF_SpecGlossToMetalRoughness.uexp" 871
"../../../Engine/Plugins/Interchange/Assets/Content/gltf/MaterialBodies/MF_SpecularGlossiness_Body.uasset" 872
"../../../Engine/Plugins/Interchange/Assets/Content/gltf/MaterialBodies/MF_SpecularGlossiness_Body.uexp" 873
"../../../Engine/Plugins/Interchange/Assets/Content/gltf/M_SpecularGlossiness.uasset" 874
"../../../Engine/Plugins/Interchange/Assets/Content/gltf/M_SpecularGlossiness.uexp" 875
"../../../Engine/Plugins/Interchange/Assets/Content/gltf/MaterialInstances/MI_SpecularGlossiness_Blend.uasset" 876
"../../../Engine/Plugins/Interchange/Assets/Content/gltf/MaterialInstances/MI_SpecularGlossiness_Blend.uexp" 877
"../../../Engine/Plugins/Interchange/Assets/Content/gltf/MaterialInstances/MI_SpecularGlossiness_Blend_DS.uasset" 878
"../../../Engine/Plugins/Interchange/Assets/Content/gltf/MaterialInstances/MI_SpecularGlossiness_Blend_DS.uexp" 879
"../../../Engine/Plugins/Interchange/Assets/Content/gltf/MaterialInstances/MI_SpecularGlossiness_Mask.uasset" 880
"../../../Engine/Plugins/Interchange/Assets/Content/gltf/MaterialInstances/MI_SpecularGlossiness_Mask.uexp" 881
"../../../Engine/Plugins/Interchange/Assets/Content/gltf/MaterialInstances/MI_SpecularGlossiness_Mask_DS.uasset" 882
"../../../Engine/Plugins/Interchange/Assets/Content/gltf/MaterialInstances/MI_SpecularGlossiness_Mask_DS.uexp" 883
"../../../Engine/Plugins/Interchange/Assets/Content/gltf/MaterialInstances/MI_SpecularGlossiness_Opaque.uasset" 884
"../../../Engine/Plugins/Interchange/Assets/Content/gltf/MaterialInstances/MI_SpecularGlossiness_Opaque.uexp" 885
"../../../Engine/Plugins/Interchange/Assets/Content/gltf/MaterialInstances/MI_SpecularGlossiness_Opaque_DS.uasset" 886
"../../../Engine/Plugins/Interchange/Assets/Content/gltf/MaterialInstances/MI_SpecularGlossiness_Opaque_DS.uexp" 887
"../../../Engine/Content/EngineMaterials/Good64x64TilingNoiseHighFreq.uasset" 888
"../../../Engine/Content/EngineMaterials/Good64x64TilingNoiseHighFreq.uexp" 889
"../../../Engine/Content/Functions/Engine_MaterialFunctions02/Texturing/ScreenAlignedPixelToPixelUVs.uasset" 890
"../../../Engine/Content/Functions/Engine_MaterialFunctions02/Texturing/ScreenAlignedPixelToPixelUVs.uexp" 891
"../../../Engine/Plugins/Interchange/Assets/Content/gltf/MaterialFunctions/MF_Fresnel_DS.uasset" 892
"../../../Engine/Plugins/Interchange/Assets/Content/gltf/MaterialFunctions/MF_Fresnel_DS.uexp" 893
"../../../Engine/Plugins/Interchange/Assets/Content/gltf/MaterialFunctions/MF_Temporal_Blur.uasset" 894
"../../../Engine/Plugins/Interchange/Assets/Content/gltf/MaterialFunctions/MF_Temporal_Blur.uexp" 895
"../../../Engine/Plugins/Interchange/Assets/Content/gltf/MaterialFunctions/MF_Transmission.uasset" 896
"../../../Engine/Plugins/Interchange/Assets/Content/gltf/MaterialFunctions/MF_Transmission.uexp" 897
"../../../Engine/Plugins/Interchange/Assets/Content/gltf/MaterialBodies/MF_Transmission_Body.uasset" 898
"../../../Engine/Plugins/Interchange/Assets/Content/gltf/MaterialBodies/MF_Transmission_Body.uexp" 899
"../../../Engine/Plugins/Interchange/Assets/Content/gltf/M_Transmission.uasset" 900
"../../../Engine/Plugins/Interchange/Assets/Content/gltf/M_Transmission.uexp" 901
"../../../Engine/Plugins/Interchange/Assets/Content/gltf/MaterialInstances/MI_Transmission.uasset" 902
"../../../Engine/Plugins/Interchange/Assets/Content/gltf/MaterialInstances/MI_Transmission.uexp" 903
"../../../Engine/Plugins/Interchange/Assets/Content/gltf/MaterialInstances/MI_Transmission_DS.uasset" 904
"../../../Engine/Plugins/Interchange/Assets/Content/gltf/MaterialInstances/MI_Transmission_DS.uexp" 905
"../../../Engine/Plugins/Interchange/Assets/Content/gltf/MaterialBodies/MF_Unlit_Body.uasset" 906
"../../../Engine/Plugins/Interchange/Assets/Content/gltf/MaterialBodies/MF_Unlit_Body.uexp" 907
"../../../Engine/Plugins/Interchange/Assets/Content/gltf/M_Unlit.uasset" 908
"../../../Engine/Plugins/Interchange/Assets/Content/gltf/M_Unlit.uexp" 909
"../../../Engine/Plugins/Interchange/Assets/Content/gltf/MaterialInstances/MI_Unlit_Blend.uasset" 910
"../../../Engine/Plugins/Interchange/Assets/Content/gltf/MaterialInstances/MI_Unlit_Blend.uexp" 911
"../../../Engine/Plugins/Interchange/Assets/Content/gltf/MaterialInstances/MI_Unlit_Blend_DS.uasset" 912
"../../../Engine/Plugins/Interchange/Assets/Content/gltf/MaterialInstances/MI_Unlit_Blend_DS.uexp" 913
"../../../Engine/Plugins/Interchange/Assets/Content/gltf/MaterialInstances/MI_Unlit_Mask.uasset" 914
"../../../Engine/Plugins/Interchange/Assets/Content/gltf/MaterialInstances/MI_Unlit_Mask.uexp" 915
"../../../Engine/Plugins/Interchange/Assets/Content/gltf/MaterialInstances/MI_Unlit_Mask_DS.uasset" 916
"../../../Engine/Plugins/Interchange/Assets/Content/gltf/MaterialInstances/MI_Unlit_Mask_DS.uexp" 917
"../../../Engine/Plugins/Interchange/Assets/Content/gltf/MaterialInstances/MI_Unlit_Opaque.uasset" 918
"../../../Engine/Plugins/Interchange/Assets/Content/gltf/MaterialInstances/MI_Unlit_Opaque.uexp" 919
"../../../Engine/Plugins/Interchange/Assets/Content/gltf/MaterialInstances/MI_Unlit_Opaque_DS.uasset" 920
"../../../Engine/Plugins/Interchange/Assets/Content/gltf/MaterialInstances/MI_Unlit_Opaque_DS.uexp" 921
"../../../Engine/Content/ArtTools/RenderToTexture/Meshes/S_1_Unit_Plane.ubulk" 922
"../../../Engine/Content/ArtTools/RenderToTexture/Meshes/S_1_Unit_Plane.uasset" 923
"../../../Engine/Content/ArtTools/RenderToTexture/Meshes/S_1_Unit_Plane.uexp" 924
"../../../Engine/Content/EngineMaterials/Substrate/GLints/AGlintTex2dArray.uasset" 925
"../../../Engine/Content/EngineMaterials/Substrate/GLints/AGlintTex2dArray.uexp" 926
"../../../Engine/Content/EngineMaterials/Substrate/Glints2/AGlintTex2dArray2.uasset" 927
"../../../Engine/Content/EngineMaterials/Substrate/Glints2/AGlintTex2dArray2.uexp" 928
"../../../Engine/Content/EngineMaterials/Substrate/Volume/SubstrateSimpleVolumeEnvLUT3D.uasset" 929
"../../../Engine/Content/EngineMaterials/Substrate/Volume/SubstrateSimpleVolumeEnvLUT3D.uexp" 930
"../../../Engine/Content/EngineMaterials/Substrate/Volume/SubstrateSimpleVolumeLUT3D.uasset" 931
"../../../Engine/Content/EngineMaterials/Substrate/Volume/SubstrateSimpleVolumeLUT3D.uexp" 932
"../../../Engine/Content/Functions/Engine_MaterialFunctions01/Shading/ConvertFromDiffSpec.uasset" 933
"../../../Engine/Content/Functions/Engine_MaterialFunctions01/Shading/ConvertFromDiffSpec.uexp" 934
"../../../Engine/Content/Functions/Engine_MaterialFunctions01/Shading/PowerToRoughness.uasset" 935
"../../../Engine/Content/Functions/Engine_MaterialFunctions01/Shading/PowerToRoughness.uexp" 936
"E:/Repos/Unreal-Zombie-Shooter/Zombie_Shooter/Content/ParagonWraith/Characters/Heroes/Wraith/Meshes/Wraith_Skeleton.uasset" 937
"E:/Repos/Unreal-Zombie-Shooter/Zombie_Shooter/Content/ParagonWraith/Characters/Heroes/Wraith/Meshes/Wraith_Skeleton.uexp" 938
"E:/Repos/Unreal-Zombie-Shooter/Zombie_Shooter/Content/ParagonWraith/Characters/Heroes/Wraith/Meshes/WraithBasePreviewMeshCollection.uasset" 939
"E:/Repos/Unreal-Zombie-Shooter/Zombie_Shooter/Content/ParagonWraith/Characters/Heroes/Wraith/Meshes/WraithBasePreviewMeshCollection.uexp" 940
"../../../Engine/Plugins/Interchange/Runtime/Content/Pipelines/DefaultAssetsPipeline.uasset" 941
"../../../Engine/Plugins/Interchange/Runtime/Content/Pipelines/DefaultAssetsPipeline.uexp" 942
"../../../Engine/Plugins/Interchange/Runtime/Content/Pipelines/DefaultAudioPipeline.uasset" 943
"../../../Engine/Plugins/Interchange/Runtime/Content/Pipelines/DefaultAudioPipeline.uexp" 944
"../../../Engine/Plugins/Interchange/Runtime/Content/Pipelines/DefaultGLTFAssetsPipeline.uasset" 945
"../../../Engine/Plugins/Interchange/Runtime/Content/Pipelines/DefaultGLTFAssetsPipeline.uexp" 946
"../../../Engine/Plugins/Interchange/Runtime/Content/Pipelines/DefaultGLTFPipeline.uasset" 947
"../../../Engine/Plugins/Interchange/Runtime/Content/Pipelines/DefaultGLTFPipeline.uexp" 948
"../../../Engine/Plugins/Interchange/Runtime/Content/Pipelines/DefaultGLTFSceneAssetsPipeline.uasset" 949
"../../../Engine/Plugins/Interchange/Runtime/Content/Pipelines/DefaultGLTFSceneAssetsPipeline.uexp" 950
"../../../Engine/Plugins/Interchange/Runtime/Content/Pipelines/DefaultMaterialPipeline.uasset" 951
"../../../Engine/Plugins/Interchange/Runtime/Content/Pipelines/DefaultMaterialPipeline.uexp" 952
"../../../Engine/Plugins/Interchange/Runtime/Content/Pipelines/DefaultMaterialXPipeline.uasset" 953
"../../../Engine/Plugins/Interchange/Runtime/Content/Pipelines/DefaultMaterialXPipeline.uexp" 954
"../../../Engine/Plugins/Interchange/Runtime/Content/Pipelines/DefaultSceneAssetsPipeline.uasset" 955
"../../../Engine/Plugins/Interchange/Runtime/Content/Pipelines/DefaultSceneAssetsPipeline.uexp" 956
"../../../Engine/Plugins/Interchange/Runtime/Content/Pipelines/DefaultSceneLevelPipeline.uasset" 957
"../../../Engine/Plugins/Interchange/Runtime/Content/Pipelines/DefaultSceneLevelPipeline.uexp" 958
"../../../Engine/Plugins/Interchange/Runtime/Content/Pipelines/DefaultTexturePipeline.uasset" 959
"../../../Engine/Plugins/Interchange/Runtime/Content/Pipelines/DefaultTexturePipeline.uexp" 960
"../../../Engine/Content/BasicShapes/Plane.ubulk" 961
"../../../Engine/Content/BasicShapes/Plane.uasset" 962
"../../../Engine/Content/BasicShapes/Plane.uexp" 963
"../../../Engine/Content/BasicShapes/BasicShapeMaterial.uasset" 964
"../../../Engine/Content/BasicShapes/BasicShapeMaterial.uexp" 965
"E:/Repos/Unreal-Zombie-Shooter/Zombie_Shooter/Content/DedicatedServers/Data/DA_GameSessionsAPIData.uasset" 966
"E:/Repos/Unreal-Zombie-Shooter/Zombie_Shooter/Content/DedicatedServers/Data/DA_GameSessionsAPIData.uexp" 967
"E:/Repos/Unreal-Zombie-Shooter/Zombie_Shooter/Content/DedicatedServers/Portal/BP_PortalManager.uasset" 968
"E:/Repos/Unreal-Zombie-Shooter/Zombie_Shooter/Content/DedicatedServers/Portal/BP_PortalManager.uexp" 969
"E:/Repos/Unreal-Zombie-Shooter/Zombie_Shooter/Content/GameContent/UI/Data/Fonts/Frankenstein/youngfrank.uexp" 970
"E:/Repos/Unreal-Zombie-Shooter/Zombie_Shooter/Content/GameContent/UI/Data/Fonts/Frankenstein/youngfrank.uasset" 971
"E:/Repos/Unreal-Zombie-Shooter/Zombie_Shooter/Content/GameContent/UI/Data/Fonts/Frankenstein/youngfrank.ufont" 972
"E:/Repos/Unreal-Zombie-Shooter/Zombie_Shooter/Content/GameContent/UI/Data/Fonts/Storm/Storm_Gust.uexp" 973
"E:/Repos/Unreal-Zombie-Shooter/Zombie_Shooter/Content/GameContent/UI/Data/Fonts/Storm/Storm_Gust.uasset" 974
"E:/Repos/Unreal-Zombie-Shooter/Zombie_Shooter/Content/GameContent/UI/Data/Fonts/Storm/Storm_Gust.ufont" 975
"E:/Repos/Unreal-Zombie-Shooter/Zombie_Shooter/Content/GameContent/UI/Data/Fonts/Frankenstein/youngfrank_Font.uasset" 976
"E:/Repos/Unreal-Zombie-Shooter/Zombie_Shooter/Content/GameContent/UI/Data/Fonts/Frankenstein/youngfrank_Font.uexp" 977
"E:/Repos/Unreal-Zombie-Shooter/Zombie_Shooter/Content/GameContent/UI/Data/DT_Rich_Text.uasset" 978
"E:/Repos/Unreal-Zombie-Shooter/Zombie_Shooter/Content/GameContent/UI/Data/DT_Rich_Text.uexp" 979
"E:/Repos/Unreal-Zombie-Shooter/Zombie_Shooter/Content/DedicatedServers/Portal/WBP_JoinGame.uasset" 980
"E:/Repos/Unreal-Zombie-Shooter/Zombie_Shooter/Content/DedicatedServers/Portal/WBP_JoinGame.uexp" 981
"E:/Repos/Unreal-Zombie-Shooter/Zombie_Shooter/Content/DedicatedServers/Portal/WBP_StartSingleGame.uasset" 982
"E:/Repos/Unreal-Zombie-Shooter/Zombie_Shooter/Content/DedicatedServers/Portal/WBP_StartSingleGame.uexp" 983
"E:/Repos/Unreal-Zombie-Shooter/Zombie_Shooter/Content/DedicatedServers/Portal/BP_SignInOverlay.uasset" 984
"E:/Repos/Unreal-Zombie-Shooter/Zombie_Shooter/Content/DedicatedServers/Portal/BP_SignInOverlay.uexp" 985
"E:/Repos/Unreal-Zombie-Shooter/Zombie_Shooter/Content/DedicatedServers/Portal/BP_PortalHUD.uasset" 986
"E:/Repos/Unreal-Zombie-Shooter/Zombie_Shooter/Content/DedicatedServers/Portal/BP_PortalHUD.uexp" 987
"E:/Repos/Unreal-Zombie-Shooter/Zombie_Shooter/Content/Necropolis/Demo/Character/Blueprints/BP_FirstPersonGameMode.uasset" 988
"E:/Repos/Unreal-Zombie-Shooter/Zombie_Shooter/Content/Necropolis/Demo/Character/Blueprints/BP_FirstPersonGameMode.uexp" 989
"E:/Repos/Unreal-Zombie-Shooter/Zombie_Shooter/Content/GameContent/Levels/StartGameLevel.uexp" 990
"E:/Repos/Unreal-Zombie-Shooter/Zombie_Shooter/Content/GameContent/Levels/StartGameLevel.umap" 991
"../../../Engine/Content/EngineMaterials/DefaultPhysicalMaterial.uasset" 992
"../../../Engine/Content/EngineMaterials/DefaultPhysicalMaterial.uexp" 993
"E:/Repos/Unreal-Zombie-Shooter/Zombie_Shooter/Content/GameContent/Input/Actions/IA_LeftClick.uasset" 994
"E:/Repos/Unreal-Zombie-Shooter/Zombie_Shooter/Content/GameContent/Input/Actions/IA_LeftClick.uexp" 995
"E:/Repos/Unreal-Zombie-Shooter/Zombie_Shooter/Content/GameContent/Input/Actions/IA_MouseX.uasset" 996
"E:/Repos/Unreal-Zombie-Shooter/Zombie_Shooter/Content/GameContent/Input/Actions/IA_MouseX.uexp" 997
"E:/Repos/Unreal-Zombie-Shooter/Zombie_Shooter/Content/GameContent/Input/Actions/IA_MouseY.uasset" 998
"E:/Repos/Unreal-Zombie-Shooter/Zombie_Shooter/Content/GameContent/Input/Actions/IA_MouseY.uexp" 999
"E:/Repos/Unreal-Zombie-Shooter/Zombie_Shooter/Content/GameContent/Input/Actions/IA_MoveForward.uasset" 1000
"E:/Repos/Unreal-Zombie-Shooter/Zombie_Shooter/Content/GameContent/Input/Actions/IA_MoveForward.uexp" 1001
"E:/Repos/Unreal-Zombie-Shooter/Zombie_Shooter/Content/GameContent/Input/Actions/IA_MoveRight.uasset" 1002
"E:/Repos/Unreal-Zombie-Shooter/Zombie_Shooter/Content/GameContent/Input/Actions/IA_MoveRight.uexp" 1003
"E:/Repos/Unreal-Zombie-Shooter/Zombie_Shooter/Content/GameContent/Input/Actions/IA_Jump.uasset" 1004
"E:/Repos/Unreal-Zombie-Shooter/Zombie_Shooter/Content/GameContent/Input/Actions/IA_Jump.uexp" 1005
"E:/Repos/Unreal-Zombie-Shooter/Zombie_Shooter/Content/GameContent/Input/Actions/IA_Escape.uasset" 1006
"E:/Repos/Unreal-Zombie-Shooter/Zombie_Shooter/Content/GameContent/Input/Actions/IA_Escape.uexp" 1007
"E:/Repos/Unreal-Zombie-Shooter/Zombie_Shooter/Content/GameContent/Input/IMC_Survivor.uasset" 1008
"E:/Repos/Unreal-Zombie-Shooter/Zombie_Shooter/Content/GameContent/Input/IMC_Survivor.uexp" 1009
"E:/Repos/Unreal-Zombie-Shooter/Zombie_Shooter/Content/GameContent/AnimNotifies/AN_EventNotify.uasset" 1010
"E:/Repos/Unreal-Zombie-Shooter/Zombie_Shooter/Content/GameContent/AnimNotifies/AN_EventNotify.uexp" 1011
"E:/Repos/Unreal-Zombie-Shooter/Zombie_Shooter/Content/ParagonWraith/Characters/Heroes/Wraith/Animations/Death_Forward.uasset" 1012
"E:/Repos/Unreal-Zombie-Shooter/Zombie_Shooter/Content/ParagonWraith/Characters/Heroes/Wraith/Animations/Death_Forward.uexp" 1013
"E:/Repos/Unreal-Zombie-Shooter/Zombie_Shooter/Content/GameContent/Player/Animations/AM_PlayerForwardDeath.uasset" 1014
"E:/Repos/Unreal-Zombie-Shooter/Zombie_Shooter/Content/GameContent/Player/Animations/AM_PlayerForwardDeath.uexp" 1015
"E:/Repos/Unreal-Zombie-Shooter/Zombie_Shooter/Content/GameContent/GameAbilities/GA_PlayerDeath.uasset" 1016
"E:/Repos/Unreal-Zombie-Shooter/Zombie_Shooter/Content/GameContent/GameAbilities/GA_PlayerDeath.uexp" 1017
"E:/Repos/Unreal-Zombie-Shooter/Zombie_Shooter/Content/ParagonWraith/Characters/Heroes/Wraith/Animations/Jump_Apex.uasset" 1018
"E:/Repos/Unreal-Zombie-Shooter/Zombie_Shooter/Content/ParagonWraith/Characters/Heroes/Wraith/Animations/Jump_Apex.uexp" 1019
"E:/Repos/Unreal-Zombie-Shooter/Zombie_Shooter/Content/ParagonWraith/Characters/Heroes/Wraith/Animations/Jump_Land.uasset" 1020
"E:/Repos/Unreal-Zombie-Shooter/Zombie_Shooter/Content/ParagonWraith/Characters/Heroes/Wraith/Animations/Jump_Land.uexp" 1021
"E:/Repos/Unreal-Zombie-Shooter/Zombie_Shooter/Content/ParagonWraith/Characters/Heroes/Wraith/Animations/Jump_Start.uasset" 1022
"E:/Repos/Unreal-Zombie-Shooter/Zombie_Shooter/Content/ParagonWraith/Characters/Heroes/Wraith/Animations/Jump_Start.uexp" 1023
"E:/Repos/Unreal-Zombie-Shooter/Zombie_Shooter/Content/ParagonWraith/Characters/Heroes/Wraith/Animations/Jog_Fwd.uasset" 1024
"E:/Repos/Unreal-Zombie-Shooter/Zombie_Shooter/Content/ParagonWraith/Characters/Heroes/Wraith/Animations/Jog_Fwd.uexp" 1025
"E:/Repos/Unreal-Zombie-Shooter/Zombie_Shooter/Content/ParagonWraith/Characters/Heroes/Wraith/Animations/Locomotion_Combat/Idle_Combat.uasset" 1026
"E:/Repos/Unreal-Zombie-Shooter/Zombie_Shooter/Content/ParagonWraith/Characters/Heroes/Wraith/Animations/Locomotion_Combat/Idle_Combat.uexp" 1027
"E:/Repos/Unreal-Zombie-Shooter/Zombie_Shooter/Content/ParagonWraith/Characters/Heroes/Wraith/Animations/Jog_Bwd.uasset" 1028
"E:/Repos/Unreal-Zombie-Shooter/Zombie_Shooter/Content/ParagonWraith/Characters/Heroes/Wraith/Animations/Jog_Bwd.uexp" 1029
"E:/Repos/Unreal-Zombie-Shooter/Zombie_Shooter/Content/ParagonWraith/Characters/Heroes/Wraith/Animations/Jog_Left.uasset" 1030
"E:/Repos/Unreal-Zombie-Shooter/Zombie_Shooter/Content/ParagonWraith/Characters/Heroes/Wraith/Animations/Jog_Left.uexp" 1031
"E:/Repos/Unreal-Zombie-Shooter/Zombie_Shooter/Content/ParagonWraith/Characters/Heroes/Wraith/Animations/Jog_Right.uasset" 1032
"E:/Repos/Unreal-Zombie-Shooter/Zombie_Shooter/Content/ParagonWraith/Characters/Heroes/Wraith/Animations/Jog_Right.uexp" 1033
"E:/Repos/Unreal-Zombie-Shooter/Zombie_Shooter/Content/GameContent/Player/Animations/BS_IdleRun.uasset" 1034
"E:/Repos/Unreal-Zombie-Shooter/Zombie_Shooter/Content/GameContent/Player/Animations/BS_IdleRun.uexp" 1035
"E:/Repos/Unreal-Zombie-Shooter/Zombie_Shooter/Content/GameContent/Player/ABP_SurvivorAnimBlueprint.uasset" 1036
"E:/Repos/Unreal-Zombie-Shooter/Zombie_Shooter/Content/GameContent/Player/ABP_SurvivorAnimBlueprint.uexp" 1037
"E:/Repos/Unreal-Zombie-Shooter/Zombie_Shooter/Content/GameContent/EffectData/PlayerData/CT_PlayerStats.uasset" 1038
"E:/Repos/Unreal-Zombie-Shooter/Zombie_Shooter/Content/GameContent/EffectData/PlayerData/CT_PlayerStats.uexp" 1039
"E:/Repos/Unreal-Zombie-Shooter/Zombie_Shooter/Content/GameContent/AttributeSets/PlayerAttributes/GE_PlayerPrimaryAttributes.uasset" 1040
"E:/Repos/Unreal-Zombie-Shooter/Zombie_Shooter/Content/GameContent/AttributeSets/PlayerAttributes/GE_PlayerPrimaryAttributes.uexp" 1041
"E:/Repos/Unreal-Zombie-Shooter/Zombie_Shooter/Content/GameContent/AttributeSets/PlayerAttributes/GE_PlayerVitalAttributes.uasset" 1042
"E:/Repos/Unreal-Zombie-Shooter/Zombie_Shooter/Content/GameContent/AttributeSets/PlayerAttributes/GE_PlayerVitalAttributes.uexp" 1043
"E:/Repos/Unreal-Zombie-Shooter/Zombie_Shooter/Content/GameContent/GameplayEffects/GE_GunDamage.uasset" 1044
"E:/Repos/Unreal-Zombie-Shooter/Zombie_Shooter/Content/GameContent/GameplayEffects/GE_GunDamage.uexp" 1045
"E:/Repos/Unreal-Zombie-Shooter/Zombie_Shooter/Content/GameContent/EffectData/DamageData/CT_PlayerGunDamage.uasset" 1046
"E:/Repos/Unreal-Zombie-Shooter/Zombie_Shooter/Content/GameContent/EffectData/DamageData/CT_PlayerGunDamage.uexp" 1047
"E:/Repos/Unreal-Zombie-Shooter/Zombie_Shooter/Content/ParagonWraith/Characters/Heroes/Wraith/Animations/Fire_A_Fast_V1.uasset" 1048
"E:/Repos/Unreal-Zombie-Shooter/Zombie_Shooter/Content/ParagonWraith/Characters/Heroes/Wraith/Animations/Fire_A_Fast_V1.uexp" 1049
"E:/Repos/Unreal-Zombie-Shooter/Zombie_Shooter/Content/GameContent/Player/Animations/AM_FastShoot.uasset" 1050
"E:/Repos/Unreal-Zombie-Shooter/Zombie_Shooter/Content/GameContent/Player/Animations/AM_FastShoot.uexp" 1051
"E:/Repos/Unreal-Zombie-Shooter/Zombie_Shooter/Content/GameContent/GameAbilities/PlayerAbilities/GA_PlayerShoot.uasset" 1052
"E:/Repos/Unreal-Zombie-Shooter/Zombie_Shooter/Content/GameContent/GameAbilities/PlayerAbilities/GA_PlayerShoot.uexp" 1053
"../../../Engine/Content/Functions/Engine_MaterialFunctions02/Utility/DitherTemporalAA.uasset" 1054
"../../../Engine/Content/Functions/Engine_MaterialFunctions02/Utility/DitherTemporalAA.uexp" 1055
"../../../Engine/Content/Functions/Engine_MaterialFunctions01/Gradient/LinearGradient.uasset" 1056
"../../../Engine/Content/Functions/Engine_MaterialFunctions01/Gradient/LinearGradient.uexp" 1057
"../../../Engine/Content/Functions/Engine_MaterialFunctions01/ImageAdjustment/CheapContrast.uasset" 1058
"../../../Engine/Content/Functions/Engine_MaterialFunctions01/ImageAdjustment/CheapContrast.uexp" 1059
"../../../Engine/Content/Functions/Engine_MaterialFunctions01/Texturing/WorldAlignedTexture.uasset" 1060
"../../../Engine/Content/Functions/Engine_MaterialFunctions01/Texturing/WorldAlignedTexture.uexp" 1061
"../../../Engine/Content/Functions/MaterialLayerFunctions/MatLayerBlend_BakedNormal.uasset" 1062
"../../../Engine/Content/Functions/MaterialLayerFunctions/MatLayerBlend_BakedNormal.uexp" 1063
"../../../Engine/Content/Functions/MaterialLayerFunctions/MatLayerBlend_OverrideBaseColor.uasset" 1064
"../../../Engine/Content/Functions/MaterialLayerFunctions/MatLayerBlend_OverrideBaseColor.uexp" 1065
"../../../Engine/Content/Functions/MaterialLayerFunctions/MatLayerBlend_BreakBaseColor.uasset" 1066
"../../../Engine/Content/Functions/MaterialLayerFunctions/MatLayerBlend_BreakBaseColor.uexp" 1067
"../../../Engine/Content/Functions/MaterialLayerFunctions/MatLayerBlend_Emissive.uasset" 1068
"../../../Engine/Content/Functions/MaterialLayerFunctions/MatLayerBlend_Emissive.uexp" 1069
"../../../Engine/Content/Functions/MaterialLayerFunctions/MatLayerBlend_ModulateRoughness.uasset" 1070
"../../../Engine/Content/Functions/MaterialLayerFunctions/MatLayerBlend_ModulateRoughness.uexp" 1071
"../../../Engine/Content/Functions/MaterialLayerFunctions/MatLayerBlend_Standard.uasset" 1072
"../../../Engine/Content/Functions/MaterialLayerFunctions/MatLayerBlend_Standard.uexp" 1073
"../../../Engine/Content/Functions/MaterialLayerFunctions/MatLayerBlend_TenLayerBlend.uasset" 1074
"../../../Engine/Content/Functions/MaterialLayerFunctions/MatLayerBlend_TenLayerBlend.uexp" 1075
"../../../Engine/Content/Functions/MaterialLayerFunctions/MatLayerBlend_Tint.uasset" 1076
"../../../Engine/Content/Functions/MaterialLayerFunctions/MatLayerBlend_Tint.uexp" 1077
"../../../Engine/Content/Functions/Engine_MaterialFunctions01/Shading/MetallicShading.uasset" 1078
"../../../Engine/Content/Functions/Engine_MaterialFunctions01/Shading/MetallicShading.uexp" 1079
"../../../Engine/Content/Functions/Engine_MaterialFunctions03/Blends/Lerp_ScratchGrime.uasset" 1080
"../../../Engine/Content/Functions/Engine_MaterialFunctions03/Blends/Lerp_ScratchGrime.uexp" 1081
"E:/Repos/Unreal-Zombie-Shooter/Zombie_Shooter/Content/ParagonWraith/Characters/Global/MaterialFunctions/MF_BrightnessAdjust.uasset" 1082
"E:/Repos/Unreal-Zombie-Shooter/Zombie_Shooter/Content/ParagonWraith/Characters/Global/MaterialFunctions/MF_BrightnessAdjust.uexp" 1083
"E:/Repos/Unreal-Zombie-Shooter/Zombie_Shooter/Content/ParagonWraith/Characters/Global/MaterialFunctions/Textures/T_AtmosphericCloudNoise01.ubulk" 1084
"E:/Repos/Unreal-Zombie-Shooter/Zombie_Shooter/Content/ParagonWraith/Characters/Global/MaterialFunctions/Textures/T_AtmosphericCloudNoise01.uasset" 1085
"E:/Repos/Unreal-Zombie-Shooter/Zombie_Shooter/Content/ParagonWraith/Characters/Global/MaterialFunctions/Textures/T_AtmosphericCloudNoise01.uexp" 1086
"E:/Repos/Unreal-Zombie-Shooter/Zombie_Shooter/Content/ParagonWraith/Characters/Global/MaterialFunctions/Textures/T_AtmosphericCloudNoise01_N.ubulk" 1087
"E:/Repos/Unreal-Zombie-Shooter/Zombie_Shooter/Content/ParagonWraith/Characters/Global/MaterialFunctions/Textures/T_AtmosphericCloudNoise01_N.uasset" 1088
"E:/Repos/Unreal-Zombie-Shooter/Zombie_Shooter/Content/ParagonWraith/Characters/Global/MaterialFunctions/Textures/T_AtmosphericCloudNoise01_N.uexp" 1089
"E:/Repos/Unreal-Zombie-Shooter/Zombie_Shooter/Content/ParagonWraith/Characters/Global/MaterialFunctions/Textures/T_AtmosphericCloudNoise03.ubulk" 1090
"E:/Repos/Unreal-Zombie-Shooter/Zombie_Shooter/Content/ParagonWraith/Characters/Global/MaterialFunctions/Textures/T_AtmosphericCloudNoise03.uasset" 1091
"E:/Repos/Unreal-Zombie-Shooter/Zombie_Shooter/Content/ParagonWraith/Characters/Global/MaterialFunctions/Textures/T_AtmosphericCloudNoise03.uexp" 1092
"E:/Repos/Unreal-Zombie-Shooter/Zombie_Shooter/Content/ParagonWraith/Characters/Global/MaterialFunctions/MF_DeathFade.uasset" 1093
"E:/Repos/Unreal-Zombie-Shooter/Zombie_Shooter/Content/ParagonWraith/Characters/Global/MaterialFunctions/MF_DeathFade.uexp" 1094
"../../../Engine/Content/EngineMaterials/DefaultNormal.ubulk" 1095
"../../../Engine/Content/EngineMaterials/DefaultNormal.uasset" 1096
"../../../Engine/Content/EngineMaterials/DefaultNormal.uexp" 1097
"E:/Repos/Unreal-Zombie-Shooter/Zombie_Shooter/Content/ParagonWraith/Characters/Global/MaterialLayers/T_TestML_Mask.ubulk" 1098
"E:/Repos/Unreal-Zombie-Shooter/Zombie_Shooter/Content/ParagonWraith/Characters/Global/MaterialLayers/T_TestML_Mask.uasset" 1099
"E:/Repos/Unreal-Zombie-Shooter/Zombie_Shooter/Content/ParagonWraith/Characters/Global/MaterialLayers/T_TestML_Mask.uexp" 1100
"E:/Repos/Unreal-Zombie-Shooter/Zombie_Shooter/Content/ParagonWraith/Characters/Global/MaterialLayers/ML__Blank.uasset" 1101
"E:/Repos/Unreal-Zombie-Shooter/Zombie_Shooter/Content/ParagonWraith/Characters/Global/MaterialLayers/ML__Blank.uexp" 1102
"E:/Repos/Unreal-Zombie-Shooter/Zombie_Shooter/Content/ParagonWraith/Characters/Global/ParameterCollections/OrionGlobalGameplayCollection.uasset" 1103
"E:/Repos/Unreal-Zombie-Shooter/Zombie_Shooter/Content/ParagonWraith/Characters/Global/ParameterCollections/OrionGlobalGameplayCollection.uexp" 1104
"E:/Repos/Unreal-Zombie-Shooter/Zombie_Shooter/Content/ParagonWraith/Characters/Global/MaterialFunctions/MF_HitFlash.uasset" 1105
"E:/Repos/Unreal-Zombie-Shooter/Zombie_Shooter/Content/ParagonWraith/Characters/Global/MaterialFunctions/MF_HitFlash.uexp" 1106
"E:/Repos/Unreal-Zombie-Shooter/Zombie_Shooter/Content/ParagonWraith/Characters/Global/MaterialFunctions/MaterialLayerConstructors/MLC_ScratchAndGrime.uasset" 1107
"E:/Repos/Unreal-Zombie-Shooter/Zombie_Shooter/Content/ParagonWraith/Characters/Global/MaterialFunctions/MaterialLayerConstructors/MLC_ScratchAndGrime.uexp" 1108
"E:/Repos/Unreal-Zombie-Shooter/Zombie_Shooter/Content/ParagonWraith/Characters/Global/MaterialFunctions/MaterialLayerConstructors/MLC_Standard.uasset" 1109
"E:/Repos/Unreal-Zombie-Shooter/Zombie_Shooter/Content/ParagonWraith/Characters/Global/MaterialFunctions/MaterialLayerConstructors/MLC_Standard.uexp" 1110
"E:/Repos/Unreal-Zombie-Shooter/Zombie_Shooter/Content/ParagonWraith/Characters/Global/MaterialLayers/Metal/T_Blue_Metal02.ubulk" 1111
"E:/Repos/Unreal-Zombie-Shooter/Zombie_Shooter/Content/ParagonWraith/Characters/Global/MaterialLayers/Metal/T_Blue_Metal02.uasset" 1112
"E:/Repos/Unreal-Zombie-Shooter/Zombie_Shooter/Content/ParagonWraith/Characters/Global/MaterialLayers/Metal/T_Blue_Metal02.uexp" 1113
"E:/Repos/Unreal-Zombie-Shooter/Zombie_Shooter/Content/ParagonWraith/Characters/Global/MaterialLayers/Rubber/T_Blank_N.uasset" 1114
"E:/Repos/Unreal-Zombie-Shooter/Zombie_Shooter/Content/ParagonWraith/Characters/Global/MaterialLayers/Rubber/T_Blank_N.uexp" 1115
"E:/Repos/Unreal-Zombie-Shooter/Zombie_Shooter/Content/ParagonWraith/Characters/Global/MaterialLayers/Metal/ML_blue_Metal.uasset" 1116
"E:/Repos/Unreal-Zombie-Shooter/Zombie_Shooter/Content/ParagonWraith/Characters/Global/MaterialLayers/Metal/ML_blue_Metal.uexp" 1117
"E:/Repos/Unreal-Zombie-Shooter/Zombie_Shooter/Content/ParagonWraith/Characters/Global/MaterialFunctions/MF_OrionRimlight.uasset" 1118
"E:/Repos/Unreal-Zombie-Shooter/Zombie_Shooter/Content/ParagonWraith/Characters/Global/MaterialFunctions/MF_OrionRimlight.uexp" 1119
"E:/Repos/Unreal-Zombie-Shooter/Zombie_Shooter/Content/ParagonWraith/Characters/Global/MaterialFunctions/MF_CharacterEffects.uasset" 1120
"E:/Repos/Unreal-Zombie-Shooter/Zombie_Shooter/Content/ParagonWraith/Characters/Global/MaterialFunctions/MF_CharacterEffects.uexp" 1121
"E:/Repos/Unreal-Zombie-Shooter/Zombie_Shooter/Content/ParagonWraith/Characters/Global/MaterialFunctions/MF_Character_MaterialLayerQuality.uasset" 1122
"E:/Repos/Unreal-Zombie-Shooter/Zombie_Shooter/Content/ParagonWraith/Characters/Global/MaterialFunctions/MF_Character_MaterialLayerQuality.uexp" 1123
"E:/Repos/Unreal-Zombie-Shooter/Zombie_Shooter/Content/ParagonWraith/Characters/Global/T_Black_Linear.uasset" 1124
"E:/Repos/Unreal-Zombie-Shooter/Zombie_Shooter/Content/ParagonWraith/Characters/Global/T_Black_Linear.uexp" 1125
"E:/Repos/Unreal-Zombie-Shooter/Zombie_Shooter/Content/ParagonWraith/Characters/Global/MaterialFunctions/MF_OrionCharacterAO.uasset" 1126
"E:/Repos/Unreal-Zombie-Shooter/Zombie_Shooter/Content/ParagonWraith/Characters/Global/MaterialFunctions/MF_OrionCharacterAO.uexp" 1127
"E:/Repos/Unreal-Zombie-Shooter/Zombie_Shooter/Content/ParagonWraith/Characters/Global/MaterialFunctions/MaterialLayerConstructors/MF_BaseColorTintAndContrast.uasset" 1128
"E:/Repos/Unreal-Zombie-Shooter/Zombie_Shooter/Content/ParagonWraith/Characters/Global/MaterialFunctions/MaterialLayerConstructors/MF_BaseColorTintAndContrast.uexp" 1129
"E:/Repos/Unreal-Zombie-Shooter/Zombie_Shooter/Content/ParagonWraith/Characters/Global/MaterialFunctions/MaterialLayerConstructors/MF_RoughnessAdjustment.uasset" 1130
"E:/Repos/Unreal-Zombie-Shooter/Zombie_Shooter/Content/ParagonWraith/Characters/Global/MaterialFunctions/MaterialLayerConstructors/MF_RoughnessAdjustment.uexp" 1131
"E:/Repos/Unreal-Zombie-Shooter/Zombie_Shooter/Content/ParagonWraith/Characters/Global/MaterialLayers/Metal/T_Metal_Scratched_Circular_01_COLOR.ubulk" 1132
"E:/Repos/Unreal-Zombie-Shooter/Zombie_Shooter/Content/ParagonWraith/Characters/Global/MaterialLayers/Metal/T_Metal_Scratched_Circular_01_COLOR.uasset" 1133
"E:/Repos/Unreal-Zombie-Shooter/Zombie_Shooter/Content/ParagonWraith/Characters/Global/MaterialLayers/Metal/T_Metal_Scratched_Circular_01_COLOR.uexp" 1134
"E:/Repos/Unreal-Zombie-Shooter/Zombie_Shooter/Content/ParagonWraith/Characters/Global/MaterialLayers/Metal/T_Metal_Scratched_Circular_01_N.ubulk" 1135
"E:/Repos/Unreal-Zombie-Shooter/Zombie_Shooter/Content/ParagonWraith/Characters/Global/MaterialLayers/Metal/T_Metal_Scratched_Circular_01_N.uasset" 1136
"E:/Repos/Unreal-Zombie-Shooter/Zombie_Shooter/Content/ParagonWraith/Characters/Global/MaterialLayers/Metal/T_Metal_Scratched_Circular_01_N.uexp" 1137
"E:/Repos/Unreal-Zombie-Shooter/Zombie_Shooter/Content/ParagonWraith/Characters/Global/MaterialLayers/Metal/T_Noise_Rough_Dark_Big.ubulk" 1138
"E:/Repos/Unreal-Zombie-Shooter/Zombie_Shooter/Content/ParagonWraith/Characters/Global/MaterialLayers/Metal/T_Noise_Rough_Dark_Big.uasset" 1139
"E:/Repos/Unreal-Zombie-Shooter/Zombie_Shooter/Content/ParagonWraith/Characters/Global/MaterialLayers/Metal/T_Noise_Rough_Dark_Big.uexp" 1140
"E:/Repos/Unreal-Zombie-Shooter/Zombie_Shooter/Content/ParagonWraith/Characters/Global/MaterialLayers/Metal/T_ScratchMask.ubulk" 1141
"E:/Repos/Unreal-Zombie-Shooter/Zombie_Shooter/Content/ParagonWraith/Characters/Global/MaterialLayers/Metal/T_ScratchMask.uasset" 1142
"E:/Repos/Unreal-Zombie-Shooter/Zombie_Shooter/Content/ParagonWraith/Characters/Global/MaterialLayers/Metal/T_ScratchMask.uexp" 1143
"E:/Repos/Unreal-Zombie-Shooter/Zombie_Shooter/Content/ParagonWraith/Characters/Global/MaterialLayers/Metal/ML_Metal_Scratched_Circular.uasset" 1144
"E:/Repos/Unreal-Zombie-Shooter/Zombie_Shooter/Content/ParagonWraith/Characters/Global/MaterialLayers/Metal/ML_Metal_Scratched_Circular.uexp" 1145
"E:/Repos/Unreal-Zombie-Shooter/Zombie_Shooter/Content/ParagonWraith/Characters/Global/MaterialLayers/Metal/T_ML_Aluminum01_N.ubulk" 1146
"E:/Repos/Unreal-Zombie-Shooter/Zombie_Shooter/Content/ParagonWraith/Characters/Global/MaterialLayers/Metal/T_ML_Aluminum01_N.uasset" 1147
"E:/Repos/Unreal-Zombie-Shooter/Zombie_Shooter/Content/ParagonWraith/Characters/Global/MaterialLayers/Metal/T_ML_Aluminum01_N.uexp" 1148
"E:/Repos/Unreal-Zombie-Shooter/Zombie_Shooter/Content/ParagonWraith/Characters/Global/MaterialLayers/Metal/T_ML_Aluminum01.ubulk" 1149
"E:/Repos/Unreal-Zombie-Shooter/Zombie_Shooter/Content/ParagonWraith/Characters/Global/MaterialLayers/Metal/T_ML_Aluminum01.uasset" 1150
"E:/Repos/Unreal-Zombie-Shooter/Zombie_Shooter/Content/ParagonWraith/Characters/Global/MaterialLayers/Metal/T_ML_Aluminum01.uexp" 1151
"E:/Repos/Unreal-Zombie-Shooter/Zombie_Shooter/Content/ParagonWraith/Characters/Global/MaterialLayers/Metal/ML_SoftMetal01.uasset" 1152
"E:/Repos/Unreal-Zombie-Shooter/Zombie_Shooter/Content/ParagonWraith/Characters/Global/MaterialLayers/Metal/ML_SoftMetal01.uexp" 1153
"E:/Repos/Unreal-Zombie-Shooter/Zombie_Shooter/Content/ParagonWraith/Characters/Global/MaterialLayers/Painted/T_PaintScratches.ubulk" 1154
"E:/Repos/Unreal-Zombie-Shooter/Zombie_Shooter/Content/ParagonWraith/Characters/Global/MaterialLayers/Painted/T_PaintScratches.uasset" 1155
"E:/Repos/Unreal-Zombie-Shooter/Zombie_Shooter/Content/ParagonWraith/Characters/Global/MaterialLayers/Painted/T_PaintScratches.uexp" 1156
"E:/Repos/Unreal-Zombie-Shooter/Zombie_Shooter/Content/ParagonWraith/Characters/Global/MaterialLayers/Painted/ML_MetallicClearCoat.uasset" 1157
"E:/Repos/Unreal-Zombie-Shooter/Zombie_Shooter/Content/ParagonWraith/Characters/Global/MaterialLayers/Painted/ML_MetallicClearCoat.uexp" 1158
"E:/Repos/Unreal-Zombie-Shooter/Zombie_Shooter/Content/ParagonWraith/Characters/Heroes/Wraith/Textures/T_ElectroHex_Tile.ubulk" 1159
"E:/Repos/Unreal-Zombie-Shooter/Zombie_Shooter/Content/ParagonWraith/Characters/Heroes/Wraith/Textures/T_ElectroHex_Tile.uasset" 1160
"E:/Repos/Unreal-Zombie-Shooter/Zombie_Shooter/Content/ParagonWraith/Characters/Heroes/Wraith/Textures/T_ElectroHex_Tile.uexp" 1161
"E:/Repos/Unreal-Zombie-Shooter/Zombie_Shooter/Content/ParagonWraith/Characters/Global/MaterialLayers/Synthetics/ML_SimpleEmissive_underGlass.uasset" 1162
"E:/Repos/Unreal-Zombie-Shooter/Zombie_Shooter/Content/ParagonWraith/Characters/Global/MaterialLayers/Synthetics/ML_SimpleEmissive_underGlass.uexp" 1163
"E:/Repos/Unreal-Zombie-Shooter/Zombie_Shooter/Content/ParagonWraith/Characters/Heroes/Wraith/Textures/T_Wraith_BackPackbody_RGBA.ubulk" 1164
"E:/Repos/Unreal-Zombie-Shooter/Zombie_Shooter/Content/ParagonWraith/Characters/Heroes/Wraith/Textures/T_Wraith_BackPackbody_RGBA.uasset" 1165
"E:/Repos/Unreal-Zombie-Shooter/Zombie_Shooter/Content/ParagonWraith/Characters/Heroes/Wraith/Textures/T_Wraith_BackPackbody_RGBA.uexp" 1166
"E:/Repos/Unreal-Zombie-Shooter/Zombie_Shooter/Content/ParagonWraith/Characters/Heroes/Wraith/Textures/T_Wraith_Backpack_Mask.ubulk" 1167
"E:/Repos/Unreal-Zombie-Shooter/Zombie_Shooter/Content/ParagonWraith/Characters/Heroes/Wraith/Textures/T_Wraith_Backpack_Mask.uasset" 1168
"E:/Repos/Unreal-Zombie-Shooter/Zombie_Shooter/Content/ParagonWraith/Characters/Heroes/Wraith/Textures/T_Wraith_Backpack_Mask.uexp" 1169
"E:/Repos/Unreal-Zombie-Shooter/Zombie_Shooter/Content/ParagonWraith/Characters/Heroes/Wraith/Textures/T_Wraith_Backpack_Mask2.ubulk" 1170
"E:/Repos/Unreal-Zombie-Shooter/Zombie_Shooter/Content/ParagonWraith/Characters/Heroes/Wraith/Textures/T_Wraith_Backpack_Mask2.uasset" 1171
"E:/Repos/Unreal-Zombie-Shooter/Zombie_Shooter/Content/ParagonWraith/Characters/Heroes/Wraith/Textures/T_Wraith_Backpack_Mask2.uexp" 1172
"E:/Repos/Unreal-Zombie-Shooter/Zombie_Shooter/Content/ParagonWraith/Characters/Heroes/Wraith/Textures/T_Wraith_backpack_N_DEMO.ubulk" 1173
"E:/Repos/Unreal-Zombie-Shooter/Zombie_Shooter/Content/ParagonWraith/Characters/Heroes/Wraith/Textures/T_Wraith_backpack_N_DEMO.uasset" 1174
"E:/Repos/Unreal-Zombie-Shooter/Zombie_Shooter/Content/ParagonWraith/Characters/Heroes/Wraith/Textures/T_Wraith_backpack_N_DEMO.uexp" 1175
"E:/Repos/Unreal-Zombie-Shooter/Zombie_Shooter/Content/ParagonWraith/Characters/Heroes/Wraith/Textures/T_Wraith_Emissive_Mask.ubulk" 1176
"E:/Repos/Unreal-Zombie-Shooter/Zombie_Shooter/Content/ParagonWraith/Characters/Heroes/Wraith/Textures/T_Wraith_Emissive_Mask.uasset" 1177
"E:/Repos/Unreal-Zombie-Shooter/Zombie_Shooter/Content/ParagonWraith/Characters/Heroes/Wraith/Textures/T_Wraith_Emissive_Mask.uexp" 1178
"E:/Repos/Unreal-Zombie-Shooter/Zombie_Shooter/Content/ParagonWraith/Characters/Heroes/Wraith/Materials/MLayer/MF_Wraith_Emissive_Fade.uasset" 1179
"E:/Repos/Unreal-Zombie-Shooter/Zombie_Shooter/Content/ParagonWraith/Characters/Heroes/Wraith/Materials/MLayer/MF_Wraith_Emissive_Fade.uexp" 1180
"E:/Repos/Unreal-Zombie-Shooter/Zombie_Shooter/Content/ParagonWraith/Characters/Global/MaterialLayers/Rubber/T_ML_FineRubber_N.ubulk" 1181
"E:/Repos/Unreal-Zombie-Shooter/Zombie_Shooter/Content/ParagonWraith/Characters/Global/MaterialLayers/Rubber/T_ML_FineRubber_N.uasset" 1182
"E:/Repos/Unreal-Zombie-Shooter/Zombie_Shooter/Content/ParagonWraith/Characters/Global/MaterialLayers/Rubber/T_ML_FineRubber_N.uexp" 1183
"E:/Repos/Unreal-Zombie-Shooter/Zombie_Shooter/Content/ParagonWraith/Characters/Heroes/Wraith/Materials/MLayer/T_TireRubber_R.ubulk" 1184
"E:/Repos/Unreal-Zombie-Shooter/Zombie_Shooter/Content/ParagonWraith/Characters/Heroes/Wraith/Materials/MLayer/T_TireRubber_R.uasset" 1185
"E:/Repos/Unreal-Zombie-Shooter/Zombie_Shooter/Content/ParagonWraith/Characters/Heroes/Wraith/Materials/MLayer/T_TireRubber_R.uexp" 1186
"E:/Repos/Unreal-Zombie-Shooter/Zombie_Shooter/Content/ParagonWraith/Characters/Heroes/Wraith/Materials/MLayer/ML_Wraithlatex.uasset" 1187
"E:/Repos/Unreal-Zombie-Shooter/Zombie_Shooter/Content/ParagonWraith/Characters/Heroes/Wraith/Materials/MLayer/ML_Wraithlatex.uexp" 1188
"E:/Repos/Unreal-Zombie-Shooter/Zombie_Shooter/Content/ParagonWraith/Characters/Heroes/Wraith/Materials/M_Wraith_Backpack.uasset" 1189
"E:/Repos/Unreal-Zombie-Shooter/Zombie_Shooter/Content/ParagonWraith/Characters/Heroes/Wraith/Materials/M_Wraith_Backpack.uexp" 1190
"E:/Repos/Unreal-Zombie-Shooter/Zombie_Shooter/Content/ParagonWraith/Characters/Global/MaterialFunctions/MaterialLayerConstructors/MLC_SolidValues.uasset" 1191
"E:/Repos/Unreal-Zombie-Shooter/Zombie_Shooter/Content/ParagonWraith/Characters/Global/MaterialFunctions/MaterialLayerConstructors/MLC_SolidValues.uexp" 1192
"E:/Repos/Unreal-Zombie-Shooter/Zombie_Shooter/Content/ParagonWraith/Characters/Global/MaterialLayers/Metal/T_Wraith_Body_Color_Overlay.ubulk" 1193
"E:/Repos/Unreal-Zombie-Shooter/Zombie_Shooter/Content/ParagonWraith/Characters/Global/MaterialLayers/Metal/T_Wraith_Body_Color_Overlay.uasset" 1194
"E:/Repos/Unreal-Zombie-Shooter/Zombie_Shooter/Content/ParagonWraith/Characters/Global/MaterialLayers/Metal/T_Wraith_Body_Color_Overlay.uexp" 1195
"E:/Repos/Unreal-Zombie-Shooter/Zombie_Shooter/Content/ParagonWraith/Characters/Global/MaterialLayers/Metal/T_Blank_N.ubulk" 1196
"E:/Repos/Unreal-Zombie-Shooter/Zombie_Shooter/Content/ParagonWraith/Characters/Global/MaterialLayers/Metal/T_Blank_N.uasset" 1197
"E:/Repos/Unreal-Zombie-Shooter/Zombie_Shooter/Content/ParagonWraith/Characters/Global/MaterialLayers/Metal/T_Blank_N.uexp" 1198
"E:/Repos/Unreal-Zombie-Shooter/Zombie_Shooter/Content/ParagonWraith/Characters/Global/MaterialLayers/Metal/T_Rough_Metal_N.ubulk" 1199
"E:/Repos/Unreal-Zombie-Shooter/Zombie_Shooter/Content/ParagonWraith/Characters/Global/MaterialLayers/Metal/T_Rough_Metal_N.uasset" 1200
"E:/Repos/Unreal-Zombie-Shooter/Zombie_Shooter/Content/ParagonWraith/Characters/Global/MaterialLayers/Metal/T_Rough_Metal_N.uexp" 1201
"E:/Repos/Unreal-Zombie-Shooter/Zombie_Shooter/Content/ParagonWraith/Characters/Global/MaterialLayers/Metal/T_Primer_Black_Metal2.ubulk" 1202
"E:/Repos/Unreal-Zombie-Shooter/Zombie_Shooter/Content/ParagonWraith/Characters/Global/MaterialLayers/Metal/T_Primer_Black_Metal2.uasset" 1203
"E:/Repos/Unreal-Zombie-Shooter/Zombie_Shooter/Content/ParagonWraith/Characters/Global/MaterialLayers/Metal/T_Primer_Black_Metal2.uexp" 1204
"E:/Repos/Unreal-Zombie-Shooter/Zombie_Shooter/Content/ParagonWraith/Characters/Global/MaterialLayers/Metal/ML_Gray_Gun_Metal4.uasset" 1205
"E:/Repos/Unreal-Zombie-Shooter/Zombie_Shooter/Content/ParagonWraith/Characters/Global/MaterialLayers/Metal/ML_Gray_Gun_Metal4.uexp" 1206
"../../../Engine/Content/EngineMaterials/FlatNormal.uasset" 1207
"../../../Engine/Content/EngineMaterials/FlatNormal.uexp" 1208
"E:/Repos/Unreal-Zombie-Shooter/Zombie_Shooter/Content/ParagonWraith/Characters/Global/MaterialLayers/Metal/T_hardmetal2_D.ubulk" 1209
"E:/Repos/Unreal-Zombie-Shooter/Zombie_Shooter/Content/ParagonWraith/Characters/Global/MaterialLayers/Metal/T_hardmetal2_D.uasset" 1210
"E:/Repos/Unreal-Zombie-Shooter/Zombie_Shooter/Content/ParagonWraith/Characters/Global/MaterialLayers/Metal/T_hardmetal2_D.uexp" 1211
"E:/Repos/Unreal-Zombie-Shooter/Zombie_Shooter/Content/ParagonWraith/Characters/Global/MaterialLayers/Metal/T_ML_Aluminum_01_N.ubulk" 1212
"E:/Repos/Unreal-Zombie-Shooter/Zombie_Shooter/Content/ParagonWraith/Characters/Global/MaterialLayers/Metal/T_ML_Aluminum_01_N.uasset" 1213
"E:/Repos/Unreal-Zombie-Shooter/Zombie_Shooter/Content/ParagonWraith/Characters/Global/MaterialLayers/Metal/T_ML_Aluminum_01_N.uexp" 1214
"E:/Repos/Unreal-Zombie-Shooter/Zombie_Shooter/Content/ParagonWraith/Characters/Global/MaterialLayers/Metal/ML_LowContrastHardMetal.uasset" 1215
"E:/Repos/Unreal-Zombie-Shooter/Zombie_Shooter/Content/ParagonWraith/Characters/Global/MaterialLayers/Metal/ML_LowContrastHardMetal.uexp" 1216
"E:/Repos/Unreal-Zombie-Shooter/Zombie_Shooter/Content/ParagonWraith/Characters/Heroes/Wraith/Textures/T_Wraith_Gun_Mask.ubulk" 1217
"E:/Repos/Unreal-Zombie-Shooter/Zombie_Shooter/Content/ParagonWraith/Characters/Heroes/Wraith/Textures/T_Wraith_Gun_Mask.uasset" 1218
"E:/Repos/Unreal-Zombie-Shooter/Zombie_Shooter/Content/ParagonWraith/Characters/Heroes/Wraith/Textures/T_Wraith_Gun_Mask.uexp" 1219
"E:/Repos/Unreal-Zombie-Shooter/Zombie_Shooter/Content/ParagonWraith/Characters/Heroes/Wraith/Textures/T_Wraith_Gun_Mask2.ubulk" 1220
"E:/Repos/Unreal-Zombie-Shooter/Zombie_Shooter/Content/ParagonWraith/Characters/Heroes/Wraith/Textures/T_Wraith_Gun_Mask2.uasset" 1221
"E:/Repos/Unreal-Zombie-Shooter/Zombie_Shooter/Content/ParagonWraith/Characters/Heroes/Wraith/Textures/T_Wraith_Gun_Mask2.uexp" 1222
"E:/Repos/Unreal-Zombie-Shooter/Zombie_Shooter/Content/ParagonWraith/Characters/Heroes/Wraith/Textures/T_Wraith_gun_N_DEMO.ubulk" 1223
"E:/Repos/Unreal-Zombie-Shooter/Zombie_Shooter/Content/ParagonWraith/Characters/Heroes/Wraith/Textures/T_Wraith_gun_N_DEMO.uasset" 1224
"E:/Repos/Unreal-Zombie-Shooter/Zombie_Shooter/Content/ParagonWraith/Characters/Heroes/Wraith/Textures/T_Wraith_gun_N_DEMO.uexp" 1225
"E:/Repos/Unreal-Zombie-Shooter/Zombie_Shooter/Content/ParagonWraith/Characters/Heroes/Wraith/Textures/T_Wraith_Gun_RGB.ubulk" 1226
"E:/Repos/Unreal-Zombie-Shooter/Zombie_Shooter/Content/ParagonWraith/Characters/Heroes/Wraith/Textures/T_Wraith_Gun_RGB.uasset" 1227
"E:/Repos/Unreal-Zombie-Shooter/Zombie_Shooter/Content/ParagonWraith/Characters/Heroes/Wraith/Textures/T_Wraith_Gun_RGB.uexp" 1228
"E:/Repos/Unreal-Zombie-Shooter/Zombie_Shooter/Content/ParagonWraith/Characters/Heroes/Wraith/Materials/MLayer/ML_WraithGunmetal02.uasset" 1229
"E:/Repos/Unreal-Zombie-Shooter/Zombie_Shooter/Content/ParagonWraith/Characters/Heroes/Wraith/Materials/MLayer/ML_WraithGunmetal02.uexp" 1230
"E:/Repos/Unreal-Zombie-Shooter/Zombie_Shooter/Content/ParagonWraith/Characters/Heroes/Wraith/Materials/M_Wraith_Gun.uasset" 1231
"E:/Repos/Unreal-Zombie-Shooter/Zombie_Shooter/Content/ParagonWraith/Characters/Heroes/Wraith/Materials/M_Wraith_Gun.uexp" 1232
"E:/Repos/Unreal-Zombie-Shooter/Zombie_Shooter/Content/ParagonWraith/Characters/Heroes/Wraith/Textures/T_Wraith_LowerBody_Mask.ubulk" 1233
"E:/Repos/Unreal-Zombie-Shooter/Zombie_Shooter/Content/ParagonWraith/Characters/Heroes/Wraith/Textures/T_Wraith_LowerBody_Mask.uasset" 1234
"E:/Repos/Unreal-Zombie-Shooter/Zombie_Shooter/Content/ParagonWraith/Characters/Heroes/Wraith/Textures/T_Wraith_LowerBody_Mask.uexp" 1235
"E:/Repos/Unreal-Zombie-Shooter/Zombie_Shooter/Content/ParagonWraith/Characters/Heroes/Wraith/Textures/T_Wraith_LowerBody_Mask2.ubulk" 1236
"E:/Repos/Unreal-Zombie-Shooter/Zombie_Shooter/Content/ParagonWraith/Characters/Heroes/Wraith/Textures/T_Wraith_LowerBody_Mask2.uasset" 1237
"E:/Repos/Unreal-Zombie-Shooter/Zombie_Shooter/Content/ParagonWraith/Characters/Heroes/Wraith/Textures/T_Wraith_LowerBody_Mask2.uexp" 1238
"E:/Repos/Unreal-Zombie-Shooter/Zombie_Shooter/Content/ParagonWraith/Characters/Heroes/Wraith/Textures/T_Wraith_lowerbody_N_DEMO.ubulk" 1239
"E:/Repos/Unreal-Zombie-Shooter/Zombie_Shooter/Content/ParagonWraith/Characters/Heroes/Wraith/Textures/T_Wraith_lowerbody_N_DEMO.uasset" 1240
"E:/Repos/Unreal-Zombie-Shooter/Zombie_Shooter/Content/ParagonWraith/Characters/Heroes/Wraith/Textures/T_Wraith_lowerbody_N_DEMO.uexp" 1241
"E:/Repos/Unreal-Zombie-Shooter/Zombie_Shooter/Content/ParagonWraith/Characters/Heroes/Wraith/Textures/T_Wraith_Lowerbody_RGBA.ubulk" 1242
"E:/Repos/Unreal-Zombie-Shooter/Zombie_Shooter/Content/ParagonWraith/Characters/Heroes/Wraith/Textures/T_Wraith_Lowerbody_RGBA.uasset" 1243
"E:/Repos/Unreal-Zombie-Shooter/Zombie_Shooter/Content/ParagonWraith/Characters/Heroes/Wraith/Textures/T_Wraith_Lowerbody_RGBA.uexp" 1244
"E:/Repos/Unreal-Zombie-Shooter/Zombie_Shooter/Content/ParagonWraith/Characters/Heroes/Wraith/Materials/M_Wraith_Lowerbody.uasset" 1245
"E:/Repos/Unreal-Zombie-Shooter/Zombie_Shooter/Content/ParagonWraith/Characters/Heroes/Wraith/Materials/M_Wraith_Lowerbody.uexp" 1246
"E:/Repos/Unreal-Zombie-Shooter/Zombie_Shooter/Content/ParagonWraith/Characters/Heroes/Wraith/Textures/T_Wraith_UpperBody_Mask.ubulk" 1247
"E:/Repos/Unreal-Zombie-Shooter/Zombie_Shooter/Content/ParagonWraith/Characters/Heroes/Wraith/Textures/T_Wraith_UpperBody_Mask.uasset" 1248
"E:/Repos/Unreal-Zombie-Shooter/Zombie_Shooter/Content/ParagonWraith/Characters/Heroes/Wraith/Textures/T_Wraith_UpperBody_Mask.uexp" 1249
"E:/Repos/Unreal-Zombie-Shooter/Zombie_Shooter/Content/ParagonWraith/Characters/Heroes/Wraith/Textures/T_Wraith_UpperBody_Mask2.ubulk" 1250
"E:/Repos/Unreal-Zombie-Shooter/Zombie_Shooter/Content/ParagonWraith/Characters/Heroes/Wraith/Textures/T_Wraith_UpperBody_Mask2.uasset" 1251
"E:/Repos/Unreal-Zombie-Shooter/Zombie_Shooter/Content/ParagonWraith/Characters/Heroes/Wraith/Textures/T_Wraith_UpperBody_Mask2.uexp" 1252
"E:/Repos/Unreal-Zombie-Shooter/Zombie_Shooter/Content/ParagonWraith/Characters/Heroes/Wraith/Textures/T_Wraith_upperbody_N_DEMO.ubulk" 1253
"E:/Repos/Unreal-Zombie-Shooter/Zombie_Shooter/Content/ParagonWraith/Characters/Heroes/Wraith/Textures/T_Wraith_upperbody_N_DEMO.uasset" 1254
"E:/Repos/Unreal-Zombie-Shooter/Zombie_Shooter/Content/ParagonWraith/Characters/Heroes/Wraith/Textures/T_Wraith_upperbody_N_DEMO.uexp" 1255
"E:/Repos/Unreal-Zombie-Shooter/Zombie_Shooter/Content/ParagonWraith/Characters/Heroes/Wraith/Textures/T_Wraith_Upperbody_RGBA.ubulk" 1256
"E:/Repos/Unreal-Zombie-Shooter/Zombie_Shooter/Content/ParagonWraith/Characters/Heroes/Wraith/Textures/T_Wraith_Upperbody_RGBA.uasset" 1257
"E:/Repos/Unreal-Zombie-Shooter/Zombie_Shooter/Content/ParagonWraith/Characters/Heroes/Wraith/Textures/T_Wraith_Upperbody_RGBA.uexp" 1258
"E:/Repos/Unreal-Zombie-Shooter/Zombie_Shooter/Content/ParagonWraith/Characters/Heroes/Wraith/Materials/M_Wraith_Upperbody.uasset" 1259
"E:/Repos/Unreal-Zombie-Shooter/Zombie_Shooter/Content/ParagonWraith/Characters/Heroes/Wraith/Materials/M_Wraith_Upperbody.uexp" 1260
"E:/Repos/Unreal-Zombie-Shooter/Zombie_Shooter/Content/ParagonWraith/Characters/Heroes/Wraith/Meshes/Wraith_Extents.uasset" 1261
"E:/Repos/Unreal-Zombie-Shooter/Zombie_Shooter/Content/ParagonWraith/Characters/Heroes/Wraith/Meshes/Wraith_Extents.uexp" 1262
"E:/Repos/Unreal-Zombie-Shooter/Zombie_Shooter/Content/ParagonWraith/Characters/Heroes/Wraith/Meshes/Wraith_ShadowCyl.uasset" 1263
"E:/Repos/Unreal-Zombie-Shooter/Zombie_Shooter/Content/ParagonWraith/Characters/Heroes/Wraith/Meshes/Wraith_ShadowCyl.uexp" 1264
"E:/Repos/Unreal-Zombie-Shooter/Zombie_Shooter/Content/ParagonWraith/Characters/Heroes/Wraith/Meshes/Wraith.uasset" 1265
"E:/Repos/Unreal-Zombie-Shooter/Zombie_Shooter/Content/ParagonWraith/Characters/Heroes/Wraith/Meshes/Wraith.uexp" 1266
"E:/Repos/Unreal-Zombie-Shooter/Zombie_Shooter/Content/GameContent/Player/BP_SurvivorCharacter.uasset" 1267
"E:/Repos/Unreal-Zombie-Shooter/Zombie_Shooter/Content/GameContent/Player/BP_SurvivorCharacter.uexp" 1268
"E:/Repos/Unreal-Zombie-Shooter/Zombie_Shooter/Content/GameContent/UI/Widgets/BP_AttributeOverlayWidgetController.uasset" 1269
"E:/Repos/Unreal-Zombie-Shooter/Zombie_Shooter/Content/GameContent/UI/Widgets/BP_AttributeOverlayWidgetController.uexp" 1270
"E:/Repos/Unreal-Zombie-Shooter/Zombie_Shooter/Content/GameContent/UI/Widgets/WBP_PauseButtonText.uasset" 1271
"E:/Repos/Unreal-Zombie-Shooter/Zombie_Shooter/Content/GameContent/UI/Widgets/WBP_PauseButtonText.uexp" 1272
"E:/Repos/Unreal-Zombie-Shooter/Zombie_Shooter/Content/GameContent/UI/Widgets/WBP_PauseUI.uasset" 1273
"E:/Repos/Unreal-Zombie-Shooter/Zombie_Shooter/Content/GameContent/UI/Widgets/WBP_PauseUI.uexp" 1274
"E:/Repos/Unreal-Zombie-Shooter/Zombie_Shooter/Content/GameContent/UI/Widgets/WBP_ProgressBar.uasset" 1275
"E:/Repos/Unreal-Zombie-Shooter/Zombie_Shooter/Content/GameContent/UI/Widgets/WBP_ProgressBar.uexp" 1276
"E:/Repos/Unreal-Zombie-Shooter/Zombie_Shooter/Content/GameContent/UI/Widgets/WBP_PlayerHealth.uasset" 1277
"E:/Repos/Unreal-Zombie-Shooter/Zombie_Shooter/Content/GameContent/UI/Widgets/WBP_PlayerHealth.uexp" 1278
"E:/Repos/Unreal-Zombie-Shooter/Zombie_Shooter/Content/GameContent/UI/Widgets/WBP_PlayerScreen.uasset" 1279
"E:/Repos/Unreal-Zombie-Shooter/Zombie_Shooter/Content/GameContent/UI/Widgets/WBP_PlayerScreen.uexp" 1280
"E:/Repos/Unreal-Zombie-Shooter/Zombie_Shooter/Content/GameContent/UI/HUD/BP_PlayerHud.uasset" 1281
"E:/Repos/Unreal-Zombie-Shooter/Zombie_Shooter/Content/GameContent/UI/HUD/BP_PlayerHud.uexp" 1282
"E:/Repos/Unreal-Zombie-Shooter/Zombie_Shooter/Content/GameContent/Input/Actions/IA_RightClick.uasset" 1283
"E:/Repos/Unreal-Zombie-Shooter/Zombie_Shooter/Content/GameContent/Input/Actions/IA_RightClick.uexp" 1284
"E:/Repos/Unreal-Zombie-Shooter/Zombie_Shooter/Content/GameContent/Controllers/BP_SurvivorController.uasset" 1285
"E:/Repos/Unreal-Zombie-Shooter/Zombie_Shooter/Content/GameContent/Controllers/BP_SurvivorController.uexp" 1286
"E:/Repos/Unreal-Zombie-Shooter/Zombie_Shooter/Content/GameContent/Modes/BP_MainGameMode.uasset" 1287
"E:/Repos/Unreal-Zombie-Shooter/Zombie_Shooter/Content/GameContent/Modes/BP_MainGameMode.uexp" 1288
"../../../Engine/Content/EngineMaterials/WeightMapPlaceholderTexture.uasset" 1289
"../../../Engine/Content/EngineMaterials/WeightMapPlaceholderTexture.uexp" 1290
"../../../Engine/Content/EngineMaterials/WeightMapArrayPlaceholderTexture.uasset" 1291
"../../../Engine/Content/EngineMaterials/WeightMapArrayPlaceholderTexture.uexp" 1292
"E:/Repos/Unreal-Zombie-Shooter/Zombie_Shooter/Content/StarterContent/Textures/T_Ground_Grass_D.ubulk" 1293
"E:/Repos/Unreal-Zombie-Shooter/Zombie_Shooter/Content/StarterContent/Textures/T_Ground_Grass_D.uasset" 1294
"E:/Repos/Unreal-Zombie-Shooter/Zombie_Shooter/Content/StarterContent/Textures/T_Ground_Grass_D.uexp" 1295
"E:/Repos/Unreal-Zombie-Shooter/Zombie_Shooter/Content/StarterContent/Textures/T_Ground_Gravel_D.ubulk" 1296
"E:/Repos/Unreal-Zombie-Shooter/Zombie_Shooter/Content/StarterContent/Textures/T_Ground_Gravel_D.uasset" 1297
"E:/Repos/Unreal-Zombie-Shooter/Zombie_Shooter/Content/StarterContent/Textures/T_Ground_Gravel_D.uexp" 1298
"E:/Repos/Unreal-Zombie-Shooter/Zombie_Shooter/Content/StarterContent/Textures/T_Rock_Basalt_D.ubulk" 1299
"E:/Repos/Unreal-Zombie-Shooter/Zombie_Shooter/Content/StarterContent/Textures/T_Rock_Basalt_D.uasset" 1300
"E:/Repos/Unreal-Zombie-Shooter/Zombie_Shooter/Content/StarterContent/Textures/T_Rock_Basalt_D.uexp" 1301
"E:/Repos/Unreal-Zombie-Shooter/Zombie_Shooter/Content/StarterContent/Textures/T_Rock_Sandstone_D.ubulk" 1302
"E:/Repos/Unreal-Zombie-Shooter/Zombie_Shooter/Content/StarterContent/Textures/T_Rock_Sandstone_D.uasset" 1303
"E:/Repos/Unreal-Zombie-Shooter/Zombie_Shooter/Content/StarterContent/Textures/T_Rock_Sandstone_D.uexp" 1304
"E:/Repos/Unreal-Zombie-Shooter/Zombie_Shooter/Content/GameContent/Materials/m_landscape_material.uasset" 1305
"E:/Repos/Unreal-Zombie-Shooter/Zombie_Shooter/Content/GameContent/Materials/m_landscape_material.uexp" 1306
"E:/Repos/Unreal-Zombie-Shooter/Zombie_Shooter/Content/Necropolis/PhysicalMaterials/PM_Wood.uasset" 1307
"E:/Repos/Unreal-Zombie-Shooter/Zombie_Shooter/Content/Necropolis/PhysicalMaterials/PM_Wood.uexp" 1308
"E:/Repos/Unreal-Zombie-Shooter/Zombie_Shooter/Content/Necropolis/Landscape/RVT_Environment.uasset" 1309
"E:/Repos/Unreal-Zombie-Shooter/Zombie_Shooter/Content/Necropolis/Landscape/RVT_Environment.uexp" 1310
"E:/Repos/Unreal-Zombie-Shooter/Zombie_Shooter/Content/Necropolis/Landscape/RVT_Height.uasset" 1311
"E:/Repos/Unreal-Zombie-Shooter/Zombie_Shooter/Content/Necropolis/Landscape/RVT_Height.uexp" 1312
"E:/Repos/Unreal-Zombie-Shooter/Zombie_Shooter/Content/Necropolis/Textures/T_rusty_iron_N.ubulk" 1313
"E:/Repos/Unreal-Zombie-Shooter/Zombie_Shooter/Content/Necropolis/Textures/T_rusty_iron_N.uasset" 1314
"E:/Repos/Unreal-Zombie-Shooter/Zombie_Shooter/Content/Necropolis/Textures/T_rusty_iron_N.uexp" 1315
"E:/Repos/Unreal-Zombie-Shooter/Zombie_Shooter/Content/Necropolis/Textures/T_graveyard_wall_D.ubulk" 1316
"E:/Repos/Unreal-Zombie-Shooter/Zombie_Shooter/Content/Necropolis/Textures/T_graveyard_wall_D.uasset" 1317
"E:/Repos/Unreal-Zombie-Shooter/Zombie_Shooter/Content/Necropolis/Textures/T_graveyard_wall_D.uexp" 1318
"E:/Repos/Unreal-Zombie-Shooter/Zombie_Shooter/Content/Necropolis/Textures/T_graveyard_wall_M.ubulk" 1319
"E:/Repos/Unreal-Zombie-Shooter/Zombie_Shooter/Content/Necropolis/Textures/T_graveyard_wall_M.uasset" 1320
"E:/Repos/Unreal-Zombie-Shooter/Zombie_Shooter/Content/Necropolis/Textures/T_graveyard_wall_M.uexp" 1321
"E:/Repos/Unreal-Zombie-Shooter/Zombie_Shooter/Content/Necropolis/Textures/T_graveyard_wall_N.ubulk" 1322
"E:/Repos/Unreal-Zombie-Shooter/Zombie_Shooter/Content/Necropolis/Textures/T_graveyard_wall_N.uasset" 1323
"E:/Repos/Unreal-Zombie-Shooter/Zombie_Shooter/Content/Necropolis/Textures/T_graveyard_wall_N.uexp" 1324
"../../../Engine/Content/Functions/Engine_MaterialFunctions02/WorldPositionOffset/ObjectPivotPoint.uasset" 1325
"../../../Engine/Content/Functions/Engine_MaterialFunctions02/WorldPositionOffset/ObjectPivotPoint.uexp" 1326
"E:/Repos/Unreal-Zombie-Shooter/Zombie_Shooter/Content/Necropolis/Materials/ParameterCollections/MPC_environment_variables.uasset" 1327
"E:/Repos/Unreal-Zombie-Shooter/Zombie_Shooter/Content/Necropolis/Materials/ParameterCollections/MPC_environment_variables.uexp" 1328
"E:/Repos/Unreal-Zombie-Shooter/Zombie_Shooter/Content/Necropolis/Materials/MasterMaterials/MF_GlobalWind.uasset" 1329
"E:/Repos/Unreal-Zombie-Shooter/Zombie_Shooter/Content/Necropolis/Materials/MasterMaterials/MF_GlobalWind.uexp" 1330
"E:/Repos/Unreal-Zombie-Shooter/Zombie_Shooter/Content/Necropolis/Materials/MasterMaterials/M_mesh_master.uasset" 1331
"E:/Repos/Unreal-Zombie-Shooter/Zombie_Shooter/Content/Necropolis/Materials/MasterMaterials/M_mesh_master.uexp" 1332
"E:/Repos/Unreal-Zombie-Shooter/Zombie_Shooter/Content/Necropolis/Textures/T_coffin_D.ubulk" 1333
"E:/Repos/Unreal-Zombie-Shooter/Zombie_Shooter/Content/Necropolis/Textures/T_coffin_D.uasset" 1334
"E:/Repos/Unreal-Zombie-Shooter/Zombie_Shooter/Content/Necropolis/Textures/T_coffin_D.uexp" 1335
"E:/Repos/Unreal-Zombie-Shooter/Zombie_Shooter/Content/Necropolis/Textures/T_coffin_M.ubulk" 1336
"E:/Repos/Unreal-Zombie-Shooter/Zombie_Shooter/Content/Necropolis/Textures/T_coffin_M.uasset" 1337
"E:/Repos/Unreal-Zombie-Shooter/Zombie_Shooter/Content/Necropolis/Textures/T_coffin_M.uexp" 1338
"E:/Repos/Unreal-Zombie-Shooter/Zombie_Shooter/Content/Necropolis/Textures/T_coffin_N.ubulk" 1339
"E:/Repos/Unreal-Zombie-Shooter/Zombie_Shooter/Content/Necropolis/Textures/T_coffin_N.uasset" 1340
"E:/Repos/Unreal-Zombie-Shooter/Zombie_Shooter/Content/Necropolis/Textures/T_coffin_N.uexp" 1341
"E:/Repos/Unreal-Zombie-Shooter/Zombie_Shooter/Content/Necropolis/Materials/MI_coffin.uasset" 1342
"E:/Repos/Unreal-Zombie-Shooter/Zombie_Shooter/Content/Necropolis/Materials/MI_coffin.uexp" 1343
"E:/Repos/Unreal-Zombie-Shooter/Zombie_Shooter/Content/Necropolis/Textures/T_rusty_iron_D.ubulk" 1344
"E:/Repos/Unreal-Zombie-Shooter/Zombie_Shooter/Content/Necropolis/Textures/T_rusty_iron_D.uasset" 1345
"E:/Repos/Unreal-Zombie-Shooter/Zombie_Shooter/Content/Necropolis/Textures/T_rusty_iron_D.uexp" 1346
"E:/Repos/Unreal-Zombie-Shooter/Zombie_Shooter/Content/Necropolis/Textures/T_rusty_iron_M.ubulk" 1347
"E:/Repos/Unreal-Zombie-Shooter/Zombie_Shooter/Content/Necropolis/Textures/T_rusty_iron_M.uasset" 1348
"E:/Repos/Unreal-Zombie-Shooter/Zombie_Shooter/Content/Necropolis/Textures/T_rusty_iron_M.uexp" 1349
"../../../Engine/Content/EngineMaterials/BlendFunc_DefBase.uasset" 1350
"../../../Engine/Content/EngineMaterials/BlendFunc_DefBase.uexp" 1351
"../../../Engine/Content/EngineMaterials/BlendFunc_DefBlend.uasset" 1352
"../../../Engine/Content/EngineMaterials/BlendFunc_DefBlend.uexp" 1353
"../../../Engine/Content/Functions/Engine_MaterialFunctions03/Blends/Blend_Overlay.uasset" 1354
"../../../Engine/Content/Functions/Engine_MaterialFunctions03/Blends/Blend_Overlay.uexp" 1355
"E:/Repos/Unreal-Zombie-Shooter/Zombie_Shooter/Content/Necropolis/Textures/T_graveyard_stone_tile_M.ubulk" 1356
"E:/Repos/Unreal-Zombie-Shooter/Zombie_Shooter/Content/Necropolis/Textures/T_graveyard_stone_tile_M.uasset" 1357
"E:/Repos/Unreal-Zombie-Shooter/Zombie_Shooter/Content/Necropolis/Textures/T_graveyard_stone_tile_M.uexp" 1358
"E:/Repos/Unreal-Zombie-Shooter/Zombie_Shooter/Content/Necropolis/Textures/T_graveyard_stone_tile_N.ubulk" 1359
"E:/Repos/Unreal-Zombie-Shooter/Zombie_Shooter/Content/Necropolis/Textures/T_graveyard_stone_tile_N.uasset" 1360
"E:/Repos/Unreal-Zombie-Shooter/Zombie_Shooter/Content/Necropolis/Textures/T_graveyard_stone_tile_N.uexp" 1361
"E:/Repos/Unreal-Zombie-Shooter/Zombie_Shooter/Content/Necropolis/Textures/T_pillars_M.ubulk" 1362
"E:/Repos/Unreal-Zombie-Shooter/Zombie_Shooter/Content/Necropolis/Textures/T_pillars_M.uasset" 1363
"E:/Repos/Unreal-Zombie-Shooter/Zombie_Shooter/Content/Necropolis/Textures/T_pillars_M.uexp" 1364
"E:/Repos/Unreal-Zombie-Shooter/Zombie_Shooter/Content/Necropolis/Textures/T_pillars_N.ubulk" 1365
"E:/Repos/Unreal-Zombie-Shooter/Zombie_Shooter/Content/Necropolis/Textures/T_pillars_N.uasset" 1366
"E:/Repos/Unreal-Zombie-Shooter/Zombie_Shooter/Content/Necropolis/Textures/T_pillars_N.uexp" 1367
"E:/Repos/Unreal-Zombie-Shooter/Zombie_Shooter/Content/Necropolis/Textures/T_graveyard_stone_tile_D.ubulk" 1368
"E:/Repos/Unreal-Zombie-Shooter/Zombie_Shooter/Content/Necropolis/Textures/T_graveyard_stone_tile_D.uasset" 1369
"E:/Repos/Unreal-Zombie-Shooter/Zombie_Shooter/Content/Necropolis/Textures/T_graveyard_stone_tile_D.uexp" 1370
"E:/Repos/Unreal-Zombie-Shooter/Zombie_Shooter/Content/Necropolis/Materials/MasterMaterials/M_material_masks_master.uasset" 1371
"E:/Repos/Unreal-Zombie-Shooter/Zombie_Shooter/Content/Necropolis/Materials/MasterMaterials/M_material_masks_master.uexp" 1372
"E:/Repos/Unreal-Zombie-Shooter/Zombie_Shooter/Content/Necropolis/Materials/MI_metal_surface.uasset" 1373
"E:/Repos/Unreal-Zombie-Shooter/Zombie_Shooter/Content/Necropolis/Materials/MI_metal_surface.uexp" 1374
"E:/Repos/Unreal-Zombie-Shooter/Zombie_Shooter/Content/Necropolis/Textures/T_tools_D.ubulk" 1375
"E:/Repos/Unreal-Zombie-Shooter/Zombie_Shooter/Content/Necropolis/Textures/T_tools_D.uasset" 1376
"E:/Repos/Unreal-Zombie-Shooter/Zombie_Shooter/Content/Necropolis/Textures/T_tools_D.uexp" 1377
"E:/Repos/Unreal-Zombie-Shooter/Zombie_Shooter/Content/Necropolis/Textures/T_tools_M.ubulk" 1378
"E:/Repos/Unreal-Zombie-Shooter/Zombie_Shooter/Content/Necropolis/Textures/T_tools_M.uasset" 1379
"E:/Repos/Unreal-Zombie-Shooter/Zombie_Shooter/Content/Necropolis/Textures/T_tools_M.uexp" 1380
"E:/Repos/Unreal-Zombie-Shooter/Zombie_Shooter/Content/Necropolis/Textures/T_tools_N.ubulk" 1381
"E:/Repos/Unreal-Zombie-Shooter/Zombie_Shooter/Content/Necropolis/Textures/T_tools_N.uasset" 1382
"E:/Repos/Unreal-Zombie-Shooter/Zombie_Shooter/Content/Necropolis/Textures/T_tools_N.uexp" 1383
"E:/Repos/Unreal-Zombie-Shooter/Zombie_Shooter/Content/Necropolis/Materials/MI_tools.uasset" 1384
"E:/Repos/Unreal-Zombie-Shooter/Zombie_Shooter/Content/Necropolis/Materials/MI_tools.uexp" 1385
"E:/Repos/Unreal-Zombie-Shooter/Zombie_Shooter/Content/Necropolis/Placeables/Graves_Tombs/SM_coffin_chained.ubulk" 1386
"E:/Repos/Unreal-Zombie-Shooter/Zombie_Shooter/Content/Necropolis/Placeables/Graves_Tombs/SM_coffin_chained.uasset" 1387
"E:/Repos/Unreal-Zombie-Shooter/Zombie_Shooter/Content/Necropolis/Placeables/Graves_Tombs/SM_coffin_chained.uexp" 1388
"E:/Repos/Unreal-Zombie-Shooter/Zombie_Shooter/Content/GameContent/Controllers/BP_ZombieController.uasset" 1389
"E:/Repos/Unreal-Zombie-Shooter/Zombie_Shooter/Content/GameContent/Controllers/BP_ZombieController.uexp" 1390
"../../../Engine/Content/EditorBlueprintResources/StandardMacros.uasset" 1391
"../../../Engine/Content/EditorBlueprintResources/StandardMacros.uexp" 1392
"E:/Repos/Unreal-Zombie-Shooter/Zombie_Shooter/Content/GameContent/GameAbilities/GA_ZombieDeath.uasset" 1393
"E:/Repos/Unreal-Zombie-Shooter/Zombie_Shooter/Content/GameContent/GameAbilities/GA_ZombieDeath.uexp" 1394
"E:/Repos/Unreal-Zombie-Shooter/Zombie_Shooter/Content/GameContent/GameAbilities/GA_ZombieSpawnAnim.uasset" 1395
"E:/Repos/Unreal-Zombie-Shooter/Zombie_Shooter/Content/GameContent/GameAbilities/GA_ZombieSpawnAnim.uexp" 1396
"E:/Repos/Unreal-Zombie-Shooter/Zombie_Shooter/Content/GameContent/EffectData/UpgradeData/CT_Upgrades.uasset" 1397
"E:/Repos/Unreal-Zombie-Shooter/Zombie_Shooter/Content/GameContent/EffectData/UpgradeData/CT_Upgrades.uexp" 1398
"E:/Repos/Unreal-Zombie-Shooter/Zombie_Shooter/Content/GameContent/GameplayEffects/GE_DamageUpgrade.uasset" 1399
"E:/Repos/Unreal-Zombie-Shooter/Zombie_Shooter/Content/GameContent/GameplayEffects/GE_DamageUpgrade.uexp" 1400
"E:/Repos/Unreal-Zombie-Shooter/Zombie_Shooter/Content/StarterContent/Textures/T_MacroVariation.uasset" 1401
"E:/Repos/Unreal-Zombie-Shooter/Zombie_Shooter/Content/StarterContent/Textures/T_MacroVariation.uexp" 1402
"E:/Repos/Unreal-Zombie-Shooter/Zombie_Shooter/Content/StarterContent/Textures/T_Metal_Gold_N.ubulk" 1403
"E:/Repos/Unreal-Zombie-Shooter/Zombie_Shooter/Content/StarterContent/Textures/T_Metal_Gold_N.uasset" 1404
"E:/Repos/Unreal-Zombie-Shooter/Zombie_Shooter/Content/StarterContent/Textures/T_Metal_Gold_N.uexp" 1405
"E:/Repos/Unreal-Zombie-Shooter/Zombie_Shooter/Content/StarterContent/Textures/T_Metal_Green.ubulk" 1406
"E:/Repos/Unreal-Zombie-Shooter/Zombie_Shooter/Content/StarterContent/Textures/T_Metal_Green.uasset" 1407
"E:/Repos/Unreal-Zombie-Shooter/Zombie_Shooter/Content/StarterContent/Textures/T_Metal_Green.uexp" 1408
"E:/Repos/Unreal-Zombie-Shooter/Zombie_Shooter/Content/GameContent/Materials/M_Metal_Red.uasset" 1409
"E:/Repos/Unreal-Zombie-Shooter/Zombie_Shooter/Content/GameContent/Materials/M_Metal_Red.uexp" 1410
"E:/Repos/Unreal-Zombie-Shooter/Zombie_Shooter/Content/Assets/Capsules/Textures/Capsule/Capsule_with_insert/Capsule_with_insert_Make_me_glow_u_whore_BaseColor.ubulk" 1411
"E:/Repos/Unreal-Zombie-Shooter/Zombie_Shooter/Content/Assets/Capsules/Textures/Capsule/Capsule_with_insert/Capsule_with_insert_Make_me_glow_u_whore_BaseColor.uasset" 1412
"E:/Repos/Unreal-Zombie-Shooter/Zombie_Shooter/Content/Assets/Capsules/Textures/Capsule/Capsule_with_insert/Capsule_with_insert_Make_me_glow_u_whore_BaseColor.uexp" 1413
"E:/Repos/Unreal-Zombie-Shooter/Zombie_Shooter/Content/Assets/Capsules/Textures/Capsule/Capsule_with_insert/Capsule_with_insert_Make_me_glow_u_whore_Normal.ubulk" 1414
"E:/Repos/Unreal-Zombie-Shooter/Zombie_Shooter/Content/Assets/Capsules/Textures/Capsule/Capsule_with_insert/Capsule_with_insert_Make_me_glow_u_whore_Normal.uasset" 1415
"E:/Repos/Unreal-Zombie-Shooter/Zombie_Shooter/Content/Assets/Capsules/Textures/Capsule/Capsule_with_insert/Capsule_with_insert_Make_me_glow_u_whore_Normal.uexp" 1416
"E:/Repos/Unreal-Zombie-Shooter/Zombie_Shooter/Content/Assets/Capsules/Textures/Capsule/Capsule_with_insert/Capsule_with_insert_Make_me_glow_u_whore_OcclusionRoughnessMetallic.ubulk" 1417
"E:/Repos/Unreal-Zombie-Shooter/Zombie_Shooter/Content/Assets/Capsules/Textures/Capsule/Capsule_with_insert/Capsule_with_insert_Make_me_glow_u_whore_OcclusionRoughnessMetallic.uasset" 1418
"E:/Repos/Unreal-Zombie-Shooter/Zombie_Shooter/Content/Assets/Capsules/Textures/Capsule/Capsule_with_insert/Capsule_with_insert_Make_me_glow_u_whore_OcclusionRoughnessMetallic.uexp" 1419
"E:/Repos/Unreal-Zombie-Shooter/Zombie_Shooter/Content/Assets/Capsules/Textures/Capsule_Insert_Nody_Damage.uasset" 1420
"E:/Repos/Unreal-Zombie-Shooter/Zombie_Shooter/Content/Assets/Capsules/Textures/Capsule_Insert_Nody_Damage.uexp" 1421
"E:/Repos/Unreal-Zombie-Shooter/Zombie_Shooter/Content/Assets/Capsules/Textures/Capsule_Insert_Body.uasset" 1422
"E:/Repos/Unreal-Zombie-Shooter/Zombie_Shooter/Content/Assets/Capsules/Textures/Capsule_Insert_Body.uexp" 1423
"E:/Repos/Unreal-Zombie-Shooter/Zombie_Shooter/Content/Assets/Capsules/Textures/Capsule/Capsule_with_insert/Capsule_with_insert_Capsule_Tops_BaseColor.ubulk" 1424
"E:/Repos/Unreal-Zombie-Shooter/Zombie_Shooter/Content/Assets/Capsules/Textures/Capsule/Capsule_with_insert/Capsule_with_insert_Capsule_Tops_BaseColor.uasset" 1425
"E:/Repos/Unreal-Zombie-Shooter/Zombie_Shooter/Content/Assets/Capsules/Textures/Capsule/Capsule_with_insert/Capsule_with_insert_Capsule_Tops_BaseColor.uexp" 1426
"E:/Repos/Unreal-Zombie-Shooter/Zombie_Shooter/Content/Assets/Capsules/Textures/Capsule/Capsule_with_insert/Capsule_with_insert_Capsule_Tops_Normal.ubulk" 1427
"E:/Repos/Unreal-Zombie-Shooter/Zombie_Shooter/Content/Assets/Capsules/Textures/Capsule/Capsule_with_insert/Capsule_with_insert_Capsule_Tops_Normal.uasset" 1428
"E:/Repos/Unreal-Zombie-Shooter/Zombie_Shooter/Content/Assets/Capsules/Textures/Capsule/Capsule_with_insert/Capsule_with_insert_Capsule_Tops_Normal.uexp" 1429
"E:/Repos/Unreal-Zombie-Shooter/Zombie_Shooter/Content/Assets/Capsules/Textures/Capsule/Capsule_with_insert/Capsule_with_insert_Capsule_Tops_OcclusionRoughnessMetallic.ubulk" 1430
"E:/Repos/Unreal-Zombie-Shooter/Zombie_Shooter/Content/Assets/Capsules/Textures/Capsule/Capsule_with_insert/Capsule_with_insert_Capsule_Tops_OcclusionRoughnessMetallic.uasset" 1431
"E:/Repos/Unreal-Zombie-Shooter/Zombie_Shooter/Content/Assets/Capsules/Textures/Capsule/Capsule_with_insert/Capsule_with_insert_Capsule_Tops_OcclusionRoughnessMetallic.uexp" 1432
"E:/Repos/Unreal-Zombie-Shooter/Zombie_Shooter/Content/Assets/Capsules/Textures/Capsule_Top.uasset" 1433
"E:/Repos/Unreal-Zombie-Shooter/Zombie_Shooter/Content/Assets/Capsules/Textures/Capsule_Top.uexp" 1434
"E:/Repos/Unreal-Zombie-Shooter/Zombie_Shooter/Content/Assets/Capsules/Capsule_with_insert.ubulk" 1435
"E:/Repos/Unreal-Zombie-Shooter/Zombie_Shooter/Content/Assets/Capsules/Capsule_with_insert.uasset" 1436
"E:/Repos/Unreal-Zombie-Shooter/Zombie_Shooter/Content/Assets/Capsules/Capsule_with_insert.uexp" 1437
"E:/Repos/Unreal-Zombie-Shooter/Zombie_Shooter/Content/StarterContent/Textures/T_Metal_Gold_D.ubulk" 1438
"E:/Repos/Unreal-Zombie-Shooter/Zombie_Shooter/Content/StarterContent/Textures/T_Metal_Gold_D.uasset" 1439
"E:/Repos/Unreal-Zombie-Shooter/Zombie_Shooter/Content/StarterContent/Textures/T_Metal_Gold_D.uexp" 1440
"E:/Repos/Unreal-Zombie-Shooter/Zombie_Shooter/Content/StarterContent/Materials/M_Metal_Gold.uasset" 1441
"E:/Repos/Unreal-Zombie-Shooter/Zombie_Shooter/Content/StarterContent/Materials/M_Metal_Gold.uexp" 1442
"E:/Repos/Unreal-Zombie-Shooter/Zombie_Shooter/Content/GameContent/AttributeSets/PlayerAttributes/GE_SpeedUpgrade.uasset" 1443
"E:/Repos/Unreal-Zombie-Shooter/Zombie_Shooter/Content/GameContent/AttributeSets/PlayerAttributes/GE_SpeedUpgrade.uexp" 1444
"E:/Repos/Unreal-Zombie-Shooter/Zombie_Shooter/Content/GameContent/Actors/EffectActors/BP_UpgradeActorBase.uasset" 1445
"E:/Repos/Unreal-Zombie-Shooter/Zombie_Shooter/Content/GameContent/Actors/EffectActors/BP_UpgradeActorBase.uexp" 1446
"E:/Repos/Unreal-Zombie-Shooter/Zombie_Shooter/Content/GameContent/Actors/EffectActors/BP_DamageUpgrade.uasset" 1447
"E:/Repos/Unreal-Zombie-Shooter/Zombie_Shooter/Content/GameContent/Actors/EffectActors/BP_DamageUpgrade.uexp" 1448
"E:/Repos/Unreal-Zombie-Shooter/Zombie_Shooter/Content/Assets/Medkit/Textures/Healthkit_New_blinn1_BaseColor.ubulk" 1449
"E:/Repos/Unreal-Zombie-Shooter/Zombie_Shooter/Content/Assets/Medkit/Textures/Healthkit_New_blinn1_BaseColor.uasset" 1450
"E:/Repos/Unreal-Zombie-Shooter/Zombie_Shooter/Content/Assets/Medkit/Textures/Healthkit_New_blinn1_BaseColor.uexp" 1451
"E:/Repos/Unreal-Zombie-Shooter/Zombie_Shooter/Content/Assets/Medkit/Textures/Healthkit_New_blinn1_Normal.ubulk" 1452
"E:/Repos/Unreal-Zombie-Shooter/Zombie_Shooter/Content/Assets/Medkit/Textures/Healthkit_New_blinn1_Normal.uasset" 1453
"E:/Repos/Unreal-Zombie-Shooter/Zombie_Shooter/Content/Assets/Medkit/Textures/Healthkit_New_blinn1_Normal.uexp" 1454
"E:/Repos/Unreal-Zombie-Shooter/Zombie_Shooter/Content/Assets/Medkit/Textures/Healthkit_New_blinn1_OcclusionRoughnessMetallic.ubulk" 1455
"E:/Repos/Unreal-Zombie-Shooter/Zombie_Shooter/Content/Assets/Medkit/Textures/Healthkit_New_blinn1_OcclusionRoughnessMetallic.uasset" 1456
"E:/Repos/Unreal-Zombie-Shooter/Zombie_Shooter/Content/Assets/Medkit/Textures/Healthkit_New_blinn1_OcclusionRoughnessMetallic.uexp" 1457
"E:/Repos/Unreal-Zombie-Shooter/Zombie_Shooter/Content/Assets/Medkit/HealthKitMat.uasset" 1458
"E:/Repos/Unreal-Zombie-Shooter/Zombie_Shooter/Content/Assets/Medkit/HealthKitMat.uexp" 1459
"E:/Repos/Unreal-Zombie-Shooter/Zombie_Shooter/Content/Assets/Medkit/Textures/Healthkit_New_blinn2_BaseColor.ubulk" 1460
"E:/Repos/Unreal-Zombie-Shooter/Zombie_Shooter/Content/Assets/Medkit/Textures/Healthkit_New_blinn2_BaseColor.uasset" 1461
"E:/Repos/Unreal-Zombie-Shooter/Zombie_Shooter/Content/Assets/Medkit/Textures/Healthkit_New_blinn2_BaseColor.uexp" 1462
"E:/Repos/Unreal-Zombie-Shooter/Zombie_Shooter/Content/Assets/Medkit/Textures/Healthkit_New_blinn2_Normal.ubulk" 1463
"E:/Repos/Unreal-Zombie-Shooter/Zombie_Shooter/Content/Assets/Medkit/Textures/Healthkit_New_blinn2_Normal.uasset" 1464
"E:/Repos/Unreal-Zombie-Shooter/Zombie_Shooter/Content/Assets/Medkit/Textures/Healthkit_New_blinn2_Normal.uexp" 1465
"E:/Repos/Unreal-Zombie-Shooter/Zombie_Shooter/Content/Assets/Medkit/Textures/Healthkit_New_blinn2_OcclusionRoughnessMetallic.ubulk" 1466
"E:/Repos/Unreal-Zombie-Shooter/Zombie_Shooter/Content/Assets/Medkit/Textures/Healthkit_New_blinn2_OcclusionRoughnessMetallic.uasset" 1467
"E:/Repos/Unreal-Zombie-Shooter/Zombie_Shooter/Content/Assets/Medkit/Textures/Healthkit_New_blinn2_OcclusionRoughnessMetallic.uexp" 1468
"E:/Repos/Unreal-Zombie-Shooter/Zombie_Shooter/Content/Assets/Medkit/HealthKitMat3.uasset" 1469
"E:/Repos/Unreal-Zombie-Shooter/Zombie_Shooter/Content/Assets/Medkit/HealthKitMat3.uexp" 1470
"E:/Repos/Unreal-Zombie-Shooter/Zombie_Shooter/Content/Assets/Medkit/Healthkit.ubulk" 1471
"E:/Repos/Unreal-Zombie-Shooter/Zombie_Shooter/Content/Assets/Medkit/Healthkit.uasset" 1472
"E:/Repos/Unreal-Zombie-Shooter/Zombie_Shooter/Content/Assets/Medkit/Healthkit.uexp" 1473
"E:/Repos/Unreal-Zombie-Shooter/Zombie_Shooter/Content/Assets/Medkit/HealthKitMat2.uasset" 1474
"E:/Repos/Unreal-Zombie-Shooter/Zombie_Shooter/Content/Assets/Medkit/HealthKitMat2.uexp" 1475
"E:/Repos/Unreal-Zombie-Shooter/Zombie_Shooter/Content/GameContent/GameplayEffects/GE_HealthKit.uasset" 1476
"E:/Repos/Unreal-Zombie-Shooter/Zombie_Shooter/Content/GameContent/GameplayEffects/GE_HealthKit.uexp" 1477
"E:/Repos/Unreal-Zombie-Shooter/Zombie_Shooter/Content/GameContent/Actors/EffectActors/BP_HealthKit.uasset" 1478
"E:/Repos/Unreal-Zombie-Shooter/Zombie_Shooter/Content/GameContent/Actors/EffectActors/BP_HealthKit.uexp" 1479
"E:/Repos/Unreal-Zombie-Shooter/Zombie_Shooter/Content/GameContent/GameplayEffects/GE_HealthUpgrade.uasset" 1480
"E:/Repos/Unreal-Zombie-Shooter/Zombie_Shooter/Content/GameContent/GameplayEffects/GE_HealthUpgrade.uexp" 1481
"E:/Repos/Unreal-Zombie-Shooter/Zombie_Shooter/Content/GameContent/Materials/M_Metal_Green.uasset" 1482
"E:/Repos/Unreal-Zombie-Shooter/Zombie_Shooter/Content/GameContent/Materials/M_Metal_Green.uexp" 1483
"E:/Repos/Unreal-Zombie-Shooter/Zombie_Shooter/Content/Assets/Capsules/Textures/Capsule_Insert_Body_Health.uasset" 1484
"E:/Repos/Unreal-Zombie-Shooter/Zombie_Shooter/Content/Assets/Capsules/Textures/Capsule_Insert_Body_Health.uexp" 1485
"E:/Repos/Unreal-Zombie-Shooter/Zombie_Shooter/Content/GameContent/Actors/EffectActors/BP_HealthUpgrade.uasset" 1486
"E:/Repos/Unreal-Zombie-Shooter/Zombie_Shooter/Content/GameContent/Actors/EffectActors/BP_HealthUpgrade.uexp" 1487
"E:/Repos/Unreal-Zombie-Shooter/Zombie_Shooter/Content/GameContent/Actors/EffectActors/BP_SpeedUpgrade.uasset" 1488
"E:/Repos/Unreal-Zombie-Shooter/Zombie_Shooter/Content/GameContent/Actors/EffectActors/BP_SpeedUpgrade.uexp" 1489
"E:/Repos/Unreal-Zombie-Shooter/Zombie_Shooter/Content/GameContent/GameplayEffects/GE_ZombieMeleeDamage.uasset" 1490
"E:/Repos/Unreal-Zombie-Shooter/Zombie_Shooter/Content/GameContent/GameplayEffects/GE_ZombieMeleeDamage.uexp" 1491
"E:/Repos/Unreal-Zombie-Shooter/Zombie_Shooter/Content/GameContent/EffectData/DamageData/CT_ZombieMeleeDamage.uasset" 1492
"E:/Repos/Unreal-Zombie-Shooter/Zombie_Shooter/Content/GameContent/EffectData/DamageData/CT_ZombieMeleeDamage.uexp" 1493
"E:/Repos/Unreal-Zombie-Shooter/Zombie_Shooter/Content/Fab/Zombie_Snapper_-_Hand_Painted_Series/zombie_snapper/SkeletalMeshes/zombie_snapper_Skeleton.uasset" 1494
"E:/Repos/Unreal-Zombie-Shooter/Zombie_Shooter/Content/Fab/Zombie_Snapper_-_Hand_Painted_Series/zombie_snapper/SkeletalMeshes/zombie_snapper_Skeleton.uexp" 1495
"../../../Engine/Plugins/Animation/ACLPlugin/Content/ACLAnimCurveCompressionSettings.uasset" 1496
"../../../Engine/Plugins/Animation/ACLPlugin/Content/ACLAnimCurveCompressionSettings.uexp" 1497
"../../../Engine/Content/Animation/DefaultVariableFrameStrippingSettings.uasset" 1498
"../../../Engine/Content/Animation/DefaultVariableFrameStrippingSettings.uexp" 1499
"../../../Engine/Content/Animation/DefaultRecorderBoneCompression.uasset" 1500
"../../../Engine/Content/Animation/DefaultRecorderBoneCompression.uexp" 1501
"E:/Repos/Unreal-Zombie-Shooter/Zombie_Shooter/Content/GameContent/Enemies/Zombies/MeleeZombie/Animations/zombie_snapper_Hit_Attack.uasset" 1502
"E:/Repos/Unreal-Zombie-Shooter/Zombie_Shooter/Content/GameContent/Enemies/Zombies/MeleeZombie/Animations/zombie_snapper_Hit_Attack.uexp" 1503
"E:/Repos/Unreal-Zombie-Shooter/Zombie_Shooter/Content/GameContent/Enemies/Zombies/MeleeZombie/Animations/AM_Snapper_Headbutt_Attack.uasset" 1504
"E:/Repos/Unreal-Zombie-Shooter/Zombie_Shooter/Content/GameContent/Enemies/Zombies/MeleeZombie/Animations/AM_Snapper_Headbutt_Attack.uexp" 1505
"E:/Repos/Unreal-Zombie-Shooter/Zombie_Shooter/Content/GameContent/GameAbilities/ZombieAbilites/GA_ZombieBasicAttack.uasset" 1506
"E:/Repos/Unreal-Zombie-Shooter/Zombie_Shooter/Content/GameContent/GameAbilities/ZombieAbilites/GA_ZombieBasicAttack.uexp" 1507
"E:/Repos/Unreal-Zombie-Shooter/Zombie_Shooter/Content/GameContent/UI/Widgets/WBP_ZombieHealthBar.uasset" 1508
"E:/Repos/Unreal-Zombie-Shooter/Zombie_Shooter/Content/GameContent/UI/Widgets/WBP_ZombieHealthBar.uexp" 1509
"../../../Engine/Plugins/Interchange/Assets/Content/gltf/MaterialInstances/MI_Default_Opaque_DS.uasset" 1510
"../../../Engine/Plugins/Interchange/Assets/Content/gltf/MaterialInstances/MI_Default_Opaque_DS.uexp" 1511
"E:/Repos/Unreal-Zombie-Shooter/Zombie_Shooter/Content/Fab/Zombie_Snapper_-_Hand_Painted_Series/zombie_snapper/Textures/zombie_snapper_texture_1.ubulk" 1512
"E:/Repos/Unreal-Zombie-Shooter/Zombie_Shooter/Content/Fab/Zombie_Snapper_-_Hand_Painted_Series/zombie_snapper/Textures/zombie_snapper_texture_1.uasset" 1513
"E:/Repos/Unreal-Zombie-Shooter/Zombie_Shooter/Content/Fab/Zombie_Snapper_-_Hand_Painted_Series/zombie_snapper/Textures/zombie_snapper_texture_1.uexp" 1514
"E:/Repos/Unreal-Zombie-Shooter/Zombie_Shooter/Content/Fab/Zombie_Snapper_-_Hand_Painted_Series/zombie_snapper/Textures/zombie_snapper_texture_2.ubulk" 1515
"E:/Repos/Unreal-Zombie-Shooter/Zombie_Shooter/Content/Fab/Zombie_Snapper_-_Hand_Painted_Series/zombie_snapper/Textures/zombie_snapper_texture_2.uasset" 1516
"E:/Repos/Unreal-Zombie-Shooter/Zombie_Shooter/Content/Fab/Zombie_Snapper_-_Hand_Painted_Series/zombie_snapper/Textures/zombie_snapper_texture_2.uexp" 1517
"E:/Repos/Unreal-Zombie-Shooter/Zombie_Shooter/Content/Fab/Zombie_Snapper_-_Hand_Painted_Series/zombie_snapper/Textures/zombie_snapper_texture_3.ubulk" 1518
"E:/Repos/Unreal-Zombie-Shooter/Zombie_Shooter/Content/Fab/Zombie_Snapper_-_Hand_Painted_Series/zombie_snapper/Textures/zombie_snapper_texture_3.uasset" 1519
"E:/Repos/Unreal-Zombie-Shooter/Zombie_Shooter/Content/Fab/Zombie_Snapper_-_Hand_Painted_Series/zombie_snapper/Textures/zombie_snapper_texture_3.uexp" 1520
"E:/Repos/Unreal-Zombie-Shooter/Zombie_Shooter/Content/Fab/Zombie_Snapper_-_Hand_Painted_Series/zombie_snapper/Materials/zombi_snapper.uasset" 1521
"E:/Repos/Unreal-Zombie-Shooter/Zombie_Shooter/Content/Fab/Zombie_Snapper_-_Hand_Painted_Series/zombie_snapper/Materials/zombi_snapper.uexp" 1522
"../../../Engine/Plugins/Interchange/Assets/Content/gltf/MaterialInstances/MI_Default_Blend_DS.uasset" 1523
"../../../Engine/Plugins/Interchange/Assets/Content/gltf/MaterialInstances/MI_Default_Blend_DS.uexp" 1524
"E:/Repos/Unreal-Zombie-Shooter/Zombie_Shooter/Content/Fab/Zombie_Snapper_-_Hand_Painted_Series/zombie_snapper/Textures/zombie_snapper_texture_0.ubulk" 1525
"E:/Repos/Unreal-Zombie-Shooter/Zombie_Shooter/Content/Fab/Zombie_Snapper_-_Hand_Painted_Series/zombie_snapper/Textures/zombie_snapper_texture_0.uasset" 1526
"E:/Repos/Unreal-Zombie-Shooter/Zombie_Shooter/Content/Fab/Zombie_Snapper_-_Hand_Painted_Series/zombie_snapper/Textures/zombie_snapper_texture_0.uexp" 1527
"E:/Repos/Unreal-Zombie-Shooter/Zombie_Shooter/Content/Fab/Zombie_Snapper_-_Hand_Painted_Series/zombie_snapper/Materials/zombi_snapper_alph.uasset" 1528
"E:/Repos/Unreal-Zombie-Shooter/Zombie_Shooter/Content/Fab/Zombie_Snapper_-_Hand_Painted_Series/zombie_snapper/Materials/zombi_snapper_alph.uexp" 1529
"E:/Repos/Unreal-Zombie-Shooter/Zombie_Shooter/Content/Fab/Zombie_Snapper_-_Hand_Painted_Series/zombie_snapper/SkeletalMeshes/zombie_snapper_PhysicsAsset.uasset" 1530
"E:/Repos/Unreal-Zombie-Shooter/Zombie_Shooter/Content/Fab/Zombie_Snapper_-_Hand_Painted_Series/zombie_snapper/SkeletalMeshes/zombie_snapper_PhysicsAsset.uexp" 1531
"E:/Repos/Unreal-Zombie-Shooter/Zombie_Shooter/Content/Fab/Zombie_Snapper_-_Hand_Painted_Series/zombie_snapper/SkeletalMeshes/zombie_snapper.uasset" 1532
"E:/Repos/Unreal-Zombie-Shooter/Zombie_Shooter/Content/Fab/Zombie_Snapper_-_Hand_Painted_Series/zombie_snapper/SkeletalMeshes/zombie_snapper.uexp" 1533
"E:/Repos/Unreal-Zombie-Shooter/Zombie_Shooter/Content/GameContent/AttributeSets/EnemieAttributes/ZombieAttributes/GE_MeleeZombie_PrimaryAttributes.uasset" 1534
"E:/Repos/Unreal-Zombie-Shooter/Zombie_Shooter/Content/GameContent/AttributeSets/EnemieAttributes/ZombieAttributes/GE_MeleeZombie_PrimaryAttributes.uexp" 1535
"E:/Repos/Unreal-Zombie-Shooter/Zombie_Shooter/Content/GameContent/BehaviourTree/EQS/EQS_PlayerContext.uasset" 1536
"E:/Repos/Unreal-Zombie-Shooter/Zombie_Shooter/Content/GameContent/BehaviourTree/EQS/EQS_PlayerContext.uexp" 1537
"E:/Repos/Unreal-Zombie-Shooter/Zombie_Shooter/Content/GameContent/BehaviourTree/EQS/EQ_MeleeSelectPointAroundPlayer.uasset" 1538
"E:/Repos/Unreal-Zombie-Shooter/Zombie_Shooter/Content/GameContent/BehaviourTree/EQS/EQ_MeleeSelectPointAroundPlayer.uexp" 1539
"E:/Repos/Unreal-Zombie-Shooter/Zombie_Shooter/Content/GameContent/BehaviourTree/EQS/EQ_Roam.uasset" 1540
"E:/Repos/Unreal-Zombie-Shooter/Zombie_Shooter/Content/GameContent/BehaviourTree/EQS/EQ_Roam.uexp" 1541
"E:/Repos/Unreal-Zombie-Shooter/Zombie_Shooter/Content/GameContent/BehaviourTree/Tasks/BTT_Attack.uasset" 1542
"E:/Repos/Unreal-Zombie-Shooter/Zombie_Shooter/Content/GameContent/BehaviourTree/Tasks/BTT_Attack.uexp" 1543
"E:/Repos/Unreal-Zombie-Shooter/Zombie_Shooter/Content/GameContent/Enemies/Zombies/Behaviours/E_Zombie_ClassType.uasset" 1544
"E:/Repos/Unreal-Zombie-Shooter/Zombie_Shooter/Content/GameContent/Enemies/Zombies/Behaviours/E_Zombie_ClassType.uexp" 1545
"E:/Repos/Unreal-Zombie-Shooter/Zombie_Shooter/Content/GameContent/Enemies/Zombies/Behaviours/BB_Zombie.uasset" 1546
"E:/Repos/Unreal-Zombie-Shooter/Zombie_Shooter/Content/GameContent/Enemies/Zombies/Behaviours/BB_Zombie.uexp" 1547
"E:/Repos/Unreal-Zombie-Shooter/Zombie_Shooter/Content/GameContent/Enemies/Zombies/Behaviours/BTS_FindNearestPlayer.uasset" 1548
"E:/Repos/Unreal-Zombie-Shooter/Zombie_Shooter/Content/GameContent/Enemies/Zombies/Behaviours/BTS_FindNearestPlayer.uexp" 1549
"E:/Repos/Unreal-Zombie-Shooter/Zombie_Shooter/Content/GameContent/Enemies/Zombies/Behaviours/BT_Zombie.uasset" 1550
"E:/Repos/Unreal-Zombie-Shooter/Zombie_Shooter/Content/GameContent/Enemies/Zombies/Behaviours/BT_Zombie.uexp" 1551
"E:/Repos/Unreal-Zombie-Shooter/Zombie_Shooter/Content/GameContent/AttributeSets/EnemieAttributes/ZombieAttributes/GE_MeleeZombie_VitalAttributes.uasset" 1552
"E:/Repos/Unreal-Zombie-Shooter/Zombie_Shooter/Content/GameContent/AttributeSets/EnemieAttributes/ZombieAttributes/GE_MeleeZombie_VitalAttributes.uexp" 1553
"E:/Repos/Unreal-Zombie-Shooter/Zombie_Shooter/Content/GameContent/Enemies/Zombies/MeleeZombie/Animations/zombie_snapper_Run.uasset" 1554
"E:/Repos/Unreal-Zombie-Shooter/Zombie_Shooter/Content/GameContent/Enemies/Zombies/MeleeZombie/Animations/zombie_snapper_Run.uexp" 1555
"E:/Repos/Unreal-Zombie-Shooter/Zombie_Shooter/Content/GameContent/Enemies/Zombies/MeleeZombie/Animations/ABP_Zombie.uasset" 1556
"E:/Repos/Unreal-Zombie-Shooter/Zombie_Shooter/Content/GameContent/Enemies/Zombies/MeleeZombie/Animations/ABP_Zombie.uexp" 1557
"E:/Repos/Unreal-Zombie-Shooter/Zombie_Shooter/Content/GameContent/Enemies/Zombies/MeleeZombie/Animations/zombie_snapper_idle.uasset" 1558
"E:/Repos/Unreal-Zombie-Shooter/Zombie_Shooter/Content/GameContent/Enemies/Zombies/MeleeZombie/Animations/zombie_snapper_idle.uexp" 1559
"E:/Repos/Unreal-Zombie-Shooter/Zombie_Shooter/Content/GameContent/Enemies/Zombies/MeleeZombie/Animations/zombie_snapper_Walk.uasset" 1560
"E:/Repos/Unreal-Zombie-Shooter/Zombie_Shooter/Content/GameContent/Enemies/Zombies/MeleeZombie/Animations/zombie_snapper_Walk.uexp" 1561
"E:/Repos/Unreal-Zombie-Shooter/Zombie_Shooter/Content/GameContent/Enemies/Zombies/MeleeZombie/Animations/BS_Snapper_IdleRun.uasset" 1562
"E:/Repos/Unreal-Zombie-Shooter/Zombie_Shooter/Content/GameContent/Enemies/Zombies/MeleeZombie/Animations/BS_Snapper_IdleRun.uexp" 1563
"E:/Repos/Unreal-Zombie-Shooter/Zombie_Shooter/Content/GameContent/Enemies/Zombies/MeleeZombie/Animations/ABP_Snapper_Zombie.uasset" 1564
"E:/Repos/Unreal-Zombie-Shooter/Zombie_Shooter/Content/GameContent/Enemies/Zombies/MeleeZombie/Animations/ABP_Snapper_Zombie.uexp" 1565
"E:/Repos/Unreal-Zombie-Shooter/Zombie_Shooter/Content/GameContent/Enemies/Zombies/MeleeZombie/Animations/zombie_snapper_Spawn.uasset" 1566
"E:/Repos/Unreal-Zombie-Shooter/Zombie_Shooter/Content/GameContent/Enemies/Zombies/MeleeZombie/Animations/zombie_snapper_Spawn.uexp" 1567
"E:/Repos/Unreal-Zombie-Shooter/Zombie_Shooter/Content/GameContent/Enemies/Zombies/MeleeZombie/Animations/AM_Snapper_Spawn.uasset" 1568
"E:/Repos/Unreal-Zombie-Shooter/Zombie_Shooter/Content/GameContent/Enemies/Zombies/MeleeZombie/Animations/AM_Snapper_Spawn.uexp" 1569
"E:/Repos/Unreal-Zombie-Shooter/Zombie_Shooter/Content/GameContent/Enemies/Zombies/MeleeZombie/Animations/zombie_snapper_Death.uasset" 1570
"E:/Repos/Unreal-Zombie-Shooter/Zombie_Shooter/Content/GameContent/Enemies/Zombies/MeleeZombie/Animations/zombie_snapper_Death.uexp" 1571
"E:/Repos/Unreal-Zombie-Shooter/Zombie_Shooter/Content/GameContent/Enemies/Zombies/MeleeZombie/Animations/AM_Zombie_MeleeDeath.uasset" 1572
"E:/Repos/Unreal-Zombie-Shooter/Zombie_Shooter/Content/GameContent/Enemies/Zombies/MeleeZombie/Animations/AM_Zombie_MeleeDeath.uexp" 1573
"E:/Repos/Unreal-Zombie-Shooter/Zombie_Shooter/Content/GameContent/Enemies/Zombies/MeleeZombie/BP_StandardZombie.uasset" 1574
"E:/Repos/Unreal-Zombie-Shooter/Zombie_Shooter/Content/GameContent/Enemies/Zombies/MeleeZombie/BP_StandardZombie.uexp" 1575
"E:/Repos/Unreal-Zombie-Shooter/Zombie_Shooter/Content/Fab/Skeleton_Archer_-_Hand_Painted_Series/skeleton_archer/Textures/skeleton_archer_texture_0.ubulk" 1576
"E:/Repos/Unreal-Zombie-Shooter/Zombie_Shooter/Content/Fab/Skeleton_Archer_-_Hand_Painted_Series/skeleton_archer/Textures/skeleton_archer_texture_0.uasset" 1577
"E:/Repos/Unreal-Zombie-Shooter/Zombie_Shooter/Content/Fab/Skeleton_Archer_-_Hand_Painted_Series/skeleton_archer/Textures/skeleton_archer_texture_0.uexp" 1578
"E:/Repos/Unreal-Zombie-Shooter/Zombie_Shooter/Content/Fab/Skeleton_Archer_-_Hand_Painted_Series/skeleton_archer/Textures/skeleton_archer_texture_1.ubulk" 1579
"E:/Repos/Unreal-Zombie-Shooter/Zombie_Shooter/Content/Fab/Skeleton_Archer_-_Hand_Painted_Series/skeleton_archer/Textures/skeleton_archer_texture_1.uasset" 1580
"E:/Repos/Unreal-Zombie-Shooter/Zombie_Shooter/Content/Fab/Skeleton_Archer_-_Hand_Painted_Series/skeleton_archer/Textures/skeleton_archer_texture_1.uexp" 1581
"E:/Repos/Unreal-Zombie-Shooter/Zombie_Shooter/Content/Fab/Skeleton_Archer_-_Hand_Painted_Series/skeleton_archer/Textures/skeleton_archer_texture_2.ubulk" 1582
"E:/Repos/Unreal-Zombie-Shooter/Zombie_Shooter/Content/Fab/Skeleton_Archer_-_Hand_Painted_Series/skeleton_archer/Textures/skeleton_archer_texture_2.uasset" 1583
"E:/Repos/Unreal-Zombie-Shooter/Zombie_Shooter/Content/Fab/Skeleton_Archer_-_Hand_Painted_Series/skeleton_archer/Textures/skeleton_archer_texture_2.uexp" 1584
"E:/Repos/Unreal-Zombie-Shooter/Zombie_Shooter/Content/Fab/Skeleton_Archer_-_Hand_Painted_Series/skeleton_archer/Materials/skel_archer.uasset" 1585
"E:/Repos/Unreal-Zombie-Shooter/Zombie_Shooter/Content/Fab/Skeleton_Archer_-_Hand_Painted_Series/skeleton_archer/Materials/skel_archer.uexp" 1586
"E:/Repos/Unreal-Zombie-Shooter/Zombie_Shooter/Content/Fab/Skeleton_Archer_-_Hand_Painted_Series/skeleton_archer/Textures/skeleton_archer_texture_3.ubulk" 1587
"E:/Repos/Unreal-Zombie-Shooter/Zombie_Shooter/Content/Fab/Skeleton_Archer_-_Hand_Painted_Series/skeleton_archer/Textures/skeleton_archer_texture_3.uasset" 1588
"E:/Repos/Unreal-Zombie-Shooter/Zombie_Shooter/Content/Fab/Skeleton_Archer_-_Hand_Painted_Series/skeleton_archer/Textures/skeleton_archer_texture_3.uexp" 1589
"E:/Repos/Unreal-Zombie-Shooter/Zombie_Shooter/Content/Fab/Skeleton_Archer_-_Hand_Painted_Series/skeleton_archer/Materials/skel_archer_transp.uasset" 1590
"E:/Repos/Unreal-Zombie-Shooter/Zombie_Shooter/Content/Fab/Skeleton_Archer_-_Hand_Painted_Series/skeleton_archer/Materials/skel_archer_transp.uexp" 1591
"E:/Repos/Unreal-Zombie-Shooter/Zombie_Shooter/Content/Fab/Skeleton_Archer_-_Hand_Painted_Series/skeleton_archer/SkeletalMeshes/skeleton_archer_PhysicsAsset.uasset" 1592
"E:/Repos/Unreal-Zombie-Shooter/Zombie_Shooter/Content/Fab/Skeleton_Archer_-_Hand_Painted_Series/skeleton_archer/SkeletalMeshes/skeleton_archer_PhysicsAsset.uexp" 1593
"E:/Repos/Unreal-Zombie-Shooter/Zombie_Shooter/Content/Fab/Skeleton_Archer_-_Hand_Painted_Series/skeleton_archer/SkeletalMeshes/skeleton_archer_Skeleton.uasset" 1594
"E:/Repos/Unreal-Zombie-Shooter/Zombie_Shooter/Content/Fab/Skeleton_Archer_-_Hand_Painted_Series/skeleton_archer/SkeletalMeshes/skeleton_archer_Skeleton.uexp" 1595
"E:/Repos/Unreal-Zombie-Shooter/Zombie_Shooter/Content/Fab/Skeleton_Archer_-_Hand_Painted_Series/skeleton_archer/SkeletalMeshes/skeleton_archer.uasset" 1596
"E:/Repos/Unreal-Zombie-Shooter/Zombie_Shooter/Content/Fab/Skeleton_Archer_-_Hand_Painted_Series/skeleton_archer/SkeletalMeshes/skeleton_archer.uexp" 1597
"E:/Repos/Unreal-Zombie-Shooter/Zombie_Shooter/Content/GameContent/GameplayEffects/GE_SkeletonArrowDamage.uasset" 1598
"E:/Repos/Unreal-Zombie-Shooter/Zombie_Shooter/Content/GameContent/GameplayEffects/GE_SkeletonArrowDamage.uexp" 1599
"E:/Repos/Unreal-Zombie-Shooter/Zombie_Shooter/Content/LP_LiteWeapons_JC/Textures/T_Texture_01.ubulk" 1600
"E:/Repos/Unreal-Zombie-Shooter/Zombie_Shooter/Content/LP_LiteWeapons_JC/Textures/T_Texture_01.uasset" 1601
"E:/Repos/Unreal-Zombie-Shooter/Zombie_Shooter/Content/LP_LiteWeapons_JC/Textures/T_Texture_01.uexp" 1602
"E:/Repos/Unreal-Zombie-Shooter/Zombie_Shooter/Content/LP_LiteWeapons_JC/Materials/M_LiteWepons_01.uasset" 1603
"E:/Repos/Unreal-Zombie-Shooter/Zombie_Shooter/Content/LP_LiteWeapons_JC/Materials/M_LiteWepons_01.uexp" 1604
"E:/Repos/Unreal-Zombie-Shooter/Zombie_Shooter/Content/LP_LiteWeapons_JC/Models/SM_BulletLite_02.ubulk" 1605
"E:/Repos/Unreal-Zombie-Shooter/Zombie_Shooter/Content/LP_LiteWeapons_JC/Models/SM_BulletLite_02.uasset" 1606
"E:/Repos/Unreal-Zombie-Shooter/Zombie_Shooter/Content/LP_LiteWeapons_JC/Models/SM_BulletLite_02.uexp" 1607
"E:/Repos/Unreal-Zombie-Shooter/Zombie_Shooter/Content/GameContent/Actors/EffectActors/BP_ArrowProjectile.uasset" 1608
"E:/Repos/Unreal-Zombie-Shooter/Zombie_Shooter/Content/GameContent/Actors/EffectActors/BP_ArrowProjectile.uexp" 1609
"E:/Repos/Unreal-Zombie-Shooter/Zombie_Shooter/Content/GameContent/EffectData/DamageData/CT_SkeletonArrowDamage.uasset" 1610
"E:/Repos/Unreal-Zombie-Shooter/Zombie_Shooter/Content/GameContent/EffectData/DamageData/CT_SkeletonArrowDamage.uexp" 1611
"E:/Repos/Unreal-Zombie-Shooter/Zombie_Shooter/Content/GameContent/Enemies/Zombies/RangedZombie/Animations/A_Ranged_Skeleton_Quick_Shot.uasset" 1612
"E:/Repos/Unreal-Zombie-Shooter/Zombie_Shooter/Content/GameContent/Enemies/Zombies/RangedZombie/Animations/A_Ranged_Skeleton_Quick_Shot.uexp" 1613
"E:/Repos/Unreal-Zombie-Shooter/Zombie_Shooter/Content/GameContent/Enemies/Zombies/RangedZombie/Animations/AM_Ranged_Skeleton_QuickShot.uasset" 1614
"E:/Repos/Unreal-Zombie-Shooter/Zombie_Shooter/Content/GameContent/Enemies/Zombies/RangedZombie/Animations/AM_Ranged_Skeleton_QuickShot.uexp" 1615
"E:/Repos/Unreal-Zombie-Shooter/Zombie_Shooter/Content/GameContent/GameAbilities/ZombieAbilites/GA_SkeletonBasicAttack.uasset" 1616
"E:/Repos/Unreal-Zombie-Shooter/Zombie_Shooter/Content/GameContent/GameAbilities/ZombieAbilites/GA_SkeletonBasicAttack.uexp" 1617
"E:/Repos/Unreal-Zombie-Shooter/Zombie_Shooter/Content/GameContent/Enemies/Zombies/RangedZombie/Animations/A_Ranged_Skeleton_Idle.uasset" 1618
"E:/Repos/Unreal-Zombie-Shooter/Zombie_Shooter/Content/GameContent/Enemies/Zombies/RangedZombie/Animations/A_Ranged_Skeleton_Idle.uexp" 1619
"E:/Repos/Unreal-Zombie-Shooter/Zombie_Shooter/Content/GameContent/Enemies/Zombies/RangedZombie/Animations/A_Ranged_Zombie_Walk.uasset" 1620
"E:/Repos/Unreal-Zombie-Shooter/Zombie_Shooter/Content/GameContent/Enemies/Zombies/RangedZombie/Animations/A_Ranged_Zombie_Walk.uexp" 1621
"E:/Repos/Unreal-Zombie-Shooter/Zombie_Shooter/Content/GameContent/Enemies/Zombies/RangedZombie/Animations/A_Rnaged_Skeleton_Run.uasset" 1622
"E:/Repos/Unreal-Zombie-Shooter/Zombie_Shooter/Content/GameContent/Enemies/Zombies/RangedZombie/Animations/A_Rnaged_Skeleton_Run.uexp" 1623
"E:/Repos/Unreal-Zombie-Shooter/Zombie_Shooter/Content/GameContent/Enemies/Zombies/RangedZombie/Animations/BS_RangedSkeleton_IdleRun.uasset" 1624
"E:/Repos/Unreal-Zombie-Shooter/Zombie_Shooter/Content/GameContent/Enemies/Zombies/RangedZombie/Animations/BS_RangedSkeleton_IdleRun.uexp" 1625
"E:/Repos/Unreal-Zombie-Shooter/Zombie_Shooter/Content/GameContent/Enemies/Zombies/RangedZombie/Animations/ABP_RangedSkeleton.uasset" 1626
"E:/Repos/Unreal-Zombie-Shooter/Zombie_Shooter/Content/GameContent/Enemies/Zombies/RangedZombie/Animations/ABP_RangedSkeleton.uexp" 1627
"E:/Repos/Unreal-Zombie-Shooter/Zombie_Shooter/Content/GameContent/Enemies/Zombies/RangedZombie/Animations/A_Ranged_Skeleton_Death.uasset" 1628
"E:/Repos/Unreal-Zombie-Shooter/Zombie_Shooter/Content/GameContent/Enemies/Zombies/RangedZombie/Animations/A_Ranged_Skeleton_Death.uexp" 1629
"E:/Repos/Unreal-Zombie-Shooter/Zombie_Shooter/Content/GameContent/Enemies/Zombies/RangedZombie/Animations/AM_Ranged_Skeleton_Death.uasset" 1630
"E:/Repos/Unreal-Zombie-Shooter/Zombie_Shooter/Content/GameContent/Enemies/Zombies/RangedZombie/Animations/AM_Ranged_Skeleton_Death.uexp" 1631
"E:/Repos/Unreal-Zombie-Shooter/Zombie_Shooter/Content/GameContent/Enemies/Zombies/RangedZombie/Animations/A_Ranged_Zombie_Full_Ground_Spawn.uasset" 1632
"E:/Repos/Unreal-Zombie-Shooter/Zombie_Shooter/Content/GameContent/Enemies/Zombies/RangedZombie/Animations/A_Ranged_Zombie_Full_Ground_Spawn.uexp" 1633
"E:/Repos/Unreal-Zombie-Shooter/Zombie_Shooter/Content/GameContent/Enemies/Zombies/RangedZombie/Animations/AM_Ranged_Skeleton_Spawn.uasset" 1634
"E:/Repos/Unreal-Zombie-Shooter/Zombie_Shooter/Content/GameContent/Enemies/Zombies/RangedZombie/Animations/AM_Ranged_Skeleton_Spawn.uexp" 1635
"E:/Repos/Unreal-Zombie-Shooter/Zombie_Shooter/Content/GameContent/Enemies/Zombies/RangedZombie/BP_RangerSkeleton.uasset" 1636
"E:/Repos/Unreal-Zombie-Shooter/Zombie_Shooter/Content/GameContent/Enemies/Zombies/RangedZombie/BP_RangerSkeleton.uexp" 1637
"E:/Repos/Unreal-Zombie-Shooter/Zombie_Shooter/Content/GameContent/Spawners/BP_ZombieSpawner.uasset" 1638
"E:/Repos/Unreal-Zombie-Shooter/Zombie_Shooter/Content/GameContent/Spawners/BP_ZombieSpawner.uexp" 1639
"E:/Repos/Unreal-Zombie-Shooter/Zombie_Shooter/Content/Necropolis/PhysicalMaterials/PM_Stone.uasset" 1640
"E:/Repos/Unreal-Zombie-Shooter/Zombie_Shooter/Content/Necropolis/PhysicalMaterials/PM_Stone.uexp" 1641
"E:/Repos/Unreal-Zombie-Shooter/Zombie_Shooter/Content/Necropolis/Textures/T_glass_windows_D.ubulk" 1642
"E:/Repos/Unreal-Zombie-Shooter/Zombie_Shooter/Content/Necropolis/Textures/T_glass_windows_D.uasset" 1643
"E:/Repos/Unreal-Zombie-Shooter/Zombie_Shooter/Content/Necropolis/Textures/T_glass_windows_D.uexp" 1644
"E:/Repos/Unreal-Zombie-Shooter/Zombie_Shooter/Content/Necropolis/Textures/T_glass_windows_M.ubulk" 1645
"E:/Repos/Unreal-Zombie-Shooter/Zombie_Shooter/Content/Necropolis/Textures/T_glass_windows_M.uasset" 1646
"E:/Repos/Unreal-Zombie-Shooter/Zombie_Shooter/Content/Necropolis/Textures/T_glass_windows_M.uexp" 1647
"E:/Repos/Unreal-Zombie-Shooter/Zombie_Shooter/Content/Necropolis/Textures/T_glass_windows_N.ubulk" 1648
"E:/Repos/Unreal-Zombie-Shooter/Zombie_Shooter/Content/Necropolis/Textures/T_glass_windows_N.uasset" 1649
"E:/Repos/Unreal-Zombie-Shooter/Zombie_Shooter/Content/Necropolis/Textures/T_glass_windows_N.uexp" 1650
"E:/Repos/Unreal-Zombie-Shooter/Zombie_Shooter/Content/Necropolis/Materials/MasterMaterials/M_glass.uasset" 1651
"E:/Repos/Unreal-Zombie-Shooter/Zombie_Shooter/Content/Necropolis/Materials/MasterMaterials/M_glass.uexp" 1652
"E:/Repos/Unreal-Zombie-Shooter/Zombie_Shooter/Content/Necropolis/Materials/MI_glass_windows_orange.uasset" 1653
"E:/Repos/Unreal-Zombie-Shooter/Zombie_Shooter/Content/Necropolis/Materials/MI_glass_windows_orange.uexp" 1654
"E:/Repos/Unreal-Zombie-Shooter/Zombie_Shooter/Content/Necropolis/Textures/T_Gravestones_D.ubulk" 1655
"E:/Repos/Unreal-Zombie-Shooter/Zombie_Shooter/Content/Necropolis/Textures/T_Gravestones_D.uasset" 1656
"E:/Repos/Unreal-Zombie-Shooter/Zombie_Shooter/Content/Necropolis/Textures/T_Gravestones_D.uexp" 1657
"E:/Repos/Unreal-Zombie-Shooter/Zombie_Shooter/Content/Necropolis/Textures/T_Gravestones_M.ubulk" 1658
"E:/Repos/Unreal-Zombie-Shooter/Zombie_Shooter/Content/Necropolis/Textures/T_Gravestones_M.uasset" 1659
"E:/Repos/Unreal-Zombie-Shooter/Zombie_Shooter/Content/Necropolis/Textures/T_Gravestones_M.uexp" 1660
"E:/Repos/Unreal-Zombie-Shooter/Zombie_Shooter/Content/Necropolis/Textures/T_Gravestones_N.ubulk" 1661
"E:/Repos/Unreal-Zombie-Shooter/Zombie_Shooter/Content/Necropolis/Textures/T_Gravestones_N.uasset" 1662
"E:/Repos/Unreal-Zombie-Shooter/Zombie_Shooter/Content/Necropolis/Textures/T_Gravestones_N.uexp" 1663
"E:/Repos/Unreal-Zombie-Shooter/Zombie_Shooter/Content/Necropolis/Materials/MI_gravestones.uasset" 1664
"E:/Repos/Unreal-Zombie-Shooter/Zombie_Shooter/Content/Necropolis/Materials/MI_gravestones.uexp" 1665
"E:/Repos/Unreal-Zombie-Shooter/Zombie_Shooter/Content/Necropolis/Placeables/Graves_Tombs/SM_grave_01.ubulk" 1666
"E:/Repos/Unreal-Zombie-Shooter/Zombie_Shooter/Content/Necropolis/Placeables/Graves_Tombs/SM_grave_01.uasset" 1667
"E:/Repos/Unreal-Zombie-Shooter/Zombie_Shooter/Content/Necropolis/Placeables/Graves_Tombs/SM_grave_01.uexp" 1668
"E:/Repos/Unreal-Zombie-Shooter/Zombie_Shooter/Content/Necropolis/Placeables/Graves_Tombs/SM_grave_06.ubulk" 1669
"E:/Repos/Unreal-Zombie-Shooter/Zombie_Shooter/Content/Necropolis/Placeables/Graves_Tombs/SM_grave_06.uasset" 1670
"E:/Repos/Unreal-Zombie-Shooter/Zombie_Shooter/Content/Necropolis/Placeables/Graves_Tombs/SM_grave_06.uexp" 1671
"E:/Repos/Unreal-Zombie-Shooter/Zombie_Shooter/Content/Necropolis/Placeables/Graves_Tombs/SM_grave_cross_01.ubulk" 1672
"E:/Repos/Unreal-Zombie-Shooter/Zombie_Shooter/Content/Necropolis/Placeables/Graves_Tombs/SM_grave_cross_01.uasset" 1673
"E:/Repos/Unreal-Zombie-Shooter/Zombie_Shooter/Content/Necropolis/Placeables/Graves_Tombs/SM_grave_cross_01.uexp" 1674
"E:/Repos/Unreal-Zombie-Shooter/Zombie_Shooter/Content/Necropolis/Placeables/Graves_Tombs/SM_grave_cross_02.ubulk" 1675
"E:/Repos/Unreal-Zombie-Shooter/Zombie_Shooter/Content/Necropolis/Placeables/Graves_Tombs/SM_grave_cross_02.uasset" 1676
"E:/Repos/Unreal-Zombie-Shooter/Zombie_Shooter/Content/Necropolis/Placeables/Graves_Tombs/SM_grave_cross_02.uexp" 1677
"E:/Repos/Unreal-Zombie-Shooter/Zombie_Shooter/Content/Necropolis/Placeables/LightSources/BP_Lightsource_base.uasset" 1678
"E:/Repos/Unreal-Zombie-Shooter/Zombie_Shooter/Content/Necropolis/Placeables/LightSources/BP_Lightsource_base.uexp" 1679
"E:/Repos/Unreal-Zombie-Shooter/Zombie_Shooter/Content/Necropolis/Textures/T_statues_M.ubulk" 1680
"E:/Repos/Unreal-Zombie-Shooter/Zombie_Shooter/Content/Necropolis/Textures/T_statues_M.uasset" 1681
"E:/Repos/Unreal-Zombie-Shooter/Zombie_Shooter/Content/Necropolis/Textures/T_statues_M.uexp" 1682
"E:/Repos/Unreal-Zombie-Shooter/Zombie_Shooter/Content/Necropolis/Textures/T_statues_N.ubulk" 1683
"E:/Repos/Unreal-Zombie-Shooter/Zombie_Shooter/Content/Necropolis/Textures/T_statues_N.uasset" 1684
"E:/Repos/Unreal-Zombie-Shooter/Zombie_Shooter/Content/Necropolis/Textures/T_statues_N.uexp" 1685
"E:/Repos/Unreal-Zombie-Shooter/Zombie_Shooter/Content/Necropolis/Materials/MI_statues_stone_01.uasset" 1686
"E:/Repos/Unreal-Zombie-Shooter/Zombie_Shooter/Content/Necropolis/Materials/MI_statues_stone_01.uexp" 1687
"E:/Repos/Unreal-Zombie-Shooter/Zombie_Shooter/Content/Necropolis/Placeables/Details/SM_statue_bowl.ubulk" 1688
"E:/Repos/Unreal-Zombie-Shooter/Zombie_Shooter/Content/Necropolis/Placeables/Details/SM_statue_bowl.uasset" 1689
"E:/Repos/Unreal-Zombie-Shooter/Zombie_Shooter/Content/Necropolis/Placeables/Details/SM_statue_bowl.uexp" 1690
"E:/Repos/Unreal-Zombie-Shooter/Zombie_Shooter/Content/Necropolis/Materials/MI_pillars.uasset" 1691
"E:/Repos/Unreal-Zombie-Shooter/Zombie_Shooter/Content/Necropolis/Materials/MI_pillars.uexp" 1692
"E:/Repos/Unreal-Zombie-Shooter/Zombie_Shooter/Content/Necropolis/Placeables/Pillars/SM_pillar_small_01.ubulk" 1693
"E:/Repos/Unreal-Zombie-Shooter/Zombie_Shooter/Content/Necropolis/Placeables/Pillars/SM_pillar_small_01.uasset" 1694
"E:/Repos/Unreal-Zombie-Shooter/Zombie_Shooter/Content/Necropolis/Placeables/Pillars/SM_pillar_small_01.uexp" 1695
"../../../Engine/Plugins/FX/Niagara/Content/VectorFields/Assets/TilingCurl32.uasset" 1696
"../../../Engine/Plugins/FX/Niagara/Content/VectorFields/Assets/TilingCurl32.uexp" 1697
"../../../Engine/Content/Functions/Engine_MaterialFunctions01/Density/ExponentialDensity.uasset" 1698
"../../../Engine/Content/Functions/Engine_MaterialFunctions01/Density/ExponentialDensity.uexp" 1699
"../../../Engine/Content/Functions/Engine_MaterialFunctions01/Gradient/RadialGradientExponential.uasset" 1700
"../../../Engine/Content/Functions/Engine_MaterialFunctions01/Gradient/RadialGradientExponential.uexp" 1701
"E:/Repos/Unreal-Zombie-Shooter/Zombie_Shooter/Content/Necropolis/VFX/Textures/T_perlinNoise.ubulk" 1702
"E:/Repos/Unreal-Zombie-Shooter/Zombie_Shooter/Content/Necropolis/VFX/Textures/T_perlinNoise.uasset" 1703
"E:/Repos/Unreal-Zombie-Shooter/Zombie_Shooter/Content/Necropolis/VFX/Textures/T_perlinNoise.uexp" 1704
"E:/Repos/Unreal-Zombie-Shooter/Zombie_Shooter/Content/Necropolis/VFX/Textures/T_smudge_01_D.ubulk" 1705
"E:/Repos/Unreal-Zombie-Shooter/Zombie_Shooter/Content/Necropolis/VFX/Textures/T_smudge_01_D.uasset" 1706
"E:/Repos/Unreal-Zombie-Shooter/Zombie_Shooter/Content/Necropolis/VFX/Textures/T_smudge_01_D.uexp" 1707
"E:/Repos/Unreal-Zombie-Shooter/Zombie_Shooter/Content/Necropolis/VFX/Materials/MasterMaterials/M_Particle_01.uasset" 1708
"E:/Repos/Unreal-Zombie-Shooter/Zombie_Shooter/Content/Necropolis/VFX/Materials/MasterMaterials/M_Particle_01.uexp" 1709
"E:/Repos/Unreal-Zombie-Shooter/Zombie_Shooter/Content/Necropolis/VFX/Materials/MI_Fire.uasset" 1710
"E:/Repos/Unreal-Zombie-Shooter/Zombie_Shooter/Content/Necropolis/VFX/Materials/MI_Fire.uexp" 1711
"E:/Repos/Unreal-Zombie-Shooter/Zombie_Shooter/Content/Necropolis/Textures/T_rocky_dirt_N.ubulk" 1712
"E:/Repos/Unreal-Zombie-Shooter/Zombie_Shooter/Content/Necropolis/Textures/T_rocky_dirt_N.uasset" 1713
"E:/Repos/Unreal-Zombie-Shooter/Zombie_Shooter/Content/Necropolis/Textures/T_rocky_dirt_N.uexp" 1714
"E:/Repos/Unreal-Zombie-Shooter/Zombie_Shooter/Content/Necropolis/VFX/Materials/MasterMaterials/M_heat_distortion.uasset" 1715
"E:/Repos/Unreal-Zombie-Shooter/Zombie_Shooter/Content/Necropolis/VFX/Materials/MasterMaterials/M_heat_distortion.uexp" 1716
"E:/Repos/Unreal-Zombie-Shooter/Zombie_Shooter/Content/Necropolis/VFX/NS_Fire.uasset" 1717
"E:/Repos/Unreal-Zombie-Shooter/Zombie_Shooter/Content/Necropolis/VFX/NS_Fire.uexp" 1718
"E:/Repos/Unreal-Zombie-Shooter/Zombie_Shooter/Content/Necropolis/Audio/Sounds/SFX/WAV_flame_crackly_loop_01.ubulk" 1719
"E:/Repos/Unreal-Zombie-Shooter/Zombie_Shooter/Content/Necropolis/Audio/Sounds/SFX/WAV_flame_crackly_loop_01.uasset" 1720
"E:/Repos/Unreal-Zombie-Shooter/Zombie_Shooter/Content/Necropolis/Audio/Sounds/SFX/WAV_flame_crackly_loop_01.uexp" 1721
"E:/Repos/Unreal-Zombie-Shooter/Zombie_Shooter/Content/Necropolis/Placeables/LightSources/BP_brazier.uasset" 1722
"E:/Repos/Unreal-Zombie-Shooter/Zombie_Shooter/Content/Necropolis/Placeables/LightSources/BP_brazier.uexp" 1723
"E:/Repos/Unreal-Zombie-Shooter/Zombie_Shooter/Content/Necropolis/Textures/T_gates_windows_D.ubulk" 1724
"E:/Repos/Unreal-Zombie-Shooter/Zombie_Shooter/Content/Necropolis/Textures/T_gates_windows_D.uasset" 1725
"E:/Repos/Unreal-Zombie-Shooter/Zombie_Shooter/Content/Necropolis/Textures/T_gates_windows_D.uexp" 1726
"E:/Repos/Unreal-Zombie-Shooter/Zombie_Shooter/Content/Necropolis/Textures/T_gates_windows_M.ubulk" 1727
"E:/Repos/Unreal-Zombie-Shooter/Zombie_Shooter/Content/Necropolis/Textures/T_gates_windows_M.uasset" 1728
"E:/Repos/Unreal-Zombie-Shooter/Zombie_Shooter/Content/Necropolis/Textures/T_gates_windows_M.uexp" 1729
"E:/Repos/Unreal-Zombie-Shooter/Zombie_Shooter/Content/Necropolis/Textures/T_gates_windows_N.ubulk" 1730
"E:/Repos/Unreal-Zombie-Shooter/Zombie_Shooter/Content/Necropolis/Textures/T_gates_windows_N.uasset" 1731
"E:/Repos/Unreal-Zombie-Shooter/Zombie_Shooter/Content/Necropolis/Textures/T_gates_windows_N.uexp" 1732
"E:/Repos/Unreal-Zombie-Shooter/Zombie_Shooter/Content/Necropolis/Materials/MI_gates_windows.uasset" 1733
"E:/Repos/Unreal-Zombie-Shooter/Zombie_Shooter/Content/Necropolis/Materials/MI_gates_windows.uexp" 1734
"E:/Repos/Unreal-Zombie-Shooter/Zombie_Shooter/Content/Necropolis/Placeables/Arches_Doors/SM_window_stone.ubulk" 1735
"E:/Repos/Unreal-Zombie-Shooter/Zombie_Shooter/Content/Necropolis/Placeables/Arches_Doors/SM_window_stone.uasset" 1736
"E:/Repos/Unreal-Zombie-Shooter/Zombie_Shooter/Content/Necropolis/Placeables/Arches_Doors/SM_window_stone.uexp" 1737
"E:/Repos/Unreal-Zombie-Shooter/Zombie_Shooter/Content/Necropolis/Textures/T_candles_D.ubulk" 1738
"E:/Repos/Unreal-Zombie-Shooter/Zombie_Shooter/Content/Necropolis/Textures/T_candles_D.uasset" 1739
"E:/Repos/Unreal-Zombie-Shooter/Zombie_Shooter/Content/Necropolis/Textures/T_candles_D.uexp" 1740
"E:/Repos/Unreal-Zombie-Shooter/Zombie_Shooter/Content/Necropolis/Textures/T_candles_N.ubulk" 1741
"E:/Repos/Unreal-Zombie-Shooter/Zombie_Shooter/Content/Necropolis/Textures/T_candles_N.uasset" 1742
"E:/Repos/Unreal-Zombie-Shooter/Zombie_Shooter/Content/Necropolis/Textures/T_candles_N.uexp" 1743
"E:/Repos/Unreal-Zombie-Shooter/Zombie_Shooter/Content/Necropolis/Materials/MasterMaterials/M_subsurface_master.uasset" 1744
"E:/Repos/Unreal-Zombie-Shooter/Zombie_Shooter/Content/Necropolis/Materials/MasterMaterials/M_subsurface_master.uexp" 1745
"E:/Repos/Unreal-Zombie-Shooter/Zombie_Shooter/Content/Necropolis/Materials/MI_candles.uasset" 1746
"E:/Repos/Unreal-Zombie-Shooter/Zombie_Shooter/Content/Necropolis/Materials/MI_candles.uexp" 1747
"E:/Repos/Unreal-Zombie-Shooter/Zombie_Shooter/Content/Necropolis/Placeables/LightSources/SM_candle_01.ubulk" 1748
"E:/Repos/Unreal-Zombie-Shooter/Zombie_Shooter/Content/Necropolis/Placeables/LightSources/SM_candle_01.uasset" 1749
"E:/Repos/Unreal-Zombie-Shooter/Zombie_Shooter/Content/Necropolis/Placeables/LightSources/SM_candle_01.uexp" 1750
"E:/Repos/Unreal-Zombie-Shooter/Zombie_Shooter/Content/Necropolis/Placeables/LightSources/SM_candle_02.ubulk" 1751
"E:/Repos/Unreal-Zombie-Shooter/Zombie_Shooter/Content/Necropolis/Placeables/LightSources/SM_candle_02.uasset" 1752
"E:/Repos/Unreal-Zombie-Shooter/Zombie_Shooter/Content/Necropolis/Placeables/LightSources/SM_candle_02.uexp" 1753
"E:/Repos/Unreal-Zombie-Shooter/Zombie_Shooter/Content/Necropolis/Placeables/LightSources/SM_candle_03.ubulk" 1754
"E:/Repos/Unreal-Zombie-Shooter/Zombie_Shooter/Content/Necropolis/Placeables/LightSources/SM_candle_03.uasset" 1755
"E:/Repos/Unreal-Zombie-Shooter/Zombie_Shooter/Content/Necropolis/Placeables/LightSources/SM_candle_03.uexp" 1756
"E:/Repos/Unreal-Zombie-Shooter/Zombie_Shooter/Content/Necropolis/Placeables/LightSources/SM_candle_base_01.ubulk" 1757
"E:/Repos/Unreal-Zombie-Shooter/Zombie_Shooter/Content/Necropolis/Placeables/LightSources/SM_candle_base_01.uasset" 1758
"E:/Repos/Unreal-Zombie-Shooter/Zombie_Shooter/Content/Necropolis/Placeables/LightSources/SM_candle_base_01.uexp" 1759
"E:/Repos/Unreal-Zombie-Shooter/Zombie_Shooter/Content/Necropolis/VFX/Textures/T_distortion.ubulk" 1760
"E:/Repos/Unreal-Zombie-Shooter/Zombie_Shooter/Content/Necropolis/VFX/Textures/T_distortion.uasset" 1761
"E:/Repos/Unreal-Zombie-Shooter/Zombie_Shooter/Content/Necropolis/VFX/Textures/T_distortion.uexp" 1762
"E:/Repos/Unreal-Zombie-Shooter/Zombie_Shooter/Content/Necropolis/VFX/Textures/T_candle_flame.ubulk" 1763
"E:/Repos/Unreal-Zombie-Shooter/Zombie_Shooter/Content/Necropolis/VFX/Textures/T_candle_flame.uasset" 1764
"E:/Repos/Unreal-Zombie-Shooter/Zombie_Shooter/Content/Necropolis/VFX/Textures/T_candle_flame.uexp" 1765
"E:/Repos/Unreal-Zombie-Shooter/Zombie_Shooter/Content/Necropolis/VFX/Materials/MasterMaterials/M_candle.uasset" 1766
"E:/Repos/Unreal-Zombie-Shooter/Zombie_Shooter/Content/Necropolis/VFX/Materials/MasterMaterials/M_candle.uexp" 1767
"E:/Repos/Unreal-Zombie-Shooter/Zombie_Shooter/Content/Necropolis/VFX/Materials/MI_candle.uasset" 1768
"E:/Repos/Unreal-Zombie-Shooter/Zombie_Shooter/Content/Necropolis/VFX/Materials/MI_candle.uexp" 1769
"E:/Repos/Unreal-Zombie-Shooter/Zombie_Shooter/Content/Necropolis/VFX/NS_candle_flame.uasset" 1770
"E:/Repos/Unreal-Zombie-Shooter/Zombie_Shooter/Content/Necropolis/VFX/NS_candle_flame.uexp" 1771
"E:/Repos/Unreal-Zombie-Shooter/Zombie_Shooter/Content/Necropolis/Gameplay/UI/T_E_key.ubulk" 1772
"E:/Repos/Unreal-Zombie-Shooter/Zombie_Shooter/Content/Necropolis/Gameplay/UI/T_E_key.uasset" 1773
"E:/Repos/Unreal-Zombie-Shooter/Zombie_Shooter/Content/Necropolis/Gameplay/UI/T_E_key.uexp" 1774
"E:/Repos/Unreal-Zombie-Shooter/Zombie_Shooter/Content/Necropolis/Gameplay/UI/W_Interact_prompt.uasset" 1775
"E:/Repos/Unreal-Zombie-Shooter/Zombie_Shooter/Content/Necropolis/Gameplay/UI/W_Interact_prompt.uexp" 1776
"E:/Repos/Unreal-Zombie-Shooter/Zombie_Shooter/Content/Necropolis/Placeables/LightSources/BP_candle_alcove_01.uasset" 1777
"E:/Repos/Unreal-Zombie-Shooter/Zombie_Shooter/Content/Necropolis/Placeables/LightSources/BP_candle_alcove_01.uexp" 1778
"E:/Repos/Unreal-Zombie-Shooter/Zombie_Shooter/Content/Necropolis/Textures/T_metal_fencing_M.ubulk" 1779
"E:/Repos/Unreal-Zombie-Shooter/Zombie_Shooter/Content/Necropolis/Textures/T_metal_fencing_M.uasset" 1780
"E:/Repos/Unreal-Zombie-Shooter/Zombie_Shooter/Content/Necropolis/Textures/T_metal_fencing_M.uexp" 1781
"E:/Repos/Unreal-Zombie-Shooter/Zombie_Shooter/Content/Necropolis/Textures/T_metal_fencing_N.ubulk" 1782
"E:/Repos/Unreal-Zombie-Shooter/Zombie_Shooter/Content/Necropolis/Textures/T_metal_fencing_N.uasset" 1783
"E:/Repos/Unreal-Zombie-Shooter/Zombie_Shooter/Content/Necropolis/Textures/T_metal_fencing_N.uexp" 1784
"E:/Repos/Unreal-Zombie-Shooter/Zombie_Shooter/Content/Necropolis/Materials/MI_metal_01.uasset" 1785
"E:/Repos/Unreal-Zombie-Shooter/Zombie_Shooter/Content/Necropolis/Materials/MI_metal_01.uexp" 1786
"E:/Repos/Unreal-Zombie-Shooter/Zombie_Shooter/Content/Necropolis/Placeables/LightSources/SM_chandelier.ubulk" 1787
"E:/Repos/Unreal-Zombie-Shooter/Zombie_Shooter/Content/Necropolis/Placeables/LightSources/SM_chandelier.uasset" 1788
"E:/Repos/Unreal-Zombie-Shooter/Zombie_Shooter/Content/Necropolis/Placeables/LightSources/SM_chandelier.uexp" 1789
"E:/Repos/Unreal-Zombie-Shooter/Zombie_Shooter/Content/Necropolis/Placeables/LightSources/BP_chandelier.uasset" 1790
"E:/Repos/Unreal-Zombie-Shooter/Zombie_Shooter/Content/Necropolis/Placeables/LightSources/BP_chandelier.uexp" 1791
"E:/Repos/Unreal-Zombie-Shooter/Zombie_Shooter/Content/Necropolis/Textures/T_bones_D.ubulk" 1792
"E:/Repos/Unreal-Zombie-Shooter/Zombie_Shooter/Content/Necropolis/Textures/T_bones_D.uasset" 1793
"E:/Repos/Unreal-Zombie-Shooter/Zombie_Shooter/Content/Necropolis/Textures/T_bones_D.uexp" 1794
"E:/Repos/Unreal-Zombie-Shooter/Zombie_Shooter/Content/Necropolis/Textures/T_bones_M.ubulk" 1795
"E:/Repos/Unreal-Zombie-Shooter/Zombie_Shooter/Content/Necropolis/Textures/T_bones_M.uasset" 1796
"E:/Repos/Unreal-Zombie-Shooter/Zombie_Shooter/Content/Necropolis/Textures/T_bones_M.uexp" 1797
"E:/Repos/Unreal-Zombie-Shooter/Zombie_Shooter/Content/Necropolis/Textures/T_bones_N.ubulk" 1798
"E:/Repos/Unreal-Zombie-Shooter/Zombie_Shooter/Content/Necropolis/Textures/T_bones_N.uasset" 1799
"E:/Repos/Unreal-Zombie-Shooter/Zombie_Shooter/Content/Necropolis/Textures/T_bones_N.uexp" 1800
"E:/Repos/Unreal-Zombie-Shooter/Zombie_Shooter/Content/Necropolis/Materials/MI_bones.uasset" 1801
"E:/Repos/Unreal-Zombie-Shooter/Zombie_Shooter/Content/Necropolis/Materials/MI_bones.uexp" 1802
"E:/Repos/Unreal-Zombie-Shooter/Zombie_Shooter/Content/Necropolis/Placeables/Details/SM_bones_skull_01.ubulk" 1803
"E:/Repos/Unreal-Zombie-Shooter/Zombie_Shooter/Content/Necropolis/Placeables/Details/SM_bones_skull_01.uasset" 1804
"E:/Repos/Unreal-Zombie-Shooter/Zombie_Shooter/Content/Necropolis/Placeables/Details/SM_bones_skull_01.uexp" 1805
"E:/Repos/Unreal-Zombie-Shooter/Zombie_Shooter/Content/Necropolis/Placeables/Details/SM_statue_wiseman.ubulk" 1806
"E:/Repos/Unreal-Zombie-Shooter/Zombie_Shooter/Content/Necropolis/Placeables/Details/SM_statue_wiseman.uasset" 1807
"E:/Repos/Unreal-Zombie-Shooter/Zombie_Shooter/Content/Necropolis/Placeables/Details/SM_statue_wiseman.uexp" 1808
"E:/Repos/Unreal-Zombie-Shooter/Zombie_Shooter/Content/Necropolis/Placeables/LightSources/SM_candle_base_02.ubulk" 1809
"E:/Repos/Unreal-Zombie-Shooter/Zombie_Shooter/Content/Necropolis/Placeables/LightSources/SM_candle_base_02.uasset" 1810
"E:/Repos/Unreal-Zombie-Shooter/Zombie_Shooter/Content/Necropolis/Placeables/LightSources/SM_candle_base_02.uexp" 1811
"E:/Repos/Unreal-Zombie-Shooter/Zombie_Shooter/Content/Necropolis/Placeables/LightSources/BP_statue_sage_candles.uasset" 1812
"E:/Repos/Unreal-Zombie-Shooter/Zombie_Shooter/Content/Necropolis/Placeables/LightSources/BP_statue_sage_candles.uexp" 1813
"E:/Repos/Unreal-Zombie-Shooter/Zombie_Shooter/Content/Necropolis/Placeables/Tools/SM_torch.ubulk" 1814
"E:/Repos/Unreal-Zombie-Shooter/Zombie_Shooter/Content/Necropolis/Placeables/Tools/SM_torch.uasset" 1815
"E:/Repos/Unreal-Zombie-Shooter/Zombie_Shooter/Content/Necropolis/Placeables/Tools/SM_torch.uexp" 1816
"E:/Repos/Unreal-Zombie-Shooter/Zombie_Shooter/Content/Necropolis/Placeables/LightSources/SM_sconce.ubulk" 1817
"E:/Repos/Unreal-Zombie-Shooter/Zombie_Shooter/Content/Necropolis/Placeables/LightSources/SM_sconce.uasset" 1818
"E:/Repos/Unreal-Zombie-Shooter/Zombie_Shooter/Content/Necropolis/Placeables/LightSources/SM_sconce.uexp" 1819
"E:/Repos/Unreal-Zombie-Shooter/Zombie_Shooter/Content/Necropolis/Placeables/LightSources/BP_torch.uasset" 1820
"E:/Repos/Unreal-Zombie-Shooter/Zombie_Shooter/Content/Necropolis/Placeables/LightSources/BP_torch.uexp" 1821
"E:/Repos/Unreal-Zombie-Shooter/Zombie_Shooter/Content/Necropolis/Textures/T_moon_D.ubulk" 1822
"E:/Repos/Unreal-Zombie-Shooter/Zombie_Shooter/Content/Necropolis/Textures/T_moon_D.uasset" 1823
"E:/Repos/Unreal-Zombie-Shooter/Zombie_Shooter/Content/Necropolis/Textures/T_moon_D.uexp" 1824
"E:/Repos/Unreal-Zombie-Shooter/Zombie_Shooter/Content/Necropolis/Materials/MasterMaterials/M_SolidColor.uasset" 1825
"E:/Repos/Unreal-Zombie-Shooter/Zombie_Shooter/Content/Necropolis/Materials/MasterMaterials/M_SolidColor.uexp" 1826
"E:/Repos/Unreal-Zombie-Shooter/Zombie_Shooter/Content/Necropolis/Materials/MI_Moon.uasset" 1827
"E:/Repos/Unreal-Zombie-Shooter/Zombie_Shooter/Content/Necropolis/Materials/MI_Moon.uexp" 1828
"E:/Repos/Unreal-Zombie-Shooter/Zombie_Shooter/Content/Necropolis/Placeables/Scenery/SM_Moon.ubulk" 1829
"E:/Repos/Unreal-Zombie-Shooter/Zombie_Shooter/Content/Necropolis/Placeables/Scenery/SM_Moon.uasset" 1830
"E:/Repos/Unreal-Zombie-Shooter/Zombie_Shooter/Content/Necropolis/Placeables/Scenery/SM_Moon.uexp" 1831
"E:/Repos/Unreal-Zombie-Shooter/Zombie_Shooter/Content/Necropolis/Textures/T_sky_galaxy_D.ubulk" 1832
"E:/Repos/Unreal-Zombie-Shooter/Zombie_Shooter/Content/Necropolis/Textures/T_sky_galaxy_D.uasset" 1833
"E:/Repos/Unreal-Zombie-Shooter/Zombie_Shooter/Content/Necropolis/Textures/T_sky_galaxy_D.uexp" 1834
"E:/Repos/Unreal-Zombie-Shooter/Zombie_Shooter/Content/Necropolis/Materials/MasterMaterials/M_Sky.uasset" 1835
"E:/Repos/Unreal-Zombie-Shooter/Zombie_Shooter/Content/Necropolis/Materials/MasterMaterials/M_Sky.uexp" 1836
"E:/Repos/Unreal-Zombie-Shooter/Zombie_Shooter/Content/Necropolis/Placeables/Scenery/SM_SkyDome.ubulk" 1837
"E:/Repos/Unreal-Zombie-Shooter/Zombie_Shooter/Content/Necropolis/Placeables/Scenery/SM_SkyDome.uasset" 1838
"E:/Repos/Unreal-Zombie-Shooter/Zombie_Shooter/Content/Necropolis/Placeables/Scenery/SM_SkyDome.uexp" 1839
"E:/Repos/Unreal-Zombie-Shooter/Zombie_Shooter/Content/Necropolis/Materials/MI_metal_rusty.uasset" 1840
"E:/Repos/Unreal-Zombie-Shooter/Zombie_Shooter/Content/Necropolis/Materials/MI_metal_rusty.uexp" 1841
"E:/Repos/Unreal-Zombie-Shooter/Zombie_Shooter/Content/Necropolis/Placeables/Arches_Doors/SM_window_latice_big.ubulk" 1842
"E:/Repos/Unreal-Zombie-Shooter/Zombie_Shooter/Content/Necropolis/Placeables/Arches_Doors/SM_window_latice_big.uasset" 1843
"E:/Repos/Unreal-Zombie-Shooter/Zombie_Shooter/Content/Necropolis/Placeables/Arches_Doors/SM_window_latice_big.uexp" 1844
"E:/Repos/Unreal-Zombie-Shooter/Zombie_Shooter/Content/Necropolis/Placeables/Arches_Doors/SM_window_latice_round.ubulk" 1845
"E:/Repos/Unreal-Zombie-Shooter/Zombie_Shooter/Content/Necropolis/Placeables/Arches_Doors/SM_window_latice_round.uasset" 1846
"E:/Repos/Unreal-Zombie-Shooter/Zombie_Shooter/Content/Necropolis/Placeables/Arches_Doors/SM_window_latice_round.uexp" 1847
"E:/Repos/Unreal-Zombie-Shooter/Zombie_Shooter/Content/Necropolis/Placeables/Arches_Doors/SM_window_latice_slit.ubulk" 1848
"E:/Repos/Unreal-Zombie-Shooter/Zombie_Shooter/Content/Necropolis/Placeables/Arches_Doors/SM_window_latice_slit.uasset" 1849
"E:/Repos/Unreal-Zombie-Shooter/Zombie_Shooter/Content/Necropolis/Placeables/Arches_Doors/SM_window_latice_slit.uexp" 1850
"E:/Repos/Unreal-Zombie-Shooter/Zombie_Shooter/Content/Necropolis/Placeables/Arches_Doors/SM_window_latice_small.ubulk" 1851
"E:/Repos/Unreal-Zombie-Shooter/Zombie_Shooter/Content/Necropolis/Placeables/Arches_Doors/SM_window_latice_small.uasset" 1852
"E:/Repos/Unreal-Zombie-Shooter/Zombie_Shooter/Content/Necropolis/Placeables/Arches_Doors/SM_window_latice_small.uexp" 1853
"E:/Repos/Unreal-Zombie-Shooter/Zombie_Shooter/Content/Necropolis/Materials/MI_glass_windows_blue.uasset" 1854
"E:/Repos/Unreal-Zombie-Shooter/Zombie_Shooter/Content/Necropolis/Materials/MI_glass_windows_blue.uexp" 1855
"E:/Repos/Unreal-Zombie-Shooter/Zombie_Shooter/Content/Necropolis/Materials/MI_glass_windows_green.uasset" 1856
"E:/Repos/Unreal-Zombie-Shooter/Zombie_Shooter/Content/Necropolis/Materials/MI_glass_windows_green.uexp" 1857
"E:/Repos/Unreal-Zombie-Shooter/Zombie_Shooter/Content/Necropolis/Audio/Attenuations/ATT_attenuation_close.uasset" 1858
"E:/Repos/Unreal-Zombie-Shooter/Zombie_Shooter/Content/Necropolis/Audio/Attenuations/ATT_attenuation_close.uexp" 1859
"E:/Repos/Unreal-Zombie-Shooter/Zombie_Shooter/Content/Necropolis/Textures/T_crypt_01_D.ubulk" 1860
"E:/Repos/Unreal-Zombie-Shooter/Zombie_Shooter/Content/Necropolis/Textures/T_crypt_01_D.uasset" 1861
"E:/Repos/Unreal-Zombie-Shooter/Zombie_Shooter/Content/Necropolis/Textures/T_crypt_01_D.uexp" 1862
"E:/Repos/Unreal-Zombie-Shooter/Zombie_Shooter/Content/Necropolis/Textures/T_crypt_01_M.ubulk" 1863
"E:/Repos/Unreal-Zombie-Shooter/Zombie_Shooter/Content/Necropolis/Textures/T_crypt_01_M.uasset" 1864
"E:/Repos/Unreal-Zombie-Shooter/Zombie_Shooter/Content/Necropolis/Textures/T_crypt_01_M.uexp" 1865
"E:/Repos/Unreal-Zombie-Shooter/Zombie_Shooter/Content/Necropolis/Textures/T_crypt_01_N.ubulk" 1866
"E:/Repos/Unreal-Zombie-Shooter/Zombie_Shooter/Content/Necropolis/Textures/T_crypt_01_N.uasset" 1867
"E:/Repos/Unreal-Zombie-Shooter/Zombie_Shooter/Content/Necropolis/Textures/T_crypt_01_N.uexp" 1868
"E:/Repos/Unreal-Zombie-Shooter/Zombie_Shooter/Content/Necropolis/Materials/MI_crypt_01.uasset" 1869
"E:/Repos/Unreal-Zombie-Shooter/Zombie_Shooter/Content/Necropolis/Materials/MI_crypt_01.uexp" 1870
"E:/Repos/Unreal-Zombie-Shooter/Zombie_Shooter/Content/Necropolis/Textures/T_crypt_floor_01_D.ubulk" 1871
"E:/Repos/Unreal-Zombie-Shooter/Zombie_Shooter/Content/Necropolis/Textures/T_crypt_floor_01_D.uasset" 1872
"E:/Repos/Unreal-Zombie-Shooter/Zombie_Shooter/Content/Necropolis/Textures/T_crypt_floor_01_D.uexp" 1873
"E:/Repos/Unreal-Zombie-Shooter/Zombie_Shooter/Content/Necropolis/Textures/T_crypt_floor_01_H.ubulk" 1874
"E:/Repos/Unreal-Zombie-Shooter/Zombie_Shooter/Content/Necropolis/Textures/T_crypt_floor_01_H.uasset" 1875
"E:/Repos/Unreal-Zombie-Shooter/Zombie_Shooter/Content/Necropolis/Textures/T_crypt_floor_01_H.uexp" 1876
"E:/Repos/Unreal-Zombie-Shooter/Zombie_Shooter/Content/Necropolis/Textures/T_crypt_floor_01_M.ubulk" 1877
"E:/Repos/Unreal-Zombie-Shooter/Zombie_Shooter/Content/Necropolis/Textures/T_crypt_floor_01_M.uasset" 1878
"E:/Repos/Unreal-Zombie-Shooter/Zombie_Shooter/Content/Necropolis/Textures/T_crypt_floor_01_M.uexp" 1879
"E:/Repos/Unreal-Zombie-Shooter/Zombie_Shooter/Content/Necropolis/Textures/T_crypt_floor_01_N.ubulk" 1880
"E:/Repos/Unreal-Zombie-Shooter/Zombie_Shooter/Content/Necropolis/Textures/T_crypt_floor_01_N.uasset" 1881
"E:/Repos/Unreal-Zombie-Shooter/Zombie_Shooter/Content/Necropolis/Textures/T_crypt_floor_01_N.uexp" 1882
"E:/Repos/Unreal-Zombie-Shooter/Zombie_Shooter/Content/Necropolis/Textures/T_graveyard_wall_tile_D.ubulk" 1883
"E:/Repos/Unreal-Zombie-Shooter/Zombie_Shooter/Content/Necropolis/Textures/T_graveyard_wall_tile_D.uasset" 1884
"E:/Repos/Unreal-Zombie-Shooter/Zombie_Shooter/Content/Necropolis/Textures/T_graveyard_wall_tile_D.uexp" 1885
"E:/Repos/Unreal-Zombie-Shooter/Zombie_Shooter/Content/Necropolis/Textures/T_graveyard_wall_tile_H.ubulk" 1886
"E:/Repos/Unreal-Zombie-Shooter/Zombie_Shooter/Content/Necropolis/Textures/T_graveyard_wall_tile_H.uasset" 1887
"E:/Repos/Unreal-Zombie-Shooter/Zombie_Shooter/Content/Necropolis/Textures/T_graveyard_wall_tile_H.uexp" 1888
"E:/Repos/Unreal-Zombie-Shooter/Zombie_Shooter/Content/Necropolis/Textures/T_graveyard_wall_tile_M.ubulk" 1889
"E:/Repos/Unreal-Zombie-Shooter/Zombie_Shooter/Content/Necropolis/Textures/T_graveyard_wall_tile_M.uasset" 1890
"E:/Repos/Unreal-Zombie-Shooter/Zombie_Shooter/Content/Necropolis/Textures/T_graveyard_wall_tile_M.uexp" 1891
"../../../Engine/Content/EngineVolumetrics/Fogsheet/Materials/T_EV_BlankWhite_01.uasset" 1892
"../../../Engine/Content/EngineVolumetrics/Fogsheet/Materials/T_EV_BlankWhite_01.uexp" 1893
"../../../Engine/Content/Functions/Engine_MaterialFunctions02/Math/CreateThirdOrthogonalVector.uasset" 1894
"../../../Engine/Content/Functions/Engine_MaterialFunctions02/Math/CreateThirdOrthogonalVector.uexp" 1895
"../../../Engine/Content/Functions/Engine_MaterialFunctions02/Math/InverseTransformMatrix.uasset" 1896
"../../../Engine/Content/Functions/Engine_MaterialFunctions02/Math/InverseTransformMatrix.uexp" 1897
"../../../Engine/Content/Functions/Engine_MaterialFunctions02/Math/TransformToZVector.uasset" 1898
"../../../Engine/Content/Functions/Engine_MaterialFunctions02/Math/TransformToZVector.uexp" 1899
"../../../Engine/Content/Functions/Engine_MaterialFunctions01/Texturing/ParallaxOcclusionMapping.uasset" 1900
"../../../Engine/Content/Functions/Engine_MaterialFunctions01/Texturing/ParallaxOcclusionMapping.uexp" 1901
"../../../Engine/Content/Functions/Engine_MaterialFunctions02/Texturing/HeightLerp.uasset" 1902
"../../../Engine/Content/Functions/Engine_MaterialFunctions02/Texturing/HeightLerp.uexp" 1903
"E:/Repos/Unreal-Zombie-Shooter/Zombie_Shooter/Content/Necropolis/Materials/MasterMaterials/M_POM_master.uasset" 1904
"E:/Repos/Unreal-Zombie-Shooter/Zombie_Shooter/Content/Necropolis/Materials/MasterMaterials/M_POM_master.uexp" 1905
"E:/Repos/Unreal-Zombie-Shooter/Zombie_Shooter/Content/Necropolis/Materials/MI_floor_tiles_01.uasset" 1906
"E:/Repos/Unreal-Zombie-Shooter/Zombie_Shooter/Content/Necropolis/Materials/MI_floor_tiles_01.uexp" 1907
"E:/Repos/Unreal-Zombie-Shooter/Zombie_Shooter/Content/Necropolis/Textures/T_shingles_D.ubulk" 1908
"E:/Repos/Unreal-Zombie-Shooter/Zombie_Shooter/Content/Necropolis/Textures/T_shingles_D.uasset" 1909
"E:/Repos/Unreal-Zombie-Shooter/Zombie_Shooter/Content/Necropolis/Textures/T_shingles_D.uexp" 1910
"E:/Repos/Unreal-Zombie-Shooter/Zombie_Shooter/Content/Necropolis/Textures/T_shingles_M.ubulk" 1911
"E:/Repos/Unreal-Zombie-Shooter/Zombie_Shooter/Content/Necropolis/Textures/T_shingles_M.uasset" 1912
"E:/Repos/Unreal-Zombie-Shooter/Zombie_Shooter/Content/Necropolis/Textures/T_shingles_M.uexp" 1913
"E:/Repos/Unreal-Zombie-Shooter/Zombie_Shooter/Content/Necropolis/Textures/T_shingles_N.ubulk" 1914
"E:/Repos/Unreal-Zombie-Shooter/Zombie_Shooter/Content/Necropolis/Textures/T_shingles_N.uasset" 1915
"E:/Repos/Unreal-Zombie-Shooter/Zombie_Shooter/Content/Necropolis/Textures/T_shingles_N.uexp" 1916
"E:/Repos/Unreal-Zombie-Shooter/Zombie_Shooter/Content/Necropolis/Materials/MI_shingles.uasset" 1917
"E:/Repos/Unreal-Zombie-Shooter/Zombie_Shooter/Content/Necropolis/Materials/MI_shingles.uexp" 1918
"E:/Repos/Unreal-Zombie-Shooter/Zombie_Shooter/Content/Necropolis/Textures/T_graveyard_wall_tile_N.ubulk" 1919
"E:/Repos/Unreal-Zombie-Shooter/Zombie_Shooter/Content/Necropolis/Textures/T_graveyard_wall_tile_N.uasset" 1920
"E:/Repos/Unreal-Zombie-Shooter/Zombie_Shooter/Content/Necropolis/Textures/T_graveyard_wall_tile_N.uexp" 1921
"E:/Repos/Unreal-Zombie-Shooter/Zombie_Shooter/Content/Necropolis/Textures/T_stone_tile_smooth_D.ubulk" 1922
"E:/Repos/Unreal-Zombie-Shooter/Zombie_Shooter/Content/Necropolis/Textures/T_stone_tile_smooth_D.uasset" 1923
"E:/Repos/Unreal-Zombie-Shooter/Zombie_Shooter/Content/Necropolis/Textures/T_stone_tile_smooth_D.uexp" 1924
"E:/Repos/Unreal-Zombie-Shooter/Zombie_Shooter/Content/Necropolis/Materials/MI_walls_tile.uasset" 1925
"E:/Repos/Unreal-Zombie-Shooter/Zombie_Shooter/Content/Necropolis/Materials/MI_walls_tile.uexp" 1926
"E:/Repos/Unreal-Zombie-Shooter/Zombie_Shooter/Content/Necropolis/Textures/T_wood_beams_D.ubulk" 1927
"E:/Repos/Unreal-Zombie-Shooter/Zombie_Shooter/Content/Necropolis/Textures/T_wood_beams_D.uasset" 1928
"E:/Repos/Unreal-Zombie-Shooter/Zombie_Shooter/Content/Necropolis/Textures/T_wood_beams_D.uexp" 1929
"E:/Repos/Unreal-Zombie-Shooter/Zombie_Shooter/Content/Necropolis/Textures/T_wood_beams_M.ubulk" 1930
"E:/Repos/Unreal-Zombie-Shooter/Zombie_Shooter/Content/Necropolis/Textures/T_wood_beams_M.uasset" 1931
"E:/Repos/Unreal-Zombie-Shooter/Zombie_Shooter/Content/Necropolis/Textures/T_wood_beams_M.uexp" 1932
"E:/Repos/Unreal-Zombie-Shooter/Zombie_Shooter/Content/Necropolis/Textures/T_wood_beams_N.ubulk" 1933
"E:/Repos/Unreal-Zombie-Shooter/Zombie_Shooter/Content/Necropolis/Textures/T_wood_beams_N.uasset" 1934
"E:/Repos/Unreal-Zombie-Shooter/Zombie_Shooter/Content/Necropolis/Textures/T_wood_beams_N.uexp" 1935
"E:/Repos/Unreal-Zombie-Shooter/Zombie_Shooter/Content/Necropolis/Materials/MI_wood_beams.uasset" 1936
"E:/Repos/Unreal-Zombie-Shooter/Zombie_Shooter/Content/Necropolis/Materials/MI_wood_beams.uexp" 1937
"E:/Repos/Unreal-Zombie-Shooter/Zombie_Shooter/Content/Necropolis/Placeables/Structures/SM_chapel_01.ubulk" 1938
"E:/Repos/Unreal-Zombie-Shooter/Zombie_Shooter/Content/Necropolis/Placeables/Structures/SM_chapel_01.uasset" 1939
"E:/Repos/Unreal-Zombie-Shooter/Zombie_Shooter/Content/Necropolis/Placeables/Structures/SM_chapel_01.uexp" 1940
"E:/Repos/Unreal-Zombie-Shooter/Zombie_Shooter/Content/Necropolis/Audio/Attenuations/ATT_attenuation_far.uasset" 1941
"E:/Repos/Unreal-Zombie-Shooter/Zombie_Shooter/Content/Necropolis/Audio/Attenuations/ATT_attenuation_far.uexp" 1942
"E:/Repos/Unreal-Zombie-Shooter/Zombie_Shooter/Content/Necropolis/Audio/IR/IR_forest_20m_stereo.uasset" 1943
"E:/Repos/Unreal-Zombie-Shooter/Zombie_Shooter/Content/Necropolis/Audio/IR/IR_forest_20m_stereo.uexp" 1944
"E:/Repos/Unreal-Zombie-Shooter/Zombie_Shooter/Content/Necropolis/Audio/Effects/Convolution_reverb_outdoor.uasset" 1945
"E:/Repos/Unreal-Zombie-Shooter/Zombie_Shooter/Content/Necropolis/Audio/Effects/Convolution_reverb_outdoor.uexp" 1946
"E:/Repos/Unreal-Zombie-Shooter/Zombie_Shooter/Content/Necropolis/Audio/Effects/Delay_outdoor.uasset" 1947
"E:/Repos/Unreal-Zombie-Shooter/Zombie_Shooter/Content/Necropolis/Audio/Effects/Delay_outdoor.uexp" 1948
"E:/Repos/Unreal-Zombie-Shooter/Zombie_Shooter/Content/Necropolis/Audio/Effects/Master_Limiter.uasset" 1949
"E:/Repos/Unreal-Zombie-Shooter/Zombie_Shooter/Content/Necropolis/Audio/Effects/Master_Limiter.uexp" 1950
"E:/Repos/Unreal-Zombie-Shooter/Zombie_Shooter/Content/Necropolis/Audio/Submixes/exterior_interactables_submix.uasset" 1951
"E:/Repos/Unreal-Zombie-Shooter/Zombie_Shooter/Content/Necropolis/Audio/Submixes/exterior_interactables_submix.uexp" 1952
"E:/Repos/Unreal-Zombie-Shooter/Zombie_Shooter/Content/Necropolis/Audio/Submixes/footstep_submix.uasset" 1953
"E:/Repos/Unreal-Zombie-Shooter/Zombie_Shooter/Content/Necropolis/Audio/Submixes/footstep_submix.uexp" 1954
"E:/Repos/Unreal-Zombie-Shooter/Zombie_Shooter/Content/Necropolis/Audio/Effects/LowPass_cathedral.uasset" 1955
"E:/Repos/Unreal-Zombie-Shooter/Zombie_Shooter/Content/Necropolis/Audio/Effects/LowPass_cathedral.uexp" 1956
"E:/Repos/Unreal-Zombie-Shooter/Zombie_Shooter/Content/Necropolis/Audio/Submixes/interior_outsideAmbient_submix.uasset" 1957
"E:/Repos/Unreal-Zombie-Shooter/Zombie_Shooter/Content/Necropolis/Audio/Submixes/interior_outsideAmbient_submix.uexp" 1958
"E:/Repos/Unreal-Zombie-Shooter/Zombie_Shooter/Content/Necropolis/Audio/IR/IR_cathedral_5m_stereo.uasset" 1959
"E:/Repos/Unreal-Zombie-Shooter/Zombie_Shooter/Content/Necropolis/Audio/IR/IR_cathedral_5m_stereo.uexp" 1960
"E:/Repos/Unreal-Zombie-Shooter/Zombie_Shooter/Content/Necropolis/Audio/Effects/Convolution_reverb_cathedral.uasset" 1961
"E:/Repos/Unreal-Zombie-Shooter/Zombie_Shooter/Content/Necropolis/Audio/Effects/Convolution_reverb_cathedral.uexp" 1962
"E:/Repos/Unreal-Zombie-Shooter/Zombie_Shooter/Content/Necropolis/Audio/Effects/Delay_interior.uasset" 1963
"E:/Repos/Unreal-Zombie-Shooter/Zombie_Shooter/Content/Necropolis/Audio/Effects/Delay_interior.uexp" 1964
"E:/Repos/Unreal-Zombie-Shooter/Zombie_Shooter/Content/Necropolis/Audio/Submixes/interior_submix.uasset" 1965
"E:/Repos/Unreal-Zombie-Shooter/Zombie_Shooter/Content/Necropolis/Audio/Submixes/interior_submix.uexp" 1966
"E:/Repos/Unreal-Zombie-Shooter/Zombie_Shooter/Content/Necropolis/Audio/Submixes/Necropolis_master_submix.uasset" 1967
"E:/Repos/Unreal-Zombie-Shooter/Zombie_Shooter/Content/Necropolis/Audio/Submixes/Necropolis_master_submix.uexp" 1968
"E:/Repos/Unreal-Zombie-Shooter/Zombie_Shooter/Content/Necropolis/Audio/Submixes/exterior_ambient_submix.uasset" 1969
"E:/Repos/Unreal-Zombie-Shooter/Zombie_Shooter/Content/Necropolis/Audio/Submixes/exterior_ambient_submix.uexp" 1970
"E:/Repos/Unreal-Zombie-Shooter/Zombie_Shooter/Content/Necropolis/Audio/Sounds/SFX/WAV_church_bell.ubulk" 1971
"E:/Repos/Unreal-Zombie-Shooter/Zombie_Shooter/Content/Necropolis/Audio/Sounds/SFX/WAV_church_bell.uasset" 1972
"E:/Repos/Unreal-Zombie-Shooter/Zombie_Shooter/Content/Necropolis/Audio/Sounds/SFX/WAV_church_bell.uexp" 1973
"E:/Repos/Unreal-Zombie-Shooter/Zombie_Shooter/Content/Necropolis/Audio/MetaSounds/Exterior/sfx_meta_ext_churchBell.uasset" 1974
"E:/Repos/Unreal-Zombie-Shooter/Zombie_Shooter/Content/Necropolis/Audio/MetaSounds/Exterior/sfx_meta_ext_churchBell.uexp" 1975
"E:/Repos/Unreal-Zombie-Shooter/Zombie_Shooter/Content/Necropolis/Placeables/Structures/Blueprints/BP_chapel_01.uasset" 1976
"E:/Repos/Unreal-Zombie-Shooter/Zombie_Shooter/Content/Necropolis/Placeables/Structures/Blueprints/BP_chapel_01.uexp" 1977
"E:/Repos/Unreal-Zombie-Shooter/Zombie_Shooter/Content/Necropolis/Placeables/Structures/SM_crypt_large_01.ubulk" 1978
"E:/Repos/Unreal-Zombie-Shooter/Zombie_Shooter/Content/Necropolis/Placeables/Structures/SM_crypt_large_01.uasset" 1979
"E:/Repos/Unreal-Zombie-Shooter/Zombie_Shooter/Content/Necropolis/Placeables/Structures/SM_crypt_large_01.uexp" 1980
"E:/Repos/Unreal-Zombie-Shooter/Zombie_Shooter/Content/Necropolis/Placeables/Structures/Blueprints/BP_crypt_02.uasset" 1981
"E:/Repos/Unreal-Zombie-Shooter/Zombie_Shooter/Content/Necropolis/Placeables/Structures/Blueprints/BP_crypt_02.uexp" 1982
"E:/Repos/Unreal-Zombie-Shooter/Zombie_Shooter/Content/Necropolis/Materials/MI_Moonblood.uasset" 1983
"E:/Repos/Unreal-Zombie-Shooter/Zombie_Shooter/Content/Necropolis/Materials/MI_Moonblood.uexp" 1984
"E:/Repos/Unreal-Zombie-Shooter/Zombie_Shooter/Content/Necropolis/Placeables/Details/SM_chain_2m.ubulk" 1985
"E:/Repos/Unreal-Zombie-Shooter/Zombie_Shooter/Content/Necropolis/Placeables/Details/SM_chain_2m.uasset" 1986
"E:/Repos/Unreal-Zombie-Shooter/Zombie_Shooter/Content/Necropolis/Placeables/Details/SM_chain_2m.uexp" 1987
"E:/Repos/Unreal-Zombie-Shooter/Zombie_Shooter/Content/Necropolis/Textures/T_pots_D.ubulk" 1988
"E:/Repos/Unreal-Zombie-Shooter/Zombie_Shooter/Content/Necropolis/Textures/T_pots_D.uasset" 1989
"E:/Repos/Unreal-Zombie-Shooter/Zombie_Shooter/Content/Necropolis/Textures/T_pots_D.uexp" 1990
"E:/Repos/Unreal-Zombie-Shooter/Zombie_Shooter/Content/Necropolis/Textures/T_pots_M.ubulk" 1991
"E:/Repos/Unreal-Zombie-Shooter/Zombie_Shooter/Content/Necropolis/Textures/T_pots_M.uasset" 1992
"E:/Repos/Unreal-Zombie-Shooter/Zombie_Shooter/Content/Necropolis/Textures/T_pots_M.uexp" 1993
"E:/Repos/Unreal-Zombie-Shooter/Zombie_Shooter/Content/Necropolis/Textures/T_pots_N.ubulk" 1994
"E:/Repos/Unreal-Zombie-Shooter/Zombie_Shooter/Content/Necropolis/Textures/T_pots_N.uasset" 1995
"E:/Repos/Unreal-Zombie-Shooter/Zombie_Shooter/Content/Necropolis/Textures/T_pots_N.uexp" 1996
"E:/Repos/Unreal-Zombie-Shooter/Zombie_Shooter/Content/Necropolis/Materials/MI_Pots.uasset" 1997
"E:/Repos/Unreal-Zombie-Shooter/Zombie_Shooter/Content/Necropolis/Materials/MI_Pots.uexp" 1998
"E:/Repos/Unreal-Zombie-Shooter/Zombie_Shooter/Content/Necropolis/Placeables/Details/SM_pot_sml.ubulk" 1999
"E:/Repos/Unreal-Zombie-Shooter/Zombie_Shooter/Content/Necropolis/Placeables/Details/SM_pot_sml.uasset" 2000
"E:/Repos/Unreal-Zombie-Shooter/Zombie_Shooter/Content/Necropolis/Placeables/Details/SM_pot_sml.uexp" 2001
"E:/Repos/Unreal-Zombie-Shooter/Zombie_Shooter/Content/Necropolis/Placeables/Details/SM_wood_beam_01.ubulk" 2002
"E:/Repos/Unreal-Zombie-Shooter/Zombie_Shooter/Content/Necropolis/Placeables/Details/SM_wood_beam_01.uasset" 2003
"E:/Repos/Unreal-Zombie-Shooter/Zombie_Shooter/Content/Necropolis/Placeables/Details/SM_wood_beam_01.uexp" 2004
"E:/Repos/Unreal-Zombie-Shooter/Zombie_Shooter/Content/Necropolis/Placeables/Details/SM_wood_beam_02.ubulk" 2005
"E:/Repos/Unreal-Zombie-Shooter/Zombie_Shooter/Content/Necropolis/Placeables/Details/SM_wood_beam_02.uasset" 2006
"E:/Repos/Unreal-Zombie-Shooter/Zombie_Shooter/Content/Necropolis/Placeables/Details/SM_wood_beam_02.uexp" 2007
"E:/Repos/Unreal-Zombie-Shooter/Zombie_Shooter/Content/Necropolis/Placeables/Details/SM_wood_beam_broken_01.ubulk" 2008
"E:/Repos/Unreal-Zombie-Shooter/Zombie_Shooter/Content/Necropolis/Placeables/Details/SM_wood_beam_broken_01.uasset" 2009
"E:/Repos/Unreal-Zombie-Shooter/Zombie_Shooter/Content/Necropolis/Placeables/Details/SM_wood_beam_broken_01.uexp" 2010
"E:/Repos/Unreal-Zombie-Shooter/Zombie_Shooter/Content/Necropolis/Placeables/Details/SM_wood_plank_01.ubulk" 2011
"E:/Repos/Unreal-Zombie-Shooter/Zombie_Shooter/Content/Necropolis/Placeables/Details/SM_wood_plank_01.uasset" 2012
"E:/Repos/Unreal-Zombie-Shooter/Zombie_Shooter/Content/Necropolis/Placeables/Details/SM_wood_plank_01.uexp" 2013
"E:/Repos/Unreal-Zombie-Shooter/Zombie_Shooter/Content/Necropolis/Placeables/Details/SM_wood_plank_02.ubulk" 2014
"E:/Repos/Unreal-Zombie-Shooter/Zombie_Shooter/Content/Necropolis/Placeables/Details/SM_wood_plank_02.uasset" 2015
"E:/Repos/Unreal-Zombie-Shooter/Zombie_Shooter/Content/Necropolis/Placeables/Details/SM_wood_plank_02.uexp" 2016
"E:/Repos/Unreal-Zombie-Shooter/Zombie_Shooter/Content/Necropolis/Placeables/Pillars/SM_metal_ornamental_spike_01.ubulk" 2017
"E:/Repos/Unreal-Zombie-Shooter/Zombie_Shooter/Content/Necropolis/Placeables/Pillars/SM_metal_ornamental_spike_01.uasset" 2018
"E:/Repos/Unreal-Zombie-Shooter/Zombie_Shooter/Content/Necropolis/Placeables/Pillars/SM_metal_ornamental_spike_01.uexp" 2019
"E:/Repos/Unreal-Zombie-Shooter/Zombie_Shooter/Content/Necropolis/Placeables/Pillars/SM_pillar_big_01.ubulk" 2020
"E:/Repos/Unreal-Zombie-Shooter/Zombie_Shooter/Content/Necropolis/Placeables/Pillars/SM_pillar_big_01.uasset" 2021
"E:/Repos/Unreal-Zombie-Shooter/Zombie_Shooter/Content/Necropolis/Placeables/Pillars/SM_pillar_big_01.uexp" 2022
"E:/Repos/Unreal-Zombie-Shooter/Zombie_Shooter/Content/Necropolis/Placeables/Pillars/SM_pillar_cap.ubulk" 2023
"E:/Repos/Unreal-Zombie-Shooter/Zombie_Shooter/Content/Necropolis/Placeables/Pillars/SM_pillar_cap.uasset" 2024
"E:/Repos/Unreal-Zombie-Shooter/Zombie_Shooter/Content/Necropolis/Placeables/Pillars/SM_pillar_cap.uexp" 2025
"E:/Repos/Unreal-Zombie-Shooter/Zombie_Shooter/Content/Necropolis/Textures/T_wall_broken_D.ubulk" 2026
"E:/Repos/Unreal-Zombie-Shooter/Zombie_Shooter/Content/Necropolis/Textures/T_wall_broken_D.uasset" 2027
"E:/Repos/Unreal-Zombie-Shooter/Zombie_Shooter/Content/Necropolis/Textures/T_wall_broken_D.uexp" 2028
"E:/Repos/Unreal-Zombie-Shooter/Zombie_Shooter/Content/Necropolis/Textures/T_wall_broken_M.ubulk" 2029
"E:/Repos/Unreal-Zombie-Shooter/Zombie_Shooter/Content/Necropolis/Textures/T_wall_broken_M.uasset" 2030
"E:/Repos/Unreal-Zombie-Shooter/Zombie_Shooter/Content/Necropolis/Textures/T_wall_broken_M.uexp" 2031
"E:/Repos/Unreal-Zombie-Shooter/Zombie_Shooter/Content/Necropolis/Textures/T_wall_broken_N.ubulk" 2032
"E:/Repos/Unreal-Zombie-Shooter/Zombie_Shooter/Content/Necropolis/Textures/T_wall_broken_N.uasset" 2033
"E:/Repos/Unreal-Zombie-Shooter/Zombie_Shooter/Content/Necropolis/Textures/T_wall_broken_N.uexp" 2034
"E:/Repos/Unreal-Zombie-Shooter/Zombie_Shooter/Content/Necropolis/Materials/MI_walls_broken.uasset" 2035
"E:/Repos/Unreal-Zombie-Shooter/Zombie_Shooter/Content/Necropolis/Materials/MI_walls_broken.uexp" 2036
"E:/Repos/Unreal-Zombie-Shooter/Zombie_Shooter/Content/Necropolis/Placeables/Walls_Fences/SM_wall_broken_01.ubulk" 2037
"E:/Repos/Unreal-Zombie-Shooter/Zombie_Shooter/Content/Necropolis/Placeables/Walls_Fences/SM_wall_broken_01.uasset" 2038
"E:/Repos/Unreal-Zombie-Shooter/Zombie_Shooter/Content/Necropolis/Placeables/Walls_Fences/SM_wall_broken_01.uexp" 2039
"E:/Repos/Unreal-Zombie-Shooter/Zombie_Shooter/Content/Necropolis/Materials/MI_walls.uasset" 2040
"E:/Repos/Unreal-Zombie-Shooter/Zombie_Shooter/Content/Necropolis/Materials/MI_walls.uexp" 2041
"E:/Repos/Unreal-Zombie-Shooter/Zombie_Shooter/Content/Necropolis/Placeables/Walls_Fences/SM_wall_short.ubulk" 2042
"E:/Repos/Unreal-Zombie-Shooter/Zombie_Shooter/Content/Necropolis/Placeables/Walls_Fences/SM_wall_short.uasset" 2043
"E:/Repos/Unreal-Zombie-Shooter/Zombie_Shooter/Content/Necropolis/Placeables/Walls_Fences/SM_wall_short.uexp" 2044
"E:/Repos/Unreal-Zombie-Shooter/Zombie_Shooter/Content/Necropolis/Placeables/Details/SM_metal_spike.ubulk" 2045
"E:/Repos/Unreal-Zombie-Shooter/Zombie_Shooter/Content/Necropolis/Placeables/Details/SM_metal_spike.uasset" 2046
"E:/Repos/Unreal-Zombie-Shooter/Zombie_Shooter/Content/Necropolis/Placeables/Details/SM_metal_spike.uexp" 2047
"E:/Repos/Unreal-Zombie-Shooter/Zombie_Shooter/Content/Necropolis/Placeables/Structures/LevelInstances/BPVersions/BP_bridge_02.uasset" 2048
"E:/Repos/Unreal-Zombie-Shooter/Zombie_Shooter/Content/Necropolis/Placeables/Structures/LevelInstances/BPVersions/BP_bridge_02.uexp" 2049
"E:/Repos/Unreal-Zombie-Shooter/Zombie_Shooter/Content/GameContent/Levels/MainLevel_sharedassets/Grass_LayerInfo.uasset" 2050
"E:/Repos/Unreal-Zombie-Shooter/Zombie_Shooter/Content/GameContent/Levels/MainLevel_sharedassets/Grass_LayerInfo.uexp" 2051
"E:/Repos/Unreal-Zombie-Shooter/Zombie_Shooter/Content/GameContent/Levels/MainLevel_sharedassets/Gravel_LayerInfo.uasset" 2052
"E:/Repos/Unreal-Zombie-Shooter/Zombie_Shooter/Content/GameContent/Levels/MainLevel_sharedassets/Gravel_LayerInfo.uexp" 2053
"E:/Repos/Unreal-Zombie-Shooter/Zombie_Shooter/Content/GameContent/Levels/MainLevel_sharedassets/Rock_LayerInfo.uasset" 2054
"E:/Repos/Unreal-Zombie-Shooter/Zombie_Shooter/Content/GameContent/Levels/MainLevel_sharedassets/Rock_LayerInfo.uexp" 2055
"E:/Repos/Unreal-Zombie-Shooter/Zombie_Shooter/Content/GameContent/Levels/MainLevel_sharedassets/Sand_LayerInfo.uasset" 2056
"E:/Repos/Unreal-Zombie-Shooter/Zombie_Shooter/Content/GameContent/Levels/MainLevel_sharedassets/Sand_LayerInfo.uexp" 2057
"E:/Repos/Unreal-Zombie-Shooter/Zombie_Shooter/Content/GameContent/Levels/MainLevel.uexp" 2058
"E:/Repos/Unreal-Zombie-Shooter/Zombie_Shooter/Content/GameContent/Levels/MainLevel.ubulk" 2059
"E:/Repos/Unreal-Zombie-Shooter/Zombie_Shooter/Content/GameContent/Levels/MainLevel.umap" 2060
