"../../../Engine/Plugins/2D/Paper2D/Content/PlaceholderTextures/DummySpriteTexture.uasset" 0
"../../../Engine/Plugins/2D/Paper2D/Content/PlaceholderTextures/DummySpriteTexture.uexp" 1
"../../../Engine/Plugins/2D/Paper2D/Content/DummySprite.uasset" 2
"../../../Engine/Plugins/2D/Paper2D/Content/DummySprite.uexp" 3
"../../../Engine/Plugins/2D/Paper2D/Content/DefaultPaperTerrainMaterial.uasset" 4
"../../../Engine/Plugins/2D/Paper2D/Content/DefaultPaperTerrainMaterial.uexp" 5
"../../../Engine/Plugins/Animation/ACLPlugin/Content/ACLAnimBoneCompressionSettings.uasset" 6
"../../../Engine/Plugins/Animation/ACLPlugin/Content/ACLAnimBoneCompressionSettings.uexp" 7
"../../../Engine/Content/EngineFonts/Faces/DroidSansFallback.uexp" 8
"../../../Engine/Content/EngineFonts/Faces/DroidSansFallback.uasset" 9
"../../../Engine/Content/EngineFonts/Faces/DroidSansFallback.ufont" 10
"../../../Engine/Content/EngineFonts/Faces/RobotoBold.uexp" 11
"../../../Engine/Content/EngineFonts/Faces/RobotoBold.uasset" 12
"../../../Engine/Content/EngineFonts/Faces/RobotoBold.ufont" 13
"../../../Engine/Content/EngineFonts/Faces/RobotoBoldItalic.uexp" 14
"../../../Engine/Content/EngineFonts/Faces/RobotoBoldItalic.uasset" 15
"../../../Engine/Content/EngineFonts/Faces/RobotoBoldItalic.ufont" 16
"../../../Engine/Content/EngineFonts/Faces/RobotoItalic.uexp" 17
"../../../Engine/Content/EngineFonts/Faces/RobotoItalic.uasset" 18
"../../../Engine/Content/EngineFonts/Faces/RobotoItalic.ufont" 19
"../../../Engine/Content/EngineFonts/Faces/RobotoLight.uexp" 20
"../../../Engine/Content/EngineFonts/Faces/RobotoLight.uasset" 21
"../../../Engine/Content/EngineFonts/Faces/RobotoLight.ufont" 22
"../../../Engine/Content/EngineFonts/Faces/RobotoRegular.uexp" 23
"../../../Engine/Content/EngineFonts/Faces/RobotoRegular.uasset" 24
"../../../Engine/Content/EngineFonts/Faces/RobotoRegular.ufont" 25
"../../../Engine/Content/EngineMaterials/DefaultDestructiblePhysicalMaterial.uasset" 26
"../../../Engine/Content/EngineMaterials/DefaultDestructiblePhysicalMaterial.uexp" 27
"../../../Engine/Content/EngineSounds/Master.uasset" 28
"../../../Engine/Content/EngineSounds/Master.uexp" 29
"../../../Engine/Plugins/Animation/ControlRig/Content/Controls/DefaultGizmoLibraryNormalized.uasset" 30
"../../../Engine/Plugins/Animation/ControlRig/Content/Controls/DefaultGizmoLibraryNormalized.uexp" 31
"../../../Engine/Plugins/Interchange/Runtime/Content/Pipelines/DefaultAssetsPipeline.uasset" 32
"../../../Engine/Plugins/Interchange/Runtime/Content/Pipelines/DefaultAssetsPipeline.uexp" 33
"../../../Engine/Plugins/Interchange/Runtime/Content/Pipelines/DefaultAudioPipeline.uasset" 34
"../../../Engine/Plugins/Interchange/Runtime/Content/Pipelines/DefaultAudioPipeline.uexp" 35
"../../../Engine/Plugins/Interchange/Runtime/Content/Pipelines/DefaultGLTFAssetsPipeline.uasset" 36
"../../../Engine/Plugins/Interchange/Runtime/Content/Pipelines/DefaultGLTFAssetsPipeline.uexp" 37
"../../../Engine/Plugins/Interchange/Runtime/Content/Pipelines/DefaultGLTFPipeline.uasset" 38
"../../../Engine/Plugins/Interchange/Runtime/Content/Pipelines/DefaultGLTFPipeline.uexp" 39
"../../../Engine/Plugins/Interchange/Runtime/Content/Pipelines/DefaultGLTFSceneAssetsPipeline.uasset" 40
"../../../Engine/Plugins/Interchange/Runtime/Content/Pipelines/DefaultGLTFSceneAssetsPipeline.uexp" 41
"../../../Engine/Plugins/Interchange/Runtime/Content/Pipelines/DefaultMaterialPipeline.uasset" 42
"../../../Engine/Plugins/Interchange/Runtime/Content/Pipelines/DefaultMaterialPipeline.uexp" 43
"../../../Engine/Plugins/Interchange/Runtime/Content/Pipelines/DefaultMaterialXPipeline.uasset" 44
"../../../Engine/Plugins/Interchange/Runtime/Content/Pipelines/DefaultMaterialXPipeline.uexp" 45
"../../../Engine/Plugins/Interchange/Runtime/Content/Pipelines/DefaultSceneAssetsPipeline.uasset" 46
"../../../Engine/Plugins/Interchange/Runtime/Content/Pipelines/DefaultSceneAssetsPipeline.uexp" 47
"../../../Engine/Plugins/Interchange/Runtime/Content/Pipelines/DefaultSceneLevelPipeline.uasset" 48
"../../../Engine/Plugins/Interchange/Runtime/Content/Pipelines/DefaultSceneLevelPipeline.uexp" 49
"../../../Engine/Plugins/Interchange/Runtime/Content/Pipelines/DefaultTexturePipeline.uasset" 50
"../../../Engine/Plugins/Interchange/Runtime/Content/Pipelines/DefaultTexturePipeline.uexp" 51
"../../../Engine/Content/MobileResources/HUD/VirtualJoystick_Background.uasset" 52
"../../../Engine/Content/MobileResources/HUD/VirtualJoystick_Background.uexp" 53
"../../../Engine/Content/MobileResources/HUD/VirtualJoystick_Thumb.uasset" 54
"../../../Engine/Content/MobileResources/HUD/VirtualJoystick_Thumb.uexp" 55
"../../../Engine/Content/MobileResources/HUD/DefaultVirtualJoysticks.uasset" 56
"../../../Engine/Content/MobileResources/HUD/DefaultVirtualJoysticks.uexp" 57
"../../../Engine/Plugins/2D/Paper2D/Content/DefaultSpriteMaterial.uasset" 58
"../../../Engine/Plugins/2D/Paper2D/Content/DefaultSpriteMaterial.uexp" 59
"../../../Engine/Plugins/2D/Paper2D/Content/MaskedUnlitSpriteMaterial.uasset" 60
"../../../Engine/Plugins/2D/Paper2D/Content/MaskedUnlitSpriteMaterial.uexp" 61
"../../../Engine/Plugins/Runtime/WebBrowserWidget/Content/WebTexture_T.uasset" 62
"../../../Engine/Plugins/Runtime/WebBrowserWidget/Content/WebTexture_T.uexp" 63
"../../../Engine/Plugins/Runtime/WebBrowserWidget/Content/WebTexture_M.uasset" 64
"../../../Engine/Plugins/Runtime/WebBrowserWidget/Content/WebTexture_M.uexp" 65
"../../../Engine/Plugins/2D/Paper2D/Content/OpaqueUnlitSpriteMaterial.uasset" 66
"../../../Engine/Plugins/2D/Paper2D/Content/OpaqueUnlitSpriteMaterial.uexp" 67
"../../../Engine/Content/Functions/Engine_MaterialFunctions02/WorldPositionOffset/CameraOffset.uasset" 68
"../../../Engine/Content/Functions/Engine_MaterialFunctions02/WorldPositionOffset/CameraOffset.uexp" 69
"../../../Engine/Plugins/Animation/ControlRig/Content/M_Manip.uasset" 70
"../../../Engine/Plugins/Animation/ControlRig/Content/M_Manip.uexp" 71
"../../../Engine/Content/EditorResources/S_BoxReflectionCapture.uasset" 72
"../../../Engine/Content/EditorResources/S_BoxReflectionCapture.uexp" 73
"../../../Engine/Plugins/Runtime/WebBrowserWidget/Content/WebTexture_TM.uasset" 74
"../../../Engine/Plugins/Runtime/WebBrowserWidget/Content/WebTexture_TM.uexp" 75
"../../../Engine/Content/BasicShapes/BasicShapeMaterial.uasset" 76
"../../../Engine/Content/BasicShapes/BasicShapeMaterial.uexp" 77
"../../../Engine/Content/EngineMaterials/T_Default_Material_Grid_M.uasset" 78
"../../../Engine/Content/EngineMaterials/T_Default_Material_Grid_M.uexp" 79
"../../../Engine/Content/EngineMaterials/T_Default_Material_Grid_N.uasset" 80
"../../../Engine/Content/EngineMaterials/T_Default_Material_Grid_N.uexp" 81
"../../../Engine/Content/Functions/Engine_MaterialFunctions01/Opacity/CameraDepthFade.uasset" 82
"../../../Engine/Content/Functions/Engine_MaterialFunctions01/Opacity/CameraDepthFade.uexp" 83
"../../../Engine/Content/EngineMaterials/DefaultMaterial.uasset" 84
"../../../Engine/Content/EngineMaterials/DefaultMaterial.uexp" 85
"../../../Engine/Content/BasicShapes/Cone.uasset" 86
"../../../Engine/Content/BasicShapes/Cone.uexp" 87
"../../../Engine/Content/EngineMaterials/WorldGridMaterial.uasset" 88
"../../../Engine/Content/EngineMaterials/WorldGridMaterial.uexp" 89
"../../../Engine/Content/BasicShapes/Cube.uasset" 90
"../../../Engine/Content/BasicShapes/Cube.uexp" 91
"../../../Engine/Content/BasicShapes/Cylinder.uasset" 92
"../../../Engine/Content/BasicShapes/Cylinder.uexp" 93
"../../../Engine/Content/BasicShapes/Plane.uasset" 94
"../../../Engine/Content/BasicShapes/Plane.uexp" 95
"../../../Engine/Content/BasicShapes/Sphere.uasset" 96
"../../../Engine/Content/BasicShapes/Sphere.uexp" 97
"../../../Engine/Content/EditorResources/S_Solver.uasset" 98
"../../../Engine/Content/EditorResources/S_Solver.uexp" 99
"../../../Engine/Content/EditorResources/S_Terrain.uasset" 100
"../../../Engine/Content/EditorResources/S_Terrain.uexp" 101
"../../../Engine/Content/EditorResources/S_Trigger.uasset" 102
"../../../Engine/Content/EditorResources/S_Trigger.uexp" 103
"../../../Engine/Content/EditorMaterials/PhAT_NoCollisionMaterial.uasset" 104
"../../../Engine/Content/EditorMaterials/PhAT_NoCollisionMaterial.uexp" 105
"../../../Engine/Content/EditorMaterials/PhAT_UnselectedMaterial.uasset" 106
"../../../Engine/Content/EditorMaterials/PhAT_UnselectedMaterial.uexp" 107
"../../../Engine/Content/EditorResources/S_TriggerBox.uasset" 108
"../../../Engine/Content/EditorResources/S_TriggerBox.uexp" 109
"../../../Engine/Plugins/Animation/ControlRig/Content/Controls/ControlRig_Sphere_3mm.uasset" 110
"../../../Engine/Plugins/Animation/ControlRig/Content/Controls/ControlRig_Sphere_3mm.uexp" 111
"../../../Engine/Content/EditorResources/S_TriggerCapsule.uasset" 112
"../../../Engine/Content/EditorResources/S_TriggerCapsule.uexp" 113
"../../../Engine/Content/EditorMaterials/PreviewShadowIndicator.uasset" 114
"../../../Engine/Content/EditorMaterials/PreviewShadowIndicator.uexp" 115
"../../../Engine/Content/EditorMaterials/PreviewShadowIndicatorMaterial.uasset" 116
"../../../Engine/Content/EditorMaterials/PreviewShadowIndicatorMaterial.uexp" 117
"../../../Engine/Content/EditorResources/S_TriggerSphere.uasset" 118
"../../../Engine/Content/EditorResources/S_TriggerSphere.uexp" 119
"../../../Engine/Content/EngineResources/WhiteSquareTexture.uasset" 120
"../../../Engine/Content/EngineResources/WhiteSquareTexture.uexp" 121
"../../../Engine/Content/EngineMaterials/Widget3DPassThrough.uasset" 122
"../../../Engine/Content/EngineMaterials/Widget3DPassThrough.uexp" 123
"../../../Engine/Content/EngineMaterials/Widget3DPassThrough_Masked.uasset" 124
"../../../Engine/Content/EngineMaterials/Widget3DPassThrough_Masked.uexp" 125
"../../../Engine/Content/EngineMaterials/Widget3DPassThrough_Opaque.uasset" 126
"../../../Engine/Content/EngineMaterials/Widget3DPassThrough_Opaque.uexp" 127
"../../../Engine/Content/EngineMaterials/Widget3DPassThrough_Masked_OneSided.uasset" 128
"../../../Engine/Content/EngineMaterials/Widget3DPassThrough_Masked_OneSided.uexp" 129
"../../../Engine/Plugins/Animation/ControlRig/Content/Controls/ControlRig_Sphere_solid.uasset" 130
"../../../Engine/Plugins/Animation/ControlRig/Content/Controls/ControlRig_Sphere_solid.uexp" 131
"../../../Engine/Plugins/Media/MediaPlate/Content/SM_MediaPlateScreen.uasset" 132
"../../../Engine/Plugins/Media/MediaPlate/Content/SM_MediaPlateScreen.uexp" 133
"../../../Engine/Plugins/NNE/NNEDenoiser/Content/NNEDIM_ColorAlbedoNormal_Alpha.uasset" 134
"../../../Engine/Plugins/NNE/NNEDenoiser/Content/NNEDIM_ColorAlbedoNormal_Alpha.uexp" 135
"../../../Engine/Content/EngineMaterials/Widget3DPassThrough_Opaque_OneSided.uasset" 136
"../../../Engine/Content/EngineMaterials/Widget3DPassThrough_Opaque_OneSided.uexp" 137
"../../../Engine/Plugins/NNE/NNEDenoiser/Content/NNEDIM_ColorAlbedoNormal_Default.uasset" 138
"../../../Engine/Plugins/NNE/NNEDenoiser/Content/NNEDIM_ColorAlbedoNormal_Default.uexp" 139
"../../../Engine/Plugins/NNE/NNEDenoiser/Content/NNEDIM_HighQuality_Alpha.uasset" 140
"../../../Engine/Plugins/NNE/NNEDenoiser/Content/NNEDIM_HighQuality_Alpha.uexp" 141
"../../../Engine/Plugins/NNE/NNEDenoiser/Content/NNEDIM_HighQuality_Default.uasset" 142
"../../../Engine/Plugins/NNE/NNEDenoiser/Content/NNEDIM_HighQuality_Default.uexp" 143
"../../../Engine/Plugins/NNE/NNEDenoiser/Content/NNEDOM_Output_Alpha.uasset" 144
"../../../Engine/Plugins/NNE/NNEDenoiser/Content/NNEDOM_Output_Alpha.uexp" 145
"../../../Engine/Plugins/NNE/NNEDenoiser/Content/NNEDOM_Output_Default.uasset" 146
"../../../Engine/Plugins/NNE/NNEDenoiser/Content/NNEDOM_Output_Default.uexp" 147
"../../../Engine/Plugins/NNE/NNEDenoiser/Content/NNEDTIM_ColorAlbedoNormal_Alpha.uasset" 148
"../../../Engine/Plugins/NNE/NNEDenoiser/Content/NNEDTIM_ColorAlbedoNormal_Alpha.uexp" 149
"../../../Engine/Plugins/NNE/NNEDenoiser/Content/NNEDTIM_ColorAlbedoNormal_Default.uasset" 150
"../../../Engine/Plugins/NNE/NNEDenoiser/Content/NNEDTIM_ColorAlbedoNormal_Default.uexp" 151
"../../../Engine/Content/EngineMaterials/Widget3DPassThrough_Translucent.uasset" 152
"../../../Engine/Content/EngineMaterials/Widget3DPassThrough_Translucent.uexp" 153
"../../../Engine/Content/EngineMaterials/Widget3DPassThrough_Translucent_OneSided.uasset" 154
"../../../Engine/Content/EngineMaterials/Widget3DPassThrough_Translucent_OneSided.uexp" 155
"../../../Engine/Plugins/NNE/NNEDenoiser/Content/NNEDTOM_Output_Alpha.uasset" 156
"../../../Engine/Plugins/NNE/NNEDenoiser/Content/NNEDTOM_Output_Alpha.uexp" 157
"../../../Engine/Plugins/NNE/NNEDenoiser/Content/NNEDTOM_Output_Default.uasset" 158
"../../../Engine/Plugins/NNE/NNEDenoiser/Content/NNEDTOM_Output_Default.uexp" 159
"../../../Engine/Plugins/NNE/NNEDenoiser/Content/NNEDT_Oidn2-3_Balanced.uasset" 160
"../../../Engine/Plugins/NNE/NNEDenoiser/Content/NNEDT_Oidn2-3_Balanced.uexp" 161
"../../../Engine/Plugins/Animation/ControlRig/Content/Controls/ControlRig_Square_1mm.uasset" 162
"../../../Engine/Plugins/Animation/ControlRig/Content/Controls/ControlRig_Square_1mm.uexp" 163
"../../../Engine/Plugins/NNE/NNEDenoiser/Content/NNEDT_Oidn2-3_Balanced_Alpha.uasset" 164
"../../../Engine/Plugins/NNE/NNEDenoiser/Content/NNEDT_Oidn2-3_Balanced_Alpha.uexp" 165
"../../../Engine/Plugins/NNE/NNEDenoiser/Content/NNED_Oidn2-3_Balanced.uasset" 166
"../../../Engine/Plugins/NNE/NNEDenoiser/Content/NNED_Oidn2-3_Balanced.uexp" 167
"../../../Engine/Plugins/NNE/NNEDenoiser/Content/NNED_Oidn2-3_Balanced_Alpha.uasset" 168
"../../../Engine/Plugins/NNE/NNEDenoiser/Content/NNED_Oidn2-3_Balanced_Alpha.uexp" 169
"../../../Engine/Plugins/NNE/NNEDenoiser/Content/NNED_Oidn2-3_Fast.uasset" 170
"../../../Engine/Plugins/NNE/NNEDenoiser/Content/NNED_Oidn2-3_Fast.uexp" 171
"../../../Engine/Plugins/NNE/NNEDenoiser/Content/NNED_Oidn2-3_Fast_Alpha.uasset" 172
"../../../Engine/Plugins/NNE/NNEDenoiser/Content/NNED_Oidn2-3_Fast_Alpha.uexp" 173
"../../../Engine/Plugins/NNE/NNEDenoiser/Content/NNED_Oidn2-3_HighQuality.uasset" 174
"../../../Engine/Plugins/NNE/NNEDenoiser/Content/NNED_Oidn2-3_HighQuality.uexp" 175
"../../../Engine/Plugins/NNE/NNEDenoiser/Content/NNED_Oidn2-3_HighQuality_Alpha.uasset" 176
"../../../Engine/Plugins/NNE/NNEDenoiser/Content/NNED_Oidn2-3_HighQuality_Alpha.uexp" 177
"../../../Engine/Plugins/NNE/NNEDenoiser/Content/NNE_oidn2-3-0_rt_hdr_alb_nrm_small__dyn__fp16_opset11_DenoiseAlpha.uasset" 178
"../../../Engine/Plugins/NNE/NNEDenoiser/Content/NNE_oidn2-3-0_rt_hdr_alb_nrm_small__dyn__fp16_opset11_DenoiseAlpha.uexp" 179
"../../../Engine/Plugins/NNE/NNEDenoiser/Content/NNE_oidn2-3-0_rt_hdr_alb_nrm_small__dyn__fp16_opset11_ForwardAlpha.uasset" 180
"../../../Engine/Plugins/NNE/NNEDenoiser/Content/NNE_oidn2-3-0_rt_hdr_alb_nrm_small__dyn__fp16_opset11_ForwardAlpha.uexp" 181
"../../../Engine/Plugins/NNE/NNEDenoiser/Content/NNE_oidn2-3-0_rt_hdr_alb_nrm__dyn__fp16_opset11_DenoiseAlpha.uasset" 182
"../../../Engine/Plugins/NNE/NNEDenoiser/Content/NNE_oidn2-3-0_rt_hdr_alb_nrm__dyn__fp16_opset11_DenoiseAlpha.uexp" 183
"../../../Engine/Plugins/Animation/ControlRig/Content/Controls/ControlRig_Square_3mm.uasset" 184
"../../../Engine/Plugins/Animation/ControlRig/Content/Controls/ControlRig_Square_3mm.uexp" 185
"../../../Engine/Plugins/NNE/NNEDenoiser/Content/NNE_oidn2-3-0_rt_hdr_alb_nrm__dyn__fp16_opset11_ForwardAlpha.uasset" 186
"../../../Engine/Plugins/NNE/NNEDenoiser/Content/NNE_oidn2-3-0_rt_hdr_alb_nrm__dyn__fp16_opset11_ForwardAlpha.uexp" 187
"../../../Engine/Plugins/NNE/NNEDenoiser/Content/NNE_oidn2-3-0_rt_hdr_calb_cnrm_large__dyn__fp16_opset11_DenoiseAlpha.uasset" 188
"../../../Engine/Plugins/NNE/NNEDenoiser/Content/NNE_oidn2-3-0_rt_hdr_calb_cnrm_large__dyn__fp16_opset11_DenoiseAlpha.uexp" 189
"../../../Engine/Plugins/NNE/NNEDenoiser/Content/NNE_oidn2-3-0_rt_hdr_calb_cnrm_large__dyn__fp16_opset11_ForwardAlpha.uasset" 190
"../../../Engine/Plugins/NNE/NNEDenoiser/Content/NNE_oidn2-3-0_rt_hdr_calb_cnrm_large__dyn__fp16_opset11_ForwardAlpha.uexp" 191
"../../../Engine/Plugins/Animation/ControlRig/Content/Controls/ControlRig_Square_solid.uasset" 192
"../../../Engine/Plugins/Animation/ControlRig/Content/Controls/ControlRig_Square_solid.uexp" 193
"../../../Engine/Plugins/Animation/ControlRig/Content/Controls/ControlRig_Star4_1mm.uasset" 194
"../../../Engine/Plugins/Animation/ControlRig/Content/Controls/ControlRig_Star4_1mm.uexp" 195
"../../../Engine/Plugins/Animation/ControlRig/Content/Controls/ControlRig_Star4_3mm.uasset" 196
"../../../Engine/Plugins/Animation/ControlRig/Content/Controls/ControlRig_Star4_3mm.uexp" 197
"../../../Engine/Content/EngineDamageTypes/DmgTypeBP_Environmental.uasset" 198
"../../../Engine/Content/EngineDamageTypes/DmgTypeBP_Environmental.uexp" 199
"../../../Engine/Plugins/Animation/ControlRig/Content/Controls/ControlRig_Star4_solid.uasset" 200
"../../../Engine/Plugins/Animation/ControlRig/Content/Controls/ControlRig_Star4_solid.uexp" 201
"../../../Engine/Plugins/Animation/ControlRig/Content/Controls/ControlRig_Triangle_1mm.uasset" 202
"../../../Engine/Plugins/Animation/ControlRig/Content/Controls/ControlRig_Triangle_1mm.uexp" 203
"../../../Engine/Content/EngineMeshes/Sphere.uasset" 204
"../../../Engine/Content/EngineMeshes/Sphere.uexp" 205
"../../../Engine/Plugins/Animation/ControlRig/Content/Controls/ControlRig_Triangle_3mm.uasset" 206
"../../../Engine/Plugins/Animation/ControlRig/Content/Controls/ControlRig_Triangle_3mm.uexp" 207
"../../../Engine/Content/EngineMaterials/DefaultBloomKernel.uasset" 208
"../../../Engine/Content/EngineMaterials/DefaultBloomKernel.uexp" 209
"../../../Engine/Plugins/Animation/ControlRig/Content/Controls/ControlRig_Triangle_solid.uasset" 210
"../../../Engine/Plugins/Animation/ControlRig/Content/Controls/ControlRig_Triangle_solid.uexp" 211
"../../../Engine/Content/EngineMaterials/DefaultBokeh.uasset" 212
"../../../Engine/Content/EngineMaterials/DefaultBokeh.uexp" 213
"../../../Engine/Plugins/Animation/ControlRig/Content/Controls/ControlRig_Wedge_1mm.uasset" 214
"../../../Engine/Plugins/Animation/ControlRig/Content/Controls/ControlRig_Wedge_1mm.uexp" 215
"../../../Engine/Plugins/Animation/ControlRig/Content/Controls/ControlRig_Wedge_3mm.uasset" 216
"../../../Engine/Plugins/Animation/ControlRig/Content/Controls/ControlRig_Wedge_3mm.uexp" 217
"../../../Engine/Plugins/Animation/ControlRig/Content/Controls/ControlRig_Wedge_solid.uasset" 218
"../../../Engine/Plugins/Animation/ControlRig/Content/Controls/ControlRig_Wedge_solid.uexp" 219
"../../../Engine/Content/EditorLandscapeResources/DefaultAlphaTexture.uasset" 220
"../../../Engine/Content/EditorLandscapeResources/DefaultAlphaTexture.uexp" 221
"../../../Engine/Content/EditorLandscapeResources/ColorMaskBrushMaterial.uasset" 222
"../../../Engine/Content/EditorLandscapeResources/ColorMaskBrushMaterial.uexp" 223
"../../../Engine/Content/EditorLandscapeResources/ColorMaskBrushMaterial_MaskedRegion.uasset" 224
"../../../Engine/Content/EditorLandscapeResources/ColorMaskBrushMaterial_MaskedRegion.uexp" 225
"../../../Engine/Content/EngineDebugMaterials/DebugEditorMaterial.uasset" 226
"../../../Engine/Content/EngineDebugMaterials/DebugEditorMaterial.uexp" 227
"../../../Engine/Content/EngineDebugMaterials/DebugMeshMaterial.uasset" 228
"../../../Engine/Content/EngineDebugMaterials/DebugMeshMaterial.uexp" 229
"../../../Engine/Plugins/Animation/DeformerGraph/Content/DeformerFunctions/DG_Function_LinearBlendSkin_Morph_Cloth.uasset" 230
"../../../Engine/Plugins/Animation/DeformerGraph/Content/DeformerFunctions/DG_Function_LinearBlendSkin_Morph_Cloth.uexp" 231
"../../../Engine/Plugins/Animation/DeformerGraph/Content/Deformers/DG_LinearBlendSkin_Morph_Cloth.uasset" 232
"../../../Engine/Plugins/Animation/DeformerGraph/Content/Deformers/DG_LinearBlendSkin_Morph_Cloth.uexp" 233
"../../../Engine/Plugins/Interchange/Assets/Content/Functions/MX_AbsorptionVDF.uasset" 234
"../../../Engine/Plugins/Interchange/Assets/Content/Functions/MX_AbsorptionVDF.uexp" 235
"../../../Engine/Plugins/Animation/DeformerGraph/Content/DeformerFunctions/DG_Function_ComputeNormalsTangents.uasset" 236
"../../../Engine/Plugins/Animation/DeformerGraph/Content/DeformerFunctions/DG_Function_ComputeNormalsTangents.uexp" 237
"../../../Engine/Plugins/Animation/DeformerGraph/Content/DeformerFunctions/DG_Function_LinearBlendSkin_Morph_Cloth_PositionOnly.uasset" 238
"../../../Engine/Plugins/Animation/DeformerGraph/Content/DeformerFunctions/DG_Function_LinearBlendSkin_Morph_Cloth_PositionOnly.uexp" 239
"../../../Engine/Plugins/Animation/DeformerGraph/Content/Deformers/DG_LinearBlendSkin_Morph_Cloth_RecomputeNormals.uasset" 240
"../../../Engine/Plugins/Animation/DeformerGraph/Content/Deformers/DG_LinearBlendSkin_Morph_Cloth_RecomputeNormals.uexp" 241
"../../../Engine/Content/EngineMaterials/DefaultDiffuse.uasset" 242
"../../../Engine/Content/EngineMaterials/DefaultDiffuse.uexp" 243
"../../../Engine/Content/EngineMaterials/DefaultDeferredDecalMaterial.uasset" 244
"../../../Engine/Content/EngineMaterials/DefaultDeferredDecalMaterial.uexp" 245
"../../../Engine/Content/EngineResources/Black.uasset" 246
"../../../Engine/Content/EngineResources/Black.uexp" 247
"../../../Engine/Plugins/Interchange/Assets/Content/Functions/MX_AnisotropicVDF.uasset" 248
"../../../Engine/Plugins/Interchange/Assets/Content/Functions/MX_AnisotropicVDF.uexp" 249
"../../../Engine/Content/EditorMaterials/ParticleSystems/PSysThumbnail_NoImage.uasset" 250
"../../../Engine/Content/EditorMaterials/ParticleSystems/PSysThumbnail_NoImage.uexp" 251
"../../../Engine/Content/EngineResources/DefaultTexture.uasset" 252
"../../../Engine/Content/EngineResources/DefaultTexture.uexp" 253
"../../../Engine/Content/EngineMaterials/DefaultLightFunctionMaterial.uasset" 254
"../../../Engine/Content/EngineMaterials/DefaultLightFunctionMaterial.uexp" 255
"../../../Engine/Plugins/Interchange/Assets/Content/Functions/MX_BurleyDiffuseBSDF.uasset" 256
"../../../Engine/Plugins/Interchange/Assets/Content/Functions/MX_BurleyDiffuseBSDF.uexp" 257
"../../../Engine/Content/EngineResources/DefaultTextureCube.uasset" 258
"../../../Engine/Content/EngineResources/DefaultTextureCube.uexp" 259
"../../../Engine/Content/EditorMaterials/ParticleSystems/PSysThumbnail_OOD.uasset" 260
"../../../Engine/Content/EditorMaterials/ParticleSystems/PSysThumbnail_OOD.uexp" 261
"../../../Engine/Content/EditorLandscapeResources/LandscapeDirtyMaterial.uasset" 262
"../../../Engine/Content/EditorLandscapeResources/LandscapeDirtyMaterial.uexp" 263
"../../../Engine/Plugins/Interchange/Assets/Content/Substrate/MX_SimpleVolume.uasset" 264
"../../../Engine/Plugins/Interchange/Assets/Content/Substrate/MX_SimpleVolume.uexp" 265
"../../../Engine/Plugins/Interchange/Assets/Content/Functions/MX_ChiangHairBSDF.uasset" 266
"../../../Engine/Plugins/Interchange/Assets/Content/Functions/MX_ChiangHairBSDF.uexp" 267
"../../../Engine/Content/Functions/Engine_MaterialFunctions02/Utility/MakeFloat3.uasset" 268
"../../../Engine/Content/Functions/Engine_MaterialFunctions02/Utility/MakeFloat3.uexp" 269
"../../../Engine/Content/Functions/Engine_MaterialFunctions02/SplitComponents.uasset" 270
"../../../Engine/Content/Functions/Engine_MaterialFunctions02/SplitComponents.uexp" 271
"../../../Engine/Content/Functions/Engine_MaterialFunctions02/Utility/BreakOutFloat3Components.uasset" 272
"../../../Engine/Content/Functions/Engine_MaterialFunctions02/Utility/BreakOutFloat3Components.uexp" 273
"../../../Engine/Content/Functions/Engine_MaterialFunctions02/Math/Transform3x3Matrix.uasset" 274
"../../../Engine/Content/Functions/Engine_MaterialFunctions02/Math/Transform3x3Matrix.uexp" 275
"../../../Engine/Content/VREditor/SnapGrid/SnapGridMaterial.uasset" 276
"../../../Engine/Content/VREditor/SnapGrid/SnapGridMaterial.uexp" 277
"../../../Engine/Content/VREditor/SnapGrid/SnapGridPlaneMesh.uasset" 278
"../../../Engine/Content/VREditor/SnapGrid/SnapGridPlaneMesh.uexp" 279
"../../../Engine/Content/VREditor/LaserPointer/VR_LaserPower_01.uasset" 280
"../../../Engine/Content/VREditor/LaserPointer/VR_LaserPower_01.uexp" 281
"../../../Engine/Content/VREditor/TransformGizmo/TransformGizmoMaterial.uasset" 282
"../../../Engine/Content/VREditor/TransformGizmo/TransformGizmoMaterial.uexp" 283
"../../../Engine/Content/VREditor/TransformGizmo/TranslucentTransformGizmoMaterial.uasset" 284
"../../../Engine/Content/VREditor/TransformGizmo/TranslucentTransformGizmoMaterial.uexp" 285
"../../../Engine/Content/VREditor/TransformGizmo/PlaneTranslationHandle.uasset" 286
"../../../Engine/Content/VREditor/TransformGizmo/PlaneTranslationHandle.uexp" 287
"../../../Engine/Content/VREditor/TransformGizmo/RotationHandleFull.uasset" 288
"../../../Engine/Content/VREditor/TransformGizmo/RotationHandleFull.uexp" 289
"../../../Engine/Content/VREditor/TransformGizmo/RotationHandleIndicator.uasset" 290
"../../../Engine/Content/VREditor/TransformGizmo/RotationHandleIndicator.uexp" 291
"../../../Engine/Content/VREditor/TransformGizmo/RotationHandleQuarter.uasset" 292
"../../../Engine/Content/VREditor/TransformGizmo/RotationHandleQuarter.uexp" 293
"../../../Engine/Content/VREditor/TransformGizmo/StartRotationHandleIndicator.uasset" 294
"../../../Engine/Content/VREditor/TransformGizmo/StartRotationHandleIndicator.uexp" 295
"../../../Engine/Content/VREditor/TransformGizmo/TranslucentTransformGizmoMaterial_Inst.uasset" 296
"../../../Engine/Content/VREditor/TransformGizmo/TranslucentTransformGizmoMaterial_Inst.uexp" 297
"../../../Engine/Content/VREditor/TransformGizmo/TransformGizmoFreeRotation.uasset" 298
"../../../Engine/Content/VREditor/TransformGizmo/TransformGizmoFreeRotation.uexp" 299
"../../../Engine/Content/VREditor/TransformGizmo/TransformGizmoMaterial_Inst.uasset" 300
"../../../Engine/Content/VREditor/TransformGizmo/TransformGizmoMaterial_Inst.uexp" 301
"../../../Engine/Content/VREditor/TransformGizmo/TranslateArrowHandle.uasset" 302
"../../../Engine/Content/VREditor/TransformGizmo/TranslateArrowHandle.uexp" 303
"../../../Engine/Content/VREditor/TransformGizmo/UniformScaleHandle.uasset" 304
"../../../Engine/Content/VREditor/TransformGizmo/UniformScaleHandle.uexp" 305
"../../../Engine/Content/VREditor/Sounds/UI/Drop_Item_From_ContentBrowser.uasset" 306
"../../../Engine/Content/VREditor/Sounds/UI/Drop_Item_From_ContentBrowser.uexp" 307
"../../../Engine/Content/VREditor/Sounds/UI/Gizmo_Handle_Clicked.uasset" 308
"../../../Engine/Content/VREditor/Sounds/UI/Gizmo_Handle_Clicked.uexp" 309
"../../../Engine/Content/VREditor/Sounds/UI/Object_PickUp.uasset" 310
"../../../Engine/Content/VREditor/Sounds/UI/Object_PickUp.uexp" 311
"../../../Engine/Content/VREditor/Sounds/UI/Object_Snaps_To_Another_Actor.uasset" 312
"../../../Engine/Content/VREditor/Sounds/UI/Object_Snaps_To_Another_Actor.uexp" 313
"../../../Engine/Content/VREditor/Sounds/UI/Object_Snaps_To_Grid.uasset" 314
"../../../Engine/Content/VREditor/Sounds/UI/Object_Snaps_To_Grid.uexp" 315
"../../../Engine/Content/VREditor/Sounds/UI/Scaling_Down.uasset" 316
"../../../Engine/Content/VREditor/Sounds/UI/Scaling_Down.uexp" 317
"../../../Engine/Content/VREditor/Sounds/UI/Scaling_Up.uasset" 318
"../../../Engine/Content/VREditor/Sounds/UI/Scaling_Up.uexp" 319
"../../../Engine/Content/VREditor/Sounds/UI/Selection_Changes.uasset" 320
"../../../Engine/Content/VREditor/Sounds/UI/Selection_Changes.uexp" 321
"../../../Engine/Content/EngineResources/DefaultVolumeTexture2D.uasset" 322
"../../../Engine/Content/EngineResources/DefaultVolumeTexture2D.uexp" 323
"../../../Engine/Content/EngineResources/DefaultVolumeTexture.uasset" 324
"../../../Engine/Content/EngineResources/DefaultVolumeTexture.uexp" 325
"../../../Engine/Plugins/Interchange/Assets/Content/Functions/MX_ConductorBSDF.uasset" 326
"../../../Engine/Plugins/Interchange/Assets/Content/Functions/MX_ConductorBSDF.uexp" 327
"../../../Engine/Content/Functions/Engine_MaterialFunctions02/Utility/BreakOutFloat2Components.uasset" 328
"../../../Engine/Content/Functions/Engine_MaterialFunctions02/Utility/BreakOutFloat2Components.uexp" 329
"../../../Engine/Content/EngineMaterials/DefaultPostProcessMaterial.uasset" 330
"../../../Engine/Content/EngineMaterials/DefaultPostProcessMaterial.uexp" 331
"../../../Engine/Content/Functions/Engine_MaterialFunctions01/Texturing/TextureCropping.uasset" 332
"../../../Engine/Content/Functions/Engine_MaterialFunctions01/Texturing/TextureCropping.uexp" 333
"../../../Engine/Content/Functions/Engine_MaterialFunctions02/ExampleContent/DebugNumberStrip.uasset" 334
"../../../Engine/Content/Functions/Engine_MaterialFunctions02/ExampleContent/DebugNumberStrip.uexp" 335
"../../../Engine/Content/Functions/Engine_MaterialFunctions01/Debug/DebugIntValues.uasset" 336
"../../../Engine/Content/Functions/Engine_MaterialFunctions01/Debug/DebugIntValues.uexp" 337
"../../../Engine/Content/Functions/Engine_MaterialFunctions01/Texturing/ScaleUVsByCenter.uasset" 338
"../../../Engine/Content/Functions/Engine_MaterialFunctions01/Texturing/ScaleUVsByCenter.uexp" 339
"../../../Engine/Content/Functions/Engine_MaterialFunctions02/WorldPositionOffset/LocalPosition.uasset" 340
"../../../Engine/Content/Functions/Engine_MaterialFunctions02/WorldPositionOffset/LocalPosition.uexp" 341
"../../../Engine/Content/EditorLandscapeResources/LandscapeLayerUsageMaterial.uasset" 342
"../../../Engine/Content/EditorLandscapeResources/LandscapeLayerUsageMaterial.uexp" 343
"../../../Engine/Plugins/Interchange/Assets/Content/Functions/MX_ConicalEDF.uasset" 344
"../../../Engine/Plugins/Interchange/Assets/Content/Functions/MX_ConicalEDF.uexp" 345
"../../../Engine/Plugins/Animation/ControlRig/Content/Controls/ControlRigGizmoMaterial.uasset" 346
"../../../Engine/Plugins/Animation/ControlRig/Content/Controls/ControlRigGizmoMaterial.uexp" 347
"../../../Engine/Content/EngineMaterials/DefaultTextMaterialOpaque.uasset" 348
"../../../Engine/Content/EngineMaterials/DefaultTextMaterialOpaque.uexp" 349
"../../../Engine/Plugins/Animation/ControlRig/Content/Controls/ControlRigXRayMaterial.uasset" 350
"../../../Engine/Plugins/Animation/ControlRig/Content/Controls/ControlRigXRayMaterial.uexp" 351
"../../../Engine/Content/EngineResources/GradientTexture0.uasset" 352
"../../../Engine/Content/EngineResources/GradientTexture0.uexp" 353
"../../../Engine/Content/EngineDebugMaterials/M_SimpleUnlitTranslucent.uasset" 354
"../../../Engine/Content/EngineDebugMaterials/M_SimpleUnlitTranslucent.uexp" 355
"../../../Engine/Plugins/Animation/ControlRig/Content/Controls/ControlRig_Arrow2_1mm.uasset" 356
"../../../Engine/Plugins/Animation/ControlRig/Content/Controls/ControlRig_Arrow2_1mm.uexp" 357
"../../../Engine/Content/Functions/Engine_MaterialFunctions02/Utility/CameraDirectionVector.uasset" 358
"../../../Engine/Content/Functions/Engine_MaterialFunctions02/Utility/CameraDirectionVector.uexp" 359
"../../../Engine/Content/EngineDebugMaterials/VolumeToRender.uasset" 360
"../../../Engine/Content/EngineDebugMaterials/VolumeToRender.uexp" 361
"../../../Engine/Content/EngineDebugMaterials/M_VolumeRenderSphereTracePP.uasset" 362
"../../../Engine/Content/EngineDebugMaterials/M_VolumeRenderSphereTracePP.uexp" 363
"../../../Engine/Plugins/Interchange/Assets/Content/Functions/MX_DielectricBSDF.uasset" 364
"../../../Engine/Plugins/Interchange/Assets/Content/Functions/MX_DielectricBSDF.uexp" 365
"../../../Engine/Plugins/Animation/ControlRig/Content/Controls/ControlRig_Arrow2_3mm.uasset" 366
"../../../Engine/Plugins/Animation/ControlRig/Content/Controls/ControlRig_Arrow2_3mm.uexp" 367
"../../../Engine/Content/EngineMaterials/DefaultWhiteGrid.uasset" 368
"../../../Engine/Content/EngineMaterials/DefaultWhiteGrid.uexp" 369
"../../../Engine/Content/Functions/Engine_MaterialFunctions02/Utility/BlendAngleCorrectedNormals.uasset" 370
"../../../Engine/Content/Functions/Engine_MaterialFunctions02/Utility/BlendAngleCorrectedNormals.uexp" 371
"../../../Engine/Plugins/Interchange/Assets/Content/Functions/MX_Displacement.uasset" 372
"../../../Engine/Plugins/Interchange/Assets/Content/Functions/MX_Displacement.uexp" 373
"../../../Engine/Plugins/Animation/ControlRig/Content/Controls/ControlRig_Arrow2_solid.uasset" 374
"../../../Engine/Plugins/Animation/ControlRig/Content/Controls/ControlRig_Arrow2_solid.uexp" 375
"../../../Engine/Plugins/Interchange/Assets/Content/Functions/MX_GeneralizedSchlickBSDF.uasset" 376
"../../../Engine/Plugins/Interchange/Assets/Content/Functions/MX_GeneralizedSchlickBSDF.uexp" 377
"../../../Engine/Content/EditorLandscapeResources/WhiteSquareTexture.uasset" 378
"../../../Engine/Content/EditorLandscapeResources/WhiteSquareTexture.uexp" 379
"../../../Engine/Content/EditorLandscapeResources/LayerVisMaterial.uasset" 380
"../../../Engine/Content/EditorLandscapeResources/LayerVisMaterial.uexp" 381
"../../../Engine/Plugins/Animation/ControlRig/Content/Controls/ControlRig_Arrow4_1mm.uasset" 382
"../../../Engine/Plugins/Animation/ControlRig/Content/Controls/ControlRig_Arrow4_1mm.uexp" 383
"../../../Engine/Content/Functions/Engine_MaterialFunctions02/Utility/VectorLength.uasset" 384
"../../../Engine/Content/Functions/Engine_MaterialFunctions02/Utility/VectorLength.uexp" 385
"../../../Engine/Content/Functions/Engine_MaterialFunctions02/WorldPositionOffset/ObjectScale.uasset" 386
"../../../Engine/Content/Functions/Engine_MaterialFunctions02/WorldPositionOffset/ObjectScale.uexp" 387
"../../../Engine/Plugins/Editor/SpeedTreeImporter/Content/SpeedTree9/Empty.uasset" 388
"../../../Engine/Plugins/Editor/SpeedTreeImporter/Content/SpeedTree9/Empty.uexp" 389
"../../../Engine/Plugins/Editor/SpeedTreeImporter/Content/SpeedTree9/EmptyNormal.uasset" 390
"../../../Engine/Plugins/Editor/SpeedTreeImporter/Content/SpeedTree9/EmptyNormal.uexp" 391
"../../../Engine/Plugins/Editor/SpeedTreeImporter/Content/SpeedTree9/game_wind_noise.uasset" 392
"../../../Engine/Plugins/Editor/SpeedTreeImporter/Content/SpeedTree9/game_wind_noise.uexp" 393
"../../../Engine/Plugins/Editor/SpeedTreeImporter/Content/SpeedTree9/SpeedTreeBillboard.uasset" 394
"../../../Engine/Plugins/Editor/SpeedTreeImporter/Content/SpeedTree9/SpeedTreeBillboard.uexp" 395
"../../../Engine/Content/Functions/Engine_MaterialFunctions02/SafeNormalize.uasset" 396
"../../../Engine/Content/Functions/Engine_MaterialFunctions02/SafeNormalize.uexp" 397
"../../../Engine/Plugins/Editor/SpeedTreeImporter/Content/SpeedTree9/SpeedTreeWindMotion.uasset" 398
"../../../Engine/Plugins/Editor/SpeedTreeImporter/Content/SpeedTree9/SpeedTreeWindMotion.uexp" 399
"../../../Engine/Plugins/Editor/SpeedTreeImporter/Content/SpeedTree9/UnpackDirection.uasset" 400
"../../../Engine/Plugins/Editor/SpeedTreeImporter/Content/SpeedTree9/UnpackDirection.uexp" 401
"../../../Engine/Plugins/Editor/SpeedTreeImporter/Content/SpeedTree9/UnpackInteger3.uasset" 402
"../../../Engine/Plugins/Editor/SpeedTreeImporter/Content/SpeedTree9/UnpackInteger3.uexp" 403
"../../../Engine/Plugins/Editor/SpeedTreeImporter/Content/SpeedTree9/SpeedTreeBranchMotion.uasset" 404
"../../../Engine/Plugins/Editor/SpeedTreeImporter/Content/SpeedTree9/SpeedTreeBranchMotion.uexp" 405
"../../../Engine/Content/Functions/Engine_MaterialFunctions02/ObjectLocalBounds.uasset" 406
"../../../Engine/Content/Functions/Engine_MaterialFunctions02/ObjectLocalBounds.uexp" 407
"../../../Engine/Content/Functions/Engine_MaterialFunctions02/UVs/BoundingBoxBased_0-1_UVW.uasset" 408
"../../../Engine/Content/Functions/Engine_MaterialFunctions02/UVs/BoundingBoxBased_0-1_UVW.uexp" 409
"../../../Engine/Plugins/Editor/SpeedTreeImporter/Content/SpeedTree9/SpeedTreeWind.uasset" 410
"../../../Engine/Plugins/Editor/SpeedTreeImporter/Content/SpeedTree9/SpeedTreeWind.uexp" 411
"../../../Engine/Plugins/Editor/SpeedTreeImporter/Content/SpeedTree9/SpeedTreeBillboardMaster.uasset" 412
"../../../Engine/Plugins/Editor/SpeedTreeImporter/Content/SpeedTree9/SpeedTreeBillboardMaster.uexp" 413
"../../../Engine/Plugins/Animation/ControlRig/Content/Controls/ControlRig_Arrow4_3mm.uasset" 414
"../../../Engine/Plugins/Animation/ControlRig/Content/Controls/ControlRig_Arrow4_3mm.uexp" 415
"../../../Engine/Content/EngineResources/LandscapeVisibilityLayerInfo.uasset" 416
"../../../Engine/Content/EngineResources/LandscapeVisibilityLayerInfo.uexp" 417
"../../../Engine/Content/EngineMaterials/DefaultWhiteGrid_Low.uasset" 418
"../../../Engine/Content/EngineMaterials/DefaultWhiteGrid_Low.uexp" 419
"../../../Engine/Content/EngineMaterials/EmissiveMeshMaterial.uasset" 420
"../../../Engine/Content/EngineMaterials/EmissiveMeshMaterial.uexp" 421
"../../../Engine/Plugins/Editor/SpeedTreeImporter/Content/SpeedTree9/SpeedTreeCameraFacing.uasset" 422
"../../../Engine/Plugins/Editor/SpeedTreeImporter/Content/SpeedTree9/SpeedTreeCameraFacing.uexp" 423
"../../../Engine/Plugins/Editor/SpeedTreeImporter/Content/SpeedTree9/SpeedTreeMaster.uasset" 424
"../../../Engine/Plugins/Editor/SpeedTreeImporter/Content/SpeedTree9/SpeedTreeMaster.uexp" 425
"../../../Engine/Content/Functions/Engine_MaterialFunctions03/Math/WithinRangeFloat2.uasset" 426
"../../../Engine/Content/Functions/Engine_MaterialFunctions03/Math/WithinRangeFloat2.uexp" 427
"../../../Engine/Content/EditorLandscapeResources/MaskBrushMaterial.uasset" 428
"../../../Engine/Content/EditorLandscapeResources/MaskBrushMaterial.uexp" 429
"../../../Engine/Content/EditorLandscapeResources/MaskBrushMaterial_MaskedRegion.uasset" 430
"../../../Engine/Content/EditorLandscapeResources/MaskBrushMaterial_MaskedRegion.uexp" 431
"../../../Engine/Plugins/Animation/ControlRig/Content/Controls/ControlRig_Arrow4_solid.uasset" 432
"../../../Engine/Plugins/Animation/ControlRig/Content/Controls/ControlRig_Arrow4_solid.uexp" 433
"../../../Engine/Plugins/Animation/ControlRig/Content/Controls/ControlRig_Arrow_1mm.uasset" 434
"../../../Engine/Plugins/Animation/ControlRig/Content/Controls/ControlRig_Arrow_1mm.uexp" 435
"../../../Engine/Plugins/Animation/ControlRig/Content/Controls/ControlRig_Arrow_3mm.uasset" 436
"../../../Engine/Plugins/Animation/ControlRig/Content/Controls/ControlRig_Arrow_3mm.uexp" 437
"../../../Engine/Plugins/Interchange/Assets/Content/Functions/MX_MeasuredEDF.uasset" 438
"../../../Engine/Plugins/Interchange/Assets/Content/Functions/MX_MeasuredEDF.uexp" 439
"../../../Engine/Content/EngineMaterials/FastBlueNoise_scalar_128x128x64.uasset" 440
"../../../Engine/Content/EngineMaterials/FastBlueNoise_scalar_128x128x64.uexp" 441
"../../../Engine/Content/EditorResources/BSPVertex.uasset" 442
"../../../Engine/Content/EditorResources/BSPVertex.uexp" 443
"../../../Engine/Plugins/Animation/ControlRig/Content/Controls/ControlRig_Arrow_solid.uasset" 444
"../../../Engine/Plugins/Animation/ControlRig/Content/Controls/ControlRig_Arrow_solid.uexp" 445
"../../../Engine/Content/EditorMaterials/Camera/CineMat.uasset" 446
"../../../Engine/Content/EditorMaterials/Camera/CineMat.uexp" 447
"../../../Engine/Content/EditorMaterials/Camera/MI_CineMat_Rig.uasset" 448
"../../../Engine/Content/EditorMaterials/Camera/MI_CineMat_Rig.uexp" 449
"../../../Engine/Content/EditorMeshes/Camera/SM_CraneRig_Arm.uasset" 450
"../../../Engine/Content/EditorMeshes/Camera/SM_CraneRig_Arm.uexp" 451
"../../../Engine/Content/EngineMaterials/FastBlueNoise_scalar_128x128x8.uasset" 452
"../../../Engine/Content/EngineMaterials/FastBlueNoise_scalar_128x128x8.uexp" 453
"../../../Engine/Plugins/Animation/ControlRig/Content/Controls/ControlRig_Box_1mm.uasset" 454
"../../../Engine/Plugins/Animation/ControlRig/Content/Controls/ControlRig_Box_1mm.uexp" 455
"../../../Engine/Plugins/Interchange/Assets/Content/Functions/MF_IridescenceNoLUT.uasset" 456
"../../../Engine/Plugins/Interchange/Assets/Content/Functions/MF_IridescenceNoLUT.uexp" 457
"../../../Engine/Plugins/Interchange/Assets/Content/Functions/MX_StandardSurface.uasset" 458
"../../../Engine/Plugins/Interchange/Assets/Content/Functions/MX_StandardSurface.uexp" 459
"../../../Engine/Plugins/Interchange/Assets/Content/Functions/MX_OpenPBR_Opaque.uasset" 460
"../../../Engine/Plugins/Interchange/Assets/Content/Functions/MX_OpenPBR_Opaque.uexp" 461
"../../../Engine/Plugins/Interchange/Assets/Content/Functions/MX_TransmissionSurface.uasset" 462
"../../../Engine/Plugins/Interchange/Assets/Content/Functions/MX_TransmissionSurface.uexp" 463
"../../../Engine/Plugins/Interchange/Assets/Content/Functions/MX_OpenPBR_Translucent.uasset" 464
"../../../Engine/Plugins/Interchange/Assets/Content/Functions/MX_OpenPBR_Translucent.uexp" 465
"../../../Engine/Content/EditorLandscapeResources/SelectBrushMaterial.uasset" 466
"../../../Engine/Content/EditorLandscapeResources/SelectBrushMaterial.uexp" 467
"../../../Engine/Content/EditorLandscapeResources/SelectBrushMaterial_Selected.uasset" 468
"../../../Engine/Content/EditorLandscapeResources/SelectBrushMaterial_Selected.uexp" 469
"../../../Engine/Plugins/Animation/ControlRig/Content/Controls/ControlRig_Box_3mm.uasset" 470
"../../../Engine/Plugins/Animation/ControlRig/Content/Controls/ControlRig_Box_3mm.uexp" 471
"../../../Engine/Content/EngineMaterials/FastBlueNoise_vec2_128x128x64.uasset" 472
"../../../Engine/Content/EngineMaterials/FastBlueNoise_vec2_128x128x64.uexp" 473
"../../../Engine/Content/EditorLandscapeResources/SelectBrushMaterial_SelectedRegion.uasset" 474
"../../../Engine/Content/EditorLandscapeResources/SelectBrushMaterial_SelectedRegion.uexp" 475
"../../../Engine/Content/EditorMeshes/Camera/SM_CraneRig_Base.uasset" 476
"../../../Engine/Content/EditorMeshes/Camera/SM_CraneRig_Base.uexp" 477
"../../../Engine/Plugins/Interchange/Assets/Content/Functions/MX_OrenNayarBSDF.uasset" 478
"../../../Engine/Plugins/Interchange/Assets/Content/Functions/MX_OrenNayarBSDF.uexp" 479
"../../../Engine/Plugins/Animation/ControlRig/Content/Controls/ControlRig_Box_solid.uasset" 480
"../../../Engine/Plugins/Animation/ControlRig/Content/Controls/ControlRig_Box_solid.uexp" 481
"../../../Engine/Content/EditorLandscapeResources/SplineEditorMeshMat.uasset" 482
"../../../Engine/Content/EditorLandscapeResources/SplineEditorMeshMat.uexp" 483
"../../../Engine/Content/EditorLandscapeResources/SplineEditorMesh.uasset" 484
"../../../Engine/Content/EditorLandscapeResources/SplineEditorMesh.uexp" 485
"../../../Engine/Content/EditorMeshes/Camera/SM_CraneRig_Body.uasset" 486
"../../../Engine/Content/EditorMeshes/Camera/SM_CraneRig_Body.uexp" 487
"../../../Engine/Plugins/Animation/ControlRig/Content/Controls/ControlRig_Circle_1mm.uasset" 488
"../../../Engine/Plugins/Animation/ControlRig/Content/Controls/ControlRig_Circle_1mm.uexp" 489
"../../../Engine/Content/EngineMaterials/BaseFlattenDiffuseMap.uasset" 490
"../../../Engine/Content/EngineMaterials/BaseFlattenDiffuseMap.uexp" 491
"../../../Engine/Content/EngineMaterials/BaseFlattenEmissiveMap.uasset" 492
"../../../Engine/Content/EngineMaterials/BaseFlattenEmissiveMap.uexp" 493
"../../../Engine/Content/EngineMaterials/BaseFlattenGrayscaleMap.uasset" 494
"../../../Engine/Content/EngineMaterials/BaseFlattenGrayscaleMap.uexp" 495
"../../../Engine/Content/EngineMaterials/BaseFlattenLinearColor.uasset" 496
"../../../Engine/Content/EngineMaterials/BaseFlattenLinearColor.uexp" 497
"../../../Engine/Content/EngineMaterials/BaseFlattenNormalMap.uasset" 498
"../../../Engine/Content/EngineMaterials/BaseFlattenNormalMap.uexp" 499
"../../../Engine/Content/Functions/Engine_MaterialFunctions02/PivotPainter2/Black_1x1_EXR_Texture.uasset" 500
"../../../Engine/Content/Functions/Engine_MaterialFunctions02/PivotPainter2/Black_1x1_EXR_Texture.uexp" 501
"../../../Engine/Content/EngineMaterials/FlattenMaterial.uasset" 502
"../../../Engine/Content/EngineMaterials/FlattenMaterial.uexp" 503
"../../../Engine/Plugins/Animation/ControlRig/Content/Controls/ControlRig_Circle_3mm.uasset" 504
"../../../Engine/Plugins/Animation/ControlRig/Content/Controls/ControlRig_Circle_3mm.uexp" 505
"../../../Engine/Content/EditorMeshes/Camera/SM_CraneRig_Mount.uasset" 506
"../../../Engine/Content/EditorMeshes/Camera/SM_CraneRig_Mount.uexp" 507
"../../../Engine/Content/EngineMaterials/BaseFlattenDiffuseMap_VT.uasset" 508
"../../../Engine/Content/EngineMaterials/BaseFlattenDiffuseMap_VT.uexp" 509
"../../../Engine/Content/EngineMaterials/BaseFlattenEmissiveMap_VT.uasset" 510
"../../../Engine/Content/EngineMaterials/BaseFlattenEmissiveMap_VT.uexp" 511
"../../../Engine/Content/EngineMaterials/BaseFlattenGrayscaleMap_VT.uasset" 512
"../../../Engine/Content/EngineMaterials/BaseFlattenGrayscaleMap_VT.uexp" 513
"../../../Engine/Content/EngineMaterials/BaseFlattenLinearColor_VT.uasset" 514
"../../../Engine/Content/EngineMaterials/BaseFlattenLinearColor_VT.uexp" 515
"../../../Engine/Content/EngineMaterials/BaseFlattenNormalMap_VT.uasset" 516
"../../../Engine/Content/EngineMaterials/BaseFlattenNormalMap_VT.uexp" 517
"../../../Engine/Content/EngineMaterials/Black_1x1_EXR_Texture_VT.uasset" 518
"../../../Engine/Content/EngineMaterials/Black_1x1_EXR_Texture_VT.uexp" 519
"../../../Engine/Content/EngineMaterials/FlattenMaterial_VT.uasset" 520
"../../../Engine/Content/EngineMaterials/FlattenMaterial_VT.uexp" 521
"../../../Engine/Plugins/Animation/ControlRig/Content/Controls/ControlRig_Circle_solid.uasset" 522
"../../../Engine/Plugins/Animation/ControlRig/Content/Controls/ControlRig_Circle_solid.uexp" 523
"../../../Engine/Content/EngineMaterials/FlattenMaterial_WS_Normal_VT.uasset" 524
"../../../Engine/Content/EngineMaterials/FlattenMaterial_WS_Normal_VT.uexp" 525
"../../../Engine/Content/EditorMeshes/Camera/SM_RailRig_Mount.uasset" 526
"../../../Engine/Content/EditorMeshes/Camera/SM_RailRig_Mount.uexp" 527
"../../../Engine/Plugins/Animation/ControlRig/Content/Controls/ControlRig_Diamond_1mm.uasset" 528
"../../../Engine/Plugins/Animation/ControlRig/Content/Controls/ControlRig_Diamond_1mm.uexp" 529
"../../../Engine/Plugins/Experimental/MeshModelingToolsetExp/Content/Materials/GetDisplacementVectorForDepthBias.uasset" 530
"../../../Engine/Plugins/Experimental/MeshModelingToolsetExp/Content/Materials/GetDisplacementVectorForDepthBias.uexp" 531
"../../../Engine/Content/Functions/Engine_MaterialFunctions03/Viewport/MF_OrthoWidth.uasset" 532
"../../../Engine/Content/Functions/Engine_MaterialFunctions03/Viewport/MF_OrthoWidth.uexp" 533
"../../../Engine/Content/Functions/Engine_MaterialFunctions02/Utility/FOV.uasset" 534
"../../../Engine/Content/Functions/Engine_MaterialFunctions02/Utility/FOV.uexp" 535
"../../../Engine/Content/Functions/Engine_MaterialFunctions02/WorldPositionOffset/V2/ObjectScale.uasset" 536
"../../../Engine/Content/Functions/Engine_MaterialFunctions02/WorldPositionOffset/V2/ObjectScale.uexp" 537
"../../../Engine/Plugins/Experimental/MeshModelingToolsetExp/Content/Materials/PointSetOverlaidComponentMaterial.uasset" 538
"../../../Engine/Plugins/Experimental/MeshModelingToolsetExp/Content/Materials/PointSetOverlaidComponentMaterial.uexp" 539
"../../../Engine/Content/EngineMaterials/GizmoMaterial.uasset" 540
"../../../Engine/Content/EngineMaterials/GizmoMaterial.uexp" 541
"../../../Engine/Content/EditorMeshes/Camera/SM_RailRig_Track.uasset" 542
"../../../Engine/Content/EditorMeshes/Camera/SM_RailRig_Track.uexp" 543
"../../../Engine/Plugins/Animation/ControlRig/Content/Controls/ControlRig_Diamond_3mm.uasset" 544
"../../../Engine/Plugins/Animation/ControlRig/Content/Controls/ControlRig_Diamond_3mm.uexp" 545
"../../../Engine/Plugins/Interchange/Assets/Content/Functions/MX_SheenBSDF.uasset" 546
"../../../Engine/Plugins/Interchange/Assets/Content/Functions/MX_SheenBSDF.uexp" 547
"../../../Engine/Plugins/Animation/ControlRig/Content/Controls/ControlRig_Diamond_solid.uasset" 548
"../../../Engine/Plugins/Animation/ControlRig/Content/Controls/ControlRig_Diamond_solid.uexp" 549
"../../../Engine/Plugins/Animation/ControlRig/Content/Controls/ControlRig_HalfCircle_1mm.uasset" 550
"../../../Engine/Plugins/Animation/ControlRig/Content/Controls/ControlRig_HalfCircle_1mm.uexp" 551
"../../../Engine/Plugins/Animation/ControlRig/Content/Controls/ControlRig_HalfCircle_3mm.uasset" 552
"../../../Engine/Plugins/Animation/ControlRig/Content/Controls/ControlRig_HalfCircle_3mm.uexp" 553
"../../../Engine/Content/EditorResources/S_Actor.uasset" 554
"../../../Engine/Content/EditorResources/S_Actor.uexp" 555
"../../../Engine/Plugins/Animation/ControlRig/Content/Controls/ControlRig_HalfCircle_solid.uasset" 556
"../../../Engine/Plugins/Animation/ControlRig/Content/Controls/ControlRig_HalfCircle_solid.uexp" 557
"../../../Engine/Plugins/Interchange/Assets/Content/Functions/MX_SubsurfaceBSDF.uasset" 558
"../../../Engine/Plugins/Interchange/Assets/Content/Functions/MX_SubsurfaceBSDF.uexp" 559
"../../../Engine/Plugins/Animation/ControlRig/Content/Controls/ControlRig_Hexagon_1mm.uasset" 560
"../../../Engine/Plugins/Animation/ControlRig/Content/Controls/ControlRig_Hexagon_1mm.uexp" 561
"../../../Engine/Plugins/Interchange/Assets/Content/Functions/MX_Surface.uasset" 562
"../../../Engine/Plugins/Interchange/Assets/Content/Functions/MX_Surface.uexp" 563
"../../../Engine/Plugins/Animation/ControlRig/Content/Controls/ControlRig_Hexagon_3mm.uasset" 564
"../../../Engine/Plugins/Animation/ControlRig/Content/Controls/ControlRig_Hexagon_3mm.uexp" 565
"../../../Engine/Plugins/Interchange/Assets/Content/Functions/MX_SurfaceUnlit.uasset" 566
"../../../Engine/Plugins/Interchange/Assets/Content/Functions/MX_SurfaceUnlit.uexp" 567
"../../../Engine/Plugins/Runtime/HairStrands/Content/Materials/HairCardsDefaultMaterial.uasset" 568
"../../../Engine/Plugins/Runtime/HairStrands/Content/Materials/HairCardsDefaultMaterial.uexp" 569
"../../../Engine/Plugins/Animation/ControlRig/Content/Controls/ControlRig_Hexagon_solid.uasset" 570
"../../../Engine/Plugins/Animation/ControlRig/Content/Controls/ControlRig_Hexagon_solid.uexp" 571
"../../../Engine/Content/Functions/Engine_MaterialFunctions02/Utility/MakeFloat2.uasset" 572
"../../../Engine/Content/Functions/Engine_MaterialFunctions02/Utility/MakeFloat2.uexp" 573
"../../../Engine/Content/EngineMaterials/HairColorMap.uasset" 574
"../../../Engine/Content/EngineMaterials/HairColorMap.uexp" 575
"../../../Engine/Content/EngineMaterials/HairDebugColor.uasset" 576
"../../../Engine/Content/EngineMaterials/HairDebugColor.uexp" 577
"../../../Engine/Plugins/Runtime/HairStrands/Content/Materials/HairGroupColors.uasset" 578
"../../../Engine/Plugins/Runtime/HairStrands/Content/Materials/HairGroupColors.uexp" 579
"../../../Engine/Plugins/Runtime/HairStrands/Content/Materials/HairDebugMaterial.uasset" 580
"../../../Engine/Plugins/Runtime/HairStrands/Content/Materials/HairDebugMaterial.uexp" 581
"../../../Engine/Plugins/Interchange/Assets/Content/Functions/MX_TranslucentBSDF.uasset" 582
"../../../Engine/Plugins/Interchange/Assets/Content/Functions/MX_TranslucentBSDF.uexp" 583
"../../../Engine/Plugins/Animation/ControlRig/Content/Controls/ControlRig_Octagon_1mm.uasset" 584
"../../../Engine/Plugins/Animation/ControlRig/Content/Controls/ControlRig_Octagon_1mm.uexp" 585
"../../../Engine/Plugins/Runtime/HairStrands/Content/Materials/HairDefaultMaterial.uasset" 586
"../../../Engine/Plugins/Runtime/HairStrands/Content/Materials/HairDefaultMaterial.uexp" 587
"../../../Engine/Plugins/Runtime/HairStrands/Content/Materials/HairMeshesDefaultMaterial.uasset" 588
"../../../Engine/Plugins/Runtime/HairStrands/Content/Materials/HairMeshesDefaultMaterial.uexp" 589
"../../../Engine/Plugins/Interchange/Assets/Content/Functions/MX_UniformEDF.uasset" 590
"../../../Engine/Plugins/Interchange/Assets/Content/Functions/MX_UniformEDF.uexp" 591
"../../../Engine/Plugins/Animation/ControlRig/Content/Controls/ControlRig_Octagon_3mm.uasset" 592
"../../../Engine/Plugins/Animation/ControlRig/Content/Controls/ControlRig_Octagon_3mm.uexp" 593
"../../../Engine/Plugins/Interchange/Assets/Content/Functions/MX_UsdPreviewSurface.uasset" 594
"../../../Engine/Plugins/Interchange/Assets/Content/Functions/MX_UsdPreviewSurface.uexp" 595
"../../../Engine/Plugins/Animation/ControlRig/Content/Controls/ControlRig_Octagon_solid.uasset" 596
"../../../Engine/Plugins/Animation/ControlRig/Content/Controls/ControlRig_Octagon_solid.uexp" 597
"../../../Engine/Plugins/Animation/ControlRig/Content/Controls/ControlRig_Pyramid_1mm.uasset" 598
"../../../Engine/Plugins/Animation/ControlRig/Content/Controls/ControlRig_Pyramid_1mm.uexp" 599
"../../../Engine/Content/EngineMaterials/MiniFont.uasset" 600
"../../../Engine/Content/EngineMaterials/MiniFont.uexp" 601
"../../../Engine/Plugins/Animation/ControlRig/Content/Controls/ControlRig_Pyramid_3mm.uasset" 602
"../../../Engine/Plugins/Animation/ControlRig/Content/Controls/ControlRig_Pyramid_3mm.uexp" 603
"../../../Engine/Content/EngineMaterials/InvalidLightmapSettings.uasset" 604
"../../../Engine/Content/EngineMaterials/InvalidLightmapSettings.uexp" 605
"../../../Engine/Content/EngineMaterials/M_InvalidLightmapSettings.uasset" 606
"../../../Engine/Content/EngineMaterials/M_InvalidLightmapSettings.uexp" 607
"../../../Engine/Plugins/Animation/ControlRig/Content/Controls/ControlRig_Pyramid_solid.uasset" 608
"../../../Engine/Plugins/Animation/ControlRig/Content/Controls/ControlRig_Pyramid_solid.uexp" 609
"../../../Engine/Content/EngineMaterials/NaniteHiddenSectionMaterial.uasset" 610
"../../../Engine/Content/EngineMaterials/NaniteHiddenSectionMaterial.uexp" 611
"../../../Engine/Content/EngineMaterials/EnergyConservation/Diffuse_Energy.uasset" 612
"../../../Engine/Content/EngineMaterials/EnergyConservation/Diffuse_Energy.uexp" 613
"../../../Engine/Plugins/Animation/ControlRig/Content/Controls/ControlRig_QuarterCircle_1mm.uasset" 614
"../../../Engine/Plugins/Animation/ControlRig/Content/Controls/ControlRig_QuarterCircle_1mm.uexp" 615
"../../../Engine/Plugins/Animation/ControlRig/Content/Controls/ControlRig_QuarterCircle_3mm.uasset" 616
"../../../Engine/Plugins/Animation/ControlRig/Content/Controls/ControlRig_QuarterCircle_3mm.uexp" 617
"../../../Engine/Content/EngineMaterials/EnergyConservation/GGX_ReflectionEnergy.uasset" 618
"../../../Engine/Content/EngineMaterials/EnergyConservation/GGX_ReflectionEnergy.uexp" 619
"../../../Engine/Plugins/Animation/ControlRig/Content/Controls/ControlRig_QuarterCircle_solid.uasset" 620
"../../../Engine/Plugins/Animation/ControlRig/Content/Controls/ControlRig_QuarterCircle_solid.uexp" 621
"../../../Engine/Plugins/Animation/ControlRig/Content/Controls/ControlRig_RoundedSquare_1mm.uasset" 622
"../../../Engine/Plugins/Animation/ControlRig/Content/Controls/ControlRig_RoundedSquare_1mm.uexp" 623
"../../../Engine/Plugins/Animation/ControlRig/Content/Controls/ControlRig_RoundedSquare_3mm.uasset" 624
"../../../Engine/Plugins/Animation/ControlRig/Content/Controls/ControlRig_RoundedSquare_3mm.uexp" 625
"../../../Engine/Content/EngineMaterials/EnergyConservation/GGX_TransmissionEnergyArray.uasset" 626
"../../../Engine/Content/EngineMaterials/EnergyConservation/GGX_TransmissionEnergyArray.uexp" 627
"../../../Engine/Content/EngineMaterials/PhAT_JointLimitMaterial.uasset" 628
"../../../Engine/Content/EngineMaterials/PhAT_JointLimitMaterial.uexp" 629
"../../../Engine/Plugins/Animation/ControlRig/Content/Controls/ControlRig_RoundedSquare_solid.uasset" 630
"../../../Engine/Plugins/Animation/ControlRig/Content/Controls/ControlRig_RoundedSquare_solid.uexp" 631
"../../../Engine/Content/EngineMaterials/EnergyConservation/SheenLegacy_Energy.uasset" 632
"../../../Engine/Content/EngineMaterials/EnergyConservation/SheenLegacy_Energy.uexp" 633
"../../../Engine/Plugins/Animation/ControlRig/Content/Controls/ControlRig_RoundedTriangle_1mm.uasset" 634
"../../../Engine/Plugins/Animation/ControlRig/Content/Controls/ControlRig_RoundedTriangle_1mm.uexp" 635
"../../../Engine/Content/EngineMaterials/DefaultCalibrationColor.uasset" 636
"../../../Engine/Content/EngineMaterials/DefaultCalibrationColor.uexp" 637
"../../../Engine/Content/EngineMaterials/PPM_DefaultCalibrationColor.uasset" 638
"../../../Engine/Content/EngineMaterials/PPM_DefaultCalibrationColor.uexp" 639
"../../../Engine/Content/EngineMaterials/EnergyConservation/Sheen_Energy.uasset" 640
"../../../Engine/Content/EngineMaterials/EnergyConservation/Sheen_Energy.uexp" 641
"../../../Engine/Content/EngineMaterials/DefaultCalibrationGrayscale.uasset" 642
"../../../Engine/Content/EngineMaterials/DefaultCalibrationGrayscale.uexp" 643
"../../../Engine/Content/EngineMaterials/PPM_DefaultCalibrationGrayscale.uasset" 644
"../../../Engine/Content/EngineMaterials/PPM_DefaultCalibrationGrayscale.uexp" 645
"../../../Engine/Plugins/Animation/ControlRig/Content/Controls/ControlRig_RoundedTriangle_3mm.uasset" 646
"../../../Engine/Plugins/Animation/ControlRig/Content/Controls/ControlRig_RoundedTriangle_3mm.uexp" 647
"../../../Engine/Content/EngineMaterials/LTC/GGX_LTCAmp.uasset" 648
"../../../Engine/Content/EngineMaterials/LTC/GGX_LTCAmp.uexp" 649
"../../../Engine/Plugins/Animation/ControlRig/Content/Controls/ControlRig_RoundedTriangle_solid.uasset" 650
"../../../Engine/Plugins/Animation/ControlRig/Content/Controls/ControlRig_RoundedTriangle_solid.uexp" 651
"../../../Engine/Content/EngineMaterials/LTC/GGX_LTCMat.uasset" 652
"../../../Engine/Content/EngineMaterials/LTC/GGX_LTCMat.uexp" 653
"../../../Engine/Plugins/Animation/ControlRig/Content/Controls/ControlRig_Sphere_1mm.uasset" 654
"../../../Engine/Plugins/Animation/ControlRig/Content/Controls/ControlRig_Sphere_1mm.uexp" 655
"../../../Engine/Content/EngineMaterials/PreintegratedSkinBRDF.uasset" 656
"../../../Engine/Content/EngineMaterials/PreintegratedSkinBRDF.uexp" 657
"../../../Engine/Content/EngineMaterials/LTC/Sheen_LTC.uasset" 658
"../../../Engine/Content/EngineMaterials/LTC/Sheen_LTC.uexp" 659
"../../../Engine/Plugins/Runtime/AudioWidgets/Content/Resources/ScrubHandleDown_Clamped.uasset" 660
"../../../Engine/Plugins/Runtime/AudioWidgets/Content/Resources/ScrubHandleDown_Clamped.uexp" 661
"../../../Engine/Content/EngineMaterials/RemoveSurfaceMaterial.uasset" 662
"../../../Engine/Content/EngineMaterials/RemoveSurfaceMaterial.uexp" 663
"../../../Engine/Content/EngineMaterials/SMAAAreaTex.uasset" 664
"../../../Engine/Content/EngineMaterials/SMAAAreaTex.uexp" 665
"../../../Engine/Content/EngineResources/Development/ZenLogo_64.uasset" 666
"../../../Engine/Content/EngineResources/Development/ZenLogo_64.uexp" 667
"../../../Engine/Content/EngineMaterials/SMAASearchTex.uasset" 668
"../../../Engine/Content/EngineMaterials/SMAASearchTex.uexp" 669
"../../../Engine/Content/EngineResources/FilmGrains/Marcie_Grain_v3_128_M2_000.uasset" 670
"../../../Engine/Content/EngineResources/FilmGrains/Marcie_Grain_v3_128_M2_000.uexp" 671
"../../../Engine/Content/EditorResources/SequenceRecorder/Countdown.uasset" 672
"../../../Engine/Content/EditorResources/SequenceRecorder/Countdown.uexp" 673
"../../../Engine/Content/EditorResources/SequenceRecorder/RecordingIndicator.uasset" 674
"../../../Engine/Content/EditorResources/SequenceRecorder/RecordingIndicator.uexp" 675
"../../../Engine/Content/EditorMaterials/Dataflow/DataflowTwoSidedVertexMaterial.uasset" 676
"../../../Engine/Content/EditorMaterials/Dataflow/DataflowTwoSidedVertexMaterial.uexp" 677
"../../../Engine/Content/EditorMaterials/Dataflow/DataflowVertexMaterial.uasset" 678
"../../../Engine/Content/EditorMaterials/Dataflow/DataflowVertexMaterial.uexp" 679
"../../../Engine/Content/VREditor/TransformGizmo/BoundingBoxCorner.uasset" 680
"../../../Engine/Content/VREditor/TransformGizmo/BoundingBoxCorner.uexp" 681
"../../../Engine/Content/VREditor/TransformGizmo/BoundingBoxEdge.uasset" 682
"../../../Engine/Content/VREditor/TransformGizmo/BoundingBoxEdge.uexp" 683
"../../../Engine/Content/Functions/Engine_MaterialFunctions01/Texturing/FlattenNormal.uasset" 684
"../../../Engine/Content/Functions/Engine_MaterialFunctions01/Texturing/FlattenNormal.uexp" 685
"../../../Engine/Plugins/Interchange/Assets/Content/Utilities/New_LUT.uasset" 686
"../../../Engine/Plugins/Interchange/Assets/Content/Utilities/New_LUT.uexp" 687
"../../../Engine/Content/Functions/Engine_MaterialFunctions03/Math/RemapValueRange.uasset" 688
"../../../Engine/Content/Functions/Engine_MaterialFunctions03/Math/RemapValueRange.uexp" 689
"../../../Engine/Plugins/Interchange/Assets/Content/Functions/MF_Iridescence.uasset" 690
"../../../Engine/Plugins/Interchange/Assets/Content/Functions/MF_Iridescence.uexp" 691
"../../../Engine/Plugins/Interchange/Assets/Content/gltf/Textures/T_White_srgb.uasset" 692
"../../../Engine/Plugins/Interchange/Assets/Content/gltf/Textures/T_White_srgb.uexp" 693
"../../../Engine/Plugins/Interchange/Assets/Content/gltf/MaterialFunctions/MF_BaseColor.uasset" 694
"../../../Engine/Plugins/Interchange/Assets/Content/gltf/MaterialFunctions/MF_BaseColor.uexp" 695
"../../../Engine/Plugins/Interchange/Assets/Content/gltf/MaterialFunctions/MF_RotateNormals_TS.uasset" 696
"../../../Engine/Plugins/Interchange/Assets/Content/gltf/MaterialFunctions/MF_RotateNormals_TS.uexp" 697
"../../../Engine/Plugins/Interchange/Assets/Content/gltf/Textures/T_Generic_N.uasset" 698
"../../../Engine/Plugins/Interchange/Assets/Content/gltf/Textures/T_Generic_N.uexp" 699
"../../../Engine/Plugins/Interchange/Assets/Content/gltf/Textures/T_White_Linear.uasset" 700
"../../../Engine/Plugins/Interchange/Assets/Content/gltf/Textures/T_White_Linear.uexp" 701
"../../../Engine/Plugins/Interchange/Assets/Content/gltf/MaterialFunctions/MF_Clearcoat.uasset" 702
"../../../Engine/Plugins/Interchange/Assets/Content/gltf/MaterialFunctions/MF_Clearcoat.uexp" 703
"../../../Engine/Plugins/Interchange/Assets/Content/gltf/MaterialFunctions/MF_Emissive.uasset" 704
"../../../Engine/Plugins/Interchange/Assets/Content/gltf/MaterialFunctions/MF_Emissive.uexp" 705
"../../../Engine/Plugins/Interchange/Assets/Content/gltf/MaterialFunctions/MF_IOR.uasset" 706
"../../../Engine/Plugins/Interchange/Assets/Content/gltf/MaterialFunctions/MF_IOR.uexp" 707
"../../../Engine/Plugins/Interchange/Assets/Content/gltf/MaterialFunctions/MF_Iridescence.uasset" 708
"../../../Engine/Plugins/Interchange/Assets/Content/gltf/MaterialFunctions/MF_Iridescence.uexp" 709
"../../../Engine/Plugins/Interchange/Assets/Content/gltf/MaterialFunctions/MF_MetallicRoughness.uasset" 710
"../../../Engine/Plugins/Interchange/Assets/Content/gltf/MaterialFunctions/MF_MetallicRoughness.uexp" 711
"../../../Engine/Plugins/Interchange/Assets/Content/gltf/MaterialFunctions/MF_ScaleNormal.uasset" 712
"../../../Engine/Plugins/Interchange/Assets/Content/gltf/MaterialFunctions/MF_ScaleNormal.uexp" 713
"../../../Engine/Plugins/Interchange/Assets/Content/gltf/MaterialFunctions/MF_Normals.uasset" 714
"../../../Engine/Plugins/Interchange/Assets/Content/gltf/MaterialFunctions/MF_Normals.uexp" 715
"../../../Engine/Plugins/Interchange/Assets/Content/gltf/MaterialFunctions/MF_Occlusion.uasset" 716
"../../../Engine/Plugins/Interchange/Assets/Content/gltf/MaterialFunctions/MF_Occlusion.uexp" 717
"../../../Engine/Plugins/Interchange/Assets/Content/gltf/MaterialFunctions/MF_Specular.uasset" 718
"../../../Engine/Plugins/Interchange/Assets/Content/gltf/MaterialFunctions/MF_Specular.uexp" 719
"../../../Engine/Plugins/Interchange/Assets/Content/gltf/Textures/T_Anisotropy_Direction_Linear.uasset" 720
"../../../Engine/Plugins/Interchange/Assets/Content/gltf/Textures/T_Anisotropy_Direction_Linear.uexp" 721
"../../../Engine/Plugins/Interchange/Assets/Content/gltf/MaterialFunctions/MF_SpecularAnisotropy.uasset" 722
"../../../Engine/Plugins/Interchange/Assets/Content/gltf/MaterialFunctions/MF_SpecularAnisotropy.uexp" 723
"../../../Engine/Plugins/Interchange/Assets/Content/gltf/MaterialFunctions/MF_RotateV2.uasset" 724
"../../../Engine/Plugins/Interchange/Assets/Content/gltf/MaterialFunctions/MF_RotateV2.uexp" 725
"../../../Engine/Plugins/Interchange/Assets/Content/gltf/MaterialFunctions/MF_TransformUVs.uasset" 726
"../../../Engine/Plugins/Interchange/Assets/Content/gltf/MaterialFunctions/MF_TransformUVs.uexp" 727
"../../../Engine/Plugins/Interchange/Assets/Content/gltf/MaterialBodies/MF_ClearCoat_Body.uasset" 728
"../../../Engine/Plugins/Interchange/Assets/Content/gltf/MaterialBodies/MF_ClearCoat_Body.uexp" 729
"../../../Engine/Plugins/Interchange/Assets/Content/gltf/M_ClearCoat.uasset" 730
"../../../Engine/Plugins/Interchange/Assets/Content/gltf/M_ClearCoat.uexp" 731
"../../../Engine/Plugins/Interchange/Assets/Content/gltf/MaterialInstances/MI_ClearCoat_Blend.uasset" 732
"../../../Engine/Plugins/Interchange/Assets/Content/gltf/MaterialInstances/MI_ClearCoat_Blend.uexp" 733
"../../../Engine/Plugins/Interchange/Assets/Content/gltf/MaterialInstances/MI_ClearCoat_Blend_DS.uasset" 734
"../../../Engine/Plugins/Interchange/Assets/Content/gltf/MaterialInstances/MI_ClearCoat_Blend_DS.uexp" 735
"../../../Engine/Plugins/Interchange/Assets/Content/gltf/MaterialInstances/MI_ClearCoat_Mask.uasset" 736
"../../../Engine/Plugins/Interchange/Assets/Content/gltf/MaterialInstances/MI_ClearCoat_Mask.uexp" 737
"../../../Engine/Plugins/Interchange/Assets/Content/gltf/MaterialInstances/MI_ClearCoat_Mask_DS.uasset" 738
"../../../Engine/Plugins/Interchange/Assets/Content/gltf/MaterialInstances/MI_ClearCoat_Mask_DS.uexp" 739
"../../../Engine/Plugins/Interchange/Assets/Content/gltf/MaterialInstances/MI_ClearCoat_Opaque.uasset" 740
"../../../Engine/Plugins/Interchange/Assets/Content/gltf/MaterialInstances/MI_ClearCoat_Opaque.uexp" 741
"../../../Engine/Plugins/Interchange/Assets/Content/gltf/MaterialInstances/MI_ClearCoat_Opaque_DS.uasset" 742
"../../../Engine/Plugins/Interchange/Assets/Content/gltf/MaterialInstances/MI_ClearCoat_Opaque_DS.uexp" 743
"../../../Engine/Plugins/Interchange/Assets/Content/gltf/MaterialBodies/MF_Default_Body.uasset" 744
"../../../Engine/Plugins/Interchange/Assets/Content/gltf/MaterialBodies/MF_Default_Body.uexp" 745
"../../../Engine/Plugins/Interchange/Assets/Content/gltf/M_Default.uasset" 746
"../../../Engine/Plugins/Interchange/Assets/Content/gltf/M_Default.uexp" 747
"../../../Engine/Plugins/Interchange/Assets/Content/gltf/MaterialInstances/MI_Default_Blend.uasset" 748
"../../../Engine/Plugins/Interchange/Assets/Content/gltf/MaterialInstances/MI_Default_Blend.uexp" 749
"../../../Engine/Plugins/Interchange/Assets/Content/gltf/MaterialInstances/MI_Default_Mask.uasset" 750
"../../../Engine/Plugins/Interchange/Assets/Content/gltf/MaterialInstances/MI_Default_Mask.uexp" 751
"../../../Engine/Plugins/Interchange/Assets/Content/gltf/MaterialInstances/MI_Default_Mask_DS.uasset" 752
"../../../Engine/Plugins/Interchange/Assets/Content/gltf/MaterialInstances/MI_Default_Mask_DS.uexp" 753
"../../../Engine/Plugins/Interchange/Assets/Content/gltf/MaterialInstances/MI_Default_Opaque.uasset" 754
"../../../Engine/Plugins/Interchange/Assets/Content/gltf/MaterialInstances/MI_Default_Opaque.uexp" 755
"../../../Engine/Plugins/Interchange/Assets/Content/gltf/MaterialFunctions/MF_Sheen.uasset" 756
"../../../Engine/Plugins/Interchange/Assets/Content/gltf/MaterialFunctions/MF_Sheen.uexp" 757
"../../../Engine/Plugins/Interchange/Assets/Content/gltf/MaterialBodies/MF_Sheen_Body.uasset" 758
"../../../Engine/Plugins/Interchange/Assets/Content/gltf/MaterialBodies/MF_Sheen_Body.uexp" 759
"../../../Engine/Plugins/Interchange/Assets/Content/gltf/M_Sheen.uasset" 760
"../../../Engine/Plugins/Interchange/Assets/Content/gltf/M_Sheen.uexp" 761
"../../../Engine/Plugins/Interchange/Assets/Content/gltf/MaterialInstances/MI_Sheen_Blend.uasset" 762
"../../../Engine/Plugins/Interchange/Assets/Content/gltf/MaterialInstances/MI_Sheen_Blend.uexp" 763
"../../../Engine/Plugins/Interchange/Assets/Content/gltf/MaterialInstances/MI_Sheen_Blend_DS.uasset" 764
"../../../Engine/Plugins/Interchange/Assets/Content/gltf/MaterialInstances/MI_Sheen_Blend_DS.uexp" 765
"../../../Engine/Content/EngineMaterials/Substrate/GLints/AGlintTex2dArray.uasset" 766
"../../../Engine/Content/EngineMaterials/Substrate/GLints/AGlintTex2dArray.uexp" 767
"../../../Engine/Plugins/Interchange/Assets/Content/gltf/MaterialInstances/MI_Sheen_Mask.uasset" 768
"../../../Engine/Plugins/Interchange/Assets/Content/gltf/MaterialInstances/MI_Sheen_Mask.uexp" 769
"../../../Engine/Plugins/Interchange/Assets/Content/gltf/MaterialInstances/MI_Sheen_Mask_DS.uasset" 770
"../../../Engine/Plugins/Interchange/Assets/Content/gltf/MaterialInstances/MI_Sheen_Mask_DS.uexp" 771
"../../../Engine/Plugins/Interchange/Assets/Content/gltf/MaterialInstances/MI_Sheen_Opaque.uasset" 772
"../../../Engine/Plugins/Interchange/Assets/Content/gltf/MaterialInstances/MI_Sheen_Opaque.uexp" 773
"../../../Engine/Plugins/Interchange/Assets/Content/gltf/MaterialInstances/MI_Sheen_Opaque_DS.uasset" 774
"../../../Engine/Plugins/Interchange/Assets/Content/gltf/MaterialInstances/MI_Sheen_Opaque_DS.uexp" 775
"../../../Engine/Plugins/Interchange/Assets/Content/gltf/MaterialFunctions/MF_DiffuseSpecGloss.uasset" 776
"../../../Engine/Plugins/Interchange/Assets/Content/gltf/MaterialFunctions/MF_DiffuseSpecGloss.uexp" 777
"../../../Engine/Plugins/Interchange/Assets/Content/gltf/MaterialFunctions/MF_MaxComponentValue.uasset" 778
"../../../Engine/Plugins/Interchange/Assets/Content/gltf/MaterialFunctions/MF_MaxComponentValue.uexp" 779
"../../../Engine/Content/Functions/Engine_MaterialFunctions02/Math/AddComponents.uasset" 780
"../../../Engine/Content/Functions/Engine_MaterialFunctions02/Math/AddComponents.uexp" 781
"../../../Engine/Plugins/Interchange/Assets/Content/gltf/MaterialFunctions/MF_PerceivedBrightness.uasset" 782
"../../../Engine/Plugins/Interchange/Assets/Content/gltf/MaterialFunctions/MF_PerceivedBrightness.uexp" 783
"../../../Engine/Plugins/Interchange/Assets/Content/gltf/MaterialFunctions/MF_SpecGlossToMetalRoughness.uasset" 784
"../../../Engine/Plugins/Interchange/Assets/Content/gltf/MaterialFunctions/MF_SpecGlossToMetalRoughness.uexp" 785
"../../../Engine/Plugins/Interchange/Assets/Content/gltf/MaterialBodies/MF_SpecularGlossiness_Body.uasset" 786
"../../../Engine/Plugins/Interchange/Assets/Content/gltf/MaterialBodies/MF_SpecularGlossiness_Body.uexp" 787
"../../../Engine/Plugins/Interchange/Assets/Content/gltf/M_SpecularGlossiness.uasset" 788
"../../../Engine/Plugins/Interchange/Assets/Content/gltf/M_SpecularGlossiness.uexp" 789
"../../../Engine/Plugins/Interchange/Assets/Content/gltf/MaterialInstances/MI_SpecularGlossiness_Blend.uasset" 790
"../../../Engine/Plugins/Interchange/Assets/Content/gltf/MaterialInstances/MI_SpecularGlossiness_Blend.uexp" 791
"../../../Engine/Plugins/Interchange/Assets/Content/gltf/MaterialInstances/MI_SpecularGlossiness_Blend_DS.uasset" 792
"../../../Engine/Plugins/Interchange/Assets/Content/gltf/MaterialInstances/MI_SpecularGlossiness_Blend_DS.uexp" 793
"../../../Engine/Plugins/Interchange/Assets/Content/gltf/MaterialInstances/MI_SpecularGlossiness_Mask.uasset" 794
"../../../Engine/Plugins/Interchange/Assets/Content/gltf/MaterialInstances/MI_SpecularGlossiness_Mask.uexp" 795
"../../../Engine/Plugins/Interchange/Assets/Content/gltf/MaterialInstances/MI_SpecularGlossiness_Mask_DS.uasset" 796
"../../../Engine/Plugins/Interchange/Assets/Content/gltf/MaterialInstances/MI_SpecularGlossiness_Mask_DS.uexp" 797
"../../../Engine/Plugins/Interchange/Assets/Content/gltf/MaterialInstances/MI_SpecularGlossiness_Opaque.uasset" 798
"../../../Engine/Plugins/Interchange/Assets/Content/gltf/MaterialInstances/MI_SpecularGlossiness_Opaque.uexp" 799
"../../../Engine/Plugins/Interchange/Assets/Content/gltf/MaterialInstances/MI_SpecularGlossiness_Opaque_DS.uasset" 800
"../../../Engine/Plugins/Interchange/Assets/Content/gltf/MaterialInstances/MI_SpecularGlossiness_Opaque_DS.uexp" 801
"../../../Engine/Content/EngineMaterials/Good64x64TilingNoiseHighFreq.uasset" 802
"../../../Engine/Content/EngineMaterials/Good64x64TilingNoiseHighFreq.uexp" 803
"../../../Engine/Content/Functions/Engine_MaterialFunctions02/Texturing/ScreenAlignedPixelToPixelUVs.uasset" 804
"../../../Engine/Content/Functions/Engine_MaterialFunctions02/Texturing/ScreenAlignedPixelToPixelUVs.uexp" 805
"../../../Engine/Plugins/Interchange/Assets/Content/gltf/MaterialFunctions/MF_Fresnel_DS.uasset" 806
"../../../Engine/Plugins/Interchange/Assets/Content/gltf/MaterialFunctions/MF_Fresnel_DS.uexp" 807
"../../../Engine/Plugins/Interchange/Assets/Content/gltf/MaterialFunctions/MF_Temporal_Blur.uasset" 808
"../../../Engine/Plugins/Interchange/Assets/Content/gltf/MaterialFunctions/MF_Temporal_Blur.uexp" 809
"../../../Engine/Plugins/Interchange/Assets/Content/gltf/MaterialFunctions/MF_Transmission.uasset" 810
"../../../Engine/Plugins/Interchange/Assets/Content/gltf/MaterialFunctions/MF_Transmission.uexp" 811
"../../../Engine/Plugins/Interchange/Assets/Content/gltf/MaterialBodies/MF_Transmission_Body.uasset" 812
"../../../Engine/Plugins/Interchange/Assets/Content/gltf/MaterialBodies/MF_Transmission_Body.uexp" 813
"../../../Engine/Plugins/Interchange/Assets/Content/gltf/M_Transmission.uasset" 814
"../../../Engine/Plugins/Interchange/Assets/Content/gltf/M_Transmission.uexp" 815
"../../../Engine/Plugins/Interchange/Assets/Content/gltf/MaterialInstances/MI_Transmission.uasset" 816
"../../../Engine/Plugins/Interchange/Assets/Content/gltf/MaterialInstances/MI_Transmission.uexp" 817
"../../../Engine/Plugins/Interchange/Assets/Content/gltf/MaterialInstances/MI_Transmission_DS.uasset" 818
"../../../Engine/Plugins/Interchange/Assets/Content/gltf/MaterialInstances/MI_Transmission_DS.uexp" 819
"../../../Engine/Plugins/Interchange/Assets/Content/gltf/MaterialBodies/MF_Unlit_Body.uasset" 820
"../../../Engine/Plugins/Interchange/Assets/Content/gltf/MaterialBodies/MF_Unlit_Body.uexp" 821
"../../../Engine/Plugins/Interchange/Assets/Content/gltf/M_Unlit.uasset" 822
"../../../Engine/Plugins/Interchange/Assets/Content/gltf/M_Unlit.uexp" 823
"../../../Engine/Plugins/Interchange/Assets/Content/gltf/MaterialInstances/MI_Unlit_Blend.uasset" 824
"../../../Engine/Plugins/Interchange/Assets/Content/gltf/MaterialInstances/MI_Unlit_Blend.uexp" 825
"../../../Engine/Plugins/Interchange/Assets/Content/gltf/MaterialInstances/MI_Unlit_Blend_DS.uasset" 826
"../../../Engine/Plugins/Interchange/Assets/Content/gltf/MaterialInstances/MI_Unlit_Blend_DS.uexp" 827
"../../../Engine/Plugins/Interchange/Assets/Content/gltf/MaterialInstances/MI_Unlit_Mask.uasset" 828
"../../../Engine/Plugins/Interchange/Assets/Content/gltf/MaterialInstances/MI_Unlit_Mask.uexp" 829
"../../../Engine/Plugins/Interchange/Assets/Content/gltf/MaterialInstances/MI_Unlit_Mask_DS.uasset" 830
"../../../Engine/Plugins/Interchange/Assets/Content/gltf/MaterialInstances/MI_Unlit_Mask_DS.uexp" 831
"../../../Engine/Plugins/Interchange/Assets/Content/gltf/MaterialInstances/MI_Unlit_Opaque.uasset" 832
"../../../Engine/Plugins/Interchange/Assets/Content/gltf/MaterialInstances/MI_Unlit_Opaque.uexp" 833
"../../../Engine/Plugins/Interchange/Assets/Content/gltf/MaterialInstances/MI_Unlit_Opaque_DS.uasset" 834
"../../../Engine/Plugins/Interchange/Assets/Content/gltf/MaterialInstances/MI_Unlit_Opaque_DS.uexp" 835
"../../../Engine/Content/ArtTools/RenderToTexture/Meshes/S_1_Unit_Plane.uasset" 836
"../../../Engine/Content/ArtTools/RenderToTexture/Meshes/S_1_Unit_Plane.uexp" 837
"../../../Engine/Content/EngineMaterials/Substrate/Glints2/AGlintTex2dArray2.uasset" 838
"../../../Engine/Content/EngineMaterials/Substrate/Glints2/AGlintTex2dArray2.uexp" 839
"../../../Engine/Content/EngineMaterials/Substrate/Volume/SubstrateSimpleVolumeEnvLUT3D.uasset" 840
"../../../Engine/Content/EngineMaterials/Substrate/Volume/SubstrateSimpleVolumeEnvLUT3D.uexp" 841
"../../../Engine/Content/EngineMaterials/Substrate/Volume/SubstrateSimpleVolumeLUT3D.uasset" 842
"../../../Engine/Content/EngineMaterials/Substrate/Volume/SubstrateSimpleVolumeLUT3D.uexp" 843
"../../../Engine/Content/Functions/Engine_MaterialFunctions01/Shading/ConvertFromDiffSpec.uasset" 844
"../../../Engine/Content/Functions/Engine_MaterialFunctions01/Shading/ConvertFromDiffSpec.uexp" 845
"../../../Engine/Content/Functions/Engine_MaterialFunctions01/Shading/PowerToRoughness.uasset" 846
"../../../Engine/Content/Functions/Engine_MaterialFunctions01/Shading/PowerToRoughness.uexp" 847
"E:/Uni_Work/Unreal-Zombie-Shooter/Zombie_Shooter/Content/ParagonWraith/Characters/Heroes/Wraith/Meshes/Wraith_Skeleton.uasset" 848
"E:/Uni_Work/Unreal-Zombie-Shooter/Zombie_Shooter/Content/ParagonWraith/Characters/Heroes/Wraith/Meshes/Wraith_Skeleton.uexp" 849
"E:/Uni_Work/Unreal-Zombie-Shooter/Zombie_Shooter/Content/ParagonWraith/Characters/Heroes/Wraith/Meshes/WraithBasePreviewMeshCollection.uasset" 850
"E:/Uni_Work/Unreal-Zombie-Shooter/Zombie_Shooter/Content/ParagonWraith/Characters/Heroes/Wraith/Meshes/WraithBasePreviewMeshCollection.uexp" 851
"../../../Engine/Content/EngineMaterials/DefaultPhysicalMaterial.uasset" 852
"../../../Engine/Content/EngineMaterials/DefaultPhysicalMaterial.uexp" 853
"E:/Uni_Work/Unreal-Zombie-Shooter/Zombie_Shooter/Content/GameContent/Input/Actions/IA_LeftClick.uasset" 854
"E:/Uni_Work/Unreal-Zombie-Shooter/Zombie_Shooter/Content/GameContent/Input/Actions/IA_LeftClick.uexp" 855
"E:/Uni_Work/Unreal-Zombie-Shooter/Zombie_Shooter/Content/GameContent/Input/Actions/IA_MouseX.uasset" 856
"E:/Uni_Work/Unreal-Zombie-Shooter/Zombie_Shooter/Content/GameContent/Input/Actions/IA_MouseX.uexp" 857
"E:/Uni_Work/Unreal-Zombie-Shooter/Zombie_Shooter/Content/GameContent/Input/Actions/IA_MouseY.uasset" 858
"E:/Uni_Work/Unreal-Zombie-Shooter/Zombie_Shooter/Content/GameContent/Input/Actions/IA_MouseY.uexp" 859
"E:/Uni_Work/Unreal-Zombie-Shooter/Zombie_Shooter/Content/GameContent/Input/Actions/IA_MoveForward.uasset" 860
"E:/Uni_Work/Unreal-Zombie-Shooter/Zombie_Shooter/Content/GameContent/Input/Actions/IA_MoveForward.uexp" 861
"E:/Uni_Work/Unreal-Zombie-Shooter/Zombie_Shooter/Content/GameContent/Input/Actions/IA_MoveRight.uasset" 862
"E:/Uni_Work/Unreal-Zombie-Shooter/Zombie_Shooter/Content/GameContent/Input/Actions/IA_MoveRight.uexp" 863
"E:/Uni_Work/Unreal-Zombie-Shooter/Zombie_Shooter/Content/GameContent/Input/Actions/IA_Jump.uasset" 864
"E:/Uni_Work/Unreal-Zombie-Shooter/Zombie_Shooter/Content/GameContent/Input/Actions/IA_Jump.uexp" 865
"E:/Uni_Work/Unreal-Zombie-Shooter/Zombie_Shooter/Content/GameContent/Input/IMC_Survivor.uasset" 866
"E:/Uni_Work/Unreal-Zombie-Shooter/Zombie_Shooter/Content/GameContent/Input/IMC_Survivor.uexp" 867
"E:/Uni_Work/Unreal-Zombie-Shooter/Zombie_Shooter/Content/GameContent/AnimNotifies/AN_EventNotify.uasset" 868
"E:/Uni_Work/Unreal-Zombie-Shooter/Zombie_Shooter/Content/GameContent/AnimNotifies/AN_EventNotify.uexp" 869
"E:/Uni_Work/Unreal-Zombie-Shooter/Zombie_Shooter/Content/ParagonWraith/Characters/Heroes/Wraith/Animations/Death_Forward.uasset" 870
"E:/Uni_Work/Unreal-Zombie-Shooter/Zombie_Shooter/Content/ParagonWraith/Characters/Heroes/Wraith/Animations/Death_Forward.uexp" 871
"E:/Uni_Work/Unreal-Zombie-Shooter/Zombie_Shooter/Content/GameContent/Player/Animations/AM_PlayerForwardDeath.uasset" 872
"E:/Uni_Work/Unreal-Zombie-Shooter/Zombie_Shooter/Content/GameContent/Player/Animations/AM_PlayerForwardDeath.uexp" 873
"E:/Uni_Work/Unreal-Zombie-Shooter/Zombie_Shooter/Content/GameContent/GameAbilities/GA_PlayerDeath.uasset" 874
"E:/Uni_Work/Unreal-Zombie-Shooter/Zombie_Shooter/Content/GameContent/GameAbilities/GA_PlayerDeath.uexp" 875
"E:/Uni_Work/Unreal-Zombie-Shooter/Zombie_Shooter/Content/ParagonWraith/Characters/Heroes/Wraith/Animations/Jump_Apex.uasset" 876
"E:/Uni_Work/Unreal-Zombie-Shooter/Zombie_Shooter/Content/ParagonWraith/Characters/Heroes/Wraith/Animations/Jump_Apex.uexp" 877
"E:/Uni_Work/Unreal-Zombie-Shooter/Zombie_Shooter/Content/ParagonWraith/Characters/Heroes/Wraith/Animations/Jump_Land.uasset" 878
"E:/Uni_Work/Unreal-Zombie-Shooter/Zombie_Shooter/Content/ParagonWraith/Characters/Heroes/Wraith/Animations/Jump_Land.uexp" 879
"E:/Uni_Work/Unreal-Zombie-Shooter/Zombie_Shooter/Content/ParagonWraith/Characters/Heroes/Wraith/Animations/Jump_Start.uasset" 880
"E:/Uni_Work/Unreal-Zombie-Shooter/Zombie_Shooter/Content/ParagonWraith/Characters/Heroes/Wraith/Animations/Jump_Start.uexp" 881
"E:/Uni_Work/Unreal-Zombie-Shooter/Zombie_Shooter/Content/ParagonWraith/Characters/Heroes/Wraith/Animations/Jog_Fwd.uasset" 882
"E:/Uni_Work/Unreal-Zombie-Shooter/Zombie_Shooter/Content/ParagonWraith/Characters/Heroes/Wraith/Animations/Jog_Fwd.uexp" 883
"E:/Uni_Work/Unreal-Zombie-Shooter/Zombie_Shooter/Content/ParagonWraith/Characters/Heroes/Wraith/Animations/Locomotion_Combat/Idle_Combat.uasset" 884
"E:/Uni_Work/Unreal-Zombie-Shooter/Zombie_Shooter/Content/ParagonWraith/Characters/Heroes/Wraith/Animations/Locomotion_Combat/Idle_Combat.uexp" 885
"E:/Uni_Work/Unreal-Zombie-Shooter/Zombie_Shooter/Content/ParagonWraith/Characters/Heroes/Wraith/Animations/Jog_Bwd.uasset" 886
"E:/Uni_Work/Unreal-Zombie-Shooter/Zombie_Shooter/Content/ParagonWraith/Characters/Heroes/Wraith/Animations/Jog_Bwd.uexp" 887
"E:/Uni_Work/Unreal-Zombie-Shooter/Zombie_Shooter/Content/ParagonWraith/Characters/Heroes/Wraith/Animations/Jog_Left.uasset" 888
"E:/Uni_Work/Unreal-Zombie-Shooter/Zombie_Shooter/Content/ParagonWraith/Characters/Heroes/Wraith/Animations/Jog_Left.uexp" 889
"E:/Uni_Work/Unreal-Zombie-Shooter/Zombie_Shooter/Content/ParagonWraith/Characters/Heroes/Wraith/Animations/Jog_Right.uasset" 890
"E:/Uni_Work/Unreal-Zombie-Shooter/Zombie_Shooter/Content/ParagonWraith/Characters/Heroes/Wraith/Animations/Jog_Right.uexp" 891
"E:/Uni_Work/Unreal-Zombie-Shooter/Zombie_Shooter/Content/GameContent/Player/Animations/BS_IdleRun.uasset" 892
"E:/Uni_Work/Unreal-Zombie-Shooter/Zombie_Shooter/Content/GameContent/Player/Animations/BS_IdleRun.uexp" 893
"E:/Uni_Work/Unreal-Zombie-Shooter/Zombie_Shooter/Content/GameContent/Player/ABP_SurvivorAnimBlueprint.uasset" 894
"E:/Uni_Work/Unreal-Zombie-Shooter/Zombie_Shooter/Content/GameContent/Player/ABP_SurvivorAnimBlueprint.uexp" 895
"E:/Uni_Work/Unreal-Zombie-Shooter/Zombie_Shooter/Content/GameContent/AttributeSets/PlayerAttributes/GE_PlayerPrimaryAttributes.uasset" 896
"E:/Uni_Work/Unreal-Zombie-Shooter/Zombie_Shooter/Content/GameContent/AttributeSets/PlayerAttributes/GE_PlayerPrimaryAttributes.uexp" 897
"E:/Uni_Work/Unreal-Zombie-Shooter/Zombie_Shooter/Content/GameContent/AttributeSets/PlayerAttributes/GE_PlayerVitalAttributes.uasset" 898
"E:/Uni_Work/Unreal-Zombie-Shooter/Zombie_Shooter/Content/GameContent/AttributeSets/PlayerAttributes/GE_PlayerVitalAttributes.uexp" 899
"E:/Uni_Work/Unreal-Zombie-Shooter/Zombie_Shooter/Content/GameContent/GameplayEffects/GE_GunDamage.uasset" 900
"E:/Uni_Work/Unreal-Zombie-Shooter/Zombie_Shooter/Content/GameContent/GameplayEffects/GE_GunDamage.uexp" 901
"E:/Uni_Work/Unreal-Zombie-Shooter/Zombie_Shooter/Content/GameContent/EffectData/DamageData/CT_PlayerGunDamage.uasset" 902
"E:/Uni_Work/Unreal-Zombie-Shooter/Zombie_Shooter/Content/GameContent/EffectData/DamageData/CT_PlayerGunDamage.uexp" 903
"E:/Uni_Work/Unreal-Zombie-Shooter/Zombie_Shooter/Content/ParagonWraith/Characters/Heroes/Wraith/Animations/Fire_A_Fast_V1.uasset" 904
"E:/Uni_Work/Unreal-Zombie-Shooter/Zombie_Shooter/Content/ParagonWraith/Characters/Heroes/Wraith/Animations/Fire_A_Fast_V1.uexp" 905
"E:/Uni_Work/Unreal-Zombie-Shooter/Zombie_Shooter/Content/GameContent/Player/Animations/AM_FastShoot.uasset" 906
"E:/Uni_Work/Unreal-Zombie-Shooter/Zombie_Shooter/Content/GameContent/Player/Animations/AM_FastShoot.uexp" 907
"E:/Uni_Work/Unreal-Zombie-Shooter/Zombie_Shooter/Content/GameContent/GameAbilities/PlayerAbilities/GA_PlayerShoot.uasset" 908
"E:/Uni_Work/Unreal-Zombie-Shooter/Zombie_Shooter/Content/GameContent/GameAbilities/PlayerAbilities/GA_PlayerShoot.uexp" 909
"../../../Engine/Content/Functions/Engine_MaterialFunctions02/Utility/DitherTemporalAA.uasset" 910
"../../../Engine/Content/Functions/Engine_MaterialFunctions02/Utility/DitherTemporalAA.uexp" 911
"../../../Engine/Content/Functions/Engine_MaterialFunctions01/Gradient/LinearGradient.uasset" 912
"../../../Engine/Content/Functions/Engine_MaterialFunctions01/Gradient/LinearGradient.uexp" 913
"../../../Engine/Content/Functions/Engine_MaterialFunctions01/ImageAdjustment/CheapContrast.uasset" 914
"../../../Engine/Content/Functions/Engine_MaterialFunctions01/ImageAdjustment/CheapContrast.uexp" 915
"../../../Engine/Content/Functions/Engine_MaterialFunctions01/Texturing/WorldAlignedTexture.uasset" 916
"../../../Engine/Content/Functions/Engine_MaterialFunctions01/Texturing/WorldAlignedTexture.uexp" 917
"../../../Engine/Content/Functions/MaterialLayerFunctions/MatLayerBlend_BakedNormal.uasset" 918
"../../../Engine/Content/Functions/MaterialLayerFunctions/MatLayerBlend_BakedNormal.uexp" 919
"../../../Engine/Content/Functions/MaterialLayerFunctions/MatLayerBlend_OverrideBaseColor.uasset" 920
"../../../Engine/Content/Functions/MaterialLayerFunctions/MatLayerBlend_OverrideBaseColor.uexp" 921
"../../../Engine/Content/Functions/MaterialLayerFunctions/MatLayerBlend_BreakBaseColor.uasset" 922
"../../../Engine/Content/Functions/MaterialLayerFunctions/MatLayerBlend_BreakBaseColor.uexp" 923
"../../../Engine/Content/Functions/MaterialLayerFunctions/MatLayerBlend_Emissive.uasset" 924
"../../../Engine/Content/Functions/MaterialLayerFunctions/MatLayerBlend_Emissive.uexp" 925
"../../../Engine/Content/Functions/MaterialLayerFunctions/MatLayerBlend_ModulateRoughness.uasset" 926
"../../../Engine/Content/Functions/MaterialLayerFunctions/MatLayerBlend_ModulateRoughness.uexp" 927
"../../../Engine/Content/Functions/MaterialLayerFunctions/MatLayerBlend_Standard.uasset" 928
"../../../Engine/Content/Functions/MaterialLayerFunctions/MatLayerBlend_Standard.uexp" 929
"../../../Engine/Content/Functions/MaterialLayerFunctions/MatLayerBlend_TenLayerBlend.uasset" 930
"../../../Engine/Content/Functions/MaterialLayerFunctions/MatLayerBlend_TenLayerBlend.uexp" 931
"../../../Engine/Content/Functions/MaterialLayerFunctions/MatLayerBlend_Tint.uasset" 932
"../../../Engine/Content/Functions/MaterialLayerFunctions/MatLayerBlend_Tint.uexp" 933
"../../../Engine/Content/Functions/Engine_MaterialFunctions01/Shading/MetallicShading.uasset" 934
"../../../Engine/Content/Functions/Engine_MaterialFunctions01/Shading/MetallicShading.uexp" 935
"../../../Engine/Content/Functions/Engine_MaterialFunctions03/Blends/Lerp_ScratchGrime.uasset" 936
"../../../Engine/Content/Functions/Engine_MaterialFunctions03/Blends/Lerp_ScratchGrime.uexp" 937
"E:/Uni_Work/Unreal-Zombie-Shooter/Zombie_Shooter/Content/ParagonWraith/Characters/Global/MaterialFunctions/MF_BrightnessAdjust.uasset" 938
"E:/Uni_Work/Unreal-Zombie-Shooter/Zombie_Shooter/Content/ParagonWraith/Characters/Global/MaterialFunctions/MF_BrightnessAdjust.uexp" 939
"E:/Uni_Work/Unreal-Zombie-Shooter/Zombie_Shooter/Content/ParagonWraith/Characters/Global/MaterialFunctions/Textures/T_AtmosphericCloudNoise01.uasset" 940
"E:/Uni_Work/Unreal-Zombie-Shooter/Zombie_Shooter/Content/ParagonWraith/Characters/Global/MaterialFunctions/Textures/T_AtmosphericCloudNoise01.uexp" 941
"E:/Uni_Work/Unreal-Zombie-Shooter/Zombie_Shooter/Content/ParagonWraith/Characters/Global/MaterialFunctions/Textures/T_AtmosphericCloudNoise01_N.uasset" 942
"E:/Uni_Work/Unreal-Zombie-Shooter/Zombie_Shooter/Content/ParagonWraith/Characters/Global/MaterialFunctions/Textures/T_AtmosphericCloudNoise01_N.uexp" 943
"E:/Uni_Work/Unreal-Zombie-Shooter/Zombie_Shooter/Content/ParagonWraith/Characters/Global/MaterialFunctions/Textures/T_AtmosphericCloudNoise03.uasset" 944
"E:/Uni_Work/Unreal-Zombie-Shooter/Zombie_Shooter/Content/ParagonWraith/Characters/Global/MaterialFunctions/Textures/T_AtmosphericCloudNoise03.uexp" 945
"E:/Uni_Work/Unreal-Zombie-Shooter/Zombie_Shooter/Content/ParagonWraith/Characters/Global/MaterialFunctions/MF_DeathFade.uasset" 946
"E:/Uni_Work/Unreal-Zombie-Shooter/Zombie_Shooter/Content/ParagonWraith/Characters/Global/MaterialFunctions/MF_DeathFade.uexp" 947
"../../../Engine/Content/EngineMaterials/DefaultNormal.uasset" 948
"../../../Engine/Content/EngineMaterials/DefaultNormal.uexp" 949
"E:/Uni_Work/Unreal-Zombie-Shooter/Zombie_Shooter/Content/ParagonWraith/Characters/Global/MaterialLayers/T_TestML_Mask.uasset" 950
"E:/Uni_Work/Unreal-Zombie-Shooter/Zombie_Shooter/Content/ParagonWraith/Characters/Global/MaterialLayers/T_TestML_Mask.uexp" 951
"E:/Uni_Work/Unreal-Zombie-Shooter/Zombie_Shooter/Content/ParagonWraith/Characters/Global/MaterialLayers/ML__Blank.uasset" 952
"E:/Uni_Work/Unreal-Zombie-Shooter/Zombie_Shooter/Content/ParagonWraith/Characters/Global/MaterialLayers/ML__Blank.uexp" 953
"E:/Uni_Work/Unreal-Zombie-Shooter/Zombie_Shooter/Content/ParagonWraith/Characters/Global/ParameterCollections/OrionGlobalGameplayCollection.uasset" 954
"E:/Uni_Work/Unreal-Zombie-Shooter/Zombie_Shooter/Content/ParagonWraith/Characters/Global/ParameterCollections/OrionGlobalGameplayCollection.uexp" 955
"E:/Uni_Work/Unreal-Zombie-Shooter/Zombie_Shooter/Content/ParagonWraith/Characters/Global/MaterialFunctions/MF_HitFlash.uasset" 956
"E:/Uni_Work/Unreal-Zombie-Shooter/Zombie_Shooter/Content/ParagonWraith/Characters/Global/MaterialFunctions/MF_HitFlash.uexp" 957
"E:/Uni_Work/Unreal-Zombie-Shooter/Zombie_Shooter/Content/ParagonWraith/Characters/Global/MaterialFunctions/MaterialLayerConstructors/MLC_ScratchAndGrime.uasset" 958
"E:/Uni_Work/Unreal-Zombie-Shooter/Zombie_Shooter/Content/ParagonWraith/Characters/Global/MaterialFunctions/MaterialLayerConstructors/MLC_ScratchAndGrime.uexp" 959
"E:/Uni_Work/Unreal-Zombie-Shooter/Zombie_Shooter/Content/ParagonWraith/Characters/Global/MaterialFunctions/MaterialLayerConstructors/MLC_Standard.uasset" 960
"E:/Uni_Work/Unreal-Zombie-Shooter/Zombie_Shooter/Content/ParagonWraith/Characters/Global/MaterialFunctions/MaterialLayerConstructors/MLC_Standard.uexp" 961
"E:/Uni_Work/Unreal-Zombie-Shooter/Zombie_Shooter/Content/ParagonWraith/Characters/Global/MaterialLayers/Metal/T_Blue_Metal02.uasset" 962
"E:/Uni_Work/Unreal-Zombie-Shooter/Zombie_Shooter/Content/ParagonWraith/Characters/Global/MaterialLayers/Metal/T_Blue_Metal02.uexp" 963
"E:/Uni_Work/Unreal-Zombie-Shooter/Zombie_Shooter/Content/ParagonWraith/Characters/Global/MaterialLayers/Rubber/T_Blank_N.uasset" 964
"E:/Uni_Work/Unreal-Zombie-Shooter/Zombie_Shooter/Content/ParagonWraith/Characters/Global/MaterialLayers/Rubber/T_Blank_N.uexp" 965
"E:/Uni_Work/Unreal-Zombie-Shooter/Zombie_Shooter/Content/ParagonWraith/Characters/Global/MaterialLayers/Metal/ML_blue_Metal.uasset" 966
"E:/Uni_Work/Unreal-Zombie-Shooter/Zombie_Shooter/Content/ParagonWraith/Characters/Global/MaterialLayers/Metal/ML_blue_Metal.uexp" 967
"E:/Uni_Work/Unreal-Zombie-Shooter/Zombie_Shooter/Content/ParagonWraith/Characters/Global/MaterialFunctions/MF_OrionRimlight.uasset" 968
"E:/Uni_Work/Unreal-Zombie-Shooter/Zombie_Shooter/Content/ParagonWraith/Characters/Global/MaterialFunctions/MF_OrionRimlight.uexp" 969
"E:/Uni_Work/Unreal-Zombie-Shooter/Zombie_Shooter/Content/ParagonWraith/Characters/Global/MaterialFunctions/MF_CharacterEffects.uasset" 970
"E:/Uni_Work/Unreal-Zombie-Shooter/Zombie_Shooter/Content/ParagonWraith/Characters/Global/MaterialFunctions/MF_CharacterEffects.uexp" 971
"E:/Uni_Work/Unreal-Zombie-Shooter/Zombie_Shooter/Content/ParagonWraith/Characters/Global/MaterialFunctions/MF_Character_MaterialLayerQuality.uasset" 972
"E:/Uni_Work/Unreal-Zombie-Shooter/Zombie_Shooter/Content/ParagonWraith/Characters/Global/MaterialFunctions/MF_Character_MaterialLayerQuality.uexp" 973
"E:/Uni_Work/Unreal-Zombie-Shooter/Zombie_Shooter/Content/ParagonWraith/Characters/Global/T_Black_Linear.uasset" 974
"E:/Uni_Work/Unreal-Zombie-Shooter/Zombie_Shooter/Content/ParagonWraith/Characters/Global/T_Black_Linear.uexp" 975
"E:/Uni_Work/Unreal-Zombie-Shooter/Zombie_Shooter/Content/ParagonWraith/Characters/Global/MaterialFunctions/MF_OrionCharacterAO.uasset" 976
"E:/Uni_Work/Unreal-Zombie-Shooter/Zombie_Shooter/Content/ParagonWraith/Characters/Global/MaterialFunctions/MF_OrionCharacterAO.uexp" 977
"E:/Uni_Work/Unreal-Zombie-Shooter/Zombie_Shooter/Content/ParagonWraith/Characters/Global/MaterialFunctions/MaterialLayerConstructors/MF_BaseColorTintAndContrast.uasset" 978
"E:/Uni_Work/Unreal-Zombie-Shooter/Zombie_Shooter/Content/ParagonWraith/Characters/Global/MaterialFunctions/MaterialLayerConstructors/MF_BaseColorTintAndContrast.uexp" 979
"E:/Uni_Work/Unreal-Zombie-Shooter/Zombie_Shooter/Content/ParagonWraith/Characters/Global/MaterialFunctions/MaterialLayerConstructors/MF_RoughnessAdjustment.uasset" 980
"E:/Uni_Work/Unreal-Zombie-Shooter/Zombie_Shooter/Content/ParagonWraith/Characters/Global/MaterialFunctions/MaterialLayerConstructors/MF_RoughnessAdjustment.uexp" 981
"E:/Uni_Work/Unreal-Zombie-Shooter/Zombie_Shooter/Content/ParagonWraith/Characters/Global/MaterialLayers/Metal/T_Metal_Scratched_Circular_01_COLOR.uasset" 982
"E:/Uni_Work/Unreal-Zombie-Shooter/Zombie_Shooter/Content/ParagonWraith/Characters/Global/MaterialLayers/Metal/T_Metal_Scratched_Circular_01_COLOR.uexp" 983
"E:/Uni_Work/Unreal-Zombie-Shooter/Zombie_Shooter/Content/ParagonWraith/Characters/Global/MaterialLayers/Metal/T_Metal_Scratched_Circular_01_N.uasset" 984
"E:/Uni_Work/Unreal-Zombie-Shooter/Zombie_Shooter/Content/ParagonWraith/Characters/Global/MaterialLayers/Metal/T_Metal_Scratched_Circular_01_N.uexp" 985
"E:/Uni_Work/Unreal-Zombie-Shooter/Zombie_Shooter/Content/ParagonWraith/Characters/Global/MaterialLayers/Metal/T_Noise_Rough_Dark_Big.uasset" 986
"E:/Uni_Work/Unreal-Zombie-Shooter/Zombie_Shooter/Content/ParagonWraith/Characters/Global/MaterialLayers/Metal/T_Noise_Rough_Dark_Big.uexp" 987
"E:/Uni_Work/Unreal-Zombie-Shooter/Zombie_Shooter/Content/ParagonWraith/Characters/Global/MaterialLayers/Metal/T_ScratchMask.uasset" 988
"E:/Uni_Work/Unreal-Zombie-Shooter/Zombie_Shooter/Content/ParagonWraith/Characters/Global/MaterialLayers/Metal/T_ScratchMask.uexp" 989
"E:/Uni_Work/Unreal-Zombie-Shooter/Zombie_Shooter/Content/ParagonWraith/Characters/Global/MaterialLayers/Metal/ML_Metal_Scratched_Circular.uasset" 990
"E:/Uni_Work/Unreal-Zombie-Shooter/Zombie_Shooter/Content/ParagonWraith/Characters/Global/MaterialLayers/Metal/ML_Metal_Scratched_Circular.uexp" 991
"E:/Uni_Work/Unreal-Zombie-Shooter/Zombie_Shooter/Content/ParagonWraith/Characters/Global/MaterialLayers/Metal/T_ML_Aluminum01_N.uasset" 992
"E:/Uni_Work/Unreal-Zombie-Shooter/Zombie_Shooter/Content/ParagonWraith/Characters/Global/MaterialLayers/Metal/T_ML_Aluminum01_N.uexp" 993
"E:/Uni_Work/Unreal-Zombie-Shooter/Zombie_Shooter/Content/ParagonWraith/Characters/Global/MaterialLayers/Metal/T_ML_Aluminum01.uasset" 994
"E:/Uni_Work/Unreal-Zombie-Shooter/Zombie_Shooter/Content/ParagonWraith/Characters/Global/MaterialLayers/Metal/T_ML_Aluminum01.uexp" 995
"E:/Uni_Work/Unreal-Zombie-Shooter/Zombie_Shooter/Content/ParagonWraith/Characters/Global/MaterialLayers/Metal/ML_SoftMetal01.uasset" 996
"E:/Uni_Work/Unreal-Zombie-Shooter/Zombie_Shooter/Content/ParagonWraith/Characters/Global/MaterialLayers/Metal/ML_SoftMetal01.uexp" 997
"E:/Uni_Work/Unreal-Zombie-Shooter/Zombie_Shooter/Content/ParagonWraith/Characters/Global/MaterialLayers/Painted/T_PaintScratches.uasset" 998
"E:/Uni_Work/Unreal-Zombie-Shooter/Zombie_Shooter/Content/ParagonWraith/Characters/Global/MaterialLayers/Painted/T_PaintScratches.uexp" 999
"E:/Uni_Work/Unreal-Zombie-Shooter/Zombie_Shooter/Content/ParagonWraith/Characters/Global/MaterialLayers/Painted/ML_MetallicClearCoat.uasset" 1000
"E:/Uni_Work/Unreal-Zombie-Shooter/Zombie_Shooter/Content/ParagonWraith/Characters/Global/MaterialLayers/Painted/ML_MetallicClearCoat.uexp" 1001
"E:/Uni_Work/Unreal-Zombie-Shooter/Zombie_Shooter/Content/ParagonWraith/Characters/Heroes/Wraith/Textures/T_ElectroHex_Tile.uasset" 1002
"E:/Uni_Work/Unreal-Zombie-Shooter/Zombie_Shooter/Content/ParagonWraith/Characters/Heroes/Wraith/Textures/T_ElectroHex_Tile.uexp" 1003
"E:/Uni_Work/Unreal-Zombie-Shooter/Zombie_Shooter/Content/ParagonWraith/Characters/Global/MaterialLayers/Synthetics/ML_SimpleEmissive_underGlass.uasset" 1004
"E:/Uni_Work/Unreal-Zombie-Shooter/Zombie_Shooter/Content/ParagonWraith/Characters/Global/MaterialLayers/Synthetics/ML_SimpleEmissive_underGlass.uexp" 1005
"E:/Uni_Work/Unreal-Zombie-Shooter/Zombie_Shooter/Content/ParagonWraith/Characters/Heroes/Wraith/Textures/T_Wraith_BackPackbody_RGBA.uasset" 1006
"E:/Uni_Work/Unreal-Zombie-Shooter/Zombie_Shooter/Content/ParagonWraith/Characters/Heroes/Wraith/Textures/T_Wraith_BackPackbody_RGBA.uexp" 1007
"E:/Uni_Work/Unreal-Zombie-Shooter/Zombie_Shooter/Content/ParagonWraith/Characters/Heroes/Wraith/Textures/T_Wraith_Backpack_Mask.uasset" 1008
"E:/Uni_Work/Unreal-Zombie-Shooter/Zombie_Shooter/Content/ParagonWraith/Characters/Heroes/Wraith/Textures/T_Wraith_Backpack_Mask.uexp" 1009
"E:/Uni_Work/Unreal-Zombie-Shooter/Zombie_Shooter/Content/ParagonWraith/Characters/Heroes/Wraith/Textures/T_Wraith_Backpack_Mask2.uasset" 1010
"E:/Uni_Work/Unreal-Zombie-Shooter/Zombie_Shooter/Content/ParagonWraith/Characters/Heroes/Wraith/Textures/T_Wraith_Backpack_Mask2.uexp" 1011
"E:/Uni_Work/Unreal-Zombie-Shooter/Zombie_Shooter/Content/ParagonWraith/Characters/Heroes/Wraith/Textures/T_Wraith_backpack_N_DEMO.uasset" 1012
"E:/Uni_Work/Unreal-Zombie-Shooter/Zombie_Shooter/Content/ParagonWraith/Characters/Heroes/Wraith/Textures/T_Wraith_backpack_N_DEMO.uexp" 1013
"E:/Uni_Work/Unreal-Zombie-Shooter/Zombie_Shooter/Content/ParagonWraith/Characters/Heroes/Wraith/Textures/T_Wraith_Emissive_Mask.uasset" 1014
"E:/Uni_Work/Unreal-Zombie-Shooter/Zombie_Shooter/Content/ParagonWraith/Characters/Heroes/Wraith/Textures/T_Wraith_Emissive_Mask.uexp" 1015
"E:/Uni_Work/Unreal-Zombie-Shooter/Zombie_Shooter/Content/ParagonWraith/Characters/Heroes/Wraith/Materials/MLayer/MF_Wraith_Emissive_Fade.uasset" 1016
"E:/Uni_Work/Unreal-Zombie-Shooter/Zombie_Shooter/Content/ParagonWraith/Characters/Heroes/Wraith/Materials/MLayer/MF_Wraith_Emissive_Fade.uexp" 1017
"E:/Uni_Work/Unreal-Zombie-Shooter/Zombie_Shooter/Content/ParagonWraith/Characters/Global/MaterialLayers/Rubber/T_ML_FineRubber_N.uasset" 1018
"E:/Uni_Work/Unreal-Zombie-Shooter/Zombie_Shooter/Content/ParagonWraith/Characters/Global/MaterialLayers/Rubber/T_ML_FineRubber_N.uexp" 1019
"E:/Uni_Work/Unreal-Zombie-Shooter/Zombie_Shooter/Content/ParagonWraith/Characters/Heroes/Wraith/Materials/MLayer/T_TireRubber_R.uasset" 1020
"E:/Uni_Work/Unreal-Zombie-Shooter/Zombie_Shooter/Content/ParagonWraith/Characters/Heroes/Wraith/Materials/MLayer/T_TireRubber_R.uexp" 1021
"E:/Uni_Work/Unreal-Zombie-Shooter/Zombie_Shooter/Content/ParagonWraith/Characters/Heroes/Wraith/Materials/MLayer/ML_Wraithlatex.uasset" 1022
"E:/Uni_Work/Unreal-Zombie-Shooter/Zombie_Shooter/Content/ParagonWraith/Characters/Heroes/Wraith/Materials/MLayer/ML_Wraithlatex.uexp" 1023
"E:/Uni_Work/Unreal-Zombie-Shooter/Zombie_Shooter/Content/ParagonWraith/Characters/Heroes/Wraith/Materials/M_Wraith_Backpack.uasset" 1024
"E:/Uni_Work/Unreal-Zombie-Shooter/Zombie_Shooter/Content/ParagonWraith/Characters/Heroes/Wraith/Materials/M_Wraith_Backpack.uexp" 1025
"E:/Uni_Work/Unreal-Zombie-Shooter/Zombie_Shooter/Content/ParagonWraith/Characters/Global/MaterialFunctions/MaterialLayerConstructors/MLC_SolidValues.uasset" 1026
"E:/Uni_Work/Unreal-Zombie-Shooter/Zombie_Shooter/Content/ParagonWraith/Characters/Global/MaterialFunctions/MaterialLayerConstructors/MLC_SolidValues.uexp" 1027
"E:/Uni_Work/Unreal-Zombie-Shooter/Zombie_Shooter/Content/ParagonWraith/Characters/Global/MaterialLayers/Metal/T_Wraith_Body_Color_Overlay.uasset" 1028
"E:/Uni_Work/Unreal-Zombie-Shooter/Zombie_Shooter/Content/ParagonWraith/Characters/Global/MaterialLayers/Metal/T_Wraith_Body_Color_Overlay.uexp" 1029
"E:/Uni_Work/Unreal-Zombie-Shooter/Zombie_Shooter/Content/ParagonWraith/Characters/Global/MaterialLayers/Metal/T_Blank_N.uasset" 1030
"E:/Uni_Work/Unreal-Zombie-Shooter/Zombie_Shooter/Content/ParagonWraith/Characters/Global/MaterialLayers/Metal/T_Blank_N.uexp" 1031
"E:/Uni_Work/Unreal-Zombie-Shooter/Zombie_Shooter/Content/ParagonWraith/Characters/Global/MaterialLayers/Metal/T_Rough_Metal_N.uasset" 1032
"E:/Uni_Work/Unreal-Zombie-Shooter/Zombie_Shooter/Content/ParagonWraith/Characters/Global/MaterialLayers/Metal/T_Rough_Metal_N.uexp" 1033
"E:/Uni_Work/Unreal-Zombie-Shooter/Zombie_Shooter/Content/ParagonWraith/Characters/Global/MaterialLayers/Metal/T_Primer_Black_Metal2.uasset" 1034
"E:/Uni_Work/Unreal-Zombie-Shooter/Zombie_Shooter/Content/ParagonWraith/Characters/Global/MaterialLayers/Metal/T_Primer_Black_Metal2.uexp" 1035
"E:/Uni_Work/Unreal-Zombie-Shooter/Zombie_Shooter/Content/ParagonWraith/Characters/Global/MaterialLayers/Metal/ML_Gray_Gun_Metal4.uasset" 1036
"E:/Uni_Work/Unreal-Zombie-Shooter/Zombie_Shooter/Content/ParagonWraith/Characters/Global/MaterialLayers/Metal/ML_Gray_Gun_Metal4.uexp" 1037
"../../../Engine/Content/EngineMaterials/FlatNormal.uasset" 1038
"../../../Engine/Content/EngineMaterials/FlatNormal.uexp" 1039
"E:/Uni_Work/Unreal-Zombie-Shooter/Zombie_Shooter/Content/ParagonWraith/Characters/Global/MaterialLayers/Metal/T_hardmetal2_D.uasset" 1040
"E:/Uni_Work/Unreal-Zombie-Shooter/Zombie_Shooter/Content/ParagonWraith/Characters/Global/MaterialLayers/Metal/T_hardmetal2_D.uexp" 1041
"E:/Uni_Work/Unreal-Zombie-Shooter/Zombie_Shooter/Content/ParagonWraith/Characters/Global/MaterialLayers/Metal/T_ML_Aluminum_01_N.uasset" 1042
"E:/Uni_Work/Unreal-Zombie-Shooter/Zombie_Shooter/Content/ParagonWraith/Characters/Global/MaterialLayers/Metal/T_ML_Aluminum_01_N.uexp" 1043
"E:/Uni_Work/Unreal-Zombie-Shooter/Zombie_Shooter/Content/ParagonWraith/Characters/Global/MaterialLayers/Metal/ML_LowContrastHardMetal.uasset" 1044
"E:/Uni_Work/Unreal-Zombie-Shooter/Zombie_Shooter/Content/ParagonWraith/Characters/Global/MaterialLayers/Metal/ML_LowContrastHardMetal.uexp" 1045
"E:/Uni_Work/Unreal-Zombie-Shooter/Zombie_Shooter/Content/ParagonWraith/Characters/Heroes/Wraith/Textures/T_Wraith_Gun_Mask.uasset" 1046
"E:/Uni_Work/Unreal-Zombie-Shooter/Zombie_Shooter/Content/ParagonWraith/Characters/Heroes/Wraith/Textures/T_Wraith_Gun_Mask.uexp" 1047
"E:/Uni_Work/Unreal-Zombie-Shooter/Zombie_Shooter/Content/ParagonWraith/Characters/Heroes/Wraith/Textures/T_Wraith_Gun_Mask2.uasset" 1048
"E:/Uni_Work/Unreal-Zombie-Shooter/Zombie_Shooter/Content/ParagonWraith/Characters/Heroes/Wraith/Textures/T_Wraith_Gun_Mask2.uexp" 1049
"E:/Uni_Work/Unreal-Zombie-Shooter/Zombie_Shooter/Content/ParagonWraith/Characters/Heroes/Wraith/Textures/T_Wraith_gun_N_DEMO.uasset" 1050
"E:/Uni_Work/Unreal-Zombie-Shooter/Zombie_Shooter/Content/ParagonWraith/Characters/Heroes/Wraith/Textures/T_Wraith_gun_N_DEMO.uexp" 1051
"E:/Uni_Work/Unreal-Zombie-Shooter/Zombie_Shooter/Content/ParagonWraith/Characters/Heroes/Wraith/Textures/T_Wraith_Gun_RGB.uasset" 1052
"E:/Uni_Work/Unreal-Zombie-Shooter/Zombie_Shooter/Content/ParagonWraith/Characters/Heroes/Wraith/Textures/T_Wraith_Gun_RGB.uexp" 1053
"E:/Uni_Work/Unreal-Zombie-Shooter/Zombie_Shooter/Content/ParagonWraith/Characters/Heroes/Wraith/Materials/MLayer/ML_WraithGunmetal02.uasset" 1054
"E:/Uni_Work/Unreal-Zombie-Shooter/Zombie_Shooter/Content/ParagonWraith/Characters/Heroes/Wraith/Materials/MLayer/ML_WraithGunmetal02.uexp" 1055
"E:/Uni_Work/Unreal-Zombie-Shooter/Zombie_Shooter/Content/ParagonWraith/Characters/Heroes/Wraith/Materials/M_Wraith_Gun.uasset" 1056
"E:/Uni_Work/Unreal-Zombie-Shooter/Zombie_Shooter/Content/ParagonWraith/Characters/Heroes/Wraith/Materials/M_Wraith_Gun.uexp" 1057
"E:/Uni_Work/Unreal-Zombie-Shooter/Zombie_Shooter/Content/ParagonWraith/Characters/Heroes/Wraith/Textures/T_Wraith_LowerBody_Mask.uasset" 1058
"E:/Uni_Work/Unreal-Zombie-Shooter/Zombie_Shooter/Content/ParagonWraith/Characters/Heroes/Wraith/Textures/T_Wraith_LowerBody_Mask.uexp" 1059
"E:/Uni_Work/Unreal-Zombie-Shooter/Zombie_Shooter/Content/ParagonWraith/Characters/Heroes/Wraith/Textures/T_Wraith_LowerBody_Mask2.uasset" 1060
"E:/Uni_Work/Unreal-Zombie-Shooter/Zombie_Shooter/Content/ParagonWraith/Characters/Heroes/Wraith/Textures/T_Wraith_LowerBody_Mask2.uexp" 1061
"E:/Uni_Work/Unreal-Zombie-Shooter/Zombie_Shooter/Content/ParagonWraith/Characters/Heroes/Wraith/Textures/T_Wraith_lowerbody_N_DEMO.uasset" 1062
"E:/Uni_Work/Unreal-Zombie-Shooter/Zombie_Shooter/Content/ParagonWraith/Characters/Heroes/Wraith/Textures/T_Wraith_lowerbody_N_DEMO.uexp" 1063
"E:/Uni_Work/Unreal-Zombie-Shooter/Zombie_Shooter/Content/ParagonWraith/Characters/Heroes/Wraith/Textures/T_Wraith_Lowerbody_RGBA.uasset" 1064
"E:/Uni_Work/Unreal-Zombie-Shooter/Zombie_Shooter/Content/ParagonWraith/Characters/Heroes/Wraith/Textures/T_Wraith_Lowerbody_RGBA.uexp" 1065
"E:/Uni_Work/Unreal-Zombie-Shooter/Zombie_Shooter/Content/ParagonWraith/Characters/Heroes/Wraith/Materials/M_Wraith_Lowerbody.uasset" 1066
"E:/Uni_Work/Unreal-Zombie-Shooter/Zombie_Shooter/Content/ParagonWraith/Characters/Heroes/Wraith/Materials/M_Wraith_Lowerbody.uexp" 1067
"E:/Uni_Work/Unreal-Zombie-Shooter/Zombie_Shooter/Content/ParagonWraith/Characters/Heroes/Wraith/Textures/T_Wraith_UpperBody_Mask.uasset" 1068
"E:/Uni_Work/Unreal-Zombie-Shooter/Zombie_Shooter/Content/ParagonWraith/Characters/Heroes/Wraith/Textures/T_Wraith_UpperBody_Mask.uexp" 1069
"E:/Uni_Work/Unreal-Zombie-Shooter/Zombie_Shooter/Content/ParagonWraith/Characters/Heroes/Wraith/Textures/T_Wraith_UpperBody_Mask2.uasset" 1070
"E:/Uni_Work/Unreal-Zombie-Shooter/Zombie_Shooter/Content/ParagonWraith/Characters/Heroes/Wraith/Textures/T_Wraith_UpperBody_Mask2.uexp" 1071
"E:/Uni_Work/Unreal-Zombie-Shooter/Zombie_Shooter/Content/ParagonWraith/Characters/Heroes/Wraith/Textures/T_Wraith_upperbody_N_DEMO.uasset" 1072
"E:/Uni_Work/Unreal-Zombie-Shooter/Zombie_Shooter/Content/ParagonWraith/Characters/Heroes/Wraith/Textures/T_Wraith_upperbody_N_DEMO.uexp" 1073
"E:/Uni_Work/Unreal-Zombie-Shooter/Zombie_Shooter/Content/ParagonWraith/Characters/Heroes/Wraith/Textures/T_Wraith_Upperbody_RGBA.uasset" 1074
"E:/Uni_Work/Unreal-Zombie-Shooter/Zombie_Shooter/Content/ParagonWraith/Characters/Heroes/Wraith/Textures/T_Wraith_Upperbody_RGBA.uexp" 1075
"E:/Uni_Work/Unreal-Zombie-Shooter/Zombie_Shooter/Content/ParagonWraith/Characters/Heroes/Wraith/Materials/M_Wraith_Upperbody.uasset" 1076
"E:/Uni_Work/Unreal-Zombie-Shooter/Zombie_Shooter/Content/ParagonWraith/Characters/Heroes/Wraith/Materials/M_Wraith_Upperbody.uexp" 1077
"E:/Uni_Work/Unreal-Zombie-Shooter/Zombie_Shooter/Content/ParagonWraith/Characters/Heroes/Wraith/Meshes/Wraith_Extents.uasset" 1078
"E:/Uni_Work/Unreal-Zombie-Shooter/Zombie_Shooter/Content/ParagonWraith/Characters/Heroes/Wraith/Meshes/Wraith_Extents.uexp" 1079
"E:/Uni_Work/Unreal-Zombie-Shooter/Zombie_Shooter/Content/ParagonWraith/Characters/Heroes/Wraith/Meshes/Wraith_ShadowCyl.uasset" 1080
"E:/Uni_Work/Unreal-Zombie-Shooter/Zombie_Shooter/Content/ParagonWraith/Characters/Heroes/Wraith/Meshes/Wraith_ShadowCyl.uexp" 1081
"E:/Uni_Work/Unreal-Zombie-Shooter/Zombie_Shooter/Content/ParagonWraith/Characters/Heroes/Wraith/Meshes/Wraith.uasset" 1082
"E:/Uni_Work/Unreal-Zombie-Shooter/Zombie_Shooter/Content/ParagonWraith/Characters/Heroes/Wraith/Meshes/Wraith.uexp" 1083
"E:/Uni_Work/Unreal-Zombie-Shooter/Zombie_Shooter/Content/GameContent/Player/BP_SurvivorCharacter.uasset" 1084
"E:/Uni_Work/Unreal-Zombie-Shooter/Zombie_Shooter/Content/GameContent/Player/BP_SurvivorCharacter.uexp" 1085
"E:/Uni_Work/Unreal-Zombie-Shooter/Zombie_Shooter/Content/GameContent/Input/Actions/IA_RightClick.uasset" 1086
"E:/Uni_Work/Unreal-Zombie-Shooter/Zombie_Shooter/Content/GameContent/Input/Actions/IA_RightClick.uexp" 1087
"E:/Uni_Work/Unreal-Zombie-Shooter/Zombie_Shooter/Content/GameContent/Controllers/BP_SurvivorController.uasset" 1088
"E:/Uni_Work/Unreal-Zombie-Shooter/Zombie_Shooter/Content/GameContent/Controllers/BP_SurvivorController.uexp" 1089
"E:/Uni_Work/Unreal-Zombie-Shooter/Zombie_Shooter/Content/GameContent/UI/Widgets/BP_AttributeOverlayWidgetController.uasset" 1090
"E:/Uni_Work/Unreal-Zombie-Shooter/Zombie_Shooter/Content/GameContent/UI/Widgets/BP_AttributeOverlayWidgetController.uexp" 1091
"E:/Uni_Work/Unreal-Zombie-Shooter/Zombie_Shooter/Content/GameContent/UI/Widgets/WBP_ProgressBar.uasset" 1092
"E:/Uni_Work/Unreal-Zombie-Shooter/Zombie_Shooter/Content/GameContent/UI/Widgets/WBP_ProgressBar.uexp" 1093
"E:/Uni_Work/Unreal-Zombie-Shooter/Zombie_Shooter/Content/GameContent/UI/Widgets/WBP_PlayerHealth.uasset" 1094
"E:/Uni_Work/Unreal-Zombie-Shooter/Zombie_Shooter/Content/GameContent/UI/Widgets/WBP_PlayerHealth.uexp" 1095
"E:/Uni_Work/Unreal-Zombie-Shooter/Zombie_Shooter/Content/GameContent/UI/Widgets/WBP_PlayerScreen.uasset" 1096
"E:/Uni_Work/Unreal-Zombie-Shooter/Zombie_Shooter/Content/GameContent/UI/Widgets/WBP_PlayerScreen.uexp" 1097
"E:/Uni_Work/Unreal-Zombie-Shooter/Zombie_Shooter/Content/GameContent/UI/HUD/BP_PlayerHud.uasset" 1098
"E:/Uni_Work/Unreal-Zombie-Shooter/Zombie_Shooter/Content/GameContent/UI/HUD/BP_PlayerHud.uexp" 1099
"E:/Uni_Work/Unreal-Zombie-Shooter/Zombie_Shooter/Content/GameContent/Modes/BP_MainGameMode.uasset" 1100
"E:/Uni_Work/Unreal-Zombie-Shooter/Zombie_Shooter/Content/GameContent/Modes/BP_MainGameMode.uexp" 1101
"../../../Engine/Content/EngineMaterials/WeightMapPlaceholderTexture.uasset" 1102
"../../../Engine/Content/EngineMaterials/WeightMapPlaceholderTexture.uexp" 1103
"../../../Engine/Content/EngineMaterials/WeightMapArrayPlaceholderTexture.uasset" 1104
"../../../Engine/Content/EngineMaterials/WeightMapArrayPlaceholderTexture.uexp" 1105
"E:/Uni_Work/Unreal-Zombie-Shooter/Zombie_Shooter/Content/StarterContent/Textures/T_Ground_Grass_D.uasset" 1106
"E:/Uni_Work/Unreal-Zombie-Shooter/Zombie_Shooter/Content/StarterContent/Textures/T_Ground_Grass_D.uexp" 1107
"E:/Uni_Work/Unreal-Zombie-Shooter/Zombie_Shooter/Content/StarterContent/Textures/T_Ground_Gravel_D.uasset" 1108
"E:/Uni_Work/Unreal-Zombie-Shooter/Zombie_Shooter/Content/StarterContent/Textures/T_Ground_Gravel_D.uexp" 1109
"E:/Uni_Work/Unreal-Zombie-Shooter/Zombie_Shooter/Content/StarterContent/Textures/T_Rock_Basalt_D.uasset" 1110
"E:/Uni_Work/Unreal-Zombie-Shooter/Zombie_Shooter/Content/StarterContent/Textures/T_Rock_Basalt_D.uexp" 1111
"E:/Uni_Work/Unreal-Zombie-Shooter/Zombie_Shooter/Content/StarterContent/Textures/T_Rock_Sandstone_D.uasset" 1112
"E:/Uni_Work/Unreal-Zombie-Shooter/Zombie_Shooter/Content/StarterContent/Textures/T_Rock_Sandstone_D.uexp" 1113
"E:/Uni_Work/Unreal-Zombie-Shooter/Zombie_Shooter/Content/GameContent/Materials/m_landscape_material.uasset" 1114
"E:/Uni_Work/Unreal-Zombie-Shooter/Zombie_Shooter/Content/GameContent/Materials/m_landscape_material.uexp" 1115
"E:/Uni_Work/Unreal-Zombie-Shooter/Zombie_Shooter/Content/Necropolis/Landscape/RVT_Environment.uasset" 1116
"E:/Uni_Work/Unreal-Zombie-Shooter/Zombie_Shooter/Content/Necropolis/Landscape/RVT_Environment.uexp" 1117
"E:/Uni_Work/Unreal-Zombie-Shooter/Zombie_Shooter/Content/Necropolis/Landscape/RVT_Height.uasset" 1118
"E:/Uni_Work/Unreal-Zombie-Shooter/Zombie_Shooter/Content/Necropolis/Landscape/RVT_Height.uexp" 1119
"E:/Uni_Work/Unreal-Zombie-Shooter/Zombie_Shooter/Content/Necropolis/PhysicalMaterials/PM_Stone.uasset" 1120
"E:/Uni_Work/Unreal-Zombie-Shooter/Zombie_Shooter/Content/Necropolis/PhysicalMaterials/PM_Stone.uexp" 1121
"E:/Uni_Work/Unreal-Zombie-Shooter/Zombie_Shooter/Content/Necropolis/Textures/T_glass_windows_D.uasset" 1122
"E:/Uni_Work/Unreal-Zombie-Shooter/Zombie_Shooter/Content/Necropolis/Textures/T_glass_windows_D.uexp" 1123
"E:/Uni_Work/Unreal-Zombie-Shooter/Zombie_Shooter/Content/Necropolis/Textures/T_glass_windows_M.uasset" 1124
"E:/Uni_Work/Unreal-Zombie-Shooter/Zombie_Shooter/Content/Necropolis/Textures/T_glass_windows_M.uexp" 1125
"E:/Uni_Work/Unreal-Zombie-Shooter/Zombie_Shooter/Content/Necropolis/Textures/T_glass_windows_N.uasset" 1126
"E:/Uni_Work/Unreal-Zombie-Shooter/Zombie_Shooter/Content/Necropolis/Textures/T_glass_windows_N.uexp" 1127
"E:/Uni_Work/Unreal-Zombie-Shooter/Zombie_Shooter/Content/Necropolis/Materials/MasterMaterials/M_glass.uasset" 1128
"E:/Uni_Work/Unreal-Zombie-Shooter/Zombie_Shooter/Content/Necropolis/Materials/MasterMaterials/M_glass.uexp" 1129
"E:/Uni_Work/Unreal-Zombie-Shooter/Zombie_Shooter/Content/Necropolis/Materials/MI_glass_windows_orange.uasset" 1130
"E:/Uni_Work/Unreal-Zombie-Shooter/Zombie_Shooter/Content/Necropolis/Materials/MI_glass_windows_orange.uexp" 1131
"../../../Engine/Content/EditorBlueprintResources/StandardMacros.uasset" 1132
"../../../Engine/Content/EditorBlueprintResources/StandardMacros.uexp" 1133
"E:/Uni_Work/Unreal-Zombie-Shooter/Zombie_Shooter/Content/Necropolis/Textures/T_rusty_iron_N.uasset" 1134
"E:/Uni_Work/Unreal-Zombie-Shooter/Zombie_Shooter/Content/Necropolis/Textures/T_rusty_iron_N.uexp" 1135
"E:/Uni_Work/Unreal-Zombie-Shooter/Zombie_Shooter/Content/Necropolis/Textures/T_metal_fencing_M.uasset" 1136
"E:/Uni_Work/Unreal-Zombie-Shooter/Zombie_Shooter/Content/Necropolis/Textures/T_metal_fencing_M.uexp" 1137
"E:/Uni_Work/Unreal-Zombie-Shooter/Zombie_Shooter/Content/Necropolis/Textures/T_metal_fencing_N.uasset" 1138
"E:/Uni_Work/Unreal-Zombie-Shooter/Zombie_Shooter/Content/Necropolis/Textures/T_metal_fencing_N.uexp" 1139
"E:/Uni_Work/Unreal-Zombie-Shooter/Zombie_Shooter/Content/Necropolis/Textures/T_rusty_iron_D.uasset" 1140
"E:/Uni_Work/Unreal-Zombie-Shooter/Zombie_Shooter/Content/Necropolis/Textures/T_rusty_iron_D.uexp" 1141
"E:/Uni_Work/Unreal-Zombie-Shooter/Zombie_Shooter/Content/Necropolis/Textures/T_rusty_iron_M.uasset" 1142
"E:/Uni_Work/Unreal-Zombie-Shooter/Zombie_Shooter/Content/Necropolis/Textures/T_rusty_iron_M.uexp" 1143
"../../../Engine/Content/EngineMaterials/BlendFunc_DefBase.uasset" 1144
"../../../Engine/Content/EngineMaterials/BlendFunc_DefBase.uexp" 1145
"../../../Engine/Content/EngineMaterials/BlendFunc_DefBlend.uasset" 1146
"../../../Engine/Content/EngineMaterials/BlendFunc_DefBlend.uexp" 1147
"../../../Engine/Content/Functions/Engine_MaterialFunctions03/Blends/Blend_Overlay.uasset" 1148
"../../../Engine/Content/Functions/Engine_MaterialFunctions03/Blends/Blend_Overlay.uexp" 1149
"E:/Uni_Work/Unreal-Zombie-Shooter/Zombie_Shooter/Content/Necropolis/Textures/T_graveyard_stone_tile_M.uasset" 1150
"E:/Uni_Work/Unreal-Zombie-Shooter/Zombie_Shooter/Content/Necropolis/Textures/T_graveyard_stone_tile_M.uexp" 1151
"E:/Uni_Work/Unreal-Zombie-Shooter/Zombie_Shooter/Content/Necropolis/Textures/T_graveyard_stone_tile_N.uasset" 1152
"E:/Uni_Work/Unreal-Zombie-Shooter/Zombie_Shooter/Content/Necropolis/Textures/T_graveyard_stone_tile_N.uexp" 1153
"E:/Uni_Work/Unreal-Zombie-Shooter/Zombie_Shooter/Content/Necropolis/Textures/T_pillars_M.uasset" 1154
"E:/Uni_Work/Unreal-Zombie-Shooter/Zombie_Shooter/Content/Necropolis/Textures/T_pillars_M.uexp" 1155
"E:/Uni_Work/Unreal-Zombie-Shooter/Zombie_Shooter/Content/Necropolis/Textures/T_pillars_N.uasset" 1156
"E:/Uni_Work/Unreal-Zombie-Shooter/Zombie_Shooter/Content/Necropolis/Textures/T_pillars_N.uexp" 1157
"E:/Uni_Work/Unreal-Zombie-Shooter/Zombie_Shooter/Content/Necropolis/Textures/T_graveyard_stone_tile_D.uasset" 1158
"E:/Uni_Work/Unreal-Zombie-Shooter/Zombie_Shooter/Content/Necropolis/Textures/T_graveyard_stone_tile_D.uexp" 1159
"E:/Uni_Work/Unreal-Zombie-Shooter/Zombie_Shooter/Content/Necropolis/Materials/MasterMaterials/M_material_masks_master.uasset" 1160
"E:/Uni_Work/Unreal-Zombie-Shooter/Zombie_Shooter/Content/Necropolis/Materials/MasterMaterials/M_material_masks_master.uexp" 1161
"E:/Uni_Work/Unreal-Zombie-Shooter/Zombie_Shooter/Content/Necropolis/Materials/MI_metal_rusty.uasset" 1162
"E:/Uni_Work/Unreal-Zombie-Shooter/Zombie_Shooter/Content/Necropolis/Materials/MI_metal_rusty.uexp" 1163
"E:/Uni_Work/Unreal-Zombie-Shooter/Zombie_Shooter/Content/Necropolis/Placeables/Arches_Doors/SM_window_latice_big.uasset" 1164
"E:/Uni_Work/Unreal-Zombie-Shooter/Zombie_Shooter/Content/Necropolis/Placeables/Arches_Doors/SM_window_latice_big.uexp" 1165
"E:/Uni_Work/Unreal-Zombie-Shooter/Zombie_Shooter/Content/Necropolis/Placeables/Arches_Doors/SM_window_latice_round.uasset" 1166
"E:/Uni_Work/Unreal-Zombie-Shooter/Zombie_Shooter/Content/Necropolis/Placeables/Arches_Doors/SM_window_latice_round.uexp" 1167
"E:/Uni_Work/Unreal-Zombie-Shooter/Zombie_Shooter/Content/Necropolis/Placeables/Arches_Doors/SM_window_latice_slit.uasset" 1168
"E:/Uni_Work/Unreal-Zombie-Shooter/Zombie_Shooter/Content/Necropolis/Placeables/Arches_Doors/SM_window_latice_slit.uexp" 1169
"E:/Uni_Work/Unreal-Zombie-Shooter/Zombie_Shooter/Content/Necropolis/Placeables/Arches_Doors/SM_window_latice_small.uasset" 1170
"E:/Uni_Work/Unreal-Zombie-Shooter/Zombie_Shooter/Content/Necropolis/Placeables/Arches_Doors/SM_window_latice_small.uexp" 1171
"E:/Uni_Work/Unreal-Zombie-Shooter/Zombie_Shooter/Content/Necropolis/Materials/MI_glass_windows_blue.uasset" 1172
"E:/Uni_Work/Unreal-Zombie-Shooter/Zombie_Shooter/Content/Necropolis/Materials/MI_glass_windows_blue.uexp" 1173
"E:/Uni_Work/Unreal-Zombie-Shooter/Zombie_Shooter/Content/Necropolis/Materials/MI_glass_windows_green.uasset" 1174
"E:/Uni_Work/Unreal-Zombie-Shooter/Zombie_Shooter/Content/Necropolis/Materials/MI_glass_windows_green.uexp" 1175
"E:/Uni_Work/Unreal-Zombie-Shooter/Zombie_Shooter/Content/Necropolis/Audio/Attenuations/ATT_attenuation_close.uasset" 1176
"E:/Uni_Work/Unreal-Zombie-Shooter/Zombie_Shooter/Content/Necropolis/Audio/Attenuations/ATT_attenuation_close.uexp" 1177
"E:/Uni_Work/Unreal-Zombie-Shooter/Zombie_Shooter/Content/Necropolis/Textures/T_graveyard_wall_D.uasset" 1178
"E:/Uni_Work/Unreal-Zombie-Shooter/Zombie_Shooter/Content/Necropolis/Textures/T_graveyard_wall_D.uexp" 1179
"E:/Uni_Work/Unreal-Zombie-Shooter/Zombie_Shooter/Content/Necropolis/Textures/T_graveyard_wall_M.uasset" 1180
"E:/Uni_Work/Unreal-Zombie-Shooter/Zombie_Shooter/Content/Necropolis/Textures/T_graveyard_wall_M.uexp" 1181
"E:/Uni_Work/Unreal-Zombie-Shooter/Zombie_Shooter/Content/Necropolis/Textures/T_graveyard_wall_N.uasset" 1182
"E:/Uni_Work/Unreal-Zombie-Shooter/Zombie_Shooter/Content/Necropolis/Textures/T_graveyard_wall_N.uexp" 1183
"../../../Engine/Content/Functions/Engine_MaterialFunctions02/WorldPositionOffset/ObjectPivotPoint.uasset" 1184
"../../../Engine/Content/Functions/Engine_MaterialFunctions02/WorldPositionOffset/ObjectPivotPoint.uexp" 1185
"E:/Uni_Work/Unreal-Zombie-Shooter/Zombie_Shooter/Content/Necropolis/Materials/ParameterCollections/MPC_environment_variables.uasset" 1186
"E:/Uni_Work/Unreal-Zombie-Shooter/Zombie_Shooter/Content/Necropolis/Materials/ParameterCollections/MPC_environment_variables.uexp" 1187
"E:/Uni_Work/Unreal-Zombie-Shooter/Zombie_Shooter/Content/Necropolis/Materials/MasterMaterials/MF_GlobalWind.uasset" 1188
"E:/Uni_Work/Unreal-Zombie-Shooter/Zombie_Shooter/Content/Necropolis/Materials/MasterMaterials/MF_GlobalWind.uexp" 1189
"E:/Uni_Work/Unreal-Zombie-Shooter/Zombie_Shooter/Content/Necropolis/Materials/MasterMaterials/M_mesh_master.uasset" 1190
"E:/Uni_Work/Unreal-Zombie-Shooter/Zombie_Shooter/Content/Necropolis/Materials/MasterMaterials/M_mesh_master.uexp" 1191
"E:/Uni_Work/Unreal-Zombie-Shooter/Zombie_Shooter/Content/Necropolis/Textures/T_crypt_01_D.uasset" 1192
"E:/Uni_Work/Unreal-Zombie-Shooter/Zombie_Shooter/Content/Necropolis/Textures/T_crypt_01_D.uexp" 1193
"E:/Uni_Work/Unreal-Zombie-Shooter/Zombie_Shooter/Content/Necropolis/Textures/T_crypt_01_M.uasset" 1194
"E:/Uni_Work/Unreal-Zombie-Shooter/Zombie_Shooter/Content/Necropolis/Textures/T_crypt_01_M.uexp" 1195
"E:/Uni_Work/Unreal-Zombie-Shooter/Zombie_Shooter/Content/Necropolis/Textures/T_crypt_01_N.uasset" 1196
"E:/Uni_Work/Unreal-Zombie-Shooter/Zombie_Shooter/Content/Necropolis/Textures/T_crypt_01_N.uexp" 1197
"E:/Uni_Work/Unreal-Zombie-Shooter/Zombie_Shooter/Content/Necropolis/Materials/MI_crypt_01.uasset" 1198
"E:/Uni_Work/Unreal-Zombie-Shooter/Zombie_Shooter/Content/Necropolis/Materials/MI_crypt_01.uexp" 1199
"E:/Uni_Work/Unreal-Zombie-Shooter/Zombie_Shooter/Content/Necropolis/Textures/T_crypt_floor_01_D.uasset" 1200
"E:/Uni_Work/Unreal-Zombie-Shooter/Zombie_Shooter/Content/Necropolis/Textures/T_crypt_floor_01_D.uexp" 1201
"E:/Uni_Work/Unreal-Zombie-Shooter/Zombie_Shooter/Content/Necropolis/Textures/T_crypt_floor_01_H.uasset" 1202
"E:/Uni_Work/Unreal-Zombie-Shooter/Zombie_Shooter/Content/Necropolis/Textures/T_crypt_floor_01_H.uexp" 1203
"E:/Uni_Work/Unreal-Zombie-Shooter/Zombie_Shooter/Content/Necropolis/Textures/T_crypt_floor_01_M.uasset" 1204
"E:/Uni_Work/Unreal-Zombie-Shooter/Zombie_Shooter/Content/Necropolis/Textures/T_crypt_floor_01_M.uexp" 1205
"E:/Uni_Work/Unreal-Zombie-Shooter/Zombie_Shooter/Content/Necropolis/Textures/T_crypt_floor_01_N.uasset" 1206
"E:/Uni_Work/Unreal-Zombie-Shooter/Zombie_Shooter/Content/Necropolis/Textures/T_crypt_floor_01_N.uexp" 1207
"../../../Engine/Content/EngineVolumetrics/Fogsheet/Materials/T_EV_BlankWhite_01.uasset" 1208
"../../../Engine/Content/EngineVolumetrics/Fogsheet/Materials/T_EV_BlankWhite_01.uexp" 1209
"../../../Engine/Content/Functions/Engine_MaterialFunctions02/Math/CreateThirdOrthogonalVector.uasset" 1210
"../../../Engine/Content/Functions/Engine_MaterialFunctions02/Math/CreateThirdOrthogonalVector.uexp" 1211
"../../../Engine/Content/Functions/Engine_MaterialFunctions02/Math/InverseTransformMatrix.uasset" 1212
"../../../Engine/Content/Functions/Engine_MaterialFunctions02/Math/InverseTransformMatrix.uexp" 1213
"../../../Engine/Content/Functions/Engine_MaterialFunctions02/Math/TransformToZVector.uasset" 1214
"../../../Engine/Content/Functions/Engine_MaterialFunctions02/Math/TransformToZVector.uexp" 1215
"../../../Engine/Content/Functions/Engine_MaterialFunctions01/Texturing/ParallaxOcclusionMapping.uasset" 1216
"../../../Engine/Content/Functions/Engine_MaterialFunctions01/Texturing/ParallaxOcclusionMapping.uexp" 1217
"../../../Engine/Content/Functions/Engine_MaterialFunctions02/Texturing/HeightLerp.uasset" 1218
"../../../Engine/Content/Functions/Engine_MaterialFunctions02/Texturing/HeightLerp.uexp" 1219
"E:/Uni_Work/Unreal-Zombie-Shooter/Zombie_Shooter/Content/Necropolis/Textures/T_graveyard_wall_tile_D.uasset" 1220
"E:/Uni_Work/Unreal-Zombie-Shooter/Zombie_Shooter/Content/Necropolis/Textures/T_graveyard_wall_tile_D.uexp" 1221
"E:/Uni_Work/Unreal-Zombie-Shooter/Zombie_Shooter/Content/Necropolis/Textures/T_graveyard_wall_tile_H.uasset" 1222
"E:/Uni_Work/Unreal-Zombie-Shooter/Zombie_Shooter/Content/Necropolis/Textures/T_graveyard_wall_tile_H.uexp" 1223
"E:/Uni_Work/Unreal-Zombie-Shooter/Zombie_Shooter/Content/Necropolis/Textures/T_graveyard_wall_tile_M.uasset" 1224
"E:/Uni_Work/Unreal-Zombie-Shooter/Zombie_Shooter/Content/Necropolis/Textures/T_graveyard_wall_tile_M.uexp" 1225
"E:/Uni_Work/Unreal-Zombie-Shooter/Zombie_Shooter/Content/Necropolis/Materials/MasterMaterials/M_POM_master.uasset" 1226
"E:/Uni_Work/Unreal-Zombie-Shooter/Zombie_Shooter/Content/Necropolis/Materials/MasterMaterials/M_POM_master.uexp" 1227
"E:/Uni_Work/Unreal-Zombie-Shooter/Zombie_Shooter/Content/Necropolis/Materials/MI_floor_tiles_01.uasset" 1228
"E:/Uni_Work/Unreal-Zombie-Shooter/Zombie_Shooter/Content/Necropolis/Materials/MI_floor_tiles_01.uexp" 1229
"E:/Uni_Work/Unreal-Zombie-Shooter/Zombie_Shooter/Content/Necropolis/Textures/T_gates_windows_D.uasset" 1230
"E:/Uni_Work/Unreal-Zombie-Shooter/Zombie_Shooter/Content/Necropolis/Textures/T_gates_windows_D.uexp" 1231
"E:/Uni_Work/Unreal-Zombie-Shooter/Zombie_Shooter/Content/Necropolis/Textures/T_gates_windows_M.uasset" 1232
"E:/Uni_Work/Unreal-Zombie-Shooter/Zombie_Shooter/Content/Necropolis/Textures/T_gates_windows_M.uexp" 1233
"E:/Uni_Work/Unreal-Zombie-Shooter/Zombie_Shooter/Content/Necropolis/Textures/T_gates_windows_N.uasset" 1234
"E:/Uni_Work/Unreal-Zombie-Shooter/Zombie_Shooter/Content/Necropolis/Textures/T_gates_windows_N.uexp" 1235
"E:/Uni_Work/Unreal-Zombie-Shooter/Zombie_Shooter/Content/Necropolis/Materials/MI_gates_windows.uasset" 1236
"E:/Uni_Work/Unreal-Zombie-Shooter/Zombie_Shooter/Content/Necropolis/Materials/MI_gates_windows.uexp" 1237
"E:/Uni_Work/Unreal-Zombie-Shooter/Zombie_Shooter/Content/Necropolis/Textures/T_shingles_D.uasset" 1238
"E:/Uni_Work/Unreal-Zombie-Shooter/Zombie_Shooter/Content/Necropolis/Textures/T_shingles_D.uexp" 1239
"E:/Uni_Work/Unreal-Zombie-Shooter/Zombie_Shooter/Content/Necropolis/Textures/T_shingles_M.uasset" 1240
"E:/Uni_Work/Unreal-Zombie-Shooter/Zombie_Shooter/Content/Necropolis/Textures/T_shingles_M.uexp" 1241
"E:/Uni_Work/Unreal-Zombie-Shooter/Zombie_Shooter/Content/Necropolis/Textures/T_shingles_N.uasset" 1242
"E:/Uni_Work/Unreal-Zombie-Shooter/Zombie_Shooter/Content/Necropolis/Textures/T_shingles_N.uexp" 1243
"E:/Uni_Work/Unreal-Zombie-Shooter/Zombie_Shooter/Content/Necropolis/Materials/MI_shingles.uasset" 1244
"E:/Uni_Work/Unreal-Zombie-Shooter/Zombie_Shooter/Content/Necropolis/Materials/MI_shingles.uexp" 1245
"E:/Uni_Work/Unreal-Zombie-Shooter/Zombie_Shooter/Content/Necropolis/Textures/T_graveyard_wall_tile_N.uasset" 1246
"E:/Uni_Work/Unreal-Zombie-Shooter/Zombie_Shooter/Content/Necropolis/Textures/T_graveyard_wall_tile_N.uexp" 1247
"E:/Uni_Work/Unreal-Zombie-Shooter/Zombie_Shooter/Content/Necropolis/Textures/T_stone_tile_smooth_D.uasset" 1248
"E:/Uni_Work/Unreal-Zombie-Shooter/Zombie_Shooter/Content/Necropolis/Textures/T_stone_tile_smooth_D.uexp" 1249
"E:/Uni_Work/Unreal-Zombie-Shooter/Zombie_Shooter/Content/Necropolis/Materials/MI_walls_tile.uasset" 1250
"E:/Uni_Work/Unreal-Zombie-Shooter/Zombie_Shooter/Content/Necropolis/Materials/MI_walls_tile.uexp" 1251
"E:/Uni_Work/Unreal-Zombie-Shooter/Zombie_Shooter/Content/Necropolis/PhysicalMaterials/PM_Wood.uasset" 1252
"E:/Uni_Work/Unreal-Zombie-Shooter/Zombie_Shooter/Content/Necropolis/PhysicalMaterials/PM_Wood.uexp" 1253
"E:/Uni_Work/Unreal-Zombie-Shooter/Zombie_Shooter/Content/Necropolis/Textures/T_wood_beams_D.uasset" 1254
"E:/Uni_Work/Unreal-Zombie-Shooter/Zombie_Shooter/Content/Necropolis/Textures/T_wood_beams_D.uexp" 1255
"E:/Uni_Work/Unreal-Zombie-Shooter/Zombie_Shooter/Content/Necropolis/Textures/T_wood_beams_M.uasset" 1256
"E:/Uni_Work/Unreal-Zombie-Shooter/Zombie_Shooter/Content/Necropolis/Textures/T_wood_beams_M.uexp" 1257
"E:/Uni_Work/Unreal-Zombie-Shooter/Zombie_Shooter/Content/Necropolis/Textures/T_wood_beams_N.uasset" 1258
"E:/Uni_Work/Unreal-Zombie-Shooter/Zombie_Shooter/Content/Necropolis/Textures/T_wood_beams_N.uexp" 1259
"E:/Uni_Work/Unreal-Zombie-Shooter/Zombie_Shooter/Content/Necropolis/Materials/MI_wood_beams.uasset" 1260
"E:/Uni_Work/Unreal-Zombie-Shooter/Zombie_Shooter/Content/Necropolis/Materials/MI_wood_beams.uexp" 1261
"E:/Uni_Work/Unreal-Zombie-Shooter/Zombie_Shooter/Content/Necropolis/Placeables/Structures/SM_chapel_01.uasset" 1262
"E:/Uni_Work/Unreal-Zombie-Shooter/Zombie_Shooter/Content/Necropolis/Placeables/Structures/SM_chapel_01.uexp" 1263
"E:/Uni_Work/Unreal-Zombie-Shooter/Zombie_Shooter/Content/Necropolis/Audio/Attenuations/ATT_attenuation_far.uasset" 1264
"E:/Uni_Work/Unreal-Zombie-Shooter/Zombie_Shooter/Content/Necropolis/Audio/Attenuations/ATT_attenuation_far.uexp" 1265
"E:/Uni_Work/Unreal-Zombie-Shooter/Zombie_Shooter/Content/Necropolis/Audio/IR/IR_forest_20m_stereo.uasset" 1266
"E:/Uni_Work/Unreal-Zombie-Shooter/Zombie_Shooter/Content/Necropolis/Audio/IR/IR_forest_20m_stereo.uexp" 1267
"E:/Uni_Work/Unreal-Zombie-Shooter/Zombie_Shooter/Content/Necropolis/Audio/Effects/Convolution_reverb_outdoor.uasset" 1268
"E:/Uni_Work/Unreal-Zombie-Shooter/Zombie_Shooter/Content/Necropolis/Audio/Effects/Convolution_reverb_outdoor.uexp" 1269
"E:/Uni_Work/Unreal-Zombie-Shooter/Zombie_Shooter/Content/Necropolis/Audio/Effects/Delay_outdoor.uasset" 1270
"E:/Uni_Work/Unreal-Zombie-Shooter/Zombie_Shooter/Content/Necropolis/Audio/Effects/Delay_outdoor.uexp" 1271
"E:/Uni_Work/Unreal-Zombie-Shooter/Zombie_Shooter/Content/Necropolis/Audio/Effects/Master_Limiter.uasset" 1272
"E:/Uni_Work/Unreal-Zombie-Shooter/Zombie_Shooter/Content/Necropolis/Audio/Effects/Master_Limiter.uexp" 1273
"E:/Uni_Work/Unreal-Zombie-Shooter/Zombie_Shooter/Content/Necropolis/Audio/Submixes/exterior_interactables_submix.uasset" 1274
"E:/Uni_Work/Unreal-Zombie-Shooter/Zombie_Shooter/Content/Necropolis/Audio/Submixes/exterior_interactables_submix.uexp" 1275
"E:/Uni_Work/Unreal-Zombie-Shooter/Zombie_Shooter/Content/Necropolis/Audio/Submixes/footstep_submix.uasset" 1276
"E:/Uni_Work/Unreal-Zombie-Shooter/Zombie_Shooter/Content/Necropolis/Audio/Submixes/footstep_submix.uexp" 1277
"E:/Uni_Work/Unreal-Zombie-Shooter/Zombie_Shooter/Content/Necropolis/Audio/Effects/LowPass_cathedral.uasset" 1278
"E:/Uni_Work/Unreal-Zombie-Shooter/Zombie_Shooter/Content/Necropolis/Audio/Effects/LowPass_cathedral.uexp" 1279
"E:/Uni_Work/Unreal-Zombie-Shooter/Zombie_Shooter/Content/Necropolis/Audio/Submixes/interior_outsideAmbient_submix.uasset" 1280
"E:/Uni_Work/Unreal-Zombie-Shooter/Zombie_Shooter/Content/Necropolis/Audio/Submixes/interior_outsideAmbient_submix.uexp" 1281
"E:/Uni_Work/Unreal-Zombie-Shooter/Zombie_Shooter/Content/Necropolis/Audio/IR/IR_cathedral_5m_stereo.uasset" 1282
"E:/Uni_Work/Unreal-Zombie-Shooter/Zombie_Shooter/Content/Necropolis/Audio/IR/IR_cathedral_5m_stereo.uexp" 1283
"E:/Uni_Work/Unreal-Zombie-Shooter/Zombie_Shooter/Content/Necropolis/Audio/Effects/Convolution_reverb_cathedral.uasset" 1284
"E:/Uni_Work/Unreal-Zombie-Shooter/Zombie_Shooter/Content/Necropolis/Audio/Effects/Convolution_reverb_cathedral.uexp" 1285
"E:/Uni_Work/Unreal-Zombie-Shooter/Zombie_Shooter/Content/Necropolis/Audio/Effects/Delay_interior.uasset" 1286
"E:/Uni_Work/Unreal-Zombie-Shooter/Zombie_Shooter/Content/Necropolis/Audio/Effects/Delay_interior.uexp" 1287
"E:/Uni_Work/Unreal-Zombie-Shooter/Zombie_Shooter/Content/Necropolis/Audio/Submixes/interior_submix.uasset" 1288
"E:/Uni_Work/Unreal-Zombie-Shooter/Zombie_Shooter/Content/Necropolis/Audio/Submixes/interior_submix.uexp" 1289
"E:/Uni_Work/Unreal-Zombie-Shooter/Zombie_Shooter/Content/Necropolis/Audio/Submixes/Necropolis_master_submix.uasset" 1290
"E:/Uni_Work/Unreal-Zombie-Shooter/Zombie_Shooter/Content/Necropolis/Audio/Submixes/Necropolis_master_submix.uexp" 1291
"E:/Uni_Work/Unreal-Zombie-Shooter/Zombie_Shooter/Content/Necropolis/Audio/Submixes/exterior_ambient_submix.uasset" 1292
"E:/Uni_Work/Unreal-Zombie-Shooter/Zombie_Shooter/Content/Necropolis/Audio/Submixes/exterior_ambient_submix.uexp" 1293
"E:/Uni_Work/Unreal-Zombie-Shooter/Zombie_Shooter/Content/Necropolis/Audio/Sounds/SFX/WAV_church_bell.uasset" 1294
"E:/Uni_Work/Unreal-Zombie-Shooter/Zombie_Shooter/Content/Necropolis/Audio/Sounds/SFX/WAV_church_bell.uexp" 1295
"E:/Uni_Work/Unreal-Zombie-Shooter/Zombie_Shooter/Content/Necropolis/Audio/MetaSounds/Exterior/sfx_meta_ext_churchBell.uasset" 1296
"E:/Uni_Work/Unreal-Zombie-Shooter/Zombie_Shooter/Content/Necropolis/Audio/MetaSounds/Exterior/sfx_meta_ext_churchBell.uexp" 1297
"E:/Uni_Work/Unreal-Zombie-Shooter/Zombie_Shooter/Content/Necropolis/Placeables/Structures/Blueprints/BP_chapel_01.uasset" 1298
"E:/Uni_Work/Unreal-Zombie-Shooter/Zombie_Shooter/Content/Necropolis/Placeables/Structures/Blueprints/BP_chapel_01.uexp" 1299
"E:/Uni_Work/Unreal-Zombie-Shooter/Zombie_Shooter/Content/Necropolis/Placeables/Structures/SM_crypt_large_01.uasset" 1300
"E:/Uni_Work/Unreal-Zombie-Shooter/Zombie_Shooter/Content/Necropolis/Placeables/Structures/SM_crypt_large_01.uexp" 1301
"E:/Uni_Work/Unreal-Zombie-Shooter/Zombie_Shooter/Content/Necropolis/Placeables/Structures/Blueprints/BP_crypt_02.uasset" 1302
"E:/Uni_Work/Unreal-Zombie-Shooter/Zombie_Shooter/Content/Necropolis/Placeables/Structures/Blueprints/BP_crypt_02.uexp" 1303
"E:/Uni_Work/Unreal-Zombie-Shooter/Zombie_Shooter/Content/Necropolis/Textures/T_pots_D.uasset" 1304
"E:/Uni_Work/Unreal-Zombie-Shooter/Zombie_Shooter/Content/Necropolis/Textures/T_pots_D.uexp" 1305
"E:/Uni_Work/Unreal-Zombie-Shooter/Zombie_Shooter/Content/Necropolis/Textures/T_pots_M.uasset" 1306
"E:/Uni_Work/Unreal-Zombie-Shooter/Zombie_Shooter/Content/Necropolis/Textures/T_pots_M.uexp" 1307
"E:/Uni_Work/Unreal-Zombie-Shooter/Zombie_Shooter/Content/Necropolis/Textures/T_pots_N.uasset" 1308
"E:/Uni_Work/Unreal-Zombie-Shooter/Zombie_Shooter/Content/Necropolis/Textures/T_pots_N.uexp" 1309
"E:/Uni_Work/Unreal-Zombie-Shooter/Zombie_Shooter/Content/Necropolis/Materials/MI_Pots.uasset" 1310
"E:/Uni_Work/Unreal-Zombie-Shooter/Zombie_Shooter/Content/Necropolis/Materials/MI_Pots.uexp" 1311
"E:/Uni_Work/Unreal-Zombie-Shooter/Zombie_Shooter/Content/Necropolis/Placeables/Details/SM_pot_sml.uasset" 1312
"E:/Uni_Work/Unreal-Zombie-Shooter/Zombie_Shooter/Content/Necropolis/Placeables/Details/SM_pot_sml.uexp" 1313
"E:/Uni_Work/Unreal-Zombie-Shooter/Zombie_Shooter/Content/Necropolis/Textures/T_statues_M.uasset" 1314
"E:/Uni_Work/Unreal-Zombie-Shooter/Zombie_Shooter/Content/Necropolis/Textures/T_statues_M.uexp" 1315
"E:/Uni_Work/Unreal-Zombie-Shooter/Zombie_Shooter/Content/Necropolis/Textures/T_statues_N.uasset" 1316
"E:/Uni_Work/Unreal-Zombie-Shooter/Zombie_Shooter/Content/Necropolis/Textures/T_statues_N.uexp" 1317
"E:/Uni_Work/Unreal-Zombie-Shooter/Zombie_Shooter/Content/Necropolis/Materials/MI_statues_stone_01.uasset" 1318
"E:/Uni_Work/Unreal-Zombie-Shooter/Zombie_Shooter/Content/Necropolis/Materials/MI_statues_stone_01.uexp" 1319
"E:/Uni_Work/Unreal-Zombie-Shooter/Zombie_Shooter/Content/Necropolis/Placeables/Details/SM_statue_bowl.uasset" 1320
"E:/Uni_Work/Unreal-Zombie-Shooter/Zombie_Shooter/Content/Necropolis/Placeables/Details/SM_statue_bowl.uexp" 1321
"E:/Uni_Work/Unreal-Zombie-Shooter/Zombie_Shooter/Content/Necropolis/Placeables/Details/SM_wood_beam_01.uasset" 1322
"E:/Uni_Work/Unreal-Zombie-Shooter/Zombie_Shooter/Content/Necropolis/Placeables/Details/SM_wood_beam_01.uexp" 1323
"E:/Uni_Work/Unreal-Zombie-Shooter/Zombie_Shooter/Content/Necropolis/Placeables/Details/SM_wood_beam_02.uasset" 1324
"E:/Uni_Work/Unreal-Zombie-Shooter/Zombie_Shooter/Content/Necropolis/Placeables/Details/SM_wood_beam_02.uexp" 1325
"E:/Uni_Work/Unreal-Zombie-Shooter/Zombie_Shooter/Content/Necropolis/Placeables/Details/SM_wood_beam_broken_01.uasset" 1326
"E:/Uni_Work/Unreal-Zombie-Shooter/Zombie_Shooter/Content/Necropolis/Placeables/Details/SM_wood_beam_broken_01.uexp" 1327
"E:/Uni_Work/Unreal-Zombie-Shooter/Zombie_Shooter/Content/Necropolis/Placeables/Details/SM_wood_plank_01.uasset" 1328
"E:/Uni_Work/Unreal-Zombie-Shooter/Zombie_Shooter/Content/Necropolis/Placeables/Details/SM_wood_plank_01.uexp" 1329
"E:/Uni_Work/Unreal-Zombie-Shooter/Zombie_Shooter/Content/Necropolis/Placeables/Details/SM_wood_plank_02.uasset" 1330
"E:/Uni_Work/Unreal-Zombie-Shooter/Zombie_Shooter/Content/Necropolis/Placeables/Details/SM_wood_plank_02.uexp" 1331
"E:/Uni_Work/Unreal-Zombie-Shooter/Zombie_Shooter/Content/Necropolis/Placeables/Pillars/SM_metal_ornamental_spike_01.uasset" 1332
"E:/Uni_Work/Unreal-Zombie-Shooter/Zombie_Shooter/Content/Necropolis/Placeables/Pillars/SM_metal_ornamental_spike_01.uexp" 1333
"E:/Uni_Work/Unreal-Zombie-Shooter/Zombie_Shooter/Content/Necropolis/Materials/MI_pillars.uasset" 1334
"E:/Uni_Work/Unreal-Zombie-Shooter/Zombie_Shooter/Content/Necropolis/Materials/MI_pillars.uexp" 1335
"E:/Uni_Work/Unreal-Zombie-Shooter/Zombie_Shooter/Content/Necropolis/Placeables/Pillars/SM_pillar_big_01.uasset" 1336
"E:/Uni_Work/Unreal-Zombie-Shooter/Zombie_Shooter/Content/Necropolis/Placeables/Pillars/SM_pillar_big_01.uexp" 1337
"E:/Uni_Work/Unreal-Zombie-Shooter/Zombie_Shooter/Content/Necropolis/Placeables/Pillars/SM_pillar_cap.uasset" 1338
"E:/Uni_Work/Unreal-Zombie-Shooter/Zombie_Shooter/Content/Necropolis/Placeables/Pillars/SM_pillar_cap.uexp" 1339
"E:/Uni_Work/Unreal-Zombie-Shooter/Zombie_Shooter/Content/Necropolis/Placeables/Pillars/SM_pillar_small_01.uasset" 1340
"E:/Uni_Work/Unreal-Zombie-Shooter/Zombie_Shooter/Content/Necropolis/Placeables/Pillars/SM_pillar_small_01.uexp" 1341
"E:/Uni_Work/Unreal-Zombie-Shooter/Zombie_Shooter/Content/Necropolis/Textures/T_wall_broken_D.uasset" 1342
"E:/Uni_Work/Unreal-Zombie-Shooter/Zombie_Shooter/Content/Necropolis/Textures/T_wall_broken_D.uexp" 1343
"E:/Uni_Work/Unreal-Zombie-Shooter/Zombie_Shooter/Content/Necropolis/Textures/T_wall_broken_M.uasset" 1344
"E:/Uni_Work/Unreal-Zombie-Shooter/Zombie_Shooter/Content/Necropolis/Textures/T_wall_broken_M.uexp" 1345
"E:/Uni_Work/Unreal-Zombie-Shooter/Zombie_Shooter/Content/Necropolis/Textures/T_wall_broken_N.uasset" 1346
"E:/Uni_Work/Unreal-Zombie-Shooter/Zombie_Shooter/Content/Necropolis/Textures/T_wall_broken_N.uexp" 1347
"E:/Uni_Work/Unreal-Zombie-Shooter/Zombie_Shooter/Content/Necropolis/Materials/MI_walls_broken.uasset" 1348
"E:/Uni_Work/Unreal-Zombie-Shooter/Zombie_Shooter/Content/Necropolis/Materials/MI_walls_broken.uexp" 1349
"E:/Uni_Work/Unreal-Zombie-Shooter/Zombie_Shooter/Content/Necropolis/Placeables/Walls_Fences/SM_wall_broken_01.uasset" 1350
"E:/Uni_Work/Unreal-Zombie-Shooter/Zombie_Shooter/Content/Necropolis/Placeables/Walls_Fences/SM_wall_broken_01.uexp" 1351
"E:/Uni_Work/Unreal-Zombie-Shooter/Zombie_Shooter/Content/Necropolis/Materials/MI_walls.uasset" 1352
"E:/Uni_Work/Unreal-Zombie-Shooter/Zombie_Shooter/Content/Necropolis/Materials/MI_walls.uexp" 1353
"E:/Uni_Work/Unreal-Zombie-Shooter/Zombie_Shooter/Content/Necropolis/Placeables/Walls_Fences/SM_wall_short.uasset" 1354
"E:/Uni_Work/Unreal-Zombie-Shooter/Zombie_Shooter/Content/Necropolis/Placeables/Walls_Fences/SM_wall_short.uexp" 1355
"../../../Engine/Plugins/FX/Niagara/Content/VectorFields/Assets/TilingCurl32.uasset" 1356
"../../../Engine/Plugins/FX/Niagara/Content/VectorFields/Assets/TilingCurl32.uexp" 1357
"../../../Engine/Content/Functions/Engine_MaterialFunctions01/Density/ExponentialDensity.uasset" 1358
"../../../Engine/Content/Functions/Engine_MaterialFunctions01/Density/ExponentialDensity.uexp" 1359
"../../../Engine/Content/Functions/Engine_MaterialFunctions01/Gradient/RadialGradientExponential.uasset" 1360
"../../../Engine/Content/Functions/Engine_MaterialFunctions01/Gradient/RadialGradientExponential.uexp" 1361
"E:/Uni_Work/Unreal-Zombie-Shooter/Zombie_Shooter/Content/Necropolis/VFX/Textures/T_perlinNoise.uasset" 1362
"E:/Uni_Work/Unreal-Zombie-Shooter/Zombie_Shooter/Content/Necropolis/VFX/Textures/T_perlinNoise.uexp" 1363
"E:/Uni_Work/Unreal-Zombie-Shooter/Zombie_Shooter/Content/Necropolis/VFX/Textures/T_smudge_01_D.uasset" 1364
"E:/Uni_Work/Unreal-Zombie-Shooter/Zombie_Shooter/Content/Necropolis/VFX/Textures/T_smudge_01_D.uexp" 1365
"E:/Uni_Work/Unreal-Zombie-Shooter/Zombie_Shooter/Content/Necropolis/VFX/Materials/MasterMaterials/M_Particle_01.uasset" 1366
"E:/Uni_Work/Unreal-Zombie-Shooter/Zombie_Shooter/Content/Necropolis/VFX/Materials/MasterMaterials/M_Particle_01.uexp" 1367
"E:/Uni_Work/Unreal-Zombie-Shooter/Zombie_Shooter/Content/Necropolis/VFX/Materials/MI_Fire.uasset" 1368
"E:/Uni_Work/Unreal-Zombie-Shooter/Zombie_Shooter/Content/Necropolis/VFX/Materials/MI_Fire.uexp" 1369
"E:/Uni_Work/Unreal-Zombie-Shooter/Zombie_Shooter/Content/Necropolis/Textures/T_rocky_dirt_N.uasset" 1370
"E:/Uni_Work/Unreal-Zombie-Shooter/Zombie_Shooter/Content/Necropolis/Textures/T_rocky_dirt_N.uexp" 1371
"E:/Uni_Work/Unreal-Zombie-Shooter/Zombie_Shooter/Content/Necropolis/VFX/Materials/MasterMaterials/M_heat_distortion.uasset" 1372
"E:/Uni_Work/Unreal-Zombie-Shooter/Zombie_Shooter/Content/Necropolis/VFX/Materials/MasterMaterials/M_heat_distortion.uexp" 1373
"E:/Uni_Work/Unreal-Zombie-Shooter/Zombie_Shooter/Content/Necropolis/VFX/NS_Fire.uasset" 1374
"E:/Uni_Work/Unreal-Zombie-Shooter/Zombie_Shooter/Content/Necropolis/VFX/NS_Fire.uexp" 1375
"E:/Uni_Work/Unreal-Zombie-Shooter/Zombie_Shooter/Content/Necropolis/Materials/MI_metal_surface.uasset" 1376
"E:/Uni_Work/Unreal-Zombie-Shooter/Zombie_Shooter/Content/Necropolis/Materials/MI_metal_surface.uexp" 1377
"E:/Uni_Work/Unreal-Zombie-Shooter/Zombie_Shooter/Content/Necropolis/Placeables/Details/SM_metal_spike.uasset" 1378
"E:/Uni_Work/Unreal-Zombie-Shooter/Zombie_Shooter/Content/Necropolis/Placeables/Details/SM_metal_spike.uexp" 1379
"E:/Uni_Work/Unreal-Zombie-Shooter/Zombie_Shooter/Content/Necropolis/Audio/Sounds/SFX/WAV_flame_crackly_loop_01.uasset" 1380
"E:/Uni_Work/Unreal-Zombie-Shooter/Zombie_Shooter/Content/Necropolis/Audio/Sounds/SFX/WAV_flame_crackly_loop_01.uexp" 1381
"E:/Uni_Work/Unreal-Zombie-Shooter/Zombie_Shooter/Content/Necropolis/Placeables/Structures/LevelInstances/BPVersions/BP_bridge_02.uasset" 1382
"E:/Uni_Work/Unreal-Zombie-Shooter/Zombie_Shooter/Content/Necropolis/Placeables/Structures/LevelInstances/BPVersions/BP_bridge_02.uexp" 1383
"E:/Uni_Work/Unreal-Zombie-Shooter/Zombie_Shooter/Content/Necropolis/Textures/T_coffin_D.uasset" 1384
"E:/Uni_Work/Unreal-Zombie-Shooter/Zombie_Shooter/Content/Necropolis/Textures/T_coffin_D.uexp" 1385
"E:/Uni_Work/Unreal-Zombie-Shooter/Zombie_Shooter/Content/Necropolis/Textures/T_coffin_M.uasset" 1386
"E:/Uni_Work/Unreal-Zombie-Shooter/Zombie_Shooter/Content/Necropolis/Textures/T_coffin_M.uexp" 1387
"E:/Uni_Work/Unreal-Zombie-Shooter/Zombie_Shooter/Content/Necropolis/Textures/T_coffin_N.uasset" 1388
"E:/Uni_Work/Unreal-Zombie-Shooter/Zombie_Shooter/Content/Necropolis/Textures/T_coffin_N.uexp" 1389
"E:/Uni_Work/Unreal-Zombie-Shooter/Zombie_Shooter/Content/Necropolis/Materials/MI_coffin.uasset" 1390
"E:/Uni_Work/Unreal-Zombie-Shooter/Zombie_Shooter/Content/Necropolis/Materials/MI_coffin.uexp" 1391
"E:/Uni_Work/Unreal-Zombie-Shooter/Zombie_Shooter/Content/Necropolis/Textures/T_tools_D.uasset" 1392
"E:/Uni_Work/Unreal-Zombie-Shooter/Zombie_Shooter/Content/Necropolis/Textures/T_tools_D.uexp" 1393
"E:/Uni_Work/Unreal-Zombie-Shooter/Zombie_Shooter/Content/Necropolis/Textures/T_tools_M.uasset" 1394
"E:/Uni_Work/Unreal-Zombie-Shooter/Zombie_Shooter/Content/Necropolis/Textures/T_tools_M.uexp" 1395
"E:/Uni_Work/Unreal-Zombie-Shooter/Zombie_Shooter/Content/Necropolis/Textures/T_tools_N.uasset" 1396
"E:/Uni_Work/Unreal-Zombie-Shooter/Zombie_Shooter/Content/Necropolis/Textures/T_tools_N.uexp" 1397
"E:/Uni_Work/Unreal-Zombie-Shooter/Zombie_Shooter/Content/Necropolis/Materials/MI_tools.uasset" 1398
"E:/Uni_Work/Unreal-Zombie-Shooter/Zombie_Shooter/Content/Necropolis/Materials/MI_tools.uexp" 1399
"E:/Uni_Work/Unreal-Zombie-Shooter/Zombie_Shooter/Content/Necropolis/Placeables/Graves_Tombs/SM_coffin_chained.uasset" 1400
"E:/Uni_Work/Unreal-Zombie-Shooter/Zombie_Shooter/Content/Necropolis/Placeables/Graves_Tombs/SM_coffin_chained.uexp" 1401
"E:/Uni_Work/Unreal-Zombie-Shooter/Zombie_Shooter/Content/GameContent/Controllers/BP_ZombieController.uasset" 1402
"E:/Uni_Work/Unreal-Zombie-Shooter/Zombie_Shooter/Content/GameContent/Controllers/BP_ZombieController.uexp" 1403
"E:/Uni_Work/Unreal-Zombie-Shooter/Zombie_Shooter/Content/GameContent/GameAbilities/GA_ZombieDeath.uasset" 1404
"E:/Uni_Work/Unreal-Zombie-Shooter/Zombie_Shooter/Content/GameContent/GameAbilities/GA_ZombieDeath.uexp" 1405
"E:/Uni_Work/Unreal-Zombie-Shooter/Zombie_Shooter/Content/GameContent/GameAbilities/GA_ZombieSpawnAnim.uasset" 1406
"E:/Uni_Work/Unreal-Zombie-Shooter/Zombie_Shooter/Content/GameContent/GameAbilities/GA_ZombieSpawnAnim.uexp" 1407
"E:/Uni_Work/Unreal-Zombie-Shooter/Zombie_Shooter/Content/GameContent/UI/Widgets/WBP_ZombieHealthBar.uasset" 1408
"E:/Uni_Work/Unreal-Zombie-Shooter/Zombie_Shooter/Content/GameContent/UI/Widgets/WBP_ZombieHealthBar.uexp" 1409
"../../../Engine/Plugins/Interchange/Assets/Content/gltf/MaterialInstances/MI_Default_Opaque_DS.uasset" 1410
"../../../Engine/Plugins/Interchange/Assets/Content/gltf/MaterialInstances/MI_Default_Opaque_DS.uexp" 1411
"E:/Uni_Work/Unreal-Zombie-Shooter/Zombie_Shooter/Content/Fab/Zombie_Snapper_-_Hand_Painted_Series/zombie_snapper/Textures/zombie_snapper_texture_1.uasset" 1412
"E:/Uni_Work/Unreal-Zombie-Shooter/Zombie_Shooter/Content/Fab/Zombie_Snapper_-_Hand_Painted_Series/zombie_snapper/Textures/zombie_snapper_texture_1.uexp" 1413
"E:/Uni_Work/Unreal-Zombie-Shooter/Zombie_Shooter/Content/Fab/Zombie_Snapper_-_Hand_Painted_Series/zombie_snapper/Textures/zombie_snapper_texture_2.uasset" 1414
"E:/Uni_Work/Unreal-Zombie-Shooter/Zombie_Shooter/Content/Fab/Zombie_Snapper_-_Hand_Painted_Series/zombie_snapper/Textures/zombie_snapper_texture_2.uexp" 1415
"E:/Uni_Work/Unreal-Zombie-Shooter/Zombie_Shooter/Content/Fab/Zombie_Snapper_-_Hand_Painted_Series/zombie_snapper/Textures/zombie_snapper_texture_3.uasset" 1416
"E:/Uni_Work/Unreal-Zombie-Shooter/Zombie_Shooter/Content/Fab/Zombie_Snapper_-_Hand_Painted_Series/zombie_snapper/Textures/zombie_snapper_texture_3.uexp" 1417
"E:/Uni_Work/Unreal-Zombie-Shooter/Zombie_Shooter/Content/Fab/Zombie_Snapper_-_Hand_Painted_Series/zombie_snapper/Materials/zombi_snapper.uasset" 1418
"E:/Uni_Work/Unreal-Zombie-Shooter/Zombie_Shooter/Content/Fab/Zombie_Snapper_-_Hand_Painted_Series/zombie_snapper/Materials/zombi_snapper.uexp" 1419
"../../../Engine/Plugins/Interchange/Assets/Content/gltf/MaterialInstances/MI_Default_Blend_DS.uasset" 1420
"../../../Engine/Plugins/Interchange/Assets/Content/gltf/MaterialInstances/MI_Default_Blend_DS.uexp" 1421
"E:/Uni_Work/Unreal-Zombie-Shooter/Zombie_Shooter/Content/Fab/Zombie_Snapper_-_Hand_Painted_Series/zombie_snapper/Textures/zombie_snapper_texture_0.uasset" 1422
"E:/Uni_Work/Unreal-Zombie-Shooter/Zombie_Shooter/Content/Fab/Zombie_Snapper_-_Hand_Painted_Series/zombie_snapper/Textures/zombie_snapper_texture_0.uexp" 1423
"E:/Uni_Work/Unreal-Zombie-Shooter/Zombie_Shooter/Content/Fab/Zombie_Snapper_-_Hand_Painted_Series/zombie_snapper/Materials/zombi_snapper_alph.uasset" 1424
"E:/Uni_Work/Unreal-Zombie-Shooter/Zombie_Shooter/Content/Fab/Zombie_Snapper_-_Hand_Painted_Series/zombie_snapper/Materials/zombi_snapper_alph.uexp" 1425
"E:/Uni_Work/Unreal-Zombie-Shooter/Zombie_Shooter/Content/Fab/Zombie_Snapper_-_Hand_Painted_Series/zombie_snapper/SkeletalMeshes/zombie_snapper_PhysicsAsset.uasset" 1426
"E:/Uni_Work/Unreal-Zombie-Shooter/Zombie_Shooter/Content/Fab/Zombie_Snapper_-_Hand_Painted_Series/zombie_snapper/SkeletalMeshes/zombie_snapper_PhysicsAsset.uexp" 1427
"E:/Uni_Work/Unreal-Zombie-Shooter/Zombie_Shooter/Content/Fab/Zombie_Snapper_-_Hand_Painted_Series/zombie_snapper/SkeletalMeshes/zombie_snapper_Skeleton.uasset" 1428
"E:/Uni_Work/Unreal-Zombie-Shooter/Zombie_Shooter/Content/Fab/Zombie_Snapper_-_Hand_Painted_Series/zombie_snapper/SkeletalMeshes/zombie_snapper_Skeleton.uexp" 1429
"E:/Uni_Work/Unreal-Zombie-Shooter/Zombie_Shooter/Content/Fab/Zombie_Snapper_-_Hand_Painted_Series/zombie_snapper/SkeletalMeshes/zombie_snapper.uasset" 1430
"E:/Uni_Work/Unreal-Zombie-Shooter/Zombie_Shooter/Content/Fab/Zombie_Snapper_-_Hand_Painted_Series/zombie_snapper/SkeletalMeshes/zombie_snapper.uexp" 1431
"E:/Uni_Work/Unreal-Zombie-Shooter/Zombie_Shooter/Content/GameContent/AttributeSets/EnemieAttributes/ZombieAttributes/GE_MeleeZombie_PrimaryAttributes.uasset" 1432
"E:/Uni_Work/Unreal-Zombie-Shooter/Zombie_Shooter/Content/GameContent/AttributeSets/EnemieAttributes/ZombieAttributes/GE_MeleeZombie_PrimaryAttributes.uexp" 1433
"E:/Uni_Work/Unreal-Zombie-Shooter/Zombie_Shooter/Content/GameContent/AttributeSets/EnemieAttributes/ZombieAttributes/GE_MeleeZombie_VitalAttributes.uasset" 1434
"E:/Uni_Work/Unreal-Zombie-Shooter/Zombie_Shooter/Content/GameContent/AttributeSets/EnemieAttributes/ZombieAttributes/GE_MeleeZombie_VitalAttributes.uexp" 1435
"E:/Uni_Work/Unreal-Zombie-Shooter/Zombie_Shooter/Content/GameContent/BehaviourTree/EQS/EQS_PlayerContext.uasset" 1436
"E:/Uni_Work/Unreal-Zombie-Shooter/Zombie_Shooter/Content/GameContent/BehaviourTree/EQS/EQS_PlayerContext.uexp" 1437
"E:/Uni_Work/Unreal-Zombie-Shooter/Zombie_Shooter/Content/GameContent/BehaviourTree/EQS/EQ_MeleeSelectPointAroundPlayer.uasset" 1438
"E:/Uni_Work/Unreal-Zombie-Shooter/Zombie_Shooter/Content/GameContent/BehaviourTree/EQS/EQ_MeleeSelectPointAroundPlayer.uexp" 1439
"E:/Uni_Work/Unreal-Zombie-Shooter/Zombie_Shooter/Content/GameContent/BehaviourTree/EQS/EQ_Roam.uasset" 1440
"E:/Uni_Work/Unreal-Zombie-Shooter/Zombie_Shooter/Content/GameContent/BehaviourTree/EQS/EQ_Roam.uexp" 1441
"E:/Uni_Work/Unreal-Zombie-Shooter/Zombie_Shooter/Content/GameContent/BehaviourTree/Tasks/BTT_Attack.uasset" 1442
"E:/Uni_Work/Unreal-Zombie-Shooter/Zombie_Shooter/Content/GameContent/BehaviourTree/Tasks/BTT_Attack.uexp" 1443
"E:/Uni_Work/Unreal-Zombie-Shooter/Zombie_Shooter/Content/GameContent/Enemies/Zombies/Behaviours/E_Zombie_ClassType.uasset" 1444
"E:/Uni_Work/Unreal-Zombie-Shooter/Zombie_Shooter/Content/GameContent/Enemies/Zombies/Behaviours/E_Zombie_ClassType.uexp" 1445
"E:/Uni_Work/Unreal-Zombie-Shooter/Zombie_Shooter/Content/GameContent/Enemies/Zombies/Behaviours/BB_Zombie.uasset" 1446
"E:/Uni_Work/Unreal-Zombie-Shooter/Zombie_Shooter/Content/GameContent/Enemies/Zombies/Behaviours/BB_Zombie.uexp" 1447
"E:/Uni_Work/Unreal-Zombie-Shooter/Zombie_Shooter/Content/GameContent/Enemies/Zombies/Behaviours/BTS_FindNearestPlayer.uasset" 1448
"E:/Uni_Work/Unreal-Zombie-Shooter/Zombie_Shooter/Content/GameContent/Enemies/Zombies/Behaviours/BTS_FindNearestPlayer.uexp" 1449
"E:/Uni_Work/Unreal-Zombie-Shooter/Zombie_Shooter/Content/GameContent/Enemies/Zombies/Behaviours/BT_Zombie.uasset" 1450
"E:/Uni_Work/Unreal-Zombie-Shooter/Zombie_Shooter/Content/GameContent/Enemies/Zombies/Behaviours/BT_Zombie.uexp" 1451
"E:/Uni_Work/Unreal-Zombie-Shooter/Zombie_Shooter/Content/Assets/Medkit/Textures/Healthkit_New_blinn1_BaseColor.uasset" 1452
"E:/Uni_Work/Unreal-Zombie-Shooter/Zombie_Shooter/Content/Assets/Medkit/Textures/Healthkit_New_blinn1_BaseColor.uexp" 1453
"E:/Uni_Work/Unreal-Zombie-Shooter/Zombie_Shooter/Content/Assets/Medkit/Textures/Healthkit_New_blinn1_Normal.uasset" 1454
"E:/Uni_Work/Unreal-Zombie-Shooter/Zombie_Shooter/Content/Assets/Medkit/Textures/Healthkit_New_blinn1_Normal.uexp" 1455
"E:/Uni_Work/Unreal-Zombie-Shooter/Zombie_Shooter/Content/Assets/Medkit/Textures/Healthkit_New_blinn1_OcclusionRoughnessMetallic.uasset" 1456
"E:/Uni_Work/Unreal-Zombie-Shooter/Zombie_Shooter/Content/Assets/Medkit/Textures/Healthkit_New_blinn1_OcclusionRoughnessMetallic.uexp" 1457
"E:/Uni_Work/Unreal-Zombie-Shooter/Zombie_Shooter/Content/Assets/Medkit/HealthKitMat.uasset" 1458
"E:/Uni_Work/Unreal-Zombie-Shooter/Zombie_Shooter/Content/Assets/Medkit/HealthKitMat.uexp" 1459
"E:/Uni_Work/Unreal-Zombie-Shooter/Zombie_Shooter/Content/Assets/Medkit/Healthkit.uasset" 1460
"E:/Uni_Work/Unreal-Zombie-Shooter/Zombie_Shooter/Content/Assets/Medkit/Healthkit.uexp" 1461
"E:/Uni_Work/Unreal-Zombie-Shooter/Zombie_Shooter/Content/Assets/Medkit/Textures/Healthkit_New_blinn2_BaseColor.uasset" 1462
"E:/Uni_Work/Unreal-Zombie-Shooter/Zombie_Shooter/Content/Assets/Medkit/Textures/Healthkit_New_blinn2_BaseColor.uexp" 1463
"E:/Uni_Work/Unreal-Zombie-Shooter/Zombie_Shooter/Content/Assets/Medkit/Textures/Healthkit_New_blinn2_Normal.uasset" 1464
"E:/Uni_Work/Unreal-Zombie-Shooter/Zombie_Shooter/Content/Assets/Medkit/Textures/Healthkit_New_blinn2_Normal.uexp" 1465
"E:/Uni_Work/Unreal-Zombie-Shooter/Zombie_Shooter/Content/Assets/Medkit/Textures/Healthkit_New_blinn2_OcclusionRoughnessMetallic.uasset" 1466
"E:/Uni_Work/Unreal-Zombie-Shooter/Zombie_Shooter/Content/Assets/Medkit/Textures/Healthkit_New_blinn2_OcclusionRoughnessMetallic.uexp" 1467
"E:/Uni_Work/Unreal-Zombie-Shooter/Zombie_Shooter/Content/Assets/Medkit/HealthKitMat2.uasset" 1468
"E:/Uni_Work/Unreal-Zombie-Shooter/Zombie_Shooter/Content/Assets/Medkit/HealthKitMat2.uexp" 1469
"E:/Uni_Work/Unreal-Zombie-Shooter/Zombie_Shooter/Content/GameContent/GameplayEffects/GE_HealthKit.uasset" 1470
"E:/Uni_Work/Unreal-Zombie-Shooter/Zombie_Shooter/Content/GameContent/GameplayEffects/GE_HealthKit.uexp" 1471
"E:/Uni_Work/Unreal-Zombie-Shooter/Zombie_Shooter/Content/GameContent/Actors/EffectActors/BP_HealthKit.uasset" 1472
"E:/Uni_Work/Unreal-Zombie-Shooter/Zombie_Shooter/Content/GameContent/Actors/EffectActors/BP_HealthKit.uexp" 1473
"E:/Uni_Work/Unreal-Zombie-Shooter/Zombie_Shooter/Content/GameContent/GameplayEffects/GE_ZombieMeleeDamage.uasset" 1474
"E:/Uni_Work/Unreal-Zombie-Shooter/Zombie_Shooter/Content/GameContent/GameplayEffects/GE_ZombieMeleeDamage.uexp" 1475
"../../../Engine/Plugins/Animation/ACLPlugin/Content/ACLAnimCurveCompressionSettings.uasset" 1476
"../../../Engine/Plugins/Animation/ACLPlugin/Content/ACLAnimCurveCompressionSettings.uexp" 1477
"../../../Engine/Content/Animation/DefaultRecorderBoneCompression.uasset" 1478
"../../../Engine/Content/Animation/DefaultRecorderBoneCompression.uexp" 1479
"../../../Engine/Content/Animation/DefaultVariableFrameStrippingSettings.uasset" 1480
"../../../Engine/Content/Animation/DefaultVariableFrameStrippingSettings.uexp" 1481
"E:/Uni_Work/Unreal-Zombie-Shooter/Zombie_Shooter/Content/GameContent/Enemies/Zombies/MeleeZombie/Animations/zombie_snapper_Hit_Attack.uasset" 1482
"E:/Uni_Work/Unreal-Zombie-Shooter/Zombie_Shooter/Content/GameContent/Enemies/Zombies/MeleeZombie/Animations/zombie_snapper_Hit_Attack.uexp" 1483
"E:/Uni_Work/Unreal-Zombie-Shooter/Zombie_Shooter/Content/GameContent/Enemies/Zombies/MeleeZombie/Animations/AM_Snapper_Headbutt_Attack.uasset" 1484
"E:/Uni_Work/Unreal-Zombie-Shooter/Zombie_Shooter/Content/GameContent/Enemies/Zombies/MeleeZombie/Animations/AM_Snapper_Headbutt_Attack.uexp" 1485
"E:/Uni_Work/Unreal-Zombie-Shooter/Zombie_Shooter/Content/GameContent/GameAbilities/ZombieAbilites/GA_ZombieBasicAttack.uasset" 1486
"E:/Uni_Work/Unreal-Zombie-Shooter/Zombie_Shooter/Content/GameContent/GameAbilities/ZombieAbilites/GA_ZombieBasicAttack.uexp" 1487
"E:/Uni_Work/Unreal-Zombie-Shooter/Zombie_Shooter/Content/GameContent/Enemies/Zombies/MeleeZombie/Animations/zombie_snapper_Run.uasset" 1488
"E:/Uni_Work/Unreal-Zombie-Shooter/Zombie_Shooter/Content/GameContent/Enemies/Zombies/MeleeZombie/Animations/zombie_snapper_Run.uexp" 1489
"E:/Uni_Work/Unreal-Zombie-Shooter/Zombie_Shooter/Content/GameContent/Enemies/Zombies/MeleeZombie/Animations/ABP_Zombie.uasset" 1490
"E:/Uni_Work/Unreal-Zombie-Shooter/Zombie_Shooter/Content/GameContent/Enemies/Zombies/MeleeZombie/Animations/ABP_Zombie.uexp" 1491
"E:/Uni_Work/Unreal-Zombie-Shooter/Zombie_Shooter/Content/GameContent/Enemies/Zombies/MeleeZombie/Animations/zombie_snapper_idle.uasset" 1492
"E:/Uni_Work/Unreal-Zombie-Shooter/Zombie_Shooter/Content/GameContent/Enemies/Zombies/MeleeZombie/Animations/zombie_snapper_idle.uexp" 1493
"E:/Uni_Work/Unreal-Zombie-Shooter/Zombie_Shooter/Content/GameContent/Enemies/Zombies/MeleeZombie/Animations/zombie_snapper_Walk.uasset" 1494
"E:/Uni_Work/Unreal-Zombie-Shooter/Zombie_Shooter/Content/GameContent/Enemies/Zombies/MeleeZombie/Animations/zombie_snapper_Walk.uexp" 1495
"E:/Uni_Work/Unreal-Zombie-Shooter/Zombie_Shooter/Content/GameContent/Enemies/Zombies/MeleeZombie/Animations/BS_Snapper_IdleRun.uasset" 1496
"E:/Uni_Work/Unreal-Zombie-Shooter/Zombie_Shooter/Content/GameContent/Enemies/Zombies/MeleeZombie/Animations/BS_Snapper_IdleRun.uexp" 1497
"E:/Uni_Work/Unreal-Zombie-Shooter/Zombie_Shooter/Content/GameContent/Enemies/Zombies/MeleeZombie/Animations/ABP_Snapper_Zombie.uasset" 1498
"E:/Uni_Work/Unreal-Zombie-Shooter/Zombie_Shooter/Content/GameContent/Enemies/Zombies/MeleeZombie/Animations/ABP_Snapper_Zombie.uexp" 1499
"E:/Uni_Work/Unreal-Zombie-Shooter/Zombie_Shooter/Content/GameContent/Enemies/Zombies/MeleeZombie/Animations/zombie_snapper_Spawn.uasset" 1500
"E:/Uni_Work/Unreal-Zombie-Shooter/Zombie_Shooter/Content/GameContent/Enemies/Zombies/MeleeZombie/Animations/zombie_snapper_Spawn.uexp" 1501
"E:/Uni_Work/Unreal-Zombie-Shooter/Zombie_Shooter/Content/GameContent/Enemies/Zombies/MeleeZombie/Animations/AM_Snapper_Spawn.uasset" 1502
"E:/Uni_Work/Unreal-Zombie-Shooter/Zombie_Shooter/Content/GameContent/Enemies/Zombies/MeleeZombie/Animations/AM_Snapper_Spawn.uexp" 1503
"E:/Uni_Work/Unreal-Zombie-Shooter/Zombie_Shooter/Content/GameContent/Enemies/Zombies/MeleeZombie/Animations/zombie_snapper_Death.uasset" 1504
"E:/Uni_Work/Unreal-Zombie-Shooter/Zombie_Shooter/Content/GameContent/Enemies/Zombies/MeleeZombie/Animations/zombie_snapper_Death.uexp" 1505
"E:/Uni_Work/Unreal-Zombie-Shooter/Zombie_Shooter/Content/GameContent/Enemies/Zombies/MeleeZombie/Animations/AM_Zombie_MeleeDeath.uasset" 1506
"E:/Uni_Work/Unreal-Zombie-Shooter/Zombie_Shooter/Content/GameContent/Enemies/Zombies/MeleeZombie/Animations/AM_Zombie_MeleeDeath.uexp" 1507
"E:/Uni_Work/Unreal-Zombie-Shooter/Zombie_Shooter/Content/GameContent/Enemies/Zombies/MeleeZombie/BP_StandardZombie.uasset" 1508
"E:/Uni_Work/Unreal-Zombie-Shooter/Zombie_Shooter/Content/GameContent/Enemies/Zombies/MeleeZombie/BP_StandardZombie.uexp" 1509
"E:/Uni_Work/Unreal-Zombie-Shooter/Zombie_Shooter/Content/Fab/Skeleton_Archer_-_Hand_Painted_Series/skeleton_archer/Textures/skeleton_archer_texture_0.uasset" 1510
"E:/Uni_Work/Unreal-Zombie-Shooter/Zombie_Shooter/Content/Fab/Skeleton_Archer_-_Hand_Painted_Series/skeleton_archer/Textures/skeleton_archer_texture_0.uexp" 1511
"E:/Uni_Work/Unreal-Zombie-Shooter/Zombie_Shooter/Content/Fab/Skeleton_Archer_-_Hand_Painted_Series/skeleton_archer/Textures/skeleton_archer_texture_1.uasset" 1512
"E:/Uni_Work/Unreal-Zombie-Shooter/Zombie_Shooter/Content/Fab/Skeleton_Archer_-_Hand_Painted_Series/skeleton_archer/Textures/skeleton_archer_texture_1.uexp" 1513
"E:/Uni_Work/Unreal-Zombie-Shooter/Zombie_Shooter/Content/Fab/Skeleton_Archer_-_Hand_Painted_Series/skeleton_archer/Textures/skeleton_archer_texture_2.uasset" 1514
"E:/Uni_Work/Unreal-Zombie-Shooter/Zombie_Shooter/Content/Fab/Skeleton_Archer_-_Hand_Painted_Series/skeleton_archer/Textures/skeleton_archer_texture_2.uexp" 1515
"E:/Uni_Work/Unreal-Zombie-Shooter/Zombie_Shooter/Content/Fab/Skeleton_Archer_-_Hand_Painted_Series/skeleton_archer/Materials/skel_archer.uasset" 1516
"E:/Uni_Work/Unreal-Zombie-Shooter/Zombie_Shooter/Content/Fab/Skeleton_Archer_-_Hand_Painted_Series/skeleton_archer/Materials/skel_archer.uexp" 1517
"E:/Uni_Work/Unreal-Zombie-Shooter/Zombie_Shooter/Content/Fab/Skeleton_Archer_-_Hand_Painted_Series/skeleton_archer/Textures/skeleton_archer_texture_3.uasset" 1518
"E:/Uni_Work/Unreal-Zombie-Shooter/Zombie_Shooter/Content/Fab/Skeleton_Archer_-_Hand_Painted_Series/skeleton_archer/Textures/skeleton_archer_texture_3.uexp" 1519
"E:/Uni_Work/Unreal-Zombie-Shooter/Zombie_Shooter/Content/Fab/Skeleton_Archer_-_Hand_Painted_Series/skeleton_archer/Materials/skel_archer_transp.uasset" 1520
"E:/Uni_Work/Unreal-Zombie-Shooter/Zombie_Shooter/Content/Fab/Skeleton_Archer_-_Hand_Painted_Series/skeleton_archer/Materials/skel_archer_transp.uexp" 1521
"E:/Uni_Work/Unreal-Zombie-Shooter/Zombie_Shooter/Content/Fab/Skeleton_Archer_-_Hand_Painted_Series/skeleton_archer/SkeletalMeshes/skeleton_archer_PhysicsAsset.uasset" 1522
"E:/Uni_Work/Unreal-Zombie-Shooter/Zombie_Shooter/Content/Fab/Skeleton_Archer_-_Hand_Painted_Series/skeleton_archer/SkeletalMeshes/skeleton_archer_PhysicsAsset.uexp" 1523
"E:/Uni_Work/Unreal-Zombie-Shooter/Zombie_Shooter/Content/Fab/Skeleton_Archer_-_Hand_Painted_Series/skeleton_archer/SkeletalMeshes/skeleton_archer_Skeleton.uasset" 1524
"E:/Uni_Work/Unreal-Zombie-Shooter/Zombie_Shooter/Content/Fab/Skeleton_Archer_-_Hand_Painted_Series/skeleton_archer/SkeletalMeshes/skeleton_archer_Skeleton.uexp" 1525
"E:/Uni_Work/Unreal-Zombie-Shooter/Zombie_Shooter/Content/Fab/Skeleton_Archer_-_Hand_Painted_Series/skeleton_archer/SkeletalMeshes/skeleton_archer.uasset" 1526
"E:/Uni_Work/Unreal-Zombie-Shooter/Zombie_Shooter/Content/Fab/Skeleton_Archer_-_Hand_Painted_Series/skeleton_archer/SkeletalMeshes/skeleton_archer.uexp" 1527
"E:/Uni_Work/Unreal-Zombie-Shooter/Zombie_Shooter/Content/GameContent/Enemies/Zombies/RangedZombie/Animations/A_Ranged_Skeleton_Idle.uasset" 1528
"E:/Uni_Work/Unreal-Zombie-Shooter/Zombie_Shooter/Content/GameContent/Enemies/Zombies/RangedZombie/Animations/A_Ranged_Skeleton_Idle.uexp" 1529
"E:/Uni_Work/Unreal-Zombie-Shooter/Zombie_Shooter/Content/GameContent/Enemies/Zombies/RangedZombie/Animations/A_Ranged_Zombie_Walk.uasset" 1530
"E:/Uni_Work/Unreal-Zombie-Shooter/Zombie_Shooter/Content/GameContent/Enemies/Zombies/RangedZombie/Animations/A_Ranged_Zombie_Walk.uexp" 1531
"E:/Uni_Work/Unreal-Zombie-Shooter/Zombie_Shooter/Content/GameContent/Enemies/Zombies/RangedZombie/Animations/A_Rnaged_Skeleton_Run.uasset" 1532
"E:/Uni_Work/Unreal-Zombie-Shooter/Zombie_Shooter/Content/GameContent/Enemies/Zombies/RangedZombie/Animations/A_Rnaged_Skeleton_Run.uexp" 1533
"E:/Uni_Work/Unreal-Zombie-Shooter/Zombie_Shooter/Content/GameContent/Enemies/Zombies/RangedZombie/Animations/BS_RangedSkeleton_IdleRun.uasset" 1534
"E:/Uni_Work/Unreal-Zombie-Shooter/Zombie_Shooter/Content/GameContent/Enemies/Zombies/RangedZombie/Animations/BS_RangedSkeleton_IdleRun.uexp" 1535
"E:/Uni_Work/Unreal-Zombie-Shooter/Zombie_Shooter/Content/GameContent/Enemies/Zombies/RangedZombie/Animations/ABP_RangedSkeleton.uasset" 1536
"E:/Uni_Work/Unreal-Zombie-Shooter/Zombie_Shooter/Content/GameContent/Enemies/Zombies/RangedZombie/Animations/ABP_RangedSkeleton.uexp" 1537
"E:/Uni_Work/Unreal-Zombie-Shooter/Zombie_Shooter/Content/GameContent/Enemies/Zombies/RangedZombie/Animations/A_Ranged_Skeleton_Death.uasset" 1538
"E:/Uni_Work/Unreal-Zombie-Shooter/Zombie_Shooter/Content/GameContent/Enemies/Zombies/RangedZombie/Animations/A_Ranged_Skeleton_Death.uexp" 1539
"E:/Uni_Work/Unreal-Zombie-Shooter/Zombie_Shooter/Content/GameContent/Enemies/Zombies/RangedZombie/Animations/AM_Ranged_Skeleton_Death.uasset" 1540
"E:/Uni_Work/Unreal-Zombie-Shooter/Zombie_Shooter/Content/GameContent/Enemies/Zombies/RangedZombie/Animations/AM_Ranged_Skeleton_Death.uexp" 1541
"E:/Uni_Work/Unreal-Zombie-Shooter/Zombie_Shooter/Content/GameContent/Enemies/Zombies/RangedZombie/Animations/A_Ranged_Zombie_Full_Ground_Spawn.uasset" 1542
"E:/Uni_Work/Unreal-Zombie-Shooter/Zombie_Shooter/Content/GameContent/Enemies/Zombies/RangedZombie/Animations/A_Ranged_Zombie_Full_Ground_Spawn.uexp" 1543
"E:/Uni_Work/Unreal-Zombie-Shooter/Zombie_Shooter/Content/GameContent/Enemies/Zombies/RangedZombie/Animations/AM_Ranged_Skeleton_Spawn.uasset" 1544
"E:/Uni_Work/Unreal-Zombie-Shooter/Zombie_Shooter/Content/GameContent/Enemies/Zombies/RangedZombie/Animations/AM_Ranged_Skeleton_Spawn.uexp" 1545
"E:/Uni_Work/Unreal-Zombie-Shooter/Zombie_Shooter/Content/GameContent/GameplayEffects/GE_SkeletonArrowDamage.uasset" 1546
"E:/Uni_Work/Unreal-Zombie-Shooter/Zombie_Shooter/Content/GameContent/GameplayEffects/GE_SkeletonArrowDamage.uexp" 1547
"E:/Uni_Work/Unreal-Zombie-Shooter/Zombie_Shooter/Content/GameContent/Enemies/Zombies/RangedZombie/Animations/A_Ranged_Skeleton_Quick_Shot.uasset" 1548
"E:/Uni_Work/Unreal-Zombie-Shooter/Zombie_Shooter/Content/GameContent/Enemies/Zombies/RangedZombie/Animations/A_Ranged_Skeleton_Quick_Shot.uexp" 1549
"E:/Uni_Work/Unreal-Zombie-Shooter/Zombie_Shooter/Content/GameContent/Enemies/Zombies/RangedZombie/Animations/AM_Ranged_Skeleton_QuickShot.uasset" 1550
"E:/Uni_Work/Unreal-Zombie-Shooter/Zombie_Shooter/Content/GameContent/Enemies/Zombies/RangedZombie/Animations/AM_Ranged_Skeleton_QuickShot.uexp" 1551
"E:/Uni_Work/Unreal-Zombie-Shooter/Zombie_Shooter/Content/LP_LiteWeapons_JC/Textures/T_Texture_01.uasset" 1552
"E:/Uni_Work/Unreal-Zombie-Shooter/Zombie_Shooter/Content/LP_LiteWeapons_JC/Textures/T_Texture_01.uexp" 1553
"E:/Uni_Work/Unreal-Zombie-Shooter/Zombie_Shooter/Content/LP_LiteWeapons_JC/Materials/M_LiteWepons_01.uasset" 1554
"E:/Uni_Work/Unreal-Zombie-Shooter/Zombie_Shooter/Content/LP_LiteWeapons_JC/Materials/M_LiteWepons_01.uexp" 1555
"E:/Uni_Work/Unreal-Zombie-Shooter/Zombie_Shooter/Content/LP_LiteWeapons_JC/Models/SM_BulletLite_02.uasset" 1556
"E:/Uni_Work/Unreal-Zombie-Shooter/Zombie_Shooter/Content/LP_LiteWeapons_JC/Models/SM_BulletLite_02.uexp" 1557
"E:/Uni_Work/Unreal-Zombie-Shooter/Zombie_Shooter/Content/GameContent/Actors/EffectActors/BP_ArrowProjectile.uasset" 1558
"E:/Uni_Work/Unreal-Zombie-Shooter/Zombie_Shooter/Content/GameContent/Actors/EffectActors/BP_ArrowProjectile.uexp" 1559
"E:/Uni_Work/Unreal-Zombie-Shooter/Zombie_Shooter/Content/GameContent/GameAbilities/ZombieAbilites/GA_SkeletonBasicAttack.uasset" 1560
"E:/Uni_Work/Unreal-Zombie-Shooter/Zombie_Shooter/Content/GameContent/GameAbilities/ZombieAbilites/GA_SkeletonBasicAttack.uexp" 1561
"E:/Uni_Work/Unreal-Zombie-Shooter/Zombie_Shooter/Content/GameContent/Enemies/Zombies/RangedZombie/BP_RangerSkeleton.uasset" 1562
"E:/Uni_Work/Unreal-Zombie-Shooter/Zombie_Shooter/Content/GameContent/Enemies/Zombies/RangedZombie/BP_RangerSkeleton.uexp" 1563
"E:/Uni_Work/Unreal-Zombie-Shooter/Zombie_Shooter/Content/GameContent/Spawners/BP_ZombieSpawner.uasset" 1564
"E:/Uni_Work/Unreal-Zombie-Shooter/Zombie_Shooter/Content/GameContent/Spawners/BP_ZombieSpawner.uexp" 1565
"E:/Uni_Work/Unreal-Zombie-Shooter/Zombie_Shooter/Content/GameContent/Levels/MainLevel_sharedassets/Grass_LayerInfo.uasset" 1566
"E:/Uni_Work/Unreal-Zombie-Shooter/Zombie_Shooter/Content/GameContent/Levels/MainLevel_sharedassets/Grass_LayerInfo.uexp" 1567
"E:/Uni_Work/Unreal-Zombie-Shooter/Zombie_Shooter/Content/GameContent/Levels/MainLevel_sharedassets/Gravel_LayerInfo.uasset" 1568
"E:/Uni_Work/Unreal-Zombie-Shooter/Zombie_Shooter/Content/GameContent/Levels/MainLevel_sharedassets/Gravel_LayerInfo.uexp" 1569
"E:/Uni_Work/Unreal-Zombie-Shooter/Zombie_Shooter/Content/GameContent/Levels/MainLevel_sharedassets/Rock_LayerInfo.uasset" 1570
"E:/Uni_Work/Unreal-Zombie-Shooter/Zombie_Shooter/Content/GameContent/Levels/MainLevel_sharedassets/Rock_LayerInfo.uexp" 1571
"E:/Uni_Work/Unreal-Zombie-Shooter/Zombie_Shooter/Content/GameContent/Levels/MainLevel_sharedassets/Sand_LayerInfo.uasset" 1572
"E:/Uni_Work/Unreal-Zombie-Shooter/Zombie_Shooter/Content/GameContent/Levels/MainLevel_sharedassets/Sand_LayerInfo.uexp" 1573
"E:/Uni_Work/Unreal-Zombie-Shooter/Zombie_Shooter/Content/GameContent/Levels/MainLevel.uexp" 1574
"E:/Uni_Work/Unreal-Zombie-Shooter/Zombie_Shooter/Content/GameContent/Levels/MainLevel.umap" 1575
