"E:/Repos/Unreal-Zombie-Shooter/Zombie_Shooter/Zombie_Shooter.uproject" 1
"../../../Engine/Binaries/Win64/NotForLicensees/UnrealEditor.modules" 2
"../../../../Unreal-Zombie-Shooter/Zombie_Shooter/Binaries/Win64/UnrealEditor.modules" 3
"../../../Engine/Plugins/AudioGameplay/AudioGameplay.uplugin" 4
"../../../Engine/Plugins/BlueprintFileUtils/BlueprintFileUtils.uplugin" 5
"../../../Engine/Plugins/ChaosCloth/ChaosCloth.uplugin" 6
"../../../Engine/Plugins/ChaosClothAsset/ChaosClothAsset.uplugin" 7
"../../../Engine/Plugins/AudioInsights/AudioInsights.uplugin" 8
"../../../Engine/Plugins/BaseMaterial/BaseMaterial.uplugin" 9
"../../../Engine/Plugins/Bridge/Bridge.uplugin" 10
"../../../Engine/Plugins/AudioGameplayVolume/AudioGameplayVolume.uplugin" 11
"../../../Engine/Plugins/ChaosClothAssetEditor/ChaosClothAssetEditor.uplugin" 12
"../../../Engine/Plugins/ChaosVD/ChaosVD.uplugin" 13
"../../../Engine/Plugins/Chooser/Chooser.uplugin" 14
"../../../Engine/Plugins/CmdLinkServer/CmdLinkServer.uplugin" 15
"../../../Engine/Plugins/ChaosInsights/ChaosInsights.uplugin" 16
"../../../Engine/Plugins/DiscoveryBeaconReceiver/DiscoveryBeaconReceiver.uplugin" 17
"../../../Engine/Plugins/EnhancedInput/EnhancedInput.uplugin" 18
"../../../Engine/Plugins/Fab/Fab.uplugin" 19
"../../../Engine/Plugins/FastBuildController/FastBuildController.uplugin" 20
"../../../Engine/Plugins/JsonBlueprintUtilities/JsonBlueprintUtilities.uplugin" 21
"../../../Engine/Plugins/IoStoreInsights/IoStoreInsights.uplugin" 22
"../../../Engine/Plugins/MassInsights/MassInsights.uplugin" 23
"../../../Engine/Plugins/MemoryUsageQueries/MemoryUsageQueries.uplugin" 24
"../../../Engine/Plugins/LightWeightInstancesEditor/LightWeightInstancesEditor.uplugin" 25
"../../../Engine/Plugins/MeshPainting/MeshPainting.uplugin" 26
"../../../Engine/Plugins/Mutable/Mutable.uplugin" 27
"../../../Engine/Plugins/RenderGraphInsights/RenderGraphInsights.uplugin" 28
"../../../Engine/Plugins/PCG/PCG.uplugin" 29
"../../../Engine/Plugins/ScriptPlugin/ScriptPlugin.uplugin" 30
"../../../Engine/Plugins/TextureGraph/TextureGraph.uplugin" 31
"../../../Engine/Plugins/TraceUtilities/TraceUtilities.uplugin" 32
"../../../Engine/Plugins/UbaController/UbaController.uplugin" 33
"../../../Engine/Plugins/WorldMetrics/WorldMetrics.uplugin" 34
"../../../Engine/Plugins/XGEController/XGEController.uplugin" 35
"../../../Engine/Plugins/AI/AISupport/AISupport.uplugin" 36
"../../../Engine/Plugins/AI/EnvironmentQueryEditor/EnvironmentQueryEditor.uplugin" 37
"../../../Engine/Plugins/AI/HTNPlanner/HTNPlanner.uplugin" 38
"../../../Engine/Plugins/Cameras/CameraShakePreviewer/CameraShakePreviewer.uplugin" 39
"../../../Engine/Plugins/AI/MassAI/MassAI.uplugin" 40
"../../../Engine/Plugins/AI/MassCrowd/MassCrowd.uplugin" 41
"../../../Engine/Plugins/Cameras/EngineCameras/EngineCameras.uplugin" 42
"../../../Engine/Plugins/AI/MLAdapter/MLAdapter.uplugin" 43
"../../../Engine/Plugins/Cameras/GameplayCameras/GameplayCameras.uplugin" 44
"../../../Engine/Plugins/Importers/AlembicHairImporter/AlembicHairImporter.uplugin" 45
"../../../Engine/Plugins/NetcodeUnitTest/NUTUnrealEngine/NUTUnrealEngine.uplugin" 46
"../../../Engine/Plugins/NetcodeUnitTest/NetcodeUnitTest/NetcodeUnitTest.uplugin" 47
"../../../Engine/Plugins/Importers/AlembicImporter/AlembicImporter.uplugin" 48
"../../../Engine/Plugins/Runtime/ActorLayerUtilities/ActorLayerUtilities.uplugin" 49
"../../../Engine/Plugins/Importers/USDImporter/USDImporter.uplugin" 50
"../../../Engine/Plugins/Importers/USDImporterMDL/USDImporterMDL.uplugin" 51
"../../../Engine/Plugins/Runtime/ADM/ADM.uplugin" 52
"../../../Engine/Plugins/Importers/USDMultiUser/USDMultiUser.uplugin" 53
"../../../Engine/Plugins/Runtime/AndroidBackgroundService/AndroidBackgroundService.uplugin" 54
"../../../Engine/Plugins/Runtime/AndroidDeviceProfileSelector/AndroidDeviceProfileSelector.uplugin" 55
"../../../Engine/Plugins/Runtime/AndroidFileServer/AndroidFileServer.uplugin" 56
"../../../Engine/Plugins/Runtime/AndroidMoviePlayer/AndroidMoviePlayer.uplugin" 57
"../../../Engine/Plugins/Runtime/AndroidPermission/AndroidPermission.uplugin" 58
"../../../Engine/Plugins/Runtime/AnimationBudgetAllocator/AnimationBudgetAllocator.uplugin" 59
"../../../Engine/Plugins/Runtime/AppleMoviePlayer/AppleMoviePlayer.uplugin" 60
"../../../Engine/Plugins/Runtime/ApexDestruction/ApexDestruction.uplugin" 61
"../../../Engine/Plugins/Runtime/ArchVisCharacter/ArchVisCharacter.uplugin" 62
"../../../Engine/Plugins/Runtime/AppleImageUtils/AppleImageUtils.uplugin" 63
"../../../Engine/Plugins/Runtime/AssetTags/AssetTags.uplugin" 64
"../../../Engine/Plugins/Runtime/AudioCapture/AudioCapture.uplugin" 65
"../../../Engine/Plugins/Runtime/AudioModulation/AudioModulation.uplugin" 66
"../../../Engine/Plugins/Runtime/AudioMotorSim/AudioMotorSim.uplugin" 67
"../../../Engine/Plugins/Runtime/AudioSynesthesia/AudioSynesthesia.uplugin" 68
"../../../Engine/Plugins/Runtime/AudioWidgets/AudioWidgets.uplugin" 69
"../../../Engine/Plugins/Runtime/CableComponent/CableComponent.uplugin" 70
"../../../Engine/Plugins/Runtime/ChunkDownloader/ChunkDownloader.uplugin" 71
"../../../Engine/Plugins/Runtime/CommonUI/CommonUI.uplugin" 72
"../../../Engine/Plugins/Runtime/ComputeFramework/ComputeFramework.uplugin" 73
"../../../Engine/Plugins/Runtime/DataRegistry/DataRegistry.uplugin" 74
"../../../Engine/Plugins/Runtime/CustomMeshComponent/CustomMeshComponent.uplugin" 75
"../../../Engine/Plugins/Runtime/GameFeatures/GameFeatures.uplugin" 76
"../../../Engine/Plugins/Runtime/ExampleDeviceProfileSelector/ExampleDeviceProfileSelector.uplugin" 77
"../../../Engine/Plugins/Runtime/Firebase/Firebase.uplugin" 78
"../../../Engine/Plugins/Runtime/ExternalGPUStatistics/ExternalGPUStatistics.uplugin" 79
"../../../Engine/Plugins/Runtime/GameInput/GameInput.uplugin" 80
"../../../Engine/Plugins/Runtime/GameplayAbilities/GameplayAbilities.uplugin" 81
"../../../Engine/Plugins/Runtime/GameplayBehaviorSmartObjects/GameplayBehaviorSmartObjects.uplugin" 82
"../../../Engine/Plugins/Runtime/GameplayInteractions/GameplayInteractions.uplugin" 83
"../../../Engine/Plugins/Runtime/GameplayStateTree/GameplayStateTree.uplugin" 84
"../../../Engine/Plugins/Runtime/GeometryCache/GeometryCache.uplugin" 85
"../../../Engine/Plugins/Runtime/GeometryScripting/GeometryScripting.uplugin" 86
"../../../Engine/Plugins/Runtime/GeometryProcessing/GeometryProcessing.uplugin" 87
"../../../Engine/Plugins/Runtime/GeoReferencing/GeoReferencing.uplugin" 88
"../../../Engine/Plugins/Runtime/GoogleCloudMessaging/GoogleCloudMessaging.uplugin" 89
"../../../Engine/Plugins/Runtime/GooglePAD/GooglePAD.uplugin" 90
"../../../Engine/Plugins/Runtime/HairStrands/HairStrands.uplugin" 91
"../../../Engine/Plugins/Runtime/Harmonix/Harmonix.uplugin" 92
"../../../Engine/Plugins/Runtime/HDRIBackdrop/HDRIBackdrop.uplugin" 93
"../../../Engine/Plugins/Runtime/HPMotionController/HPMotionController.uplugin" 94
"../../../Engine/Plugins/Runtime/HTTPChunkInstaller/HTTPChunkInstaller.uplugin" 95
"../../../Engine/Plugins/Runtime/InstancedActors/InstancedActors.uplugin" 96
"../../../Engine/Plugins/Runtime/InputDebugging/InputDebugging.uplugin" 97
"../../../Engine/Plugins/Runtime/IOSReplayKit/IOSReplayKit.uplugin" 98
"../../../Engine/Plugins/Runtime/IOSDeviceProfileSelector/IOSDeviceProfileSelector.uplugin" 99
"../../../Engine/Plugins/Runtime/LevelStreamingPersistence/LevelStreamingPersistence.uplugin" 100
"../../../Engine/Plugins/Runtime/LinuxDeviceProfileSelector/LinuxDeviceProfileSelector.uplugin" 101
"../../../Engine/Plugins/Runtime/LiveLinkOvernDisplay/LiveLinkOverNDisplay.uplugin" 102
"../../../Engine/Plugins/Runtime/LocationServicesBPLibrary/LocationServicesBPLibrary.uplugin" 103
"../../../Engine/Plugins/Runtime/MassEntity/MassEntity.uplugin" 104
"../../../Engine/Plugins/Runtime/LocationServicesIOSImpl/LocationServicesIOSImpl.uplugin" 105
"../../../Engine/Plugins/Runtime/MeshModelingToolset/MeshModelingToolset.uplugin" 106
"../../../Engine/Plugins/Runtime/MassGameplay/MassGameplay.uplugin" 107
"../../../Engine/Plugins/Runtime/Metasound/Metasound.uplugin" 108
"../../../Engine/Plugins/Runtime/MicrosoftSpatialAudio/MicroSoftSpatialSound.uplugin" 109
"../../../Engine/Plugins/Runtime/MIDIDevice/MIDIDevice.uplugin" 110
"../../../Engine/Plugins/Runtime/MixedRealityCaptureFramework/MixedRealityCaptureFramework.uplugin" 111
"../../../Engine/Plugins/Runtime/ModelViewViewModel/ModelViewViewModel.uplugin" 112
"../../../Engine/Plugins/Runtime/MobilePatchingUtils/MobilePatchingUtils.uplugin" 113
"../../../Engine/Plugins/Runtime/ModularGameplay/ModularGameplay.uplugin" 114
"../../../Engine/Plugins/Runtime/MusicEnvironment/MusicEnvironment.uplugin" 115
"../../../Engine/Plugins/Runtime/MsQuic/MsQuic.uplugin" 116
"../../../Engine/Plugins/Runtime/NavCorridor/NavCorridor.uplugin" 117
"../../../Engine/Plugins/Runtime/MultiServerReplication/MultiServerReplication.uplugin" 118
"../../../Engine/Plugins/Runtime/nDisplay/nDisplay.uplugin" 119
"../../../Engine/Plugins/Runtime/nDisplayModularFeatures/nDisplayModularFeatures.uplugin" 120
"../../../Engine/Plugins/Runtime/LocationServicesAndroidImpl/LocationServicesAndroidImpl.uplugin" 121
"../../../Engine/Plugins/Runtime/NetworkPrediction/NetworkPrediction.uplugin" 122
"../../../Engine/Plugins/Runtime/NetworkPredictionInsights/NetworkPredictionInsights.uplugin" 123
"../../../Engine/Plugins/Runtime/OpenCV/OpenCV.uplugin" 124
"../../../Engine/Plugins/Runtime/NetworkPredictionExtras/NetworkPredictionExtras.uplugin" 125
"../../../Engine/Plugins/Runtime/OpenXR/OpenXR.uplugin" 126
"../../../Engine/Plugins/Runtime/OpenXREyeTracker/OpenXREyeTracker.uplugin" 127
"../../../Engine/Plugins/Runtime/OpenXRMsftHandInteraction/OpenXRMsftHandInteraction.uplugin" 128
"../../../Engine/Plugins/Runtime/OpenXRHandTracking/OpenXRHandTracking.uplugin" 129
"../../../Engine/Plugins/Runtime/OpenXRViveTracker/OpenXRViveTracker.uplugin" 130
"../../../Engine/Plugins/Runtime/OSC/OSC.uplugin" 131
"../../../Engine/Plugins/Runtime/OptionalMobileFeaturesBPLibrary/OptionalMobileFeaturesBPLibrary.uplugin" 132
"../../../Engine/Plugins/Runtime/PreLoadScreenMoviePlayer/PreLoadScreenMoviePlayer.uplugin" 133
"../../../Engine/Plugins/Runtime/ProceduralMeshComponent/ProceduralMeshComponent.uplugin" 134
"../../../Engine/Plugins/Runtime/PropertyAccess/PropertyAccessEditor.uplugin" 135
"../../../Engine/Plugins/Runtime/RenderTrace/RenderTrace.uplugin" 136
"../../../Engine/Plugins/Runtime/ReplicationSystemTestPlugin/ReplicationSystemTestPlugin.uplugin" 137
"../../../Engine/Plugins/Runtime/PropertyBindingUtils/PropertyBindingUtils.uplugin" 138
"../../../Engine/Plugins/Runtime/ResonanceAudio/ResonanceAudio.uplugin" 139
"../../../Engine/Plugins/Runtime/RigVM/RigVM.uplugin" 140
"../../../Engine/Plugins/Runtime/ReplicationGraph/ReplicationGraph.uplugin" 141
"../../../Engine/Plugins/Runtime/SignificanceManager/SignificanceManager.uplugin" 142
"../../../Engine/Plugins/Runtime/ScriptableToolsFramework/ScriptableToolsFramework.uplugin" 143
"../../../Engine/Plugins/Runtime/SkeletalMerging/SkeletalMerging.uplugin" 144
"../../../Engine/Plugins/Runtime/SoundFields/SoundFields.uplugin" 145
"../../../Engine/Plugins/Runtime/SmartObjects/SmartObjects.uplugin" 146
"../../../Engine/Plugins/Runtime/SoundMod/SoundMod.uplugin" 147
"../../../Engine/Plugins/Runtime/Soundscape/Soundscape.uplugin" 148
"../../../Engine/Plugins/Runtime/SoundCueTemplates/SoundCueTemplates.uplugin" 149
"../../../Engine/Plugins/Runtime/SoundUtilities/SoundUtilities.uplugin" 150
"../../../Engine/Plugins/Runtime/Spatialization/Spatialization.uplugin" 151
"../../../Engine/Plugins/Runtime/StateTree/StateTree.uplugin" 152
"../../../Engine/Plugins/Runtime/SunPosition/SunPosition.uplugin" 153
"../../../Engine/Plugins/Runtime/USDCore/USDCore.uplugin" 154
"../../../Engine/Plugins/Runtime/Synthesis/Synthesis.uplugin" 155
"../../../Engine/Plugins/Runtime/WaveTable/WaveTable.uplugin" 156
"../../../Engine/Plugins/Runtime/WarpUtils/WarpUtils.uplugin" 157
"../../../Engine/Plugins/Runtime/WebBrowserNativeProxy/WebBrowserNativeProxy.uplugin" 158
"../../../Engine/Plugins/Runtime/WebBrowserWidget/WebBrowserWidget.uplugin" 159
"../../../Engine/Plugins/Runtime/WebMMoviePlayer/WebMMoviePlayer.uplugin" 160
"../../../Engine/Plugins/Enterprise/AxFImporter/AxFImporter.uplugin" 161
"../../../Engine/Plugins/Runtime/WindowsDeviceProfileSelector/WindowsDeviceProfileSelector.uplugin" 162
"../../../Engine/Plugins/Runtime/WorldConditions/WorldConditions.uplugin" 163
"../../../Engine/Plugins/Runtime/XRBase/XRBase.uplugin" 164
"../../../Engine/Plugins/Runtime/WindowsMoviePlayer/WindowsMoviePlayer.uplugin" 165
"../../../Engine/Plugins/Runtime/ZoneGraphAnnotations/ZoneGraphAnnotations.uplugin" 166
"../../../Engine/Plugins/Runtime/ZoneGraph/ZoneGraph.uplugin" 167
"../../../Engine/Plugins/Enterprise/DataprepEditor/DataprepEditor.uplugin" 168
"../../../Engine/Plugins/Enterprise/DatasmithC4DImporter/DatasmithC4DImporter.uplugin" 169
"../../../Engine/Plugins/Enterprise/DatasmithCADImporter/DatasmithCADImporter.uplugin" 170
"../../../Engine/Plugins/Enterprise/DatasmithContent/DatasmithContent.uplugin" 171
"../../../Engine/Plugins/Enterprise/GLTFExporter/GLTFExporter.uplugin" 172
"../../../Engine/Plugins/Enterprise/DatasmithImporter/DatasmithImporter.uplugin" 173
"../../../Engine/Plugins/Enterprise/DatasmithFBXImporter/DatasmithFBXImporter.uplugin" 174
"../../../Engine/Plugins/Enterprise/LidarPointCloud/LidarPointCloud.uplugin" 175
"../../../Engine/Plugins/Enterprise/VariantManager/VariantManager.uplugin" 176
"../../../Engine/Plugins/Enterprise/MDLImporter/MDLImporter.uplugin" 177
"../../../Engine/Plugins/Enterprise/VariantManagerContent/VariantManagerContent.uplugin" 178
"../../../Engine/Plugins/Web/HttpBlueprint/HttpBlueprint.uplugin" 179
"../../../Engine/Plugins/Compression/OodleNetwork/OodleNetwork.uplugin" 180
"../../../Engine/Plugins/MetaHuman/MetaHumanAnimator/MetaHuman.uplugin" 181
"../../../Engine/Plugins/PCGInterops/PCGExternalDataInterop/PCGExternalDataInterop.uplugin" 182
"../../../Engine/Plugins/PCGInterops/PCGGeometryScriptInterop/PCGGeometryScriptInterop.uplugin" 183
"../../../Engine/Plugins/MetaHuman/MetaHumanCalibrationProcessing/MetaHumanCalibrationProcessing.uplugin" 184
"../../../Engine/Plugins/MetaHuman/MetaHumanCharacter/MetaHumanCharacter.uplugin" 185
"../../../Engine/Plugins/MetaHuman/MetaHumanCoreTechLib/MetaHumanCoreTech.uplugin" 186
"../../../Engine/Plugins/PCGInterops/PCGPythonInterop/PCGPythonInterop.uplugin" 187
"../../../Engine/Plugins/MetaHuman/MetaHumanSDK/MetaHumanSDK.uplugin" 188
"../../../Engine/Plugins/MetaHuman/MetaHumanLiveLink/MetaHumanLiveLink.uplugin" 189
"../../../Engine/Plugins/Slate/SlateInsights/SlateInsights.uplugin" 190
"../../../Engine/Plugins/Slate/SlateScripting/SlateScripting.uplugin" 191
"../../../Engine/Plugins/Editor/AssetManagerEditor/AssetManagerEditor.uplugin" 192
"../../../Engine/Plugins/Editor/AssetReferenceRestrictions/AssetReferenceRestrictions.uplugin" 193
"../../../Engine/Plugins/Editor/AssetRegistryExport/AssetRegistryExport.uplugin" 194
"../../../Engine/Plugins/Editor/AssetSearch/AssetSearch.uplugin" 195
"../../../Engine/Plugins/Editor/BlueprintHeaderView/BlueprintHeaderView.uplugin" 196
"../../../Engine/Plugins/Editor/BlueprintMaterialTextureNodes/BlueprintMaterialTextureNodes.uplugin" 197
"../../../Engine/Plugins/Editor/ChangelistReview/ChangelistReview.uplugin" 198
"../../../Engine/Plugins/Editor/ColorGrading/ColorGrading.uplugin" 199
"../../../Engine/Plugins/Editor/ConsoleVariablesEditor/ConsoleVariables.uplugin" 200
"../../../Engine/Plugins/Editor/CryptoKeys/CryptoKeys.uplugin" 201
"../../../Engine/Plugins/Editor/CurveEditorTools/CurveEditorTools.uplugin" 202
"../../../Engine/Plugins/Editor/DataValidation/DataValidation.uplugin" 203
"../../../Engine/Plugins/Editor/DisplayClusterLaunch/DisplayClusterLaunch.uplugin" 204
"../../../Engine/Plugins/Editor/EditorDebugTools/EditorDebugTools.uplugin" 205
"../../../Engine/Plugins/Editor/EditorSysConfigAssistant/EditorSysConfigAssistant.uplugin" 206
"../../../Engine/Plugins/Editor/EditorScriptingUtilities/EditorScriptingUtilities.uplugin" 207
"../../../Engine/Plugins/Editor/FacialAnimation/FacialAnimation.uplugin" 208
"../../../Engine/Plugins/Editor/EngineAssetDefinitions/EngineAssetDefinitions.uplugin" 209
"../../../Engine/Plugins/Editor/GeometryMode/GeometryMode.uplugin" 210
"../../../Engine/Plugins/Editor/GameplayTagsEditor/GameplayTagsEditor.uplugin" 211
"../../../Engine/Plugins/Editor/LandscapePatch/LandscapePatch.uplugin" 212
"../../../Engine/Plugins/Editor/LiveUpdateForSlate/LiveUpdateForSlate.uplugin" 213
"../../../Engine/Plugins/Editor/GuidedTutorials/GuidedTutorials.uplugin" 214
"../../../Engine/Plugins/Editor/MacGraphicsSwitching/MacGraphicsSwitching.uplugin" 215
"../../../Engine/Plugins/Editor/MakeCookedEditorAsDLC/MakeCookedEditorAsDLC.uplugin" 216
"../../../Engine/Plugins/Editor/MaterialAnalyzer/MaterialAnalyzer.uplugin" 217
"../../../Engine/Plugins/Editor/MeshLODToolset/MeshLODToolset.uplugin" 218
"../../../Engine/Plugins/Editor/PluginBrowser/PluginBrowser.uplugin" 219
"../../../Engine/Plugins/Editor/ProxyLODPlugin/ProxyLODPlugin.uplugin" 220
"../../../Engine/Plugins/Editor/SampleToolsEditorMode/SampleToolsEditorMode.uplugin" 221
"../../../Engine/Plugins/Editor/MobileLauncherProfileWizard/MobileLauncherProfileWizard.uplugin" 222
"../../../Engine/Plugins/Editor/ScriptableToolsEditorMode/ScriptableToolsEditorMode.uplugin" 223
"../../../Engine/Plugins/Editor/ModelingToolsEditorMode/ModelingToolsEditorMode.uplugin" 224
"../../../Engine/Plugins/Editor/ModelViewViewModelPreview/ModelViewViewModelPreview.uplugin" 225
"../../../Engine/Plugins/Editor/SequencerAnimTools/SequencerAnimTools.uplugin" 226
"../../../Engine/Plugins/Editor/SpeedTreeImporter/SpeedTreeImporter.uplugin" 227
"../../../Engine/Plugins/Editor/StaticMeshEditorModeling/StaticMeshEditorModeling.uplugin" 228
"../../../Engine/Plugins/Interchange/Assets/InterchangeAssets.uplugin" 229
"../../../Engine/Plugins/Editor/StylusInput/StylusInput.uplugin" 230
"../../../Engine/Plugins/Editor/UMGWidgetPreview/UMGWidgetPreview.uplugin" 231
"../../../Engine/Plugins/Interchange/Editor/InterchangeEditor.uplugin" 232
"../../../Engine/Plugins/Editor/WaveformEditor/WaveformEditor.uplugin" 233
"../../../Engine/Plugins/Editor/UVEditor/UVEditor.uplugin" 234
"../../../Engine/Plugins/Editor/WorldPartitionHLODUtilities/WorldPartitionHLODUtilities.uplugin" 235
"../../../Engine/Plugins/Online/EOSShared/EOSShared.uplugin" 236
"../../../Engine/Plugins/Interchange/Runtime/Interchange.uplugin" 237
"../../../Engine/Plugins/Online/OnlineBase/OnlineBase.uplugin" 238
"../../../Engine/Plugins/Online/OnlineFrameworkCommon/OnlineFrameworkCommon.uplugin" 239
"../../../Engine/Plugins/Online/OnlineFramework/OnlineFramework.uplugin" 240
"../../../Engine/Plugins/Online/EOSOverlayInputProvider/EOSOverlayInputProvider.uplugin" 241
"../../../Engine/Plugins/Online/OnlineServices/OnlineServices.uplugin" 242
"../../../Engine/Plugins/Online/OnlineSubsystem/OnlineSubsystem.uplugin" 243
"../../../Engine/Plugins/Online/OnlineServicesEOS/OnlineServicesEOS.uplugin" 244
"../../../Engine/Plugins/Online/OnlineServicesEOSGS/OnlineServicesEOSGS.uplugin" 245
"../../../Engine/Plugins/Online/OnlineServicesEpicCommon/OnlineServicesEpicCommon.uplugin" 246
"../../../Engine/Plugins/Online/OnlineServicesNull/OnlineServicesNull.uplugin" 247
"../../../Engine/Plugins/Online/OnlineSubsystemApple/OnlineSubsystemApple.uplugin" 248
"../../../Engine/Plugins/Online/OnlineSubsystemEOS/OnlineSubsystemEOS.uplugin" 249
"../../../Engine/Plugins/Online/OnlineSubsystemFacebook/OnlineSubsystemFacebook.uplugin" 250
"../../../Engine/Plugins/Online/OnlineSubsystemGoogle/OnlineSubsystemGoogle.uplugin" 251
"../../../Engine/Plugins/Online/OnlineSubsystemAmazon/OnlineSubsystemAmazon.uplugin" 252
"../../../Engine/Plugins/Online/OnlineServicesOSSAdapter/OnlineServicesOSSAdapter.uplugin" 253
"../../../Engine/Plugins/Online/OnlineSubsystemNull/OnlineSubsystemNull.uplugin" 254
"../../../Engine/Plugins/Online/OnlineSubsystemSteam/OnlineSubsystemSteam.uplugin" 255
"../../../Engine/Plugins/Online/OnlineSubsystemTencent/OnlineSubsystemTencent.uplugin" 256
"../../../Engine/Plugins/Online/OnlineSubsystemUtils/OnlineSubsystemUtils.uplugin" 257
"../../../Engine/Plugins/VirtualProduction/ActorModifier/ActorModifier.uplugin" 258
"../../../Engine/Plugins/Online/SocketSubsystemSteamIP/SocketSubsystemSteamIP.uplugin" 259
"../../../Engine/Plugins/Online/SocketSubsystemEOS/SocketSubsystemEOS.uplugin" 260
"../../../Engine/Plugins/VirtualProduction/ActorModifierCore/ActorModifierCore.uplugin" 261
"../../../Engine/Plugins/VirtualProduction/Avalanche/Avalanche.uplugin" 262
"../../../Engine/Plugins/Online/WebAuth/WebAuth.uplugin" 263
"../../../Engine/Plugins/VirtualProduction/AvalancheDataLink/AvalancheDataLink.uplugin" 264
"../../../Engine/Plugins/VirtualProduction/AvalancheSceneState/AvalancheSceneState.uplugin" 265
"../../../Engine/Plugins/VirtualProduction/CameraCalibrationCore/CameraCalibrationCore.uplugin" 266
"../../../Engine/Plugins/VirtualProduction/CameraCalibration/CameraCalibration.uplugin" 267
"../../../Engine/Plugins/VirtualProduction/CameraCalibrationML/CameraCalibrationML.uplugin" 268
"../../../Engine/Plugins/VirtualProduction/CaptureData/CaptureData.uplugin" 269
"../../../Engine/Plugins/VirtualProduction/CinematicAssemblyTools/CinematicAssemblyTools.uplugin" 270
"../../../Engine/Plugins/VirtualProduction/ClonerEffector/ClonerEffector.uplugin" 271
"../../../Engine/Plugins/VirtualProduction/CompositePlane/CompositePlane.uplugin" 272
"../../../Engine/Plugins/VirtualProduction/CustomDetailsView/CustomDetailsView.uplugin" 273
"../../../Engine/Plugins/VirtualProduction/DataLink/DataLink.uplugin" 274
"../../../Engine/Plugins/VirtualProduction/DataCharts/DataCharts.uplugin" 275
"../../../Engine/Plugins/VirtualProduction/DataLinkOAuth/DataLinkOAuth.uplugin" 276
"../../../Engine/Plugins/VirtualProduction/DynamicMaterial/DynamicMaterial.uplugin" 277
"../../../Engine/Plugins/VirtualProduction/EpicStageApp/EpicStageApp.uplugin" 278
"../../../Engine/Plugins/VirtualProduction/GeometryMask/GeometryMask.uplugin" 279
"../../../Engine/Plugins/VirtualProduction/ICVFX/ICVFX.uplugin" 280
"../../../Engine/Plugins/VirtualProduction/ICVFXTesting/ICVFXTesting.uplugin" 281
"../../../Engine/Plugins/VirtualProduction/LensComponent/LensComponent.uplugin" 282
"../../../Engine/Plugins/VirtualProduction/LevelSnapshots/LevelSnapshots.uplugin" 283
"../../../Engine/Plugins/VirtualProduction/LiveLinkCamera/LiveLinkCamera.uplugin" 284
"../../../Engine/Plugins/VirtualProduction/LiveLinkFreeD/LiveLinkFreeD.uplugin" 285
"../../../Engine/Plugins/VirtualProduction/LiveLinkInputDevice/LiveLinkInputDevice.uplugin" 286
"../../../Engine/Plugins/VirtualProduction/LiveLinkLens/LiveLinkLens.uplugin" 287
"../../../Engine/Plugins/VirtualProduction/LiveLinkMasterLockit/LiveLinkMasterLockit.uplugin" 288
"../../../Engine/Plugins/VirtualProduction/LiveLinkOpenTrackIO/LiveLinkOpenTrackIO.uplugin" 289
"../../../Engine/Plugins/VirtualProduction/LiveLinkPrestonMDR/LiveLinkPrestonMDR.uplugin" 290
"../../../Engine/Plugins/VirtualProduction/LiveLinkXR/LiveLinkXR.uplugin" 291
"../../../Engine/Plugins/VirtualProduction/OperatorStack/OperatorStack.uplugin" 292
"../../../Engine/Plugins/VirtualProduction/LiveLinkVRPN/LiveLinkVRPN.uplugin" 293
"../../../Engine/Plugins/VirtualProduction/PropertyAnimator/PropertyAnimator.uplugin" 294
"../../../Engine/Plugins/VirtualProduction/PerformanceCaptureWorkflow/PerformanceCaptureWorkflow.uplugin" 295
"../../../Engine/Plugins/VirtualProduction/PropertyAnimatorCore/PropertyAnimatorCore.uplugin" 296
"../../../Engine/Plugins/VirtualProduction/RemoteControlInterception/RemoteControlInterception.uplugin" 297
"../../../Engine/Plugins/VirtualProduction/MultiUserTakes/MultiUserTakes.uplugin" 298
"../../../Engine/Plugins/VirtualProduction/RemoteControlProtocolDMX/RemoteControlProtocolDMX.uplugin" 299
"../../../Engine/Plugins/VirtualProduction/RemoteControlProtocolMIDI/RemoteControlProtocolMIDI.uplugin" 300
"../../../Engine/Plugins/VirtualProduction/RemoteControlProtocolOSC/RemoteControlProtocolOSC.uplugin" 301
"../../../Engine/Plugins/VirtualProduction/RemoteControlWebInterface/RemoteControlWebInterface.uplugin" 302
"../../../Engine/Plugins/VirtualProduction/SceneState/SceneState.uplugin" 303
"../../../Engine/Plugins/VirtualProduction/SceneStateDataLink/SceneStateDataLink.uplugin" 304
"../../../Engine/Plugins/VirtualProduction/SequencerPlaylists/SequencerPlaylists.uplugin" 305
"../../../Engine/Plugins/VirtualProduction/StageMonitoring/StageMonitoring.uplugin" 306
"../../../Engine/Plugins/VirtualProduction/StormSyncAvalancheBridge/StormSyncAvalancheBridge.uplugin" 307
"../../../Engine/Plugins/VirtualProduction/StormSync/StormSync.uplugin" 308
"../../../Engine/Plugins/VirtualProduction/SVGImporter/SVGImporter.uplugin" 309
"../../../Engine/Plugins/VirtualProduction/Switchboard/Switchboard.uplugin" 310
"../../../Engine/Plugins/VirtualProduction/Takes/Takes.uplugin" 311
"../../../Engine/Plugins/VirtualProduction/Text3D/Text3D.uplugin" 312
"../../../Engine/Plugins/VirtualProduction/TextureShare/TextureShare.uplugin" 313
"../../../Engine/Plugins/Compositing/Composite/Composite.uplugin" 314
"../../../Engine/Plugins/VirtualProduction/TimedDataMonitor/TimedDataMonitor.uplugin" 315
"../../../Engine/Plugins/Compositing/CompositeCore/CompositeCore.uplugin" 316
"../../../Engine/Plugins/VirtualProduction/VirtualCamera/VirtualCamera.uplugin" 317
"../../../Engine/Plugins/VirtualProduction/VirtualCameraCore/VirtualCameraCore.uplugin" 318
"../../../Engine/Plugins/Compositing/Composure/Composure.uplugin" 319
"../../../Engine/Plugins/VirtualProduction/VirtualScouting/VirtualScouting.uplugin" 320
"../../../Engine/Plugins/VirtualProduction/RemoteControl/RemoteControl.uplugin" 321
"../../../Engine/Plugins/Compositing/HoldoutComposite/HoldoutComposite.uplugin" 322
"../../../Engine/Plugins/Compositing/OpenColorIO/OpenColorIO.uplugin" 323
"../../../Engine/Plugins/Compositing/LensDistortion/LensDistortion.uplugin" 324
"../../../Engine/Plugins/Compositing/OpenCVLensDistortion/OpenCVLensDistortion.uplugin" 325
"../../../Engine/Plugins/Experimental/AbilitySystemGameFeatureActions/AbilitySystemGameFeatureActions.uplugin" 326
"../../../Engine/Plugins/Experimental/ActorPalette/ActorPalette.uplugin" 327
"../../../Engine/Plugins/Experimental/AIAssistant/AIAssistant.uplugin" 328
"../../../Engine/Plugins/Experimental/AnimToTexture/AnimToTexture.uplugin" 329
"../../../Engine/Plugins/Experimental/AsyncMessageSystemTests/AsyncMessageSystemTests.uplugin" 330
"../../../Engine/Plugins/Experimental/AdvancedRenamer/AdvancedRenamer.uplugin" 331
"../../../Engine/Plugins/Experimental/AsyncMessageSystem/AsyncMessageSystem.uplugin" 332
"../../../Engine/Plugins/Experimental/AutomationUtils/AutomationUtils.uplugin" 333
"../../../Engine/Plugins/Experimental/AvalancheDisplayCluster/AvalancheDisplayCluster.uplugin" 334
"../../../Engine/Plugins/Experimental/AvalancheSequenceNavigator/AvalancheSequenceNavigator.uplugin" 335
"../../../Engine/Plugins/Experimental/BackChannel/BackChannel.uplugin" 336
"../../../Engine/Plugins/Experimental/BlueprintStats/BlueprintStats.uplugin" 337
"../../../Engine/Plugins/Experimental/BlueprintSnapNodes/BlueprintSnapNodes.uplugin" 338
"../../../Engine/Plugins/Experimental/Buoyancy/Buoyancy.uplugin" 339
"../../../Engine/Plugins/Experimental/ChaosCaching/ChaosCaching.uplugin" 340
"../../../Engine/Plugins/Experimental/ChaosCachingUSD/ChaosCachingUSD.uplugin" 341
"../../../Engine/Plugins/Experimental/CelestialVault/CelestialVault.uplugin" 342
"../../../Engine/Plugins/Experimental/ChaosEditor/ChaosEditor.uplugin" 343
"../../../Engine/Plugins/Experimental/ChaosClothEditor/ChaosClothEditor.uplugin" 344
"../../../Engine/Plugins/Experimental/ChaosFlesh/ChaosFlesh.uplugin" 345
"../../../Engine/Plugins/Experimental/ChaosModularVehicle/ChaosModularVehicle.uplugin" 346
"../../../Engine/Plugins/Experimental/ChaosModularVehicleExamples/ChaosModularVehicleExamples.uplugin" 347
"../../../Engine/Plugins/Experimental/ChaosMover/ChaosMover.uplugin" 348
"../../../Engine/Plugins/Experimental/ChaosNiagara/ChaosNiagara.uplugin" 349
"../../../Engine/Plugins/Experimental/ChaosOutfitAsset/ChaosOutfitAsset.uplugin" 350
"../../../Engine/Plugins/Experimental/ChaosRigidAsset/ChaosRigidAsset.uplugin" 351
"../../../Engine/Plugins/Experimental/ChaosSolverPlugin/ChaosSolverPlugin.uplugin" 352
"../../../Engine/Plugins/Experimental/ChaosUserDataPT/ChaosUserDataPT.uplugin" 353
"../../../Engine/Plugins/Experimental/ChaosVehiclesPlugin/ChaosVehiclesPlugin.uplugin" 354
"../../../Engine/Plugins/Experimental/CharacterAI/CharacterAI.uplugin" 355
"../../../Engine/Plugins/Experimental/CineCameraRigs/CineCameraRigs.uplugin" 356
"../../../Engine/Plugins/Experimental/CineCameraSceneCapture/CineCameraSceneCapture.uplugin" 357
"../../../Engine/Plugins/Experimental/CinematicPrestreaming/CinematicPrestreaming.uplugin" 358
"../../../Engine/Plugins/Experimental/CodeEditor/CodeEditor.uplugin" 359
"../../../Engine/Plugins/Experimental/CinematicSequenceNavigator/CinematicSequenceNavigator.uplugin" 360
"../../../Engine/Plugins/Experimental/ColorCorrectRegions/ColorCorrectRegions.uplugin" 361
"../../../Engine/Plugins/Experimental/CodeView/CodeView.uplugin" 362
"../../../Engine/Plugins/Experimental/CommonConversation/CommonConversation.uplugin" 363
"../../../Engine/Plugins/Experimental/ControlFlows/ControlFlows.uplugin" 364
"../../../Engine/Plugins/Experimental/ControlRigPhysics/ControlRigPhysics.uplugin" 365
"../../../Engine/Plugins/Experimental/Dataflow/Dataflow.uplugin" 366
"../../../Engine/Plugins/Experimental/DaySequence/DaySequence.uplugin" 367
"../../../Engine/Plugins/Experimental/DefaultInstallBundleManager/DefaultInstallBundleManager.uplugin" 368
"../../../Engine/Plugins/Experimental/DrawDebugLibrary/DrawDebugLibrary.uplugin" 369
"../../../Engine/Plugins/Experimental/DynamicMaterialMediaStreamBridge/DynamicMaterialMediaStreamBridge.uplugin" 370
"../../../Engine/Plugins/Experimental/DynamicWind/DynamicWind.uplugin" 371
"../../../Engine/Plugins/Experimental/EditorDataStorage/EditorDataStorage.uplugin" 372
"../../../Engine/Plugins/Experimental/EditorDataStorageFeatures/EditorDataStorageFeatures.uplugin" 373
"../../../Engine/Plugins/Experimental/EditorPerformance/EditorPerformance.uplugin" 374
"../../../Engine/Plugins/Experimental/EditorTelemetry/EditorTelemetry.uplugin" 375
"../../../Engine/Plugins/Experimental/EvaluationNotifies/EvaluationNotifies.uplugin" 376
"../../../Engine/Plugins/Experimental/FastGeoStreaming/FastGeoStreaming.uplugin" 377
"../../../Engine/Plugins/Experimental/FieldSystemPlugin/FieldSystemPlugin.uplugin" 378
"../../../Engine/Plugins/Experimental/FloatingProperties/FloatingProperties.uplugin" 379
"../../../Engine/Plugins/Experimental/Fracture/Fracture.uplugin" 380
"../../../Engine/Plugins/Experimental/FullBodyIK/FullBodyIK.uplugin" 381
"../../../Engine/Plugins/Experimental/GameplayBehaviors/GameplayBehaviors.uplugin" 382
"../../../Engine/Plugins/Experimental/GameInputWindows/GameInputWindows.uplugin" 383
"../../../Engine/Plugins/Experimental/GameplayGraph/GameplayGraph.uplugin" 384
"../../../Engine/Plugins/Experimental/GameplayTargetingSystem/TargetingSystem.uplugin" 385
"../../../Engine/Plugins/Experimental/Gauntlet/Gauntlet.uplugin" 386
"../../../Engine/Plugins/Experimental/GeometryCacheAbcFile/GeometryCacheAbcFile.uplugin" 387
"../../../Engine/Plugins/Experimental/GeometryCacheLevelSequenceBaker/GeometryCacheLevelSequenceBaker.uplugin" 388
"../../../Engine/Plugins/Experimental/GeometryDataflow/GeometryDataflow.uplugin" 389
"../../../Engine/Plugins/Experimental/GeometryFlow/GeometryFlow.uplugin" 390
"../../../Engine/Plugins/Experimental/GizmoEdMode/GizmoEdMode.uplugin" 391
"../../../Engine/Plugins/Experimental/GeometryCollectionPlugin/GeometryCollectionPlugin.uplugin" 392
"../../../Engine/Plugins/Experimental/GizmoFramework/GizmoFramework.uplugin" 393
"../../../Engine/Plugins/Experimental/GlobalConfigurationData/GlobalConfigurationData.uplugin" 394
"../../../Engine/Plugins/Experimental/GPULightmass/GPULightmass.uplugin" 395
"../../../Engine/Plugins/Experimental/HairCardGenerator/HairCardGenerator.uplugin" 396
"../../../Engine/Plugins/Experimental/HairModelingToolset/HairModelingToolset.uplugin" 397
"../../../Engine/Plugins/Experimental/HairStrandsMutable/HairStrandsMutable.uplugin" 398
"../../../Engine/Plugins/Experimental/ImagePlate/ImagePlate.uplugin" 399
"../../../Engine/Plugins/Experimental/ImageWidgets/ImageWidgets.uplugin" 400
"../../../Engine/Plugins/Experimental/ImpostorBaker/ImpostorBaker.uplugin" 401
"../../../Engine/Plugins/Experimental/InEditorDocumentation/InEditorDocumentation.uplugin" 402
"../../../Engine/Plugins/Experimental/InlineMaterialInstance/InlineMaterialInstance.uplugin" 403
"../../../Engine/Plugins/Experimental/InstanceDataObjectFixupTool/InstanceDataObjectFixupTool.uplugin" 404
"../../../Engine/Plugins/Experimental/JWT/JWT.uplugin" 405
"../../../Engine/Plugins/Experimental/InteractionInterface/InteractionInterface.uplugin" 406
"../../../Engine/Plugins/Experimental/Iris/Iris.uplugin" 407
"../../../Engine/Plugins/Experimental/LearningAgents/LearningAgents.uplugin" 408
"../../../Engine/Plugins/Experimental/Landmass/Landmass.uplugin" 409
"../../../Engine/Plugins/Experimental/LevelSequenceNavigatorBridge/LevelSequenceNavigatorBridge.uplugin" 410
"../../../Engine/Plugins/Experimental/LiveLinkControlRig/LiveLinkControlRig.uplugin" 411
"../../../Engine/Plugins/Experimental/LocalizableMessage/LocalizableMessage.uplugin" 412
"../../../Engine/Plugins/Experimental/LiveLinkFaceImporter/LiveLinkFaceImporter.uplugin" 413
"../../../Engine/Plugins/Experimental/LowLevelNetTrace/LowLevelNetTrace.uplugin" 414
"../../../Engine/Plugins/Experimental/LiveLinkOpenVR/LiveLinkOpenVR.uplugin" 415
"../../../Engine/Plugins/Experimental/MediaStream/MediaStream.uplugin" 416
"../../../Engine/Plugins/Experimental/MeshModelingToolsetExp/MeshModelingToolsetExp.uplugin" 417
"../../../Engine/Plugins/Experimental/MeshResizing/MeshResizing.uplugin" 418
"../../../Engine/Plugins/Experimental/MetasoundExperimental/MetasoundExperimental.uplugin" 419
"../../../Engine/Plugins/Experimental/MLflow/MLflow.uplugin" 420
"../../../Engine/Plugins/Experimental/MotorSimOutputMotoSynth/MotorSimOutputMotoSynth.uplugin" 421
"../../../Engine/Plugins/Experimental/MotoSynth/MotoSynth.uplugin" 422
"../../../Engine/Plugins/Experimental/Mover/Mover.uplugin" 423
"../../../Engine/Plugins/Experimental/MoverAnimNext/MoverAnimNext.uplugin" 424
"../../../Engine/Plugins/Experimental/MoverExamples/MoverExamples.uplugin" 425
"../../../Engine/Plugins/Experimental/MoverIntegrations/MoverIntegrations.uplugin" 426
"../../../Engine/Plugins/Experimental/MoverTests/MoverTests.uplugin" 427
"../../../Engine/Plugins/Experimental/MovieSceneAnimMixer/MovieSceneAnimMixer.uplugin" 428
"../../../Engine/Plugins/Experimental/MovieScenePoseSearchTracks/MovieScenePoseSearchTracks.uplugin" 429
"../../../Engine/Plugins/Experimental/MutableClothing/MutableClothing.uplugin" 430
"../../../Engine/Plugins/Experimental/MutableDataflow/MutableDataflow.uplugin" 431
"../../../Engine/Plugins/Experimental/MutablePopulation/MutablePopulation.uplugin" 432
"../../../Engine/Plugins/Experimental/NaniteAssemblyEditorUtils/NaniteAssemblyEditorUtils.uplugin" 433
"../../../Engine/Plugins/Experimental/NeuralRendering/NeuralRendering.uplugin" 434
"../../../Engine/Plugins/Experimental/NNERuntimeBasicCpu/NNERuntimeBasicCpu.uplugin" 435
"../../../Engine/Plugins/Experimental/NNERuntimeCoreML/NNERuntimeCoreML.uplugin" 436
"../../../Engine/Plugins/Experimental/NFORDenoise/NFORDenoise.uplugin" 437
"../../../Engine/Plugins/Experimental/NaniteDisplacedMesh/NaniteDisplacedMesh.uplugin" 438
"../../../Engine/Plugins/Experimental/NNERuntimeIREE/NNERuntimeIREE.uplugin" 439
"../../../Engine/Plugins/Experimental/NNERuntimeRDG/NNERuntimeRDG.uplugin" 440
"../../../Engine/Plugins/Experimental/OpenImageDenoise/OpenImageDenoise.uplugin" 441
"../../../Engine/Plugins/Experimental/OptiXDenoise/OptiXDenoise.uplugin" 442
"../../../Engine/Plugins/Experimental/PanoramicCapture/PanoramicCapture.uplugin" 443
"../../../Engine/Plugins/Experimental/PCGBiomeCore/PCGBiomeCore.uplugin" 444
"../../../Engine/Plugins/Experimental/PCGBiomeSample/PCGBiomeSample.uplugin" 445
"../../../Engine/Plugins/Experimental/PixelStreamingPlayer/PixelStreamingPlayer.uplugin" 446
"../../../Engine/Plugins/Experimental/PhysicsControl/PhysicsControl.uplugin" 447
"../../../Engine/Plugins/Experimental/PlainProps/PlainProps.uplugin" 448
"../../../Engine/Plugins/Experimental/PlainPropsEngine/PlainPropsEngine.uplugin" 449
"../../../Engine/Plugins/Experimental/PlainPropsUObject/PlainPropsUObject.uplugin" 450
"../../../Engine/Plugins/Experimental/PlatformCrypto/PlatformCrypto.uplugin" 451
"../../../Engine/Plugins/Experimental/PlanarCutPlugin/PlanarCut.uplugin" 452
"../../../Engine/Plugins/Experimental/PluginAudit/PluginAudit.uplugin" 453
"../../../Engine/Plugins/Experimental/PluginReferenceViewer/PluginReferenceViewer.uplugin" 454
"../../../Engine/Plugins/Experimental/PluginTemplateTool/PluginTemplateTool.uplugin" 455
"../../../Engine/Plugins/Experimental/PostProcessMaterialChainGraph/PostProcessMaterialChainGraph.uplugin" 456
"../../../Engine/Plugins/Experimental/ProceduralVegetationEditor/ProceduralVegetationEditor.uplugin" 457
"../../../Engine/Plugins/Experimental/PSDImporter/PSDImporter.uplugin" 458
"../../../Engine/Plugins/Experimental/PSDImporterMaterialDesignerBridge/PSDImporterMaterialDesignerBridge.uplugin" 459
"../../../Engine/Plugins/Experimental/PythonMLPackages/PythonMLPackages.uplugin" 460
"../../../Engine/Plugins/Experimental/PythonFoundationPackages/PythonFoundationPackages.uplugin" 461
"../../../Engine/Plugins/Experimental/PythonScriptPlugin/PythonScriptPlugin.uplugin" 462
"../../../Engine/Plugins/Experimental/QuicMessaging/QuicMessaging.uplugin" 463
"../../../Engine/Plugins/Experimental/RawInput/RawInput.uplugin" 464
"../../../Engine/Plugins/Experimental/RemoteControlActorModifierBridge/RemoteControlActorModifierBridge.uplugin" 465
"../../../Engine/Plugins/Experimental/RemoteSession/RemoteSession.uplugin" 466
"../../../Engine/Plugins/Experimental/RazerChromaDevices/RazerChromaDevices.uplugin" 467
"../../../Engine/Plugins/Experimental/RemoteControlComponents/RemoteControlComponents.uplugin" 468
"../../../Engine/Plugins/Experimental/RenderGrid/RenderGrid.uplugin" 469
"../../../Engine/Plugins/Experimental/RigLogicMutable/RigLogicMutable.uplugin" 470
"../../../Engine/Plugins/Experimental/RuntimeTelemetry/RuntimeTelemetry.uplugin" 471
"../../../Engine/Plugins/Experimental/ScreenReader/ScreenReader.uplugin" 472
"../../../Engine/Plugins/Experimental/SecuritySandbox/SecuritySandbox.uplugin" 473
"../../../Engine/Plugins/Experimental/SequenceNavigator/SequenceNavigator.uplugin" 474
"../../../Engine/Plugins/Experimental/SerializationUtils/SerializationUtils.uplugin" 475
"../../../Engine/Plugins/Experimental/RigLogicUAF/RigLogicUAF.uplugin" 476
"../../../Engine/Plugins/Experimental/SimpleHMD/SimpleHMD.uplugin" 477
"../../../Engine/Plugins/Experimental/Shotgrid/Shotgrid.uplugin" 478
"../../../Engine/Plugins/Experimental/SkeletalReduction/SkeletalReduction.uplugin" 479
"../../../Engine/Plugins/Experimental/SlateIM/SlateIM.uplugin" 480
"../../../Engine/Plugins/Experimental/SlateModelViewViewModel/SlateModelViewViewModel.uplugin" 481
"../../../Engine/Plugins/Experimental/SlateScreenReader/SlateScreenReader.uplugin" 482
"../../../Engine/Plugins/Experimental/SpatialReadiness/SpatialReadiness.uplugin" 483
"../../../Engine/Plugins/Experimental/StructUtils/StructUtils.uplugin" 484
"../../../Engine/Plugins/Experimental/SubmitToolEditor/SubmitToolEditor.uplugin" 485
"../../../Engine/Plugins/Experimental/SurfaceEffects/SurfaceEffects.uplugin" 486
"../../../Engine/Plugins/Experimental/SubtitlesAndClosedCaptions/SubtitlesAndClosedCaptions.uplugin" 487
"../../../Engine/Plugins/Experimental/StateGraph/StateGraph.uplugin" 488
"../../../Engine/Plugins/Experimental/TargetDeviceServicesScripting/TargetDeviceServicesScripting.uplugin" 489
"../../../Engine/Plugins/Experimental/TechAudioTools/TechAudioTools.uplugin" 490
"../../../Engine/Plugins/Experimental/Tensorboard/Tensorboard.uplugin" 491
"../../../Engine/Plugins/Experimental/TetMeshing/TetMeshing.uplugin" 492
"../../../Engine/Plugins/Experimental/TextToSpeech/TextToSpeech.uplugin" 493
"../../../Engine/Plugins/Experimental/ToolPresets/ToolPresets.uplugin" 494
"../../../Engine/Plugins/Experimental/UIFramework/UIFramework.uplugin" 495
"../../../Engine/Plugins/Experimental/UserToolBoxCore/UserToolBoxCore.uplugin" 496
"../../../Engine/Plugins/Experimental/UserToolBoxBasicCommand/UserToolBoxBasicCommand.uplugin" 497
"../../../Engine/Plugins/Experimental/VirtualHeightfieldMesh/VirtualHeightfieldMesh.uplugin" 498
"../../../Engine/Plugins/Experimental/Water/Water.uplugin" 499
"../../../Engine/Plugins/Experimental/Volumetrics/Volumetrics.uplugin" 500
"../../../Engine/Plugins/Experimental/VirtualProductionUtilities/VirtualProductionUtilities.uplugin" 501
"../../../Engine/Plugins/Experimental/WaterAdvanced/WaterAdvanced.uplugin" 502
"../../../Engine/Plugins/Experimental/WaterExtras/WaterExtras.uplugin" 503
"../../../Engine/Plugins/Experimental/WebSocketMessaging/WebSocketMessaging.uplugin" 504
"../../../Engine/Plugins/Experimental/Workspace/Workspace.uplugin" 505
"../../../Engine/Plugins/Experimental/WidgetEditorToolPalette/WidgetEditorToolPalette.uplugin" 506
"../../../Engine/Plugins/MovieScene/ActorSequence/ActorSequence.uplugin" 507
"../../../Engine/Plugins/Experimental/WaveFunctionCollapse/WaveFunctionCollapse.uplugin" 508
"../../../Engine/Plugins/Experimental/XRCreativeFramework/XRCreativeFramework.uplugin" 509
"../../../Engine/Plugins/Experimental/WebSocketNetworking/WebSocketNetworking.uplugin" 510
"../../../Engine/Plugins/MovieScene/CustomizableSequencerTracks/CustomizableSequencerTracks.uplugin" 511
"../../../Engine/Plugins/MovieScene/LevelSequenceEditor/LevelSequenceEditor.uplugin" 512
"../../../Engine/Plugins/MovieScene/MoviePipelineMaskRenderPass/MoviePipelineMaskRenderPass.uplugin" 513
"../../../Engine/Plugins/MovieScene/MovieRenderPipeline/MovieRenderPipeline.uplugin" 514
"../../../Engine/Plugins/MovieScene/MovieSceneTextTrack/MovieSceneTextTrack.uplugin" 515
"../../../Engine/Plugins/MovieScene/SequencerScripting/SequencerScripting.uplugin" 516
"../../../Engine/Plugins/Portal/LauncherChunkInstaller/LauncherChunkInstaller.uplugin" 517
"../../../Engine/Plugins/MovieScene/ReplayTracks/ReplayTracks.uplugin" 518
"../../../Engine/Plugins/MovieScene/SequenceValidator/SequenceValidator.uplugin" 519
"../../../Engine/Plugins/MovieScene/TemplateSequence/TemplateSequence.uplugin" 520
"../../../Engine/Plugins/FX/Cascade/Cascade.uplugin" 521
"../../../Engine/Plugins/FX/CascadeToNiagaraConverter/CascadeToNiagaraConverter.uplugin" 522
"../../../Engine/Plugins/Media/AjaMedia/AjaMedia.uplugin" 523
"../../../Engine/Plugins/FX/ExampleCustomDataInterface/ExampleCustomDataInterface.uplugin" 524
"../../../Engine/Plugins/FX/NiagaraFluids/NiagaraFluids.uplugin" 525
"../../../Engine/Plugins/FX/Niagara/Niagara.uplugin" 526
"../../../Engine/Plugins/FX/NiagaraMRQ/NiagaraMRQ.uplugin" 527
"../../../Engine/Plugins/FX/NiagaraNanite/NiagaraNanite.uplugin" 528
"../../../Engine/Plugins/FX/NiagaraSimCaching/NiagaraSimCaching.uplugin" 529
"../../../Engine/Plugins/FX/NiagaraPreviewContent/NiagaraPreviewContent.uplugin" 530
"../../../Engine/Plugins/Media/AndroidMedia/AndroidMedia.uplugin" 531
"../../../Engine/Plugins/Media/AndroidCamera/AndroidCamera.uplugin" 532
"../../../Engine/Plugins/Media/AppleProResMedia/AppleProResMedia.uplugin" 533
"../../../Engine/Plugins/Media/AppleProResDecoderElectra/AppleProResDecoderElectra.uplugin" 534
"../../../Engine/Plugins/Media/AudioCaptureTimecodeProvider/AudioCaptureTimecodeProvider.uplugin" 535
"../../../Engine/Plugins/Media/AvidDNxHDDecoderElectra/AvidDNxHDDecoderElectra.uplugin" 536
"../../../Engine/Plugins/Media/AvfMedia/AvfMedia.uplugin" 537
"../../../Engine/Plugins/Media/AvidDNxMedia/AvidDNxMedia.uplugin" 538
"../../../Engine/Plugins/Media/BinkMedia/BinkMedia.uplugin" 539
"../../../Engine/Plugins/Media/BlackmagicMedia/BlackmagicMedia.uplugin" 540
"../../../Engine/Plugins/Media/D3D12VideoDecodersElectra/D3D12VideoDecodersElectra.uplugin" 541
"../../../Engine/Plugins/Media/ElectraCodecs/ElectraCodecs.uplugin" 542
"../../../Engine/Plugins/Media/ElectraPlayer/ElectraPlayer.uplugin" 543
"../../../Engine/Plugins/Media/ElectraSubtitles/ElectraSubtitles.uplugin" 544
"../../../Engine/Plugins/Media/ElectraUtil/ElectraUtil.uplugin" 545
"../../../Engine/Plugins/Media/HAPDecoderElectra/HAPDecoderElectra.uplugin" 546
"../../../Engine/Plugins/Media/FlacDecoderElectra/FlacDecoderElectra.uplugin" 547
"../../../Engine/Plugins/Media/HAPMedia/HAPMedia.uplugin" 548
"../../../Engine/Plugins/Media/HardwareEncoders/HardwareEncoders.uplugin" 549
"../../../Engine/Plugins/Media/LinearTimecode/LinearTimecode.uplugin" 550
"../../../Engine/Plugins/Media/ImgMedia/ImgMedia.uplugin" 551
"../../../Engine/Plugins/Media/MediaCompositing/MediaCompositing.uplugin" 552
"../../../Engine/Plugins/Media/MediaFrameworkUtilities/MediaFrameworkUtilities.uplugin" 553
"../../../Engine/Plugins/Media/MediaIOFramework/MediaIOFramework.uplugin" 554
"../../../Engine/Plugins/Media/MediaMovieStreamer/MediaMovieStreamer.uplugin" 555
"../../../Engine/Plugins/Media/MediaPlate/MediaPlate.uplugin" 556
"../../../Engine/Plugins/Media/MediaViewer/MediaViewer.uplugin" 557
"../../../Engine/Plugins/Media/MediaPlayerEditor/MediaPlayerEditor.uplugin" 558
"../../../Engine/Plugins/Media/MfMedia/MfMedia.uplugin" 559
"../../../Engine/Plugins/Media/MJPEGDecoderElectra/MJPEGDecoderElectra.uplugin" 560
"../../../Engine/Plugins/Media/NDIMedia/NDIMedia.uplugin" 561
"../../../Engine/Plugins/Media/OpusDecoderElectra/OpusDecoderElectra.uplugin" 562
"../../../Engine/Plugins/Media/PixelCapture/PixelCapture.uplugin" 563
"../../../Engine/Plugins/Media/PixelStreaming/PixelStreaming.uplugin" 564
"../../../Engine/Plugins/Media/PixelStreaming2/PixelStreaming2.uplugin" 565
"../../../Engine/Plugins/Media/TimecodeSynchronizer/TimecodeSynchronizer.uplugin" 566
"../../../Engine/Plugins/Media/VPxDecoderElectra/VPxDecoderElectra.uplugin" 567
"../../../Engine/Plugins/Media/WebMMedia/WebMMedia.uplugin" 568
"../../../Engine/Plugins/NNE/NNEDenoiser/NNEDenoiser.uplugin" 569
"../../../Engine/Plugins/Media/WmfMedia/WmfMedia.uplugin" 570
"../../../Engine/Plugins/NNE/NNERuntimeORT/NNERuntimeORT.uplugin" 571
"../../../Engine/Plugins/Developer/BlankPlugin/BlankPlugin.uplugin" 572
"../../../Engine/Plugins/Developer/AnimationSharing/AnimationSharing.uplugin" 573
"../../../Engine/Plugins/Developer/CodeLiteSourceCodeAccess/CodeLiteSourceCodeAccess.uplugin" 574
"../../../Engine/Plugins/Developer/CLionSourceCodeAccess/CLionSourceCodeAccess.uplugin" 575
"../../../Engine/Plugins/Developer/DirectoryPlaceholder/DirectoryPlaceholder.uplugin" 576
"../../../Engine/Plugins/Developer/FieldNotificationTrace/FieldNotificationTrace.uplugin" 577
"../../../Engine/Plugins/Media/ElectraCDM/ElectraCDM.uplugin" 578
"../../../Engine/Plugins/Developer/GitSourceControl/GitSourceControl.uplugin" 579
"../../../Engine/Plugins/Developer/GPUReshape/GPUReshape.uplugin" 580
"../../../Engine/Plugins/Developer/DumpGPUServices/DumpGPUServices.uplugin" 581
"../../../Engine/Plugins/Developer/KDevelopSourceCodeAccess/KDevelopSourceCodeAccess.uplugin" 582
"../../../Engine/Plugins/Developer/NamingTokens/NamingTokens.uplugin" 583
"../../../Engine/Plugins/Developer/N10XSourceCodeAccess/N10XSourceCodeAccess.uplugin" 584
"../../../Engine/Plugins/Developer/NullSourceCodeAccess/NullSourceCodeAccess.uplugin" 585
"../../../Engine/Plugins/Developer/OneSkyLocalizationService/OneSkyLocalizationService.uplugin" 586
"../../../Engine/Plugins/Developer/PerforceSourceControl/PerforceSourceControl.uplugin" 587
"../../../Engine/Plugins/Developer/PixWinPlugin/PixWinPlugin.uplugin" 588
"../../../Engine/Plugins/Developer/PlasticSourceControl/PlasticSourceControl.uplugin" 589
"../../../Engine/Plugins/Developer/PluginUtils/PluginUtils.uplugin" 590
"../../../Engine/Plugins/Developer/ProjectLauncher/ProjectLauncher.uplugin" 591
"../../../Engine/Plugins/Developer/PropertyAccessNode/PropertyAccessNode.uplugin" 592
"../../../Engine/Plugins/Developer/RenderDocPlugin/RenderDocPlugin.uplugin" 593
"../../../Engine/Plugins/Developer/RiderSourceCodeAccess/RiderSourceCodeAccess.uplugin" 594
"../../../Engine/Plugins/Developer/SubversionSourceControl/SubversionSourceControl.uplugin" 595
"../../../Engine/Plugins/Developer/TextureFormatOodle/TextureFormatOodle.uplugin" 596
"../../../Engine/Plugins/Developer/TraceSourceFiltering/TraceSourceFilters.uplugin" 597
"../../../Engine/Plugins/Developer/UObjectPlugin/UObjectPlugin.uplugin" 598
"../../../Engine/Plugins/Developer/VisualStudioSourceCodeAccess/VisualStudioSourceCodeAccess.uplugin" 599
"../../../Engine/Plugins/Developer/VisualStudioCodeSourceCodeAccess/VisualStudioCodeSourceCodeAccess.uplugin" 600
"../../../Engine/Plugins/Developer/XcodeGPUDebuggerPlugin/XcodeGPUDebuggerPlugin.uplugin" 601
"../../../Engine/Plugins/Developer/XCodeSourceCodeAccess/XCodeSourceCodeAccess.uplugin" 602
"../../../Engine/Plugins/Protocols/MQTT/MQTT.uplugin" 603
"../../../Engine/Plugins/2D/Paper2D/Paper2D.uplugin" 604
"../../../Engine/Plugins/Animation/AnimationData/AnimationData.uplugin" 605
"../../../Engine/Plugins/Animation/ACLPlugin/ACLPlugin.uplugin" 606
"../../../Engine/Plugins/Animation/AnimationLocomotionLibrary/AnimationLocomotionLibrary.uplugin" 607
"../../../Engine/Plugins/Animation/AnimationModifierLibrary/AnimationModifierLibrary.uplugin" 608
"../../../Engine/Plugins/Animation/AnimationWarping/AnimationWarping.uplugin" 609
"../../../Engine/Plugins/Animation/AnimatorKit/AnimatorKit.uplugin" 610
"../../../Engine/Plugins/Animation/BlendStack/BlendStack.uplugin" 611
"../../../Engine/Plugins/Animation/ControlRig/ControlRig.uplugin" 612
"../../../Engine/Plugins/Animation/BlendSpaceMotionAnalysis/BlendSpaceMotionAnalysis.uplugin" 613
"../../../Engine/Plugins/Animation/ControlRigModules/ControlRigModules.uplugin" 614
"../../../Engine/Plugins/Animation/ControlRigSpline/ControlRigSpline.uplugin" 615
"../../../Engine/Plugins/Animation/DeformerGraph/DeformerGraph.uplugin" 616
"../../../Engine/Plugins/Animation/DNACalib/DNACalib.uplugin" 617
"../../../Engine/Plugins/Animation/GameplayInsights/GameplayInsights.uplugin" 618
"../../../Engine/Plugins/Animation/GeneSplicer/GeneSplicer.uplugin" 619
"../../../Engine/Plugins/Animation/EaseCurveTool/EaseCurveTool.uplugin" 620
"../../../Engine/Plugins/Animation/IKRig/IKRig.uplugin" 621
"../../../Engine/Plugins/Animation/LiveLink/LiveLink.uplugin" 622
"../../../Engine/Plugins/Animation/LiveLinkCurveDebugUI/LiveLinkCurveDebugUI.uplugin" 623
"../../../Engine/Plugins/Animation/LiveLinkDevice/LiveLinkDevice.uplugin" 624
"../../../Engine/Plugins/Animation/LiveLinkExampleDevice/LiveLinkExampleDevice.uplugin" 625
"../../../Engine/Plugins/Animation/LiveLinkHub/LiveLinkHub.uplugin" 626
"../../../Engine/Plugins/Animation/LiveLinkUnrealDevice/LiveLinkUnrealDevice.uplugin" 627
"../../../Engine/Plugins/Animation/MotionWarping/MotionWarping.uplugin" 628
"../../../Engine/Plugins/Animation/PerformanceCaptureCore/PerformanceCaptureCore.uplugin" 629
"../../../Engine/Plugins/Animation/PoseSearch/PoseSearch.uplugin" 630
"../../../Engine/Plugins/Animation/RigLogic/RigLogic.uplugin" 631
"../../../Engine/Plugins/Animation/SkeletalMeshModelingTools/SkeletalMeshModelingTools.uplugin" 632
"../../../Engine/Plugins/Messaging/MessagingDebugger/MessagingDebugger.uplugin" 633
"../../../Engine/Plugins/Performance/AutomatedPerfTesting/AutomatedPerfTesting.uplugin" 634
"../../../Engine/Plugins/Messaging/TcpMessaging/TcpMessaging.uplugin" 635
"../../../Engine/Plugins/Messaging/UdpMessaging/UdpMessaging.uplugin" 636
"../../../Engine/Plugins/Animation/TweeningUtils/TweeningUtils.uplugin" 637
"../../../Engine/Plugins/Performance/PerformanceMonitor/PerformanceMonitor.uplugin" 638
"../../../Engine/Plugins/Tests/AutomationDriverTests/AutomationDriverTests.uplugin" 639
"../../../Engine/Plugins/Tests/AudioCQTests/AudioCQTests.uplugin" 640
"../../../Engine/Plugins/Tests/CQTest/CQTest.uplugin" 641
"../../../Engine/Plugins/Tests/CQTestEnhancedInput/CQTestEnhancedInput.uplugin" 642
"../../../Engine/Plugins/Tests/CQTestExperimental/CQTestExperimental.uplugin" 643
"../../../Engine/Plugins/Tests/EditorTests/EditorTests.uplugin" 644
"../../../Engine/Plugins/Tests/FbxAutomationTestBuilder/FbxAutomationTestBuilder.uplugin" 645
"../../../Engine/Plugins/Tests/InterchangeTests/InterchangeTests.uplugin" 646
"../../../Engine/Plugins/Tests/PythonAutomationTest/PythonAutomationTest.uplugin" 647
"../../../Engine/Plugins/Tests/RHITests/RHITests.uplugin" 648
"../../../Engine/Plugins/Tests/RuntimeTests/RuntimeTests.uplugin" 649
"../../../Engine/Plugins/Tests/TestFramework/TestFramework.uplugin" 650
"../../../Engine/Plugins/Tests/TestSamples/TestSamples.uplugin" 651
"../../../Engine/Plugins/Tests/WidgetAutomationTests/WidgetAutomationTests.uplugin" 652
"../../../Engine/Plugins/Runtime/Nvidia/Reflex/Reflex.uplugin" 653
"../../../Engine/Plugins/Runtime/Nvidia/GeForceNOWWrapper/GeForceNOWWrapper.uplugin" 654
"../../../Engine/Plugins/Editor/Localization/PortableObjectFileDataSource/PortableObjectFileDataSource.uplugin" 655
"../../../Engine/Plugins/Editor/ObjectMixer/LightMixer/LightMixer.uplugin" 656
"../../../Engine/Plugins/Editor/ObjectMixer/ObjectMixer/ObjectMixer.uplugin" 657
"../../../Engine/Plugins/Runtime/MeshReconstruction/DummyMeshReconstructor/DummyMeshReconstructor.uplugin" 658
"../../../Engine/Plugins/Online/VoiceChat/EOSVoiceChat/EOSVoiceChat.uplugin" 659
"../../../Engine/Plugins/Online/VoiceChat/VoiceChat/VoiceChat.uplugin" 660
"../../../Engine/Plugins/Marketplace/Developer/RiderLink/RiderLink.uplugin" 661
"../../../Engine/Plugins/Runtime/Steam/SteamAudio/SteamAudio.uplugin" 662
"../../../Engine/Plugins/Experimental/CharacterFXEditor/BaseCharacterFXEditor/BaseCharacterFXEditor.uplugin" 663
"../../../Engine/Plugins/Runtime/Steam/SteamShared/SteamShared.uplugin" 664
"../../../Engine/Plugins/Runtime/Steam/SteamSockets/SteamSockets.uplugin" 665
"../../../Engine/Plugins/Experimental/CharacterFXEditor/ExampleCharacterFXEditor/ExampleCharacterFXEditor.uplugin" 666
"../../../Engine/Plugins/Runtime/Steam/SteamController/SteamController.uplugin" 667
"../../../Engine/Plugins/VirtualProduction/Rivermax/RivermaxCore/RivermaxCore.uplugin" 668
"../../../Engine/Plugins/VirtualProduction/Rivermax/RivermaxSync/RivermaxSync.uplugin" 669
"../../../Engine/Plugins/VirtualProduction/Rivermax/RivermaxMedia/RivermaxMedia.uplugin" 670
"../../../Engine/Plugins/Experimental/VirtualProduction/VPRoles/VPRoles.uplugin" 671
"../../../Engine/Plugins/Animation/MLDeformer/ChaosClothGenerator/ChaosClothGenerator.uplugin" 672
"../../../Engine/Plugins/Experimental/VirtualProduction/LedWallCalibration/LedWallCalibration.uplugin" 673
"../../../Engine/Plugins/Experimental/VirtualProduction/VPSettings/VPSettings.uplugin" 674
"../../../Engine/Plugins/Animation/MLDeformer/ChaosFleshGenerator/ChaosFleshGenerator.uplugin" 675
"../../../Engine/Plugins/Animation/MLDeformer/NearestNeighborModel/NearestNeighborModel.uplugin" 676
"../../../Engine/Plugins/Animation/MLDeformer/MLDeformerFramework/MLDeformerFramework.uplugin" 677
"../../../Engine/Plugins/Animation/MLDeformer/NeuralMorphModel/NeuralMorphModel.uplugin" 678
"../../../Engine/Plugins/Animation/MLDeformer/VertexDeltaModel/VertexDeltaModel.uplugin" 679
"../../../Engine/Plugins/Runtime/Advertising/IOSTapJoy/IOSTapJoy.uplugin" 680
"../../../Engine/Plugins/Runtime/Database/DatabaseSupport/DatabaseSupport.uplugin" 681
"../../../Engine/Plugins/Runtime/Database/ADOSupport/ADOSupport.uplugin" 682
"../../../Engine/Plugins/Runtime/Database/RemoteDatabaseSupport/RemoteDatabaseSupport.uplugin" 683
"../../../Engine/Plugins/Runtime/Database/SQLiteCore/SQLiteCore.uplugin" 684
"../../../Engine/Plugins/Runtime/Database/SQLiteSupport/SQLiteSupport.uplugin" 685
"../../../Engine/Plugins/Interchange/Extensions/OpenVDB/InterchangeOpenVDB.uplugin" 686
"../../../Engine/Plugins/Interchange/Extensions/OpenUSD/InterchangeOpenUSD.uplugin" 687
"../../../Engine/Plugins/Runtime/XR/XRScribe/XRScribe.uplugin" 688
"../../../Engine/Plugins/Runtime/XR/XRVisualization/XRVisualization.uplugin" 689
"../../../Engine/Plugins/Experimental/AVCodecs/AMFCodecs/AMFCodecs.uplugin" 690
"../../../Engine/Plugins/Experimental/AVCodecs/AVCodecsCore/AVCodecsCore.uplugin" 691
"../../../Engine/Plugins/Experimental/AVCodecs/NVCodecs/NVCodecs.uplugin" 692
"../../../Engine/Plugins/Experimental/AVCodecs/LibVpxCodecs/LibVpxCodecs.uplugin" 693
"../../../Engine/Plugins/Experimental/AVCodecs/WMFCodecs/WMFCodecs.uplugin" 694
"../../../Engine/Plugins/Experimental/AVCodecs/VTCodecs/VTCodecs.uplugin" 695
"../../../Engine/Plugins/Experimental/Enterprise/DatasmithRuntime/DatasmithRuntime.uplugin" 696
"../../../Engine/Plugins/Experimental/Enterprise/DatasmithInterchange/DatasmithInterchange.uplugin" 697
"../../../Engine/Plugins/Experimental/Enterprise/DataprepGeometryOperations/DataprepGeometryOperations.uplugin" 698
"../../../Engine/Plugins/Experimental/PCGInterops/PCGFastGeoInterop/PCGFastGeoInterop.uplugin" 699
"../../../Engine/Plugins/Experimental/Web/WebAPI/WebAPI.uplugin" 700
"../../../Engine/Plugins/Runtime/Analytics/Adjust/Adjust.uplugin" 701
"../../../Engine/Plugins/Runtime/Analytics/AnalyticsBlueprintLibrary/AnalyticsBlueprintLibrary.uplugin" 702
"../../../Engine/Plugins/Experimental/PCGInterops/PCGNiagaraInterop/PCGNiagaraInterop.uplugin" 703
"../../../Engine/Plugins/Experimental/PCGInterops/PCGWaterInterop/PCGWaterInterop.uplugin" 704
"../../../Engine/Plugins/Experimental/PCGInterops/PCGNaniteAssembliesInterop/PCGNaniteAssembliesInterop.uplugin" 705
"../../../Engine/Plugins/Runtime/Analytics/AnalyticsMulticast/AnalyticsMulticast.uplugin" 706
"../../../Engine/Plugins/Experimental/PCGInterops/PCGInstancedActorsInterop/PCGInstancedActorsInterop.uplugin" 707
"../../../Engine/Plugins/Runtime/Analytics/FileLogging/FileLogging.uplugin" 708
"../../../Engine/Plugins/Runtime/PacketHandlers/AESHandlerComponent/AESHandlerComponent.uplugin" 709
"../../../Engine/Plugins/Runtime/PacketHandlers/AESGCMHandlerComponent/AESGCMHandlerComponent.uplugin" 710
"../../../Engine/Plugins/Runtime/PacketHandlers/DTLSHandlerComponent/DTLSHandlerComponent.uplugin" 711
"../../../Engine/Plugins/Editor/ContentBrowser/ContentBrowserAliasDataSource/ContentBrowserAliasDataSource.uplugin" 712
"../../../Engine/Plugins/Runtime/Windows/WinDualShock/WinDualShock.uplugin" 713
"../../../Engine/Plugins/Runtime/Windows/WinVirtualKeyboard/WinVirtualKeyboard.uplugin" 714
"../../../Engine/Plugins/Runtime/Windows/XInputDevice/XInputDevice.uplugin" 715
"../../../Engine/Plugins/Editor/ContentBrowser/ContentBrowserAssetDataSource/ContentBrowserAssetDataSource.uplugin" 716
"../../../Engine/Plugins/Editor/ContentBrowser/ContentBrowserClassDataSource/ContentBrowserClassDataSource.uplugin" 717
"../../../Engine/Plugins/Editor/ContentBrowser/ContentBrowserFileDataSource/ContentBrowserFileDataSource.uplugin" 718
"../../../Engine/Plugins/Online/Android/AndroidFetchBackgroundDownload/AndroidFetchBackgroundDownload.uplugin" 719
"../../../Engine/Plugins/Online/Android/OnlineSubsystemGooglePlay/OnlineSubsystemGooglePlay.uplugin" 720
"../../../Engine/Plugins/VirtualProduction/CaptureManager/CaptureManagerCore/CaptureManagerCore.uplugin" 721
"../../../Engine/Plugins/VirtualProduction/CaptureManager/CaptureManagerDevices/CaptureManagerDevices.uplugin" 722
"../../../Engine/Plugins/VirtualProduction/CaptureManager/CaptureManagerEditor/CaptureManagerEditor.uplugin" 723
"../../../Engine/Plugins/VirtualProduction/CaptureManager/CaptureManagerApp/CaptureManagerApp.uplugin" 724
"../../../Engine/Plugins/VirtualProduction/DMX/DatasmithMVR/DatasmithMVR.uplugin" 725
"../../../Engine/Plugins/VirtualProduction/DMX/DMXControlConsole/DMXControlConsole.uplugin" 726
"../../../Engine/Plugins/Tests/FunctionalTestingEditor/FunctionalTestingEditor.uplugin" 727
"../../../Engine/Plugins/VirtualProduction/DMX/DMXDisplayCluster/DMXDisplayCluster.uplugin" 728
"../../../Engine/Plugins/VirtualProduction/DMX/DMXEngine/DMXEngine.uplugin" 729
"../../../Engine/Plugins/VirtualProduction/DMX/DMXFixtures/DMXFixtures.uplugin" 730
"../../../Engine/Plugins/VirtualProduction/DMX/DMXGDTF/DMXGDTF.uplugin" 731
"../../../Engine/Plugins/VirtualProduction/DMX/DMXModularFeatures/DMXModularFeatures.uplugin" 732
"../../../Engine/Plugins/VirtualProduction/DMX/DMXPixelMapping/DMXPixelMapping.uplugin" 733
"../../../Engine/Plugins/VirtualProduction/DMX/DMXProtocol/DMXProtocol.uplugin" 734
"../../../Engine/Plugins/Experimental/MetaHuman/MetaHumanCalibrationDiagnostics/MetaHumanCalibrationDiagnostics.uplugin" 735
"../../../Engine/Plugins/Experimental/MetaHuman/MetaHumanCharacterUAF/MetaHumanCharacterUAF.uplugin" 736
"../../../Engine/Plugins/Experimental/MetaHuman/MetaHumanRuntime/MetaHumanRuntime.uplugin" 737
"../../../Engine/Plugins/Experimental/UAF/UAF/UAF.uplugin" 738
"../../../Engine/Plugins/Experimental/UAF/UAFAnimGraph/UAFAnimGraph.uplugin" 739
"../../../Engine/Plugins/Experimental/UAF/UAFChooser/UAFChooser.uplugin" 740
"../../../Engine/Plugins/Experimental/UAF/UAFControlRig/UAFControlRig.uplugin" 741
"../../../Engine/Plugins/Experimental/UAF/UAFMirroring/UAFMirroring.uplugin" 742
"../../../Engine/Plugins/Experimental/UAF/UAFPoseSearch/UAFPoseSearch.uplugin" 743
"../../../Engine/Plugins/Experimental/UAF/UAFStateTree/UAFStateTree.uplugin" 744
"../../../Engine/Plugins/Experimental/UAF/UAFTests/UAFTests.uplugin" 745
"../../../Engine/Plugins/Experimental/UAF/UAFWarping/UAFWarping.uplugin" 746
"../../../Engine/Plugins/Runtime/AR/ARUtilities/ARUtilities.uplugin" 747
"../../../Engine/Plugins/Experimental/Animation/ContextualAnimation/ContextualAnimation.uplugin" 748
"../../../Engine/Plugins/Experimental/Animation/CurveExpression/CurveExpression.uplugin" 749
"../../../Engine/Plugins/Experimental/Animation/HierarchyTableAnimation/HierarchyTableAnimation.uplugin" 750
"../../../Engine/Plugins/Experimental/Animation/HierarchyTable/HierarchyTable.uplugin" 751
"../../../Engine/Plugins/Experimental/Animation/Locomotor/Locomotor.uplugin" 752
"../../../Engine/Plugins/Experimental/Animation/MotionTrajectory/MotionTrajectory.uplugin" 753
"../../../Engine/Plugins/Experimental/Animation/Optimus/Optimus.uplugin" 754
"../../../Engine/Plugins/Experimental/Animation/PackedAttributes/PackedAttributes.uplugin" 755
"../../../Engine/Plugins/Experimental/Animation/RelativeIKOp/RelativeIKOp.uplugin" 756
"../../../Engine/Plugins/Experimental/Animation/RigMapper/RigMapper.uplugin" 757
"../../../Engine/Plugins/Experimental/Animation/TrajectoryTools/TrajectoryTools.uplugin" 758
"../../../Engine/Plugins/Experimental/Animation/RigMapperOp/RigMapperOp.uplugin" 759
"../../../Engine/Plugins/Experimental/Animation/SkeletalMeshMorphTargetEditingTools/SkeletalMeshMorphTargetEditingTools.uplugin" 760
"../../../Engine/Plugins/Developer/Concert/ConcertMain/ConcertMain.uplugin" 761
"../../../Engine/Plugins/Experimental/Animation/MLDeformer/DetailPoseModel/DetailPoseModel.uplugin" 762
"../../../Engine/Plugins/Runtime/AR/AppleAR/AppleARKit/AppleARKit.uplugin" 763
"../../../Engine/Plugins/Runtime/AR/AppleAR/AppleARKitFaceSupport/AppleARKitFaceSupport.uplugin" 764
"../../../Engine/Plugins/Developer/Concert/ConcertSync/ConcertSyncServer/ConcertSyncServer.uplugin" 765
"../../../Engine/Plugins/Developer/Concert/ConcertSync/ConcertSyncClient/ConcertSyncClient.uplugin" 766
"../../../Engine/Plugins/Developer/Concert/ConcertSync/ConcertSyncCore/ConcertSyncCore.uplugin" 767
"../../../Engine/Plugins/Developer/Concert/ConcertSync/ConcertSyncTest/ConcertSyncTest.uplugin" 768
"../../../Engine/Plugins/Runtime/AR/Google/GoogleARCore/GoogleARCore.uplugin" 769
"../../../Engine/Plugins/Runtime/AR/Google/GoogleARCoreServices/GoogleARCoreServices.uplugin" 770
"../../../Engine/Plugins/Developer/Concert/ConcertApp/DisasterRecoveryClient/DisasterRecoveryClient.uplugin" 771
"../../../Engine/Plugins/Developer/Concert/ConcertApp/MultiUserClient/MultiUserClient.uplugin" 772
"../../../Engine/Plugins/Developer/Concert/ConcertApp/MultiUserServer/MultiUserServer.uplugin" 773
"../../../Engine/Plugins/Developer/Concert/ConcertInsights/ConcertInsightsCore/ConcertInsightsCore.uplugin" 774
"../../../Engine/Plugins/Developer/Concert/ConcertInsights/ConcertInsightsClient/ConcertInsightsClient.uplugin" 775
"../../../Engine/Plugins/Developer/Concert/ConcertInsights/ConcertInsightsServer/ConcertInsightsServer.uplugin" 776
"../../../Engine/Plugins/Developer/Concert/ConcertUI/ConcertClientSharedSlate/ConcertClientSharedSlate.uplugin" 777
"../../../Engine/Plugins/Developer/Concert/ConcertInsights/ConcertInsightsVisualizer/ConcertInsightsVisualizer.uplugin" 778
"../../../Engine/Plugins/Developer/Concert/ConcertUI/ConcertSharedSlate/ConcertSharedSlate.uplugin" 779
"../../../Engine/Plugins/Developer/Concert/ConcertScripting/ConcertReplicationScripting/ConcertReplicationScripting.uplugin" 780
"../../../Engine/Plugins/Online/IOS/OnlineSubsystemIOS/OnlineSubsystemIOS.uplugin" 781
"../../../Engine/Platforms/Android/Plugins/Animation/ACLPlugin/ACLPlugin_Android.uplugin" 782
"../../../Engine/Platforms/Android/Plugins/Animation/RigLogic/RigLogic_Android.uplugin" 783
"../../../Engine/Platforms/IOS/Plugins/Animation/RigLogic/RigLogic_IOS.uplugin" 784
"E:/Repos/Unreal-Zombie-Shooter/Zombie_Shooter/Plugins/GameLiftPlugin/GameLiftPlugin.uplugin" 785
"../../../Engine/Content/Internationalization/icudt64l/cnvalias.icu" 786
"../../../Engine/Content/Internationalization/icudt64l/res_index.res" 787
"../../../Engine/Content/Internationalization/icudt64l/plurals.res" 788
"../../../Engine/Content/Internationalization/icudt64l/lang/en_AU.res" 789
"../../../Engine/Content/Internationalization/icudt64l/lang/pool.res" 790
"../../../Engine/Content/Internationalization/icudt64l/lang/en_001.res" 791
"../../../Engine/Content/Internationalization/icudt64l/lang/en.res" 792
"../../../Engine/Content/Internationalization/icudt64l/lang/root.res" 793
"../../../Engine/Content/Internationalization/icudt64l/region/en_AU.res" 794
"../../../Engine/Content/Internationalization/icudt64l/region/pool.res" 795
"../../../Engine/Content/Internationalization/icudt64l/region/en.res" 796
"../../../Engine/Content/Internationalization/icudt64l/region/root.res" 797
"../../../Engine/Content/Internationalization/icudt64l/lang/en_GB.res" 798
"../../../Engine/Content/Internationalization/icudt64l/region/en_GB.res" 799
"../../../Engine/Content/Internationalization/icudt64l/windowsZones.res" 800
"../../../Engine/Content/Internationalization/icudt64l/zoneinfo64.res" 801
"../../../Engine/Content/Internationalization/icudt64l/keyTypeData.res" 802
"../../../Engine/Content/Internationalization/icudt64l/timezoneTypes.res" 803
"../../../Engine/Content/Internationalization/icudt64l/likelySubtags.res" 804
"../../../Engine/Content/Internationalization/icudt64l/en_GB.res" 805
"../../../Engine/Content/Internationalization/icudt64l/pool.res" 806
"../../../Engine/Content/Internationalization/icudt64l/en_001.res" 807
"../../../Engine/Content/Internationalization/icudt64l/en.res" 808
"../../../Engine/Content/Internationalization/icudt64l/root.res" 809
"../../../Engine/Content/Internationalization/icudt64l/supplementalData.res" 810
"../../../Engine/Config/ConfigRedirects.ini" 811
"../../../Engine/Saved/Config/WindowsEditor/Manifest.ini" 812
"../../../Engine/Config/BaseEngine.ini" 813
"../../../Engine/Config/Windows/BaseWindowsEngine.ini" 814
"../../../../Unreal-Zombie-Shooter/Zombie_Shooter/Config/DefaultEngine.ini" 815
"E:/Repos/Unreal-Zombie-Shooter/Zombie_Shooter/Saved/Config/WindowsEditor/Engine.ini" 816
"../../../Engine/Config/BaseGame.ini" 817
"../../../../Unreal-Zombie-Shooter/Zombie_Shooter/Config/DefaultGame.ini" 818
"../../../Engine/Config/Windows/WindowsGame.ini" 819
"E:/Repos/Unreal-Zombie-Shooter/Zombie_Shooter/Saved/Config/WindowsEditor/Game.ini" 820
"../../../Engine/Config/BaseInput.ini" 821
"../../../Engine/Config/Windows/BaseWindowsInput.ini" 822
"../../../../Unreal-Zombie-Shooter/Zombie_Shooter/Config/DefaultInput.ini" 823
"../../../Engine/Config/Windows/WindowsInput.ini" 824
"E:/Repos/Unreal-Zombie-Shooter/Zombie_Shooter/Saved/Config/WindowsEditor/Input.ini" 825
"../../../Engine/Config/BaseDeviceProfiles.ini" 826
"../../../Engine/Config/BaseGameUserSettings.ini" 827
"E:/Repos/Unreal-Zombie-Shooter/Zombie_Shooter/Saved/Config/WindowsEditor/GameUserSettings.ini" 828
"../../../Engine/Config/BaseScalability.ini" 829
"../../../Engine/Config/BaseRuntimeOptions.ini" 830
"../../../Engine/Config/BaseInstallBundle.ini" 831
"../../../Engine/Config/BaseHardware.ini" 832
"../../../../Unreal-Zombie-Shooter/Zombie_Shooter/Config/DefaultGameplayTags.ini" 833
"../../../Engine/Config/BaseCompat.ini" 834
"../../../Engine/Config/BaseLightmass.ini" 835
"../../../Engine/Config/BaseEditor.ini" 836
"../../../../Unreal-Zombie-Shooter/Zombie_Shooter/Config/DefaultEditor.ini" 837
"E:/Repos/Unreal-Zombie-Shooter/Zombie_Shooter/Saved/Config/WindowsEditor/Editor.ini" 838
"../../../Engine/Config/BaseMaterialExpressions.ini" 839
"../../../Engine/Config/BaseEditorPerProjectUserSettings.ini" 840
"../../../Engine/Config/Windows/WindowsEditorPerProjectUserSettings.ini" 841
"E:/Repos/Unreal-Zombie-Shooter/Zombie_Shooter/Saved/Config/WindowsEditor/EditorPerProjectUserSettings.ini" 842
"../../../Engine/Config/BaseEditorSettings.ini" 843
"../../../Engine/Config/Windows/WindowsEditorSettings.ini" 844
"../../../Engine/Saved/Config/WindowsEditor/EditorSettings.ini" 845
"../../../Engine/Config/BaseEditorKeyBindings.ini" 846
"../../../Engine/Saved/Config/WindowsEditor/EditorLayout.ini" 847
"../../../../Unreal-Zombie-Shooter/Zombie_Shooter/Intermediate/CachedAssetRegistryDiscovery.bin" 848
"../../../../Unreal-Zombie-Shooter/Zombie_Shooter/Binaries/Win64/ShaderCompileWorker.target" 849
"../../../Engine/Config/Android/BaseAndroidEngine.ini" 850
"../../../../Unreal-Zombie-Shooter/Zombie_Shooter/Binaries/Win64/UnrealPak.target" 851
"../../../../Unreal-Zombie-Shooter/Zombie_Shooter/Binaries/Win64/Zombie_Shooter-Win64-DebugGame.target" 852
"../../../Engine/Config/Mac/BaseMacEngine.ini" 853
"../../../Engine/Config/IOS/BaseIOSEngine.ini" 854
"../../../Engine/Config/LinuxArm64/BaseLinuxArm64Engine.ini" 855
"../../../Engine/Config/Android/AndroidEngine.ini" 856
"../../../Engine/Config/Linux/BaseLinuxEngine.ini" 857
"../../../Engine/Config/Unix/UnixEngine.ini" 858
"../../../Engine/Config/LinuxArm64/LinuxArm64Engine.ini" 859
"../../../../Unreal-Zombie-Shooter/Zombie_Shooter/Binaries/Win64/Zombie_Shooter-Win64-Shipping.target" 860
"../../../Engine/Config/Linux/LinuxEngine.ini" 861
"../../../../Unreal-Zombie-Shooter/Zombie_Shooter/Binaries/Win64/Zombie_Shooter.target" 862
"../../../../Unreal-Zombie-Shooter/Zombie_Shooter/Binaries/Win64/Zombie_ShooterEditor.target" 863
"../../../Engine/Config/Android/BaseAndroidGame.ini" 864
"../../../Engine/Config/IOS/BaseIOSGame.ini" 865
"../../../Engine/Config/Android/BaseAndroidInput.ini" 866
"../../../Engine/Config/Linux/LinuxGame.ini" 867
"../../../Engine/Config/IOS/IOSGame.ini" 868
"../../../Engine/Config/Mac/MacGame.ini" 869
"../../../Engine/Config/IOS/BaseIOSInput.ini" 870
"../../../Engine/Config/Mac/BaseMacInput.ini" 871
"../../../Engine/Config/Android/AndroidScalability.ini" 872
"../../../Engine/Config/Android/BaseAndroidInstallBundle.ini" 873
"../../../Engine/Config/IOS/IOSScalability.ini" 874
"../../../Engine/Config/IOS/BaseIOSInstallBundle.ini" 875
"../../../Engine/Config/TVOS/TVOSEngine.ini" 876
"../../../Engine/Platforms/VisionOS/Config/BaseVisionOSEngine.ini" 877
"../../../Engine/Platforms/VisionOS/Config/VisionOSEngine.ini" 878
"../../../Engine/Config/PluginBase.ini" 879
"../../../Engine/Plugins/ChaosVD/Config/DefaultChaosVD.ini" 880
"../../../Engine/Plugins/EnhancedInput/Config/BaseEnhancedInput.ini" 881
"../../../Engine/Plugins/Fab/Config/BaseFab.ini" 882
"../../../Engine/Plugins/TraceUtilities/Config/BaseTraceUtilities.ini" 883
"../../../Engine/Plugins/Cameras/GameplayCameras/Config/BaseGameplayCameras.ini" 884
"../../../Engine/Plugins/Runtime/GameplayAbilities/Config/BaseGameplayAbilities.ini" 885
"../../../Engine/Plugins/Runtime/HairStrands/Config/BaseHairStrands.ini" 886
"../../../Engine/Plugins/Runtime/Metasound/Config/BaseMetasound.ini" 887
"../../../Engine/Plugins/Runtime/Metasound/Config/DefaultMetasound.ini" 888
"../../../Engine/Plugins/Runtime/PropertyBindingUtils/Config/BasePropertyBindingUtils.ini" 889
"../../../Engine/Plugins/Runtime/RigVM/Config/BaseRigVM.ini" 890
"../../../Engine/Plugins/Runtime/StateTree/Config/BaseStateTree.ini" 891
"../../../Engine/Plugins/Runtime/Synthesis/Config/BaseSynthesis.ini" 892
"../../../Engine/Plugins/Enterprise/DatasmithContent/Config/BaseDatasmithContent.ini" 893
"../../../Engine/Plugins/Enterprise/GLTFExporter/Config/BaseGLTFExporter.ini" 894
"../../../Engine/Plugins/Enterprise/GLTFExporter/Config/DefaultGLTFExporter.ini" 895
"../../../Engine/Plugins/Enterprise/VariantManagerContent/Config/BaseVariantManagerContent.ini" 896
"../../../Engine/Plugins/MetaHuman/MetaHumanSDK/Config/BaseMetaHumanSDK.ini" 897
"../../../Engine/Plugins/Editor/EditorScriptingUtilities/Config/BaseEditorScriptingUtilities.ini" 898
"../../../Engine/Plugins/Interchange/Assets/Config/BaseInterchangeAssets.ini" 899
"../../../Engine/Plugins/Interchange/Runtime/Config/BaseInterchange.ini" 900
"../../../Engine/Plugins/VirtualProduction/Takes/Config/BaseTakes.ini" 901
"../../../Engine/Plugins/Compositing/CompositeCore/Config/BaseCompositeCore.ini" 902
"../../../Engine/Plugins/Experimental/FullBodyIK/Config/BaseFullBodyIK.ini" 903
"../../../Engine/Plugins/Experimental/ToolPresets/Config/BaseToolPresets.ini" 904
"../../../Engine/Plugins/FX/Niagara/Config/BaseNiagara.ini" 905
"../../../Engine/Plugins/2D/Paper2D/Config/BasePaper2D.ini" 906
"../../../Engine/Plugins/Animation/ControlRig/Config/BaseControlRig.ini" 907
"../../../Engine/Plugins/Animation/DeformerGraph/Config/BaseDeformerGraph.ini" 908
"../../../Engine/Plugins/Animation/IKRig/Config/BaseIKRig.ini" 909
"../../../Engine/Plugins/ChaosVD/Config/Engine.ini" 910
"../../../Engine/Plugins/Fab/Config/Engine.ini" 911
"../../../Engine/Plugins/EnhancedInput/Config/Input.ini" 912
"../../../Engine/Plugins/Runtime/GameplayAbilities/Config/Input.ini" 913
"../../../Engine/Plugins/Runtime/InputDebugging/Config/Input.ini" 914
"../../../Engine/Plugins/Runtime/Windows/XInputDevice/Config/Input.ini" 915
"../../../Engine/Plugins/Runtime/RigVM/Config/Editor.ini" 916
"../../../Engine/Plugins/Online/OnlineSubsystemUtils/Config/Editor.ini" 917
"../../../Engine/Plugins/NNE/NNEDenoiser/Config/Game.ini" 918
"../../../Engine/Plugins/Editor/ModelingToolsEditorMode/Binaries/Win64/UnrealEditor.modules" 919
"../../../Engine/Plugins/Runtime/MeshModelingToolset/Binaries/Win64/UnrealEditor.modules" 920
"../../../Engine/Plugins/Experimental/MeshModelingToolsetExp/Binaries/Win64/UnrealEditor.modules" 921
"../../../Engine/Plugins/Editor/MeshLODToolset/Binaries/Win64/UnrealEditor.modules" 922
"../../../Engine/Plugins/Experimental/ToolPresets/Binaries/Win64/UnrealEditor.modules" 923
"../../../Engine/Plugins/Editor/StylusInput/Binaries/Win64/UnrealEditor.modules" 924
"../../../Engine/Plugins/Runtime/GeometryProcessing/Binaries/Win64/UnrealEditor.modules" 925
"../../../Engine/Plugins/Editor/ProxyLODPlugin/Binaries/Win64/UnrealEditor.modules" 926
"../../../Engine/Plugins/Experimental/PlanarCutPlugin/Binaries/Win64/UnrealEditor.modules" 927
"../../../Engine/Plugins/Runtime/GeometryCache/Binaries/Win64/UnrealEditor.modules" 928
"../../../Engine/Plugins/Experimental/GeometryFlow/Binaries/Win64/UnrealEditor.modules" 929
"../../../Engine/Plugins/Editor/EditorScriptingUtilities/Binaries/Win64/UnrealEditor.modules" 930
"../../../Engine/Plugins/FX/Niagara/Binaries/Win64/UnrealEditor.modules" 931
"../../../Engine/Plugins/Experimental/PythonScriptPlugin/Binaries/Win64/UnrealEditor.modules" 932
"../../../Engine/Plugins/Editor/ContentBrowser/ContentBrowserFileDataSource/Binaries/Win64/UnrealEditor.modules" 933
"../../../Engine/Plugins/Runtime/GameplayAbilities/Binaries/Win64/UnrealEditor.modules" 934
"../../../Engine/Plugins/Editor/GameplayTagsEditor/Binaries/Win64/UnrealEditor.modules" 935
"../../../Engine/Plugins/Runtime/DataRegistry/Binaries/Win64/UnrealEditor.modules" 936
"../../../Engine/Plugins/Runtime/WebBrowserWidget/Binaries/Win64/UnrealEditor.modules" 937
"../../../Engine/Plugins/Animation/MotionWarping/Binaries/Win64/UnrealEditor.modules" 938
"../../../Engine/Plugins/AudioInsights/Binaries/Win64/UnrealEditor.modules" 939
"../../../Engine/Plugins/Runtime/AudioWidgets/Binaries/Win64/UnrealEditor.modules" 940
"../../../Engine/Plugins/Runtime/AudioSynesthesia/Binaries/Win64/UnrealEditor.modules" 941
"../../../Engine/Plugins/Bridge/Binaries/Win64/UnrealEditor.modules" 942
"../../../Engine/Plugins/MetaHuman/MetaHumanSDK/Binaries/Win64/UnrealEditor.modules" 943
"../../../Engine/Plugins/Animation/ControlRig/Binaries/Win64/UnrealEditor.modules" 944
"../../../Engine/Plugins/Runtime/HairStrands/Binaries/Win64/UnrealEditor.modules" 945
"../../../Engine/Plugins/Animation/RigLogic/Binaries/Win64/UnrealEditor.modules" 946
"../../../Engine/Plugins/Interchange/Runtime/Binaries/Win64/UnrealEditor.modules" 947
"../../../Engine/Plugins/Online/EOSShared/Binaries/Win64/UnrealEditor.modules" 948
"../../../Engine/Plugins/Runtime/RigVM/Binaries/Win64/UnrealEditor.modules" 949
"../../../Engine/Plugins/MovieScene/LevelSequenceEditor/Binaries/Win64/UnrealEditor.modules" 950
"../../../Engine/Plugins/Runtime/PropertyAccess/Binaries/Win64/UnrealEditor.modules" 951
"../../../Engine/Plugins/MovieScene/SequencerScripting/Binaries/Win64/UnrealEditor.modules" 952
"../../../Engine/Plugins/Animation/TweeningUtils/Binaries/Win64/UnrealEditor.modules" 953
"../../../Engine/Plugins/Animation/DeformerGraph/Binaries/Win64/UnrealEditor.modules" 954
"../../../Engine/Plugins/Experimental/Dataflow/Binaries/Win64/UnrealEditor.modules" 955
"../../../Engine/Plugins/Runtime/ComputeFramework/Binaries/Win64/UnrealEditor.modules" 956
"../../../Engine/Plugins/Enterprise/VariantManagerContent/Binaries/Win64/UnrealEditor.modules" 957
"../../../Engine/Plugins/Enterprise/VariantManager/Binaries/Win64/UnrealEditor.modules" 958
"../../../Engine/Plugins/Interchange/Assets/Binaries/Win64/UnrealEditor.modules" 959
"../../../Engine/Plugins/Experimental/CharacterFXEditor/BaseCharacterFXEditor/Binaries/Win64/UnrealEditor.modules" 960
"../../../Engine/Plugins/Runtime/ProceduralMeshComponent/Binaries/Win64/UnrealEditor.modules" 961
"../../../Engine/Plugins/Experimental/ChaosCaching/Binaries/Win64/UnrealEditor.modules" 962
"../../../Engine/Plugins/Experimental/EditorDataStorage/Binaries/Win64/UnrealEditor.modules" 963
"../../../Engine/Plugins/Experimental/EditorDataStorageFeatures/Binaries/Win64/UnrealEditor.modules" 964
"../../../Engine/Plugins/Animation/SkeletalMeshModelingTools/Binaries/Win64/UnrealEditor.modules" 965
"../../../Engine/Plugins/VirtualProduction/Takes/Binaries/Win64/UnrealEditor.modules" 966
"../../../Engine/Plugins/Runtime/AudioCapture/Binaries/Win64/UnrealEditor.modules" 967
"../../../Engine/Plugins/Developer/NamingTokens/Binaries/Win64/UnrealEditor.modules" 968
"../../../Engine/Plugins/Editor/EngineAssetDefinitions/Binaries/Win64/UnrealEditor.modules" 969
"../../../Engine/Plugins/ChaosCloth/Binaries/Win64/UnrealEditor.modules" 970
"../../../Engine/Plugins/ChaosInsights/Binaries/Win64/UnrealEditor.modules" 971
"../../../Engine/Plugins/ChaosVD/Binaries/Win64/UnrealEditor.modules" 972
"../../../Engine/Plugins/CmdLinkServer/Binaries/Win64/UnrealEditor.modules" 973
"../../../Engine/Plugins/EnhancedInput/Binaries/Win64/UnrealEditor.modules" 974
"../../../Engine/Plugins/Editor/DataValidation/Binaries/Win64/UnrealEditor.modules" 975
"../../../Engine/Plugins/Fab/Binaries/Win64/UnrealEditor.modules" 976
"../../../Engine/Plugins/IoStoreInsights/Binaries/Win64/UnrealEditor.modules" 977
"../../../Engine/Plugins/MassInsights/Binaries/Win64/UnrealEditor.modules" 978
"../../../Engine/Plugins/MeshPainting/Binaries/Win64/UnrealEditor.modules" 979
"../../../Engine/Plugins/Interchange/Editor/Binaries/Win64/UnrealEditor.modules" 980
"../../../Engine/Plugins/RenderGraphInsights/Binaries/Win64/UnrealEditor.modules" 981
"../../../Engine/Plugins/TraceUtilities/Binaries/Win64/UnrealEditor.modules" 982
"../../../Engine/Plugins/UbaController/Binaries/Win64/UnrealEditor.modules" 983
"../../../Engine/Plugins/WorldMetrics/Binaries/Win64/UnrealEditor.modules" 984
"../../../Engine/Plugins/XGEController/Binaries/Win64/UnrealEditor.modules" 985
"../../../Engine/Plugins/AI/AISupport/Binaries/Win64/UnrealEditor.modules" 986
"../../../Engine/Plugins/AI/EnvironmentQueryEditor/Binaries/Win64/UnrealEditor.modules" 987
"../../../Engine/Plugins/Cameras/CameraShakePreviewer/Binaries/Win64/UnrealEditor.modules" 988
"../../../Engine/Plugins/Cameras/GameplayCameras/Binaries/Win64/UnrealEditor.modules" 989
"../../../Engine/Plugins/Runtime/StateTree/Binaries/Win64/UnrealEditor.modules" 990
"../../../Engine/Plugins/MovieScene/TemplateSequence/Binaries/Win64/UnrealEditor.modules" 991
"../../../Engine/Plugins/Animation/GameplayInsights/Binaries/Win64/UnrealEditor.modules" 992
"../../../Engine/Plugins/Runtime/PropertyBindingUtils/Binaries/Win64/UnrealEditor.modules" 993
"../../../Engine/Plugins/Cameras/EngineCameras/Binaries/Win64/UnrealEditor.modules" 994
"../../../Engine/Plugins/Importers/AlembicImporter/Binaries/Win64/UnrealEditor.modules" 995
"../../../Engine/Plugins/Runtime/ActorLayerUtilities/Binaries/Win64/UnrealEditor.modules" 996
"../../../Engine/Plugins/Runtime/AndroidDeviceProfileSelector/Binaries/Win64/UnrealEditor.modules" 997
"../../../Engine/Plugins/Runtime/AndroidFileServer/Binaries/Win64/UnrealEditor.modules" 998
"../../../Engine/Plugins/Runtime/AndroidPermission/Binaries/Win64/UnrealEditor.modules" 999
"../../../Engine/Plugins/Runtime/AppleImageUtils/Binaries/Win64/UnrealEditor.modules" 1000
"../../../Engine/Plugins/Runtime/ArchVisCharacter/Binaries/Win64/UnrealEditor.modules" 1001
"../../../Engine/Plugins/Runtime/AssetTags/Binaries/Win64/UnrealEditor.modules" 1002
"../../../Engine/Plugins/Runtime/CableComponent/Binaries/Win64/UnrealEditor.modules" 1003
"../../../Engine/Plugins/Runtime/ChunkDownloader/Binaries/Win64/UnrealEditor.modules" 1004
"../../../Engine/Plugins/Runtime/CustomMeshComponent/Binaries/Win64/UnrealEditor.modules" 1005
"../../../Engine/Plugins/Runtime/ExampleDeviceProfileSelector/Binaries/Win64/UnrealEditor.modules" 1006
"../../../Engine/Plugins/Runtime/GooglePAD/Binaries/Win64/UnrealEditor.modules" 1007
"../../../Engine/Plugins/Runtime/InputDebugging/Binaries/Win64/UnrealEditor.modules" 1008
"../../../Engine/Plugins/Runtime/LocationServicesBPLibrary/Binaries/Win64/UnrealEditor.modules" 1009
"../../../Engine/Plugins/Runtime/Metasound/Binaries/Win64/UnrealEditor.modules" 1010
"../../../Engine/Plugins/Editor/ContentBrowser/ContentBrowserAssetDataSource/Binaries/Win64/UnrealEditor.modules" 1011
"../../../Engine/Plugins/Runtime/WaveTable/Binaries/Win64/UnrealEditor.modules" 1012
"../../../Engine/Plugins/Runtime/MobilePatchingUtils/Binaries/Win64/UnrealEditor.modules" 1013
"../../../Engine/Plugins/Runtime/MsQuic/Binaries/Win64/UnrealEditor.modules" 1014
"../../../Engine/Plugins/Runtime/ResonanceAudio/Binaries/Win64/UnrealEditor.modules" 1015
"../../../Engine/Plugins/Runtime/SoundFields/Binaries/Win64/UnrealEditor.modules" 1016
"../../../Engine/Plugins/Runtime/Synthesis/Binaries/Win64/UnrealEditor.modules" 1017
"../../../Engine/Plugins/Runtime/WebMMoviePlayer/Binaries/Win64/UnrealEditor.modules" 1018
"../../../Engine/Plugins/Media/WebMMedia/Binaries/Win64/UnrealEditor.modules" 1019
"../../../Engine/Plugins/Runtime/WindowsDeviceProfileSelector/Binaries/Win64/UnrealEditor.modules" 1020
"../../../Engine/Plugins/Runtime/WindowsMoviePlayer/Binaries/Win64/UnrealEditor.modules" 1021
"../../../Engine/Plugins/Enterprise/DatasmithContent/Binaries/Win64/UnrealEditor.modules" 1022
"../../../Engine/Plugins/Enterprise/GLTFExporter/Binaries/Win64/UnrealEditor.modules" 1023
"../../../Engine/Plugins/Compression/OodleNetwork/Binaries/Win64/UnrealEditor.modules" 1024
"../../../Engine/Plugins/Editor/AssetManagerEditor/Binaries/Win64/UnrealEditor.modules" 1025
"../../../Engine/Plugins/Editor/BlueprintHeaderView/Binaries/Win64/UnrealEditor.modules" 1026
"../../../Engine/Plugins/Editor/ChangelistReview/Binaries/Win64/UnrealEditor.modules" 1027
"../../../Engine/Plugins/Editor/ColorGrading/Binaries/Win64/UnrealEditor.modules" 1028
"../../../Engine/Plugins/Editor/ObjectMixer/ObjectMixer/Binaries/Win64/UnrealEditor.modules" 1029
"../../../Engine/Plugins/Editor/CryptoKeys/Binaries/Win64/UnrealEditor.modules" 1030
"../../../Engine/Plugins/Editor/CurveEditorTools/Binaries/Win64/UnrealEditor.modules" 1031
"../../../Engine/Plugins/Editor/EditorDebugTools/Binaries/Win64/UnrealEditor.modules" 1032
"../../../Engine/Plugins/Editor/FacialAnimation/Binaries/Win64/UnrealEditor.modules" 1033
"../../../Engine/Plugins/Editor/GeometryMode/Binaries/Win64/UnrealEditor.modules" 1034
"../../../Engine/Plugins/Editor/MaterialAnalyzer/Binaries/Win64/UnrealEditor.modules" 1035
"../../../Engine/Plugins/Editor/MobileLauncherProfileWizard/Binaries/Win64/UnrealEditor.modules" 1036
"../../../Engine/Plugins/Editor/PluginBrowser/Binaries/Win64/UnrealEditor.modules" 1037
"../../../Engine/Plugins/Developer/PluginUtils/Binaries/Win64/UnrealEditor.modules" 1038
"../../../Engine/Plugins/Editor/SequencerAnimTools/Binaries/Win64/UnrealEditor.modules" 1039
"../../../Engine/Plugins/Editor/SpeedTreeImporter/Binaries/Win64/UnrealEditor.modules" 1040
"../../../Engine/Plugins/Editor/UMGWidgetPreview/Binaries/Win64/UnrealEditor.modules" 1041
"../../../Engine/Plugins/Editor/UVEditor/Binaries/Win64/UnrealEditor.modules" 1042
"../../../Engine/Plugins/Editor/WorldPartitionHLODUtilities/Binaries/Win64/UnrealEditor.modules" 1043
"../../../Engine/Plugins/Online/OnlineBase/Binaries/Win64/UnrealEditor.modules" 1044
"../../../Engine/Plugins/Online/OnlineSubsystem/Binaries/Win64/UnrealEditor.modules" 1045
"../../../Engine/Plugins/Online/OnlineSubsystemNull/Binaries/Win64/UnrealEditor.modules" 1046
"../../../Engine/Plugins/Online/OnlineSubsystemUtils/Binaries/Win64/UnrealEditor.modules" 1047
"../../../Engine/Plugins/Online/OnlineServices/Binaries/Win64/UnrealEditor.modules" 1048
"../../../Engine/Plugins/Experimental/AdvancedRenamer/Binaries/Win64/UnrealEditor.modules" 1049
"../../../Engine/Plugins/Experimental/AutomationUtils/Binaries/Win64/UnrealEditor.modules" 1050
"../../../Engine/Plugins/Experimental/BackChannel/Binaries/Win64/UnrealEditor.modules" 1051
"../../../Engine/Plugins/Experimental/ChaosEditor/Binaries/Win64/UnrealEditor.modules" 1052
"../../../Engine/Plugins/Experimental/GeometryCollectionPlugin/Binaries/Win64/UnrealEditor.modules" 1053
"../../../Engine/Plugins/Experimental/Fracture/Binaries/Win64/UnrealEditor.modules" 1054
"../../../Engine/Plugins/Experimental/ChaosSolverPlugin/Binaries/Win64/UnrealEditor.modules" 1055
"../../../Engine/Plugins/Experimental/GeometryDataflow/Binaries/Win64/UnrealEditor.modules" 1056
"../../../Engine/Plugins/Experimental/ChaosNiagara/Binaries/Win64/UnrealEditor.modules" 1057
"../../../Engine/Plugins/Experimental/ChaosUserDataPT/Binaries/Win64/UnrealEditor.modules" 1058
"../../../Engine/Plugins/Experimental/CharacterAI/Binaries/Win64/UnrealEditor.modules" 1059
"../../../Engine/Plugins/Experimental/EditorPerformance/Binaries/Win64/UnrealEditor.modules" 1060
"../../../Engine/Plugins/Experimental/EditorTelemetry/Binaries/Win64/UnrealEditor.modules" 1061
"../../../Engine/Plugins/Experimental/GlobalConfigurationData/Binaries/Win64/UnrealEditor.modules" 1062
"../../../Engine/Plugins/Experimental/LevelSequenceNavigatorBridge/Binaries/Win64/UnrealEditor.modules" 1063
"../../../Engine/Plugins/Experimental/SequenceNavigator/Binaries/Win64/UnrealEditor.modules" 1064
"../../../Engine/Plugins/Experimental/LocalizableMessage/Binaries/Win64/UnrealEditor.modules" 1065
"../../../Engine/Plugins/Experimental/NFORDenoise/Binaries/Win64/UnrealEditor.modules" 1066
"../../../Engine/Plugins/Experimental/PlatformCrypto/Binaries/Win64/UnrealEditor.modules" 1067
"../../../Engine/Plugins/Experimental/RuntimeTelemetry/Binaries/Win64/UnrealEditor.modules" 1068
"../../../Engine/Plugins/Experimental/SkeletalReduction/Binaries/Win64/UnrealEditor.modules" 1069
"../../../Engine/Plugins/MovieScene/ActorSequence/Binaries/Win64/UnrealEditor.modules" 1070
"../../../Engine/Plugins/Portal/LauncherChunkInstaller/Binaries/Win64/UnrealEditor.modules" 1071
"../../../Engine/Plugins/MovieScene/SequenceValidator/Binaries/Win64/UnrealEditor.modules" 1072
"../../../Engine/Plugins/FX/Cascade/Binaries/Win64/UnrealEditor.modules" 1073
"../../../Engine/Plugins/FX/NiagaraSimCaching/Binaries/Win64/UnrealEditor.modules" 1074
"../../../Engine/Plugins/FX/NiagaraPreviewContent/Binaries/Win64/UnrealEditor.modules" 1075
"../../../Engine/Plugins/Media/AndroidMedia/Binaries/Win64/UnrealEditor.modules" 1076
"../../../Engine/Plugins/Media/AvfMedia/Binaries/Win64/UnrealEditor.modules" 1077
"../../../Engine/Plugins/Media/ImgMedia/Binaries/Win64/UnrealEditor.modules" 1078
"../../../Engine/Plugins/Media/MediaPlayerEditor/Binaries/Win64/UnrealEditor.modules" 1079
"../../../Engine/Plugins/Media/MediaCompositing/Binaries/Win64/UnrealEditor.modules" 1080
"../../../Engine/Plugins/Media/MediaPlate/Binaries/Win64/UnrealEditor.modules" 1081
"../../../Engine/Plugins/Compositing/CompositeCore/Binaries/Win64/UnrealEditor.modules" 1082
"../../../Engine/Plugins/NNE/NNEDenoiser/Binaries/Win64/UnrealEditor.modules" 1083
"../../../Engine/Plugins/NNE/NNERuntimeORT/Binaries/Win64/UnrealEditor.modules" 1084
"../../../Engine/Plugins/Media/WmfMedia/Binaries/Win64/UnrealEditor.modules" 1085
"../../../Engine/Plugins/Developer/AnimationSharing/Binaries/Win64/UnrealEditor.modules" 1086
"../../../Engine/Plugins/Runtime/SignificanceManager/Binaries/Win64/UnrealEditor.modules" 1087
"../../../Engine/Plugins/Developer/CLionSourceCodeAccess/Binaries/Win64/UnrealEditor.modules" 1088
"../../../Engine/Plugins/Developer/DumpGPUServices/Binaries/Win64/UnrealEditor.modules" 1089
"../../../Engine/Plugins/Developer/GitSourceControl/Binaries/Win64/UnrealEditor.modules" 1090
"../../../Engine/Plugins/Developer/GPUReshape/Binaries/Win64/UnrealEditor.modules" 1091
"../../../Engine/Plugins/Developer/N10XSourceCodeAccess/Binaries/Win64/UnrealEditor.modules" 1092
"../../../Engine/Plugins/Developer/PerforceSourceControl/Binaries/Win64/UnrealEditor.modules" 1093
"../../../Engine/Plugins/Developer/PixWinPlugin/Binaries/Win64/UnrealEditor.modules" 1094
"../../../Engine/Plugins/Developer/PlasticSourceControl/Binaries/Win64/UnrealEditor.modules" 1095
"../../../Engine/Plugins/Developer/ProjectLauncher/Binaries/Win64/UnrealEditor.modules" 1096
"../../../Engine/Plugins/Developer/PropertyAccessNode/Binaries/Win64/UnrealEditor.modules" 1097
"../../../Engine/Plugins/Developer/RenderDocPlugin/Binaries/Win64/UnrealEditor.modules" 1098
"../../../Engine/Plugins/Developer/RiderSourceCodeAccess/Binaries/Win64/UnrealEditor.modules" 1099
"../../../Engine/Plugins/Developer/SubversionSourceControl/Binaries/Win64/UnrealEditor.modules" 1100
"../../../Engine/Plugins/Developer/TextureFormatOodle/Binaries/Win64/UnrealEditor.modules" 1101
"../../../Engine/Plugins/Developer/UObjectPlugin/Binaries/Win64/UnrealEditor.modules" 1102
"../../../Engine/Plugins/Developer/VisualStudioSourceCodeAccess/Binaries/Win64/UnrealEditor.modules" 1103
"../../../Engine/Plugins/Developer/VisualStudioCodeSourceCodeAccess/Binaries/Win64/UnrealEditor.modules" 1104
"../../../Engine/Plugins/2D/Paper2D/Binaries/Win64/UnrealEditor.modules" 1105
"../../../Engine/Plugins/Animation/AnimationData/Binaries/Win64/UnrealEditor.modules" 1106
"../../../Engine/Plugins/Animation/ACLPlugin/Binaries/Win64/UnrealEditor.modules" 1107
"../../../Engine/Plugins/Animation/AnimationModifierLibrary/Binaries/Win64/UnrealEditor.modules" 1108
"../../../Engine/Plugins/Animation/BlendSpaceMotionAnalysis/Binaries/Win64/UnrealEditor.modules" 1109
"../../../Engine/Plugins/Animation/ControlRigSpline/Binaries/Win64/UnrealEditor.modules" 1110
"../../../Engine/Plugins/Animation/EaseCurveTool/Binaries/Win64/UnrealEditor.modules" 1111
"../../../Engine/Plugins/Animation/IKRig/Binaries/Win64/UnrealEditor.modules" 1112
"../../../Engine/Plugins/Experimental/FullBodyIK/Binaries/Win64/UnrealEditor.modules" 1113
"../../../Engine/Plugins/Messaging/TcpMessaging/Binaries/Win64/UnrealEditor.modules" 1114
"../../../Engine/Plugins/Messaging/UdpMessaging/Binaries/Win64/UnrealEditor.modules" 1115
"../../../Engine/Plugins/Tests/InterchangeTests/Binaries/Win64/UnrealEditor.modules" 1116
"../../../Engine/Plugins/Editor/Localization/PortableObjectFileDataSource/Binaries/Win64/UnrealEditor.modules" 1117
"../../../Engine/Plugins/Editor/ObjectMixer/LightMixer/Binaries/Win64/UnrealEditor.modules" 1118
"../../../Engine/Plugins/Marketplace/Developer/RiderLink/Binaries/Win64/UnrealEditor.modules" 1119
"../../../Engine/Plugins/Runtime/Windows/XInputDevice/Binaries/Win64/UnrealEditor.modules" 1120
"../../../Engine/Plugins/Editor/ContentBrowser/ContentBrowserClassDataSource/Binaries/Win64/UnrealEditor.modules" 1121
"E:/Repos/Unreal-Zombie-Shooter/Zombie_Shooter/Plugins/GameLiftPlugin/Binaries/Win64/UnrealEditor.modules" 1122
"../../../Engine/Config/BaseSourceControlSettings.ini" 1123
"../../../Engine/Content/Internationalization/icudt64l/coll/ucadata.icu" 1124
"../../../Engine/Content/Internationalization/icudt64l/coll/en.res" 1125
"../../../Engine/Content/Internationalization/icudt64l/coll/root.res" 1126
"../../../Engine/Content/Certificates/ThirdParty/cacert.pem" 1127
"../../../Engine/Config/ConsoleVariables.ini" 1128
"../../../Engine/Binaries/Win64/Android/UnrealEditor.modules" 1129
"../../../Engine/Binaries/Win64/IOS/UnrealEditor.modules" 1130
"../../../Engine/Binaries/Win64/Linux/UnrealEditor.modules" 1131
"../../../Engine/Binaries/Win64/LinuxArm64/UnrealEditor.modules" 1132
"../../../Engine/Content/Localization/Editor/en/Editor.locres" 1133
"../../../Engine/Content/Localization/Keywords/en/Keywords.locres" 1134
"../../../Engine/Content/Localization/Category/en/Category.locres" 1135
"../../../Engine/Content/Localization/ToolTips/en/ToolTips.locres" 1136
"../../../Engine/Content/Localization/PropertyNames/en/PropertyNames.locres" 1137
"../../../Engine/Content/Localization/Engine/en/Engine.locres" 1138
"../../../Engine/Plugins/MetaHuman/MetaHumanSDK/Content/Localization/MetaHumanSDK/en/MetaHumanSDK.locres" 1139
"../../../Engine/Plugins/MetaHuman/MetaHumanSDK/Content/Localization/MetaHumanSDK_Properties/en/MetaHumanSDK_Properties.locres" 1140
"../../../Engine/Plugins/MetaHuman/MetaHumanSDK/Content/Localization/MetaHumanSDK_Tooltips/en/MetaHumanSDK_Tooltips.locres" 1141
"../../../Engine/Plugins/Online/OnlineSubsystem/Content/Localization/OnlineSubsystem/en/OnlineSubsystem.locres" 1142
"../../../Engine/Plugins/Online/OnlineSubsystemUtils/Content/Localization/OnlineSubsystemUtils/en/OnlineSubsystemUtils.locres" 1143
"../../../Engine/Plugins/Online/Android/OnlineSubsystemGooglePlay/Content/Localization/OnlineSubsystemGooglePlay/en/OnlineSubsystemGooglePlay.locres" 1144
"../../../Engine/Plugins/Online/IOS/OnlineSubsystemIOS/Content/Localization/OnlineSubsystemIOS/en/OnlineSubsystemIOS.locres" 1145
"../../../Engine/Content/Internationalization/icudt64l/en_AU.res" 1146
"../../../Engine/Content/Internationalization/icudt64l/numberingSystems.res" 1147
"../../../Engine/Content/Internationalization/icudt64l/curr/supplementalData.res" 1148
"../../../Engine/Content/Internationalization/icudt64l/curr/en_AU.res" 1149
"../../../Engine/Content/Internationalization/icudt64l/curr/pool.res" 1150
"../../../Engine/Content/Internationalization/icudt64l/curr/en_001.res" 1151
"../../../Engine/Content/Internationalization/icudt64l/curr/en.res" 1152
"../../../Engine/Content/Internationalization/icudt64l/curr/root.res" 1153
"../../../Engine/Content/Internationalization/icudt64l/lang/af.res" 1154
"../../../Engine/Content/Internationalization/icudt64l/region/af.res" 1155
"../../../Engine/Content/Internationalization/icudt64l/lang/agq.res" 1156
"../../../Engine/Content/Internationalization/icudt64l/region/agq.res" 1157
"../../../Engine/Content/Internationalization/icudt64l/lang/ak.res" 1158
"../../../Engine/Content/Internationalization/icudt64l/region/ak.res" 1159
"../../../Engine/Content/Internationalization/icudt64l/lang/am.res" 1160
"../../../Engine/Content/Internationalization/icudt64l/region/am.res" 1161
"../../../Engine/Content/Internationalization/icudt64l/lang/ar.res" 1162
"../../../Engine/Content/Internationalization/icudt64l/region/ar.res" 1163
"../../../Engine/Content/Internationalization/icudt64l/region/ar_AE.res" 1164
"../../../Engine/Content/Internationalization/icudt64l/lang/ar_EG.res" 1165
"../../../Engine/Content/Internationalization/icudt64l/lang/ar_LY.res" 1166
"../../../Engine/Content/Internationalization/icudt64l/region/ar_LY.res" 1167
"../../../Engine/Content/Internationalization/icudt64l/lang/ar_SA.res" 1168
"../../../Engine/Content/Internationalization/icudt64l/region/ar_SA.res" 1169
"../../../Engine/Content/Internationalization/icudt64l/lang/as.res" 1170
"../../../Engine/Content/Internationalization/icudt64l/region/as.res" 1171
"../../../Engine/Content/Internationalization/icudt64l/lang/asa.res" 1172
"../../../Engine/Content/Internationalization/icudt64l/region/asa.res" 1173
"../../../Engine/Content/Internationalization/icudt64l/lang/ast.res" 1174
"../../../Engine/Content/Internationalization/icudt64l/region/ast.res" 1175
"../../../Engine/Content/Internationalization/icudt64l/lang/az.res" 1176
"../../../Engine/Content/Internationalization/icudt64l/lang/az_Cyrl.res" 1177
"../../../Engine/Content/Internationalization/icudt64l/lang/az_AZ.res" 1178
"../../../Engine/Content/Internationalization/icudt64l/lang/az_Latn_AZ.res" 1179
"../../../Engine/Content/Internationalization/icudt64l/lang/az_Latn.res" 1180
"../../../Engine/Content/Internationalization/icudt64l/region/az_AZ.res" 1181
"../../../Engine/Content/Internationalization/icudt64l/region/az_Latn_AZ.res" 1182
"../../../Engine/Content/Internationalization/icudt64l/region/az_Latn.res" 1183
"../../../Engine/Content/Internationalization/icudt64l/region/az.res" 1184
"../../../Engine/Content/Internationalization/icudt64l/region/az_Cyrl.res" 1185
"../../../Engine/Content/Internationalization/icudt64l/lang/bas.res" 1186
"../../../Engine/Content/Internationalization/icudt64l/region/bas.res" 1187
"../../../Engine/Content/Internationalization/icudt64l/lang/be.res" 1188
"../../../Engine/Content/Internationalization/icudt64l/region/be.res" 1189
"../../../Engine/Content/Internationalization/icudt64l/lang/bem.res" 1190
"../../../Engine/Content/Internationalization/icudt64l/region/bem.res" 1191
"../../../Engine/Content/Internationalization/icudt64l/lang/bez.res" 1192
"../../../Engine/Content/Internationalization/icudt64l/region/bez.res" 1193
"../../../Engine/Content/Internationalization/icudt64l/lang/bg.res" 1194
"../../../Engine/Content/Internationalization/icudt64l/region/bg.res" 1195
"../../../Engine/Content/Internationalization/icudt64l/lang/bm.res" 1196
"../../../Engine/Content/Internationalization/icudt64l/region/bm.res" 1197
"../../../Engine/Content/Internationalization/icudt64l/lang/bn.res" 1198
"../../../Engine/Content/Internationalization/icudt64l/region/bn.res" 1199
"../../../Engine/Content/Internationalization/icudt64l/lang/bn_IN.res" 1200
"../../../Engine/Content/Internationalization/icudt64l/region/bn_IN.res" 1201
"../../../Engine/Content/Internationalization/icudt64l/lang/bo.res" 1202
"../../../Engine/Content/Internationalization/icudt64l/region/bo.res" 1203
"../../../Engine/Content/Internationalization/icudt64l/region/bo_IN.res" 1204
"../../../Engine/Content/Internationalization/icudt64l/lang/br.res" 1205
"../../../Engine/Content/Internationalization/icudt64l/region/br.res" 1206
"../../../Engine/Content/Internationalization/icudt64l/lang/brx.res" 1207
"../../../Engine/Content/Internationalization/icudt64l/region/brx.res" 1208
"../../../Engine/Content/Internationalization/icudt64l/lang/bs.res" 1209
"../../../Engine/Content/Internationalization/icudt64l/lang/bs_Cyrl.res" 1210
"../../../Engine/Content/Internationalization/icudt64l/lang/bs_BA.res" 1211
"../../../Engine/Content/Internationalization/icudt64l/lang/bs_Latn_BA.res" 1212
"../../../Engine/Content/Internationalization/icudt64l/lang/bs_Latn.res" 1213
"../../../Engine/Content/Internationalization/icudt64l/region/bs_BA.res" 1214
"../../../Engine/Content/Internationalization/icudt64l/region/bs_Latn_BA.res" 1215
"../../../Engine/Content/Internationalization/icudt64l/region/bs_Latn.res" 1216
"../../../Engine/Content/Internationalization/icudt64l/region/bs.res" 1217
"../../../Engine/Content/Internationalization/icudt64l/region/bs_Cyrl.res" 1218
"../../../Engine/Content/Internationalization/icudt64l/lang/ca.res" 1219
"../../../Engine/Content/Internationalization/icudt64l/region/ca.res" 1220
"../../../Engine/Content/Internationalization/icudt64l/lang/ccp.res" 1221
"../../../Engine/Content/Internationalization/icudt64l/region/ccp.res" 1222
"../../../Engine/Content/Internationalization/icudt64l/lang/ce.res" 1223
"../../../Engine/Content/Internationalization/icudt64l/region/ce.res" 1224
"../../../Engine/Content/Internationalization/icudt64l/lang/ceb.res" 1225
"../../../Engine/Content/Internationalization/icudt64l/region/ceb.res" 1226
"../../../Engine/Content/Internationalization/icudt64l/lang/cgg.res" 1227
"../../../Engine/Content/Internationalization/icudt64l/region/cgg.res" 1228
"../../../Engine/Content/Internationalization/icudt64l/lang/chr.res" 1229
"../../../Engine/Content/Internationalization/icudt64l/region/chr.res" 1230
"../../../Engine/Content/Internationalization/icudt64l/lang/ckb.res" 1231
"../../../Engine/Content/Internationalization/icudt64l/region/ckb.res" 1232
"../../../Engine/Content/Internationalization/icudt64l/lang/cs.res" 1233
"../../../Engine/Content/Internationalization/icudt64l/region/cs.res" 1234
"../../../Engine/Content/Internationalization/icudt64l/lang/cy.res" 1235
"../../../Engine/Content/Internationalization/icudt64l/region/cy.res" 1236
"../../../Engine/Content/Internationalization/icudt64l/lang/da.res" 1237
"../../../Engine/Content/Internationalization/icudt64l/region/da.res" 1238
"../../../Engine/Content/Internationalization/icudt64l/lang/dav.res" 1239
"../../../Engine/Content/Internationalization/icudt64l/region/dav.res" 1240
"../../../Engine/Content/Internationalization/icudt64l/lang/de.res" 1241
"../../../Engine/Content/Internationalization/icudt64l/lang/de_AT.res" 1242
"../../../Engine/Content/Internationalization/icudt64l/region/de_AT.res" 1243
"../../../Engine/Content/Internationalization/icudt64l/region/de.res" 1244
"../../../Engine/Content/Internationalization/icudt64l/lang/de_CH.res" 1245
"../../../Engine/Content/Internationalization/icudt64l/region/de_CH.res" 1246
"../../../Engine/Content/Internationalization/icudt64l/lang/de_LU.res" 1247
"../../../Engine/Content/Internationalization/icudt64l/lang/dje.res" 1248
"../../../Engine/Content/Internationalization/icudt64l/region/dje.res" 1249
"../../../Engine/Content/Internationalization/icudt64l/lang/dsb.res" 1250
"../../../Engine/Content/Internationalization/icudt64l/region/dsb.res" 1251
"../../../Engine/Content/Internationalization/icudt64l/lang/dua.res" 1252
"../../../Engine/Content/Internationalization/icudt64l/region/dua.res" 1253
"../../../Engine/Content/Internationalization/icudt64l/lang/dyo.res" 1254
"../../../Engine/Content/Internationalization/icudt64l/region/dyo.res" 1255
"../../../Engine/Content/Internationalization/icudt64l/lang/dz.res" 1256
"../../../Engine/Content/Internationalization/icudt64l/region/dz.res" 1257
"../../../Engine/Content/Internationalization/icudt64l/lang/ebu.res" 1258
"../../../Engine/Content/Internationalization/icudt64l/region/ebu.res" 1259
"../../../Engine/Content/Internationalization/icudt64l/lang/ee.res" 1260
"../../../Engine/Content/Internationalization/icudt64l/region/ee.res" 1261
"../../../Engine/Content/Internationalization/icudt64l/lang/el.res" 1262
"../../../Engine/Content/Internationalization/icudt64l/region/el.res" 1263
"../../../Engine/Content/Internationalization/icudt64l/lang/en_150.res" 1264
"../../../Engine/Content/Internationalization/icudt64l/region/en_150.res" 1265
"../../../Engine/Content/Internationalization/icudt64l/lang/en_AG.res" 1266
"../../../Engine/Content/Internationalization/icudt64l/region/en_AG.res" 1267
"../../../Engine/Content/Internationalization/icudt64l/lang/en_AI.res" 1268
"../../../Engine/Content/Internationalization/icudt64l/region/en_AI.res" 1269
"../../../Engine/Content/Internationalization/icudt64l/lang/en_AT.res" 1270
"../../../Engine/Content/Internationalization/icudt64l/region/en_AT.res" 1271
"../../../Engine/Content/Internationalization/icudt64l/lang/en_BB.res" 1272
"../../../Engine/Content/Internationalization/icudt64l/region/en_BB.res" 1273
"../../../Engine/Content/Internationalization/icudt64l/lang/en_BE.res" 1274
"../../../Engine/Content/Internationalization/icudt64l/region/en_BE.res" 1275
"../../../Engine/Content/Internationalization/icudt64l/lang/en_BM.res" 1276
"../../../Engine/Content/Internationalization/icudt64l/region/en_BM.res" 1277
"../../../Engine/Content/Internationalization/icudt64l/lang/en_BS.res" 1278
"../../../Engine/Content/Internationalization/icudt64l/region/en_BS.res" 1279
"../../../Engine/Content/Internationalization/icudt64l/lang/en_BW.res" 1280
"../../../Engine/Content/Internationalization/icudt64l/region/en_BW.res" 1281
"../../../Engine/Content/Internationalization/icudt64l/lang/en_BZ.res" 1282
"../../../Engine/Content/Internationalization/icudt64l/region/en_BZ.res" 1283
"../../../Engine/Content/Internationalization/icudt64l/lang/en_CA.res" 1284
"../../../Engine/Content/Internationalization/icudt64l/region/en_CA.res" 1285
"../../../Engine/Content/Internationalization/icudt64l/lang/en_CC.res" 1286
"../../../Engine/Content/Internationalization/icudt64l/region/en_CC.res" 1287
"../../../Engine/Content/Internationalization/icudt64l/lang/en_CH.res" 1288
"../../../Engine/Content/Internationalization/icudt64l/region/en_CH.res" 1289
"../../../Engine/Content/Internationalization/icudt64l/lang/en_CK.res" 1290
"../../../Engine/Content/Internationalization/icudt64l/region/en_CK.res" 1291
"../../../Engine/Content/Internationalization/icudt64l/lang/en_CM.res" 1292
"../../../Engine/Content/Internationalization/icudt64l/region/en_CM.res" 1293
"../../../Engine/Content/Internationalization/icudt64l/lang/en_CX.res" 1294
"../../../Engine/Content/Internationalization/icudt64l/region/en_CX.res" 1295
"../../../Engine/Content/Internationalization/icudt64l/lang/en_CY.res" 1296
"../../../Engine/Content/Internationalization/icudt64l/region/en_CY.res" 1297
"../../../Engine/Content/Internationalization/icudt64l/lang/en_DE.res" 1298
"../../../Engine/Content/Internationalization/icudt64l/region/en_DE.res" 1299
"../../../Engine/Content/Internationalization/icudt64l/lang/en_DG.res" 1300
"../../../Engine/Content/Internationalization/icudt64l/region/en_DG.res" 1301
"../../../Engine/Content/Internationalization/icudt64l/lang/en_DK.res" 1302
"../../../Engine/Content/Internationalization/icudt64l/region/en_DK.res" 1303
"../../../Engine/Content/Internationalization/icudt64l/lang/en_DM.res" 1304
"../../../Engine/Content/Internationalization/icudt64l/region/en_DM.res" 1305
"../../../Engine/Content/Internationalization/icudt64l/lang/en_ER.res" 1306
"../../../Engine/Content/Internationalization/icudt64l/region/en_ER.res" 1307
"../../../Engine/Content/Internationalization/icudt64l/lang/en_FI.res" 1308
"../../../Engine/Content/Internationalization/icudt64l/region/en_FI.res" 1309
"../../../Engine/Content/Internationalization/icudt64l/lang/en_FJ.res" 1310
"../../../Engine/Content/Internationalization/icudt64l/region/en_FJ.res" 1311
"../../../Engine/Content/Internationalization/icudt64l/lang/en_FK.res" 1312
"../../../Engine/Content/Internationalization/icudt64l/region/en_FK.res" 1313
"../../../Engine/Content/Internationalization/icudt64l/lang/en_FM.res" 1314
"../../../Engine/Content/Internationalization/icudt64l/region/en_FM.res" 1315
"../../../Engine/Content/Internationalization/icudt64l/lang/en_GD.res" 1316
"../../../Engine/Content/Internationalization/icudt64l/region/en_GD.res" 1317
"../../../Engine/Content/Internationalization/icudt64l/lang/en_GG.res" 1318
"../../../Engine/Content/Internationalization/icudt64l/region/en_GG.res" 1319
"../../../Engine/Content/Internationalization/icudt64l/lang/en_GH.res" 1320
"../../../Engine/Content/Internationalization/icudt64l/region/en_GH.res" 1321
"../../../Engine/Content/Internationalization/icudt64l/lang/en_GI.res" 1322
"../../../Engine/Content/Internationalization/icudt64l/region/en_GI.res" 1323
"../../../Engine/Content/Internationalization/icudt64l/lang/en_GM.res" 1324
"../../../Engine/Content/Internationalization/icudt64l/region/en_GM.res" 1325
"../../../Engine/Content/Internationalization/icudt64l/lang/en_GY.res" 1326
"../../../Engine/Content/Internationalization/icudt64l/region/en_GY.res" 1327
"../../../Engine/Content/Internationalization/icudt64l/lang/en_HK.res" 1328
"../../../Engine/Content/Internationalization/icudt64l/region/en_HK.res" 1329
"../../../Engine/Content/Internationalization/icudt64l/lang/en_IE.res" 1330
"../../../Engine/Content/Internationalization/icudt64l/region/en_IE.res" 1331
"../../../Engine/Content/Internationalization/icudt64l/lang/en_IL.res" 1332
"../../../Engine/Content/Internationalization/icudt64l/region/en_IL.res" 1333
"../../../Engine/Content/Internationalization/icudt64l/lang/en_IM.res" 1334
"../../../Engine/Content/Internationalization/icudt64l/region/en_IM.res" 1335
"../../../Engine/Content/Internationalization/icudt64l/lang/en_IN.res" 1336
"../../../Engine/Content/Internationalization/icudt64l/region/en_IN.res" 1337
"../../../Engine/Content/Internationalization/icudt64l/lang/en_IO.res" 1338
"../../../Engine/Content/Internationalization/icudt64l/region/en_IO.res" 1339
"../../../Engine/Content/Internationalization/icudt64l/lang/en_JE.res" 1340
"../../../Engine/Content/Internationalization/icudt64l/region/en_JE.res" 1341
"../../../Engine/Content/Internationalization/icudt64l/lang/en_JM.res" 1342
"../../../Engine/Content/Internationalization/icudt64l/region/en_JM.res" 1343
"../../../Engine/Content/Internationalization/icudt64l/lang/en_KE.res" 1344
"../../../Engine/Content/Internationalization/icudt64l/region/en_KE.res" 1345
"../../../Engine/Content/Internationalization/icudt64l/lang/en_KI.res" 1346
"../../../Engine/Content/Internationalization/icudt64l/region/en_KI.res" 1347
"../../../Engine/Content/Internationalization/icudt64l/lang/en_KN.res" 1348
"../../../Engine/Content/Internationalization/icudt64l/region/en_KN.res" 1349
"../../../Engine/Content/Internationalization/icudt64l/lang/en_KY.res" 1350
"../../../Engine/Content/Internationalization/icudt64l/region/en_KY.res" 1351
"../../../Engine/Content/Internationalization/icudt64l/lang/en_LC.res" 1352
"../../../Engine/Content/Internationalization/icudt64l/region/en_LC.res" 1353
"../../../Engine/Content/Internationalization/icudt64l/lang/en_LR.res" 1354
"../../../Engine/Content/Internationalization/icudt64l/region/en_LR.res" 1355
"../../../Engine/Content/Internationalization/icudt64l/lang/en_LS.res" 1356
"../../../Engine/Content/Internationalization/icudt64l/region/en_LS.res" 1357
"../../../Engine/Content/Internationalization/icudt64l/lang/en_MG.res" 1358
"../../../Engine/Content/Internationalization/icudt64l/region/en_MG.res" 1359
"../../../Engine/Content/Internationalization/icudt64l/lang/en_MO.res" 1360
"../../../Engine/Content/Internationalization/icudt64l/region/en_MO.res" 1361
"../../../Engine/Content/Internationalization/icudt64l/lang/en_MS.res" 1362
"../../../Engine/Content/Internationalization/icudt64l/region/en_MS.res" 1363
"../../../Engine/Content/Internationalization/icudt64l/lang/en_MT.res" 1364
"../../../Engine/Content/Internationalization/icudt64l/region/en_MT.res" 1365
"../../../Engine/Content/Internationalization/icudt64l/lang/en_MU.res" 1366
"../../../Engine/Content/Internationalization/icudt64l/region/en_MU.res" 1367
"../../../Engine/Content/Internationalization/icudt64l/lang/en_MW.res" 1368
"../../../Engine/Content/Internationalization/icudt64l/region/en_MW.res" 1369
"../../../Engine/Content/Internationalization/icudt64l/lang/en_MY.res" 1370
"../../../Engine/Content/Internationalization/icudt64l/region/en_MY.res" 1371
"../../../Engine/Content/Internationalization/icudt64l/lang/en_NA.res" 1372
"../../../Engine/Content/Internationalization/icudt64l/region/en_NA.res" 1373
"../../../Engine/Content/Internationalization/icudt64l/lang/en_NF.res" 1374
"../../../Engine/Content/Internationalization/icudt64l/region/en_NF.res" 1375
"../../../Engine/Content/Internationalization/icudt64l/lang/en_NG.res" 1376
"../../../Engine/Content/Internationalization/icudt64l/region/en_NG.res" 1377
"../../../Engine/Content/Internationalization/icudt64l/lang/en_NL.res" 1378
"../../../Engine/Content/Internationalization/icudt64l/region/en_NL.res" 1379
"../../../Engine/Content/Internationalization/icudt64l/lang/en_NR.res" 1380
"../../../Engine/Content/Internationalization/icudt64l/region/en_NR.res" 1381
"../../../Engine/Content/Internationalization/icudt64l/lang/en_NU.res" 1382
"../../../Engine/Content/Internationalization/icudt64l/region/en_NU.res" 1383
"../../../Engine/Content/Internationalization/icudt64l/lang/en_NZ.res" 1384
"../../../Engine/Content/Internationalization/icudt64l/region/en_NZ.res" 1385
"../../../Engine/Content/Internationalization/icudt64l/lang/en_PG.res" 1386
"../../../Engine/Content/Internationalization/icudt64l/region/en_PG.res" 1387
"../../../Engine/Content/Internationalization/icudt64l/lang/en_PH.res" 1388
"../../../Engine/Content/Internationalization/icudt64l/region/en_PH.res" 1389
"../../../Engine/Content/Internationalization/icudt64l/lang/en_PK.res" 1390
"../../../Engine/Content/Internationalization/icudt64l/region/en_PK.res" 1391
"../../../Engine/Content/Internationalization/icudt64l/lang/en_PN.res" 1392
"../../../Engine/Content/Internationalization/icudt64l/region/en_PN.res" 1393
"../../../Engine/Content/Internationalization/icudt64l/lang/en_PW.res" 1394
"../../../Engine/Content/Internationalization/icudt64l/region/en_PW.res" 1395
"../../../Engine/Content/Internationalization/icudt64l/lang/en_RW.res" 1396
"../../../Engine/Content/Internationalization/icudt64l/region/en_RW.res" 1397
"../../../Engine/Content/Internationalization/icudt64l/lang/en_SB.res" 1398
"../../../Engine/Content/Internationalization/icudt64l/region/en_SB.res" 1399
"../../../Engine/Content/Internationalization/icudt64l/lang/en_SC.res" 1400
"../../../Engine/Content/Internationalization/icudt64l/region/en_SC.res" 1401
"../../../Engine/Content/Internationalization/icudt64l/lang/en_SD.res" 1402
"../../../Engine/Content/Internationalization/icudt64l/region/en_SD.res" 1403
"../../../Engine/Content/Internationalization/icudt64l/lang/en_SE.res" 1404
"../../../Engine/Content/Internationalization/icudt64l/region/en_SE.res" 1405
"../../../Engine/Content/Internationalization/icudt64l/lang/en_SG.res" 1406
"../../../Engine/Content/Internationalization/icudt64l/region/en_SG.res" 1407
"../../../Engine/Content/Internationalization/icudt64l/lang/en_SH.res" 1408
"../../../Engine/Content/Internationalization/icudt64l/region/en_SH.res" 1409
"../../../Engine/Content/Internationalization/icudt64l/lang/en_SI.res" 1410
"../../../Engine/Content/Internationalization/icudt64l/region/en_SI.res" 1411
"../../../Engine/Content/Internationalization/icudt64l/lang/en_SL.res" 1412
"../../../Engine/Content/Internationalization/icudt64l/region/en_SL.res" 1413
"../../../Engine/Content/Internationalization/icudt64l/lang/en_SS.res" 1414
"../../../Engine/Content/Internationalization/icudt64l/region/en_SS.res" 1415
"../../../Engine/Content/Internationalization/icudt64l/lang/en_SX.res" 1416
"../../../Engine/Content/Internationalization/icudt64l/region/en_SX.res" 1417
"../../../Engine/Content/Internationalization/icudt64l/lang/en_SZ.res" 1418
"../../../Engine/Content/Internationalization/icudt64l/region/en_SZ.res" 1419
"../../../Engine/Content/Internationalization/icudt64l/lang/en_TC.res" 1420
"../../../Engine/Content/Internationalization/icudt64l/region/en_TC.res" 1421
"../../../Engine/Content/Internationalization/icudt64l/lang/en_TK.res" 1422
"../../../Engine/Content/Internationalization/icudt64l/region/en_TK.res" 1423
"../../../Engine/Content/Internationalization/icudt64l/lang/en_TO.res" 1424
"../../../Engine/Content/Internationalization/icudt64l/region/en_TO.res" 1425
"../../../Engine/Content/Internationalization/icudt64l/lang/en_TT.res" 1426
"../../../Engine/Content/Internationalization/icudt64l/region/en_TT.res" 1427
"../../../Engine/Content/Internationalization/icudt64l/lang/en_TV.res" 1428
"../../../Engine/Content/Internationalization/icudt64l/region/en_TV.res" 1429
"../../../Engine/Content/Internationalization/icudt64l/lang/en_TZ.res" 1430
"../../../Engine/Content/Internationalization/icudt64l/region/en_TZ.res" 1431
"../../../Engine/Content/Internationalization/icudt64l/lang/en_UG.res" 1432
"../../../Engine/Content/Internationalization/icudt64l/region/en_UG.res" 1433
"../../../Engine/Content/Internationalization/icudt64l/lang/en_VC.res" 1434
"../../../Engine/Content/Internationalization/icudt64l/region/en_VC.res" 1435
"../../../Engine/Content/Internationalization/icudt64l/lang/en_VG.res" 1436
"../../../Engine/Content/Internationalization/icudt64l/region/en_VG.res" 1437
"../../../Engine/Content/Internationalization/icudt64l/lang/en_VU.res" 1438
"../../../Engine/Content/Internationalization/icudt64l/region/en_VU.res" 1439
"../../../Engine/Content/Internationalization/icudt64l/lang/en_WS.res" 1440
"../../../Engine/Content/Internationalization/icudt64l/region/en_WS.res" 1441
"../../../Engine/Content/Internationalization/icudt64l/lang/en_ZA.res" 1442
"../../../Engine/Content/Internationalization/icudt64l/region/en_ZA.res" 1443
"../../../Engine/Content/Internationalization/icudt64l/lang/en_ZM.res" 1444
"../../../Engine/Content/Internationalization/icudt64l/region/en_ZM.res" 1445
"../../../Engine/Content/Internationalization/icudt64l/lang/en_ZW.res" 1446
"../../../Engine/Content/Internationalization/icudt64l/region/en_ZW.res" 1447
"../../../Engine/Content/Internationalization/icudt64l/lang/eo.res" 1448
"../../../Engine/Content/Internationalization/icudt64l/region/eo.res" 1449
"../../../Engine/Content/Internationalization/icudt64l/lang/es.res" 1450
"../../../Engine/Content/Internationalization/icudt64l/lang/es_419.res" 1451
"../../../Engine/Content/Internationalization/icudt64l/region/es_419.res" 1452
"../../../Engine/Content/Internationalization/icudt64l/region/es.res" 1453
"../../../Engine/Content/Internationalization/icudt64l/lang/es_AR.res" 1454
"../../../Engine/Content/Internationalization/icudt64l/region/es_AR.res" 1455
"../../../Engine/Content/Internationalization/icudt64l/lang/es_BO.res" 1456
"../../../Engine/Content/Internationalization/icudt64l/region/es_BO.res" 1457
"../../../Engine/Content/Internationalization/icudt64l/lang/es_BR.res" 1458
"../../../Engine/Content/Internationalization/icudt64l/region/es_BR.res" 1459
"../../../Engine/Content/Internationalization/icudt64l/lang/es_BZ.res" 1460
"../../../Engine/Content/Internationalization/icudt64l/region/es_BZ.res" 1461
"../../../Engine/Content/Internationalization/icudt64l/lang/es_CL.res" 1462
"../../../Engine/Content/Internationalization/icudt64l/region/es_CL.res" 1463
"../../../Engine/Content/Internationalization/icudt64l/lang/es_CO.res" 1464
"../../../Engine/Content/Internationalization/icudt64l/region/es_CO.res" 1465
"../../../Engine/Content/Internationalization/icudt64l/lang/es_CR.res" 1466
"../../../Engine/Content/Internationalization/icudt64l/region/es_CR.res" 1467
"../../../Engine/Content/Internationalization/icudt64l/lang/es_CU.res" 1468
"../../../Engine/Content/Internationalization/icudt64l/region/es_CU.res" 1469
"../../../Engine/Content/Internationalization/icudt64l/lang/es_DO.res" 1470
"../../../Engine/Content/Internationalization/icudt64l/region/es_DO.res" 1471
"../../../Engine/Content/Internationalization/icudt64l/lang/es_EC.res" 1472
"../../../Engine/Content/Internationalization/icudt64l/region/es_EC.res" 1473
"../../../Engine/Content/Internationalization/icudt64l/lang/es_GT.res" 1474
"../../../Engine/Content/Internationalization/icudt64l/region/es_GT.res" 1475
"../../../Engine/Content/Internationalization/icudt64l/lang/es_HN.res" 1476
"../../../Engine/Content/Internationalization/icudt64l/region/es_HN.res" 1477
"../../../Engine/Content/Internationalization/icudt64l/lang/es_MX.res" 1478
"../../../Engine/Content/Internationalization/icudt64l/region/es_MX.res" 1479
"../../../Engine/Content/Internationalization/icudt64l/lang/es_NI.res" 1480
"../../../Engine/Content/Internationalization/icudt64l/region/es_NI.res" 1481
"../../../Engine/Content/Internationalization/icudt64l/lang/es_PA.res" 1482
"../../../Engine/Content/Internationalization/icudt64l/region/es_PA.res" 1483
"../../../Engine/Content/Internationalization/icudt64l/lang/es_PE.res" 1484
"../../../Engine/Content/Internationalization/icudt64l/region/es_PE.res" 1485
"../../../Engine/Content/Internationalization/icudt64l/lang/es_PR.res" 1486
"../../../Engine/Content/Internationalization/icudt64l/region/es_PR.res" 1487
"../../../Engine/Content/Internationalization/icudt64l/lang/es_PY.res" 1488
"../../../Engine/Content/Internationalization/icudt64l/region/es_PY.res" 1489
"../../../Engine/Content/Internationalization/icudt64l/lang/es_SV.res" 1490
"../../../Engine/Content/Internationalization/icudt64l/region/es_SV.res" 1491
"../../../Engine/Content/Internationalization/icudt64l/lang/es_US.res" 1492
"../../../Engine/Content/Internationalization/icudt64l/region/es_US.res" 1493
"../../../Engine/Content/Internationalization/icudt64l/lang/es_UY.res" 1494
"../../../Engine/Content/Internationalization/icudt64l/region/es_UY.res" 1495
"../../../Engine/Content/Internationalization/icudt64l/lang/es_VE.res" 1496
"../../../Engine/Content/Internationalization/icudt64l/region/es_VE.res" 1497
"../../../Engine/Content/Internationalization/icudt64l/lang/et.res" 1498
"../../../Engine/Content/Internationalization/icudt64l/region/et.res" 1499
"../../../Engine/Content/Internationalization/icudt64l/lang/eu.res" 1500
"../../../Engine/Content/Internationalization/icudt64l/region/eu.res" 1501
"../../../Engine/Content/Internationalization/icudt64l/lang/ewo.res" 1502
"../../../Engine/Content/Internationalization/icudt64l/region/ewo.res" 1503
"../../../Engine/Content/Internationalization/icudt64l/lang/fa.res" 1504
"../../../Engine/Content/Internationalization/icudt64l/lang/fa_AF.res" 1505
"../../../Engine/Content/Internationalization/icudt64l/region/fa_AF.res" 1506
"../../../Engine/Content/Internationalization/icudt64l/region/fa.res" 1507
"../../../Engine/Content/Internationalization/icudt64l/lang/ff.res" 1508
"../../../Engine/Content/Internationalization/icudt64l/lang/ff_Latn.res" 1509
"../../../Engine/Content/Internationalization/icudt64l/region/ff.res" 1510
"../../../Engine/Content/Internationalization/icudt64l/region/ff_Latn.res" 1511
"../../../Engine/Content/Internationalization/icudt64l/lang/ff_CM.res" 1512
"../../../Engine/Content/Internationalization/icudt64l/lang/ff_Latn_CM.res" 1513
"../../../Engine/Content/Internationalization/icudt64l/region/ff_CM.res" 1514
"../../../Engine/Content/Internationalization/icudt64l/region/ff_Latn_CM.res" 1515
"../../../Engine/Content/Internationalization/icudt64l/lang/ff_GN.res" 1516
"../../../Engine/Content/Internationalization/icudt64l/lang/ff_Latn_GN.res" 1517
"../../../Engine/Content/Internationalization/icudt64l/region/ff_GN.res" 1518
"../../../Engine/Content/Internationalization/icudt64l/region/ff_Latn_GN.res" 1519
"../../../Engine/Content/Internationalization/icudt64l/lang/ff_MR.res" 1520
"../../../Engine/Content/Internationalization/icudt64l/lang/ff_Latn_MR.res" 1521
"../../../Engine/Content/Internationalization/icudt64l/region/ff_MR.res" 1522
"../../../Engine/Content/Internationalization/icudt64l/region/ff_Latn_MR.res" 1523
"../../../Engine/Content/Internationalization/icudt64l/lang/ff_SN.res" 1524
"../../../Engine/Content/Internationalization/icudt64l/lang/ff_Latn_SN.res" 1525
"../../../Engine/Content/Internationalization/icudt64l/region/ff_SN.res" 1526
"../../../Engine/Content/Internationalization/icudt64l/region/ff_Latn_SN.res" 1527
"../../../Engine/Content/Internationalization/icudt64l/lang/fi.res" 1528
"../../../Engine/Content/Internationalization/icudt64l/region/fi.res" 1529
"../../../Engine/Content/Internationalization/icudt64l/lang/fil.res" 1530
"../../../Engine/Content/Internationalization/icudt64l/lang/fil_PH.res" 1531
"../../../Engine/Content/Internationalization/icudt64l/region/fil_PH.res" 1532
"../../../Engine/Content/Internationalization/icudt64l/region/fil.res" 1533
"../../../Engine/Content/Internationalization/icudt64l/lang/fo.res" 1534
"../../../Engine/Content/Internationalization/icudt64l/region/fo.res" 1535
"../../../Engine/Content/Internationalization/icudt64l/lang/fr.res" 1536
"../../../Engine/Content/Internationalization/icudt64l/lang/fr_BE.res" 1537
"../../../Engine/Content/Internationalization/icudt64l/region/fr_BE.res" 1538
"../../../Engine/Content/Internationalization/icudt64l/region/fr.res" 1539
"../../../Engine/Content/Internationalization/icudt64l/lang/fr_CA.res" 1540
"../../../Engine/Content/Internationalization/icudt64l/region/fr_CA.res" 1541
"../../../Engine/Content/Internationalization/icudt64l/lang/fr_CH.res" 1542
"../../../Engine/Content/Internationalization/icudt64l/lang/fur.res" 1543
"../../../Engine/Content/Internationalization/icudt64l/region/fur.res" 1544
"../../../Engine/Content/Internationalization/icudt64l/lang/fy.res" 1545
"../../../Engine/Content/Internationalization/icudt64l/region/fy.res" 1546
"../../../Engine/Content/Internationalization/icudt64l/lang/ga.res" 1547
"../../../Engine/Content/Internationalization/icudt64l/region/ga.res" 1548
"../../../Engine/Content/Internationalization/icudt64l/lang/gd.res" 1549
"../../../Engine/Content/Internationalization/icudt64l/region/gd.res" 1550
"../../../Engine/Content/Internationalization/icudt64l/lang/gl.res" 1551
"../../../Engine/Content/Internationalization/icudt64l/region/gl.res" 1552
"../../../Engine/Content/Internationalization/icudt64l/lang/gsw.res" 1553
"../../../Engine/Content/Internationalization/icudt64l/region/gsw.res" 1554
"../../../Engine/Content/Internationalization/icudt64l/lang/gu.res" 1555
"../../../Engine/Content/Internationalization/icudt64l/region/gu.res" 1556
"../../../Engine/Content/Internationalization/icudt64l/lang/guz.res" 1557
"../../../Engine/Content/Internationalization/icudt64l/region/guz.res" 1558
"../../../Engine/Content/Internationalization/icudt64l/lang/gv.res" 1559
"../../../Engine/Content/Internationalization/icudt64l/region/gv.res" 1560
"../../../Engine/Content/Internationalization/icudt64l/lang/ha.res" 1561
"../../../Engine/Content/Internationalization/icudt64l/region/ha.res" 1562
"../../../Engine/Content/Internationalization/icudt64l/lang/ha_NE.res" 1563
"../../../Engine/Content/Internationalization/icudt64l/region/ha_NE.res" 1564
"../../../Engine/Content/Internationalization/icudt64l/lang/haw.res" 1565
"../../../Engine/Content/Internationalization/icudt64l/region/haw.res" 1566
"../../../Engine/Content/Internationalization/icudt64l/lang/he.res" 1567
"../../../Engine/Content/Internationalization/icudt64l/lang/he_IL.res" 1568
"../../../Engine/Content/Internationalization/icudt64l/region/he_IL.res" 1569
"../../../Engine/Content/Internationalization/icudt64l/region/he.res" 1570
"../../../Engine/Content/Internationalization/icudt64l/lang/hi.res" 1571
"../../../Engine/Content/Internationalization/icudt64l/region/hi.res" 1572
"../../../Engine/Content/Internationalization/icudt64l/lang/hr.res" 1573
"../../../Engine/Content/Internationalization/icudt64l/region/hr.res" 1574
"../../../Engine/Content/Internationalization/icudt64l/lang/hsb.res" 1575
"../../../Engine/Content/Internationalization/icudt64l/region/hsb.res" 1576
"../../../Engine/Content/Internationalization/icudt64l/lang/hu.res" 1577
"../../../Engine/Content/Internationalization/icudt64l/region/hu.res" 1578
"../../../Engine/Content/Internationalization/icudt64l/lang/hy.res" 1579
"../../../Engine/Content/Internationalization/icudt64l/region/hy.res" 1580
"../../../Engine/Content/Internationalization/icudt64l/lang/ia.res" 1581
"../../../Engine/Content/Internationalization/icudt64l/region/ia.res" 1582
"../../../Engine/Content/Internationalization/icudt64l/lang/id.res" 1583
"../../../Engine/Content/Internationalization/icudt64l/lang/id_ID.res" 1584
"../../../Engine/Content/Internationalization/icudt64l/region/id_ID.res" 1585
"../../../Engine/Content/Internationalization/icudt64l/region/id.res" 1586
"../../../Engine/Content/Internationalization/icudt64l/lang/ig.res" 1587
"../../../Engine/Content/Internationalization/icudt64l/region/ig.res" 1588
"../../../Engine/Content/Internationalization/icudt64l/lang/ii.res" 1589
"../../../Engine/Content/Internationalization/icudt64l/region/ii.res" 1590
"../../../Engine/Content/Internationalization/icudt64l/lang/is.res" 1591
"../../../Engine/Content/Internationalization/icudt64l/region/is.res" 1592
"../../../Engine/Content/Internationalization/icudt64l/lang/it.res" 1593
"../../../Engine/Content/Internationalization/icudt64l/region/it.res" 1594
"../../../Engine/Content/Internationalization/icudt64l/lang/ja.res" 1595
"../../../Engine/Content/Internationalization/icudt64l/lang/ja_JP.res" 1596
"../../../Engine/Content/Internationalization/icudt64l/region/ja_JP.res" 1597
"../../../Engine/Content/Internationalization/icudt64l/region/ja.res" 1598
"../../../Engine/Content/Internationalization/icudt64l/lang/jgo.res" 1599
"../../../Engine/Content/Internationalization/icudt64l/region/jgo.res" 1600
"../../../Engine/Content/Internationalization/icudt64l/lang/jmc.res" 1601
"../../../Engine/Content/Internationalization/icudt64l/region/jmc.res" 1602
"../../../Engine/Content/Internationalization/icudt64l/lang/jv.res" 1603
"../../../Engine/Content/Internationalization/icudt64l/region/jv.res" 1604
"../../../Engine/Content/Internationalization/icudt64l/lang/ka.res" 1605
"../../../Engine/Content/Internationalization/icudt64l/region/ka.res" 1606
"../../../Engine/Content/Internationalization/icudt64l/lang/kab.res" 1607
"../../../Engine/Content/Internationalization/icudt64l/region/kab.res" 1608
"../../../Engine/Content/Internationalization/icudt64l/lang/kam.res" 1609
"../../../Engine/Content/Internationalization/icudt64l/region/kam.res" 1610
"../../../Engine/Content/Internationalization/icudt64l/lang/kde.res" 1611
"../../../Engine/Content/Internationalization/icudt64l/region/kde.res" 1612
"../../../Engine/Content/Internationalization/icudt64l/lang/kea.res" 1613
"../../../Engine/Content/Internationalization/icudt64l/region/kea.res" 1614
"../../../Engine/Content/Internationalization/icudt64l/lang/khq.res" 1615
"../../../Engine/Content/Internationalization/icudt64l/region/khq.res" 1616
"../../../Engine/Content/Internationalization/icudt64l/lang/ki.res" 1617
"../../../Engine/Content/Internationalization/icudt64l/region/ki.res" 1618
"../../../Engine/Content/Internationalization/icudt64l/lang/kk.res" 1619
"../../../Engine/Content/Internationalization/icudt64l/region/kk.res" 1620
"../../../Engine/Content/Internationalization/icudt64l/lang/kkj.res" 1621
"../../../Engine/Content/Internationalization/icudt64l/region/kkj.res" 1622
"../../../Engine/Content/Internationalization/icudt64l/lang/kl.res" 1623
"../../../Engine/Content/Internationalization/icudt64l/region/kl.res" 1624
"../../../Engine/Content/Internationalization/icudt64l/lang/kln.res" 1625
"../../../Engine/Content/Internationalization/icudt64l/region/kln.res" 1626
"../../../Engine/Content/Internationalization/icudt64l/lang/km.res" 1627
"../../../Engine/Content/Internationalization/icudt64l/region/km.res" 1628
"../../../Engine/Content/Internationalization/icudt64l/lang/kn.res" 1629
"../../../Engine/Content/Internationalization/icudt64l/region/kn.res" 1630
"../../../Engine/Content/Internationalization/icudt64l/lang/ko.res" 1631
"../../../Engine/Content/Internationalization/icudt64l/region/ko_KP.res" 1632
"../../../Engine/Content/Internationalization/icudt64l/region/ko.res" 1633
"../../../Engine/Content/Internationalization/icudt64l/lang/kok.res" 1634
"../../../Engine/Content/Internationalization/icudt64l/region/kok.res" 1635
"../../../Engine/Content/Internationalization/icudt64l/lang/ks.res" 1636
"../../../Engine/Content/Internationalization/icudt64l/region/ks.res" 1637
"../../../Engine/Content/Internationalization/icudt64l/lang/ksb.res" 1638
"../../../Engine/Content/Internationalization/icudt64l/region/ksb.res" 1639
"../../../Engine/Content/Internationalization/icudt64l/lang/ksf.res" 1640
"../../../Engine/Content/Internationalization/icudt64l/region/ksf.res" 1641
"../../../Engine/Content/Internationalization/icudt64l/lang/ksh.res" 1642
"../../../Engine/Content/Internationalization/icudt64l/region/ksh.res" 1643
"../../../Engine/Content/Internationalization/icudt64l/lang/ku.res" 1644
"../../../Engine/Content/Internationalization/icudt64l/region/ku.res" 1645
"../../../Engine/Content/Internationalization/icudt64l/lang/kw.res" 1646
"../../../Engine/Content/Internationalization/icudt64l/region/kw.res" 1647
"../../../Engine/Content/Internationalization/icudt64l/lang/ky.res" 1648
"../../../Engine/Content/Internationalization/icudt64l/region/ky.res" 1649
"../../../Engine/Content/Internationalization/icudt64l/lang/lag.res" 1650
"../../../Engine/Content/Internationalization/icudt64l/region/lag.res" 1651
"../../../Engine/Content/Internationalization/icudt64l/lang/lb.res" 1652
"../../../Engine/Content/Internationalization/icudt64l/region/lb.res" 1653
"../../../Engine/Content/Internationalization/icudt64l/lang/lg.res" 1654
"../../../Engine/Content/Internationalization/icudt64l/region/lg.res" 1655
"../../../Engine/Content/Internationalization/icudt64l/lang/lkt.res" 1656
"../../../Engine/Content/Internationalization/icudt64l/region/lkt.res" 1657
"../../../Engine/Content/Internationalization/icudt64l/lang/ln.res" 1658
"../../../Engine/Content/Internationalization/icudt64l/region/ln.res" 1659
"../../../Engine/Content/Internationalization/icudt64l/lang/lo.res" 1660
"../../../Engine/Content/Internationalization/icudt64l/region/lo.res" 1661
"../../../Engine/Content/Internationalization/icudt64l/lang/lrc.res" 1662
"../../../Engine/Content/Internationalization/icudt64l/region/lrc.res" 1663
"../../../Engine/Content/Internationalization/icudt64l/lang/lt.res" 1664
"../../../Engine/Content/Internationalization/icudt64l/region/lt.res" 1665
"../../../Engine/Content/Internationalization/icudt64l/lang/lu.res" 1666
"../../../Engine/Content/Internationalization/icudt64l/region/lu.res" 1667
"../../../Engine/Content/Internationalization/icudt64l/lang/luo.res" 1668
"../../../Engine/Content/Internationalization/icudt64l/region/luo.res" 1669
"../../../Engine/Content/Internationalization/icudt64l/lang/luy.res" 1670
"../../../Engine/Content/Internationalization/icudt64l/region/luy.res" 1671
"../../../Engine/Content/Internationalization/icudt64l/lang/lv.res" 1672
"../../../Engine/Content/Internationalization/icudt64l/region/lv.res" 1673
"../../../Engine/Content/Internationalization/icudt64l/lang/mas.res" 1674
"../../../Engine/Content/Internationalization/icudt64l/region/mas.res" 1675
"../../../Engine/Content/Internationalization/icudt64l/lang/mer.res" 1676
"../../../Engine/Content/Internationalization/icudt64l/region/mer.res" 1677
"../../../Engine/Content/Internationalization/icudt64l/lang/mfe.res" 1678
"../../../Engine/Content/Internationalization/icudt64l/region/mfe.res" 1679
"../../../Engine/Content/Internationalization/icudt64l/lang/mg.res" 1680
"../../../Engine/Content/Internationalization/icudt64l/region/mg.res" 1681
"../../../Engine/Content/Internationalization/icudt64l/lang/mgh.res" 1682
"../../../Engine/Content/Internationalization/icudt64l/region/mgh.res" 1683
"../../../Engine/Content/Internationalization/icudt64l/lang/mgo.res" 1684
"../../../Engine/Content/Internationalization/icudt64l/region/mgo.res" 1685
"../../../Engine/Content/Internationalization/icudt64l/lang/mi.res" 1686
"../../../Engine/Content/Internationalization/icudt64l/region/mi.res" 1687
"../../../Engine/Content/Internationalization/icudt64l/lang/mk.res" 1688
"../../../Engine/Content/Internationalization/icudt64l/region/mk.res" 1689
"../../../Engine/Content/Internationalization/icudt64l/lang/ml.res" 1690
"../../../Engine/Content/Internationalization/icudt64l/region/ml.res" 1691
"../../../Engine/Content/Internationalization/icudt64l/lang/mn.res" 1692
"../../../Engine/Content/Internationalization/icudt64l/region/mn.res" 1693
"../../../Engine/Content/Internationalization/icudt64l/lang/mr.res" 1694
"../../../Engine/Content/Internationalization/icudt64l/region/mr.res" 1695
"../../../Engine/Content/Internationalization/icudt64l/lang/ms.res" 1696
"../../../Engine/Content/Internationalization/icudt64l/region/ms.res" 1697
"../../../Engine/Content/Internationalization/icudt64l/lang/mt.res" 1698
"../../../Engine/Content/Internationalization/icudt64l/region/mt.res" 1699
"../../../Engine/Content/Internationalization/icudt64l/lang/mua.res" 1700
"../../../Engine/Content/Internationalization/icudt64l/region/mua.res" 1701
"../../../Engine/Content/Internationalization/icudt64l/lang/my.res" 1702
"../../../Engine/Content/Internationalization/icudt64l/region/my.res" 1703
"../../../Engine/Content/Internationalization/icudt64l/lang/mzn.res" 1704
"../../../Engine/Content/Internationalization/icudt64l/region/mzn.res" 1705
"../../../Engine/Content/Internationalization/icudt64l/lang/naq.res" 1706
"../../../Engine/Content/Internationalization/icudt64l/region/naq.res" 1707
"../../../Engine/Content/Internationalization/icudt64l/lang/nb.res" 1708
"../../../Engine/Content/Internationalization/icudt64l/lang/nb_NO.res" 1709
"../../../Engine/Content/Internationalization/icudt64l/region/nb_NO.res" 1710
"../../../Engine/Content/Internationalization/icudt64l/region/nb.res" 1711
"../../../Engine/Content/Internationalization/icudt64l/lang/nd.res" 1712
"../../../Engine/Content/Internationalization/icudt64l/region/nd.res" 1713
"../../../Engine/Content/Internationalization/icudt64l/lang/nds.res" 1714
"../../../Engine/Content/Internationalization/icudt64l/region/nds.res" 1715
"../../../Engine/Content/Internationalization/icudt64l/lang/ne.res" 1716
"../../../Engine/Content/Internationalization/icudt64l/region/ne.res" 1717
"../../../Engine/Content/Internationalization/icudt64l/lang/nl.res" 1718
"../../../Engine/Content/Internationalization/icudt64l/region/nl.res" 1719
"../../../Engine/Content/Internationalization/icudt64l/lang/nmg.res" 1720
"../../../Engine/Content/Internationalization/icudt64l/region/nmg.res" 1721
"../../../Engine/Content/Internationalization/icudt64l/lang/nn.res" 1722
"../../../Engine/Content/Internationalization/icudt64l/lang/nn_NO.res" 1723
"../../../Engine/Content/Internationalization/icudt64l/region/nn_NO.res" 1724
"../../../Engine/Content/Internationalization/icudt64l/region/nn.res" 1725
"../../../Engine/Content/Internationalization/icudt64l/lang/nnh.res" 1726
"../../../Engine/Content/Internationalization/icudt64l/region/nnh.res" 1727
"../../../Engine/Content/Internationalization/icudt64l/lang/nus.res" 1728
"../../../Engine/Content/Internationalization/icudt64l/region/nus.res" 1729
"../../../Engine/Content/Internationalization/icudt64l/lang/nyn.res" 1730
"../../../Engine/Content/Internationalization/icudt64l/region/nyn.res" 1731
"../../../Engine/Content/Internationalization/icudt64l/lang/om.res" 1732
"../../../Engine/Content/Internationalization/icudt64l/region/om.res" 1733
"../../../Engine/Content/Internationalization/icudt64l/lang/or.res" 1734
"../../../Engine/Content/Internationalization/icudt64l/region/or.res" 1735
"../../../Engine/Content/Internationalization/icudt64l/lang/os.res" 1736
"../../../Engine/Content/Internationalization/icudt64l/region/os.res" 1737
"../../../Engine/Content/Internationalization/icudt64l/lang/pa.res" 1738
"../../../Engine/Content/Internationalization/icudt64l/lang/pa_Arab.res" 1739
"../../../Engine/Content/Internationalization/icudt64l/lang/pa_PK.res" 1740
"../../../Engine/Content/Internationalization/icudt64l/lang/pa_Arab_PK.res" 1741
"../../../Engine/Content/Internationalization/icudt64l/region/pa_PK.res" 1742
"../../../Engine/Content/Internationalization/icudt64l/region/pa_Arab_PK.res" 1743
"../../../Engine/Content/Internationalization/icudt64l/region/pa_Arab.res" 1744
"../../../Engine/Content/Internationalization/icudt64l/lang/pa_Guru.res" 1745
"../../../Engine/Content/Internationalization/icudt64l/lang/pa_IN.res" 1746
"../../../Engine/Content/Internationalization/icudt64l/lang/pa_Guru_IN.res" 1747
"../../../Engine/Content/Internationalization/icudt64l/region/pa_IN.res" 1748
"../../../Engine/Content/Internationalization/icudt64l/region/pa_Guru_IN.res" 1749
"../../../Engine/Content/Internationalization/icudt64l/region/pa_Guru.res" 1750
"../../../Engine/Content/Internationalization/icudt64l/region/pa.res" 1751
"../../../Engine/Content/Internationalization/icudt64l/lang/pl.res" 1752
"../../../Engine/Content/Internationalization/icudt64l/region/pl.res" 1753
"../../../Engine/Content/Internationalization/icudt64l/lang/ps.res" 1754
"../../../Engine/Content/Internationalization/icudt64l/region/ps.res" 1755
"../../../Engine/Content/Internationalization/icudt64l/lang/ps_PK.res" 1756
"../../../Engine/Content/Internationalization/icudt64l/region/ps_PK.res" 1757
"../../../Engine/Content/Internationalization/icudt64l/lang/pt.res" 1758
"../../../Engine/Content/Internationalization/icudt64l/lang/pt_AO.res" 1759
"../../../Engine/Content/Internationalization/icudt64l/lang/pt_PT.res" 1760
"../../../Engine/Content/Internationalization/icudt64l/region/pt_AO.res" 1761
"../../../Engine/Content/Internationalization/icudt64l/region/pt_PT.res" 1762
"../../../Engine/Content/Internationalization/icudt64l/region/pt.res" 1763
"../../../Engine/Content/Internationalization/icudt64l/lang/pt_CH.res" 1764
"../../../Engine/Content/Internationalization/icudt64l/region/pt_CH.res" 1765
"../../../Engine/Content/Internationalization/icudt64l/lang/pt_CV.res" 1766
"../../../Engine/Content/Internationalization/icudt64l/region/pt_CV.res" 1767
"../../../Engine/Content/Internationalization/icudt64l/lang/pt_GQ.res" 1768
"../../../Engine/Content/Internationalization/icudt64l/region/pt_GQ.res" 1769
"../../../Engine/Content/Internationalization/icudt64l/lang/pt_GW.res" 1770
"../../../Engine/Content/Internationalization/icudt64l/region/pt_GW.res" 1771
"../../../Engine/Content/Internationalization/icudt64l/lang/pt_LU.res" 1772
"../../../Engine/Content/Internationalization/icudt64l/region/pt_LU.res" 1773
"../../../Engine/Content/Internationalization/icudt64l/lang/pt_MO.res" 1774
"../../../Engine/Content/Internationalization/icudt64l/region/pt_MO.res" 1775
"../../../Engine/Content/Internationalization/icudt64l/lang/pt_MZ.res" 1776
"../../../Engine/Content/Internationalization/icudt64l/region/pt_MZ.res" 1777
"../../../Engine/Content/Internationalization/icudt64l/lang/pt_ST.res" 1778
"../../../Engine/Content/Internationalization/icudt64l/region/pt_ST.res" 1779
"../../../Engine/Content/Internationalization/icudt64l/lang/pt_TL.res" 1780
"../../../Engine/Content/Internationalization/icudt64l/region/pt_TL.res" 1781
"../../../Engine/Content/Internationalization/icudt64l/lang/qu.res" 1782
"../../../Engine/Content/Internationalization/icudt64l/region/qu.res" 1783
"../../../Engine/Content/Internationalization/icudt64l/lang/rm.res" 1784
"../../../Engine/Content/Internationalization/icudt64l/region/rm.res" 1785
"../../../Engine/Content/Internationalization/icudt64l/lang/rn.res" 1786
"../../../Engine/Content/Internationalization/icudt64l/region/rn.res" 1787
"../../../Engine/Content/Internationalization/icudt64l/lang/ro.res" 1788
"../../../Engine/Content/Internationalization/icudt64l/lang/ro_MD.res" 1789
"../../../Engine/Content/Internationalization/icudt64l/region/ro_MD.res" 1790
"../../../Engine/Content/Internationalization/icudt64l/region/ro.res" 1791
"../../../Engine/Content/Internationalization/icudt64l/lang/rof.res" 1792
"../../../Engine/Content/Internationalization/icudt64l/region/rof.res" 1793
"../../../Engine/Content/Internationalization/icudt64l/lang/ru.res" 1794
"../../../Engine/Content/Internationalization/icudt64l/region/ru.res" 1795
"../../../Engine/Content/Internationalization/icudt64l/region/ru_UA.res" 1796
"../../../Engine/Content/Internationalization/icudt64l/lang/rw.res" 1797
"../../../Engine/Content/Internationalization/icudt64l/region/rw.res" 1798
"../../../Engine/Content/Internationalization/icudt64l/lang/rwk.res" 1799
"../../../Engine/Content/Internationalization/icudt64l/region/rwk.res" 1800
"../../../Engine/Content/Internationalization/icudt64l/lang/sah.res" 1801
"../../../Engine/Content/Internationalization/icudt64l/region/sah.res" 1802
"../../../Engine/Content/Internationalization/icudt64l/lang/saq.res" 1803
"../../../Engine/Content/Internationalization/icudt64l/region/saq.res" 1804
"../../../Engine/Content/Internationalization/icudt64l/lang/sbp.res" 1805
"../../../Engine/Content/Internationalization/icudt64l/region/sbp.res" 1806
"../../../Engine/Content/Internationalization/icudt64l/lang/sd.res" 1807
"../../../Engine/Content/Internationalization/icudt64l/region/sd.res" 1808
"../../../Engine/Content/Internationalization/icudt64l/lang/se.res" 1809
"../../../Engine/Content/Internationalization/icudt64l/lang/se_FI.res" 1810
"../../../Engine/Content/Internationalization/icudt64l/region/se_FI.res" 1811
"../../../Engine/Content/Internationalization/icudt64l/region/se.res" 1812
"../../../Engine/Content/Internationalization/icudt64l/lang/seh.res" 1813
"../../../Engine/Content/Internationalization/icudt64l/region/seh.res" 1814
"../../../Engine/Content/Internationalization/icudt64l/lang/ses.res" 1815
"../../../Engine/Content/Internationalization/icudt64l/region/ses.res" 1816
"../../../Engine/Content/Internationalization/icudt64l/lang/sg.res" 1817
"../../../Engine/Content/Internationalization/icudt64l/region/sg.res" 1818
"../../../Engine/Content/Internationalization/icudt64l/lang/shi.res" 1819
"../../../Engine/Content/Internationalization/icudt64l/lang/shi_Latn.res" 1820
"../../../Engine/Content/Internationalization/icudt64l/lang/shi_MA.res" 1821
"../../../Engine/Content/Internationalization/icudt64l/lang/shi_Tfng_MA.res" 1822
"../../../Engine/Content/Internationalization/icudt64l/lang/shi_Tfng.res" 1823
"../../../Engine/Content/Internationalization/icudt64l/region/shi_MA.res" 1824
"../../../Engine/Content/Internationalization/icudt64l/region/shi_Tfng_MA.res" 1825
"../../../Engine/Content/Internationalization/icudt64l/region/shi_Tfng.res" 1826
"../../../Engine/Content/Internationalization/icudt64l/region/shi.res" 1827
"../../../Engine/Content/Internationalization/icudt64l/region/shi_Latn.res" 1828
"../../../Engine/Content/Internationalization/icudt64l/lang/si.res" 1829
"../../../Engine/Content/Internationalization/icudt64l/region/si.res" 1830
"../../../Engine/Content/Internationalization/icudt64l/lang/sk.res" 1831
"../../../Engine/Content/Internationalization/icudt64l/region/sk.res" 1832
"../../../Engine/Content/Internationalization/icudt64l/lang/sl.res" 1833
"../../../Engine/Content/Internationalization/icudt64l/region/sl.res" 1834
"../../../Engine/Content/Internationalization/icudt64l/lang/smn.res" 1835
"../../../Engine/Content/Internationalization/icudt64l/region/smn.res" 1836
"../../../Engine/Content/Internationalization/icudt64l/lang/sn.res" 1837
"../../../Engine/Content/Internationalization/icudt64l/region/sn.res" 1838
"../../../Engine/Content/Internationalization/icudt64l/lang/so.res" 1839
"../../../Engine/Content/Internationalization/icudt64l/region/so.res" 1840
"../../../Engine/Content/Internationalization/icudt64l/lang/sq.res" 1841
"../../../Engine/Content/Internationalization/icudt64l/region/sq.res" 1842
"../../../Engine/Content/Internationalization/icudt64l/lang/sr.res" 1843
"../../../Engine/Content/Internationalization/icudt64l/lang/sr_Cyrl.res" 1844
"../../../Engine/Content/Internationalization/icudt64l/lang/sr_BA.res" 1845
"../../../Engine/Content/Internationalization/icudt64l/lang/sr_Cyrl_BA.res" 1846
"../../../Engine/Content/Internationalization/icudt64l/region/sr_BA.res" 1847
"../../../Engine/Content/Internationalization/icudt64l/region/sr_Cyrl_BA.res" 1848
"../../../Engine/Content/Internationalization/icudt64l/region/sr_Cyrl.res" 1849
"../../../Engine/Content/Internationalization/icudt64l/region/sr.res" 1850
"../../../Engine/Content/Internationalization/icudt64l/lang/sr_ME.res" 1851
"../../../Engine/Content/Internationalization/icudt64l/lang/sr_Latn_ME.res" 1852
"../../../Engine/Content/Internationalization/icudt64l/lang/sr_Latn.res" 1853
"../../../Engine/Content/Internationalization/icudt64l/region/sr_ME.res" 1854
"../../../Engine/Content/Internationalization/icudt64l/region/sr_Latn_ME.res" 1855
"../../../Engine/Content/Internationalization/icudt64l/region/sr_Latn.res" 1856
"../../../Engine/Content/Internationalization/icudt64l/lang/sr_Cyrl_ME.res" 1857
"../../../Engine/Content/Internationalization/icudt64l/region/sr_Cyrl_ME.res" 1858
"../../../Engine/Content/Internationalization/icudt64l/lang/sr_RS.res" 1859
"../../../Engine/Content/Internationalization/icudt64l/lang/sr_Cyrl_RS.res" 1860
"../../../Engine/Content/Internationalization/icudt64l/region/sr_RS.res" 1861
"../../../Engine/Content/Internationalization/icudt64l/region/sr_Cyrl_RS.res" 1862
"../../../Engine/Content/Internationalization/icudt64l/lang/sr_XK.res" 1863
"../../../Engine/Content/Internationalization/icudt64l/lang/sr_Cyrl_XK.res" 1864
"../../../Engine/Content/Internationalization/icudt64l/region/sr_XK.res" 1865
"../../../Engine/Content/Internationalization/icudt64l/region/sr_Cyrl_XK.res" 1866
"../../../Engine/Content/Internationalization/icudt64l/lang/sr_Latn_BA.res" 1867
"../../../Engine/Content/Internationalization/icudt64l/region/sr_Latn_BA.res" 1868
"../../../Engine/Content/Internationalization/icudt64l/lang/sr_Latn_RS.res" 1869
"../../../Engine/Content/Internationalization/icudt64l/region/sr_Latn_RS.res" 1870
"../../../Engine/Content/Internationalization/icudt64l/lang/sr_Latn_XK.res" 1871
"../../../Engine/Content/Internationalization/icudt64l/region/sr_Latn_XK.res" 1872
"../../../Engine/Content/Internationalization/icudt64l/lang/sv.res" 1873
"../../../Engine/Content/Internationalization/icudt64l/region/sv.res" 1874
"../../../Engine/Content/Internationalization/icudt64l/lang/sv_FI.res" 1875
"../../../Engine/Content/Internationalization/icudt64l/lang/sw.res" 1876
"../../../Engine/Content/Internationalization/icudt64l/lang/sw_CD.res" 1877
"../../../Engine/Content/Internationalization/icudt64l/region/sw_CD.res" 1878
"../../../Engine/Content/Internationalization/icudt64l/region/sw.res" 1879
"../../../Engine/Content/Internationalization/icudt64l/lang/sw_KE.res" 1880
"../../../Engine/Content/Internationalization/icudt64l/region/sw_KE.res" 1881
"../../../Engine/Content/Internationalization/icudt64l/lang/ta.res" 1882
"../../../Engine/Content/Internationalization/icudt64l/region/ta.res" 1883
"../../../Engine/Content/Internationalization/icudt64l/lang/te.res" 1884
"../../../Engine/Content/Internationalization/icudt64l/region/te.res" 1885
"../../../Engine/Content/Internationalization/icudt64l/lang/teo.res" 1886
"../../../Engine/Content/Internationalization/icudt64l/region/teo.res" 1887
"../../../Engine/Content/Internationalization/icudt64l/lang/tg.res" 1888
"../../../Engine/Content/Internationalization/icudt64l/region/tg.res" 1889
"../../../Engine/Content/Internationalization/icudt64l/lang/th.res" 1890
"../../../Engine/Content/Internationalization/icudt64l/lang/th_TH.res" 1891
"../../../Engine/Content/Internationalization/icudt64l/region/th_TH.res" 1892
"../../../Engine/Content/Internationalization/icudt64l/region/th.res" 1893
"../../../Engine/Content/Internationalization/icudt64l/lang/ti.res" 1894
"../../../Engine/Content/Internationalization/icudt64l/region/ti.res" 1895
"../../../Engine/Content/Internationalization/icudt64l/lang/tk.res" 1896
"../../../Engine/Content/Internationalization/icudt64l/region/tk.res" 1897
"../../../Engine/Content/Internationalization/icudt64l/lang/to.res" 1898
"../../../Engine/Content/Internationalization/icudt64l/region/to.res" 1899
"../../../Engine/Content/Internationalization/icudt64l/lang/tr.res" 1900
"../../../Engine/Content/Internationalization/icudt64l/region/tr.res" 1901
"../../../Engine/Content/Internationalization/icudt64l/lang/tt.res" 1902
"../../../Engine/Content/Internationalization/icudt64l/region/tt.res" 1903
"../../../Engine/Content/Internationalization/icudt64l/lang/twq.res" 1904
"../../../Engine/Content/Internationalization/icudt64l/region/twq.res" 1905
"../../../Engine/Content/Internationalization/icudt64l/lang/tzm.res" 1906
"../../../Engine/Content/Internationalization/icudt64l/region/tzm.res" 1907
"../../../Engine/Content/Internationalization/icudt64l/lang/ug.res" 1908
"../../../Engine/Content/Internationalization/icudt64l/region/ug.res" 1909
"../../../Engine/Content/Internationalization/icudt64l/lang/uk.res" 1910
"../../../Engine/Content/Internationalization/icudt64l/region/uk.res" 1911
"../../../Engine/Content/Internationalization/icudt64l/lang/ur.res" 1912
"../../../Engine/Content/Internationalization/icudt64l/lang/ur_IN.res" 1913
"../../../Engine/Content/Internationalization/icudt64l/region/ur_IN.res" 1914
"../../../Engine/Content/Internationalization/icudt64l/region/ur.res" 1915
"../../../Engine/Content/Internationalization/icudt64l/lang/uz.res" 1916
"../../../Engine/Content/Internationalization/icudt64l/lang/uz_Arab.res" 1917
"../../../Engine/Content/Internationalization/icudt64l/lang/uz_AF.res" 1918
"../../../Engine/Content/Internationalization/icudt64l/lang/uz_Arab_AF.res" 1919
"../../../Engine/Content/Internationalization/icudt64l/region/uz_AF.res" 1920
"../../../Engine/Content/Internationalization/icudt64l/region/uz_Arab_AF.res" 1921
"../../../Engine/Content/Internationalization/icudt64l/region/uz_Arab.res" 1922
"../../../Engine/Content/Internationalization/icudt64l/lang/uz_Cyrl.res" 1923
"../../../Engine/Content/Internationalization/icudt64l/lang/uz_UZ.res" 1924
"../../../Engine/Content/Internationalization/icudt64l/lang/uz_Latn_UZ.res" 1925
"../../../Engine/Content/Internationalization/icudt64l/lang/uz_Latn.res" 1926
"../../../Engine/Content/Internationalization/icudt64l/region/uz_UZ.res" 1927
"../../../Engine/Content/Internationalization/icudt64l/region/uz_Latn_UZ.res" 1928
"../../../Engine/Content/Internationalization/icudt64l/region/uz_Latn.res" 1929
"../../../Engine/Content/Internationalization/icudt64l/region/uz.res" 1930
"../../../Engine/Content/Internationalization/icudt64l/region/uz_Cyrl.res" 1931
"../../../Engine/Content/Internationalization/icudt64l/lang/vai.res" 1932
"../../../Engine/Content/Internationalization/icudt64l/lang/vai_Latn.res" 1933
"../../../Engine/Content/Internationalization/icudt64l/lang/vai_LR.res" 1934
"../../../Engine/Content/Internationalization/icudt64l/lang/vai_Vaii_LR.res" 1935
"../../../Engine/Content/Internationalization/icudt64l/lang/vai_Vaii.res" 1936
"../../../Engine/Content/Internationalization/icudt64l/region/vai_LR.res" 1937
"../../../Engine/Content/Internationalization/icudt64l/region/vai_Vaii_LR.res" 1938
"../../../Engine/Content/Internationalization/icudt64l/region/vai_Vaii.res" 1939
"../../../Engine/Content/Internationalization/icudt64l/region/vai.res" 1940
"../../../Engine/Content/Internationalization/icudt64l/region/vai_Latn.res" 1941
"../../../Engine/Content/Internationalization/icudt64l/lang/vi.res" 1942
"../../../Engine/Content/Internationalization/icudt64l/region/vi.res" 1943
"../../../Engine/Content/Internationalization/icudt64l/lang/vun.res" 1944
"../../../Engine/Content/Internationalization/icudt64l/region/vun.res" 1945
"../../../Engine/Content/Internationalization/icudt64l/lang/wae.res" 1946
"../../../Engine/Content/Internationalization/icudt64l/region/wae.res" 1947
"../../../Engine/Content/Internationalization/icudt64l/lang/wo.res" 1948
"../../../Engine/Content/Internationalization/icudt64l/region/wo.res" 1949
"../../../Engine/Content/Internationalization/icudt64l/lang/xh.res" 1950
"../../../Engine/Content/Internationalization/icudt64l/region/xh.res" 1951
"../../../Engine/Content/Internationalization/icudt64l/lang/xog.res" 1952
"../../../Engine/Content/Internationalization/icudt64l/region/xog.res" 1953
"../../../Engine/Content/Internationalization/icudt64l/lang/yav.res" 1954
"../../../Engine/Content/Internationalization/icudt64l/region/yav.res" 1955
"../../../Engine/Content/Internationalization/icudt64l/lang/yi.res" 1956
"../../../Engine/Content/Internationalization/icudt64l/region/yi.res" 1957
"../../../Engine/Content/Internationalization/icudt64l/lang/yo.res" 1958
"../../../Engine/Content/Internationalization/icudt64l/lang/yo_BJ.res" 1959
"../../../Engine/Content/Internationalization/icudt64l/region/yo_BJ.res" 1960
"../../../Engine/Content/Internationalization/icudt64l/region/yo.res" 1961
"../../../Engine/Content/Internationalization/icudt64l/lang/yue.res" 1962
"../../../Engine/Content/Internationalization/icudt64l/lang/yue_Hans.res" 1963
"../../../Engine/Content/Internationalization/icudt64l/lang/yue_CN.res" 1964
"../../../Engine/Content/Internationalization/icudt64l/lang/yue_Hans_CN.res" 1965
"../../../Engine/Content/Internationalization/icudt64l/region/yue_CN.res" 1966
"../../../Engine/Content/Internationalization/icudt64l/region/yue_Hans_CN.res" 1967
"../../../Engine/Content/Internationalization/icudt64l/region/yue_Hans.res" 1968
"../../../Engine/Content/Internationalization/icudt64l/lang/yue_Hant.res" 1969
"../../../Engine/Content/Internationalization/icudt64l/lang/yue_HK.res" 1970
"../../../Engine/Content/Internationalization/icudt64l/lang/yue_Hant_HK.res" 1971
"../../../Engine/Content/Internationalization/icudt64l/region/yue_HK.res" 1972
"../../../Engine/Content/Internationalization/icudt64l/region/yue_Hant_HK.res" 1973
"../../../Engine/Content/Internationalization/icudt64l/region/yue_Hant.res" 1974
"../../../Engine/Content/Internationalization/icudt64l/region/yue.res" 1975
"../../../Engine/Content/Internationalization/icudt64l/lang/zgh.res" 1976
"../../../Engine/Content/Internationalization/icudt64l/region/zgh.res" 1977
"../../../Engine/Content/Internationalization/icudt64l/lang/zh.res" 1978
"../../../Engine/Content/Internationalization/icudt64l/lang/zh_Hans.res" 1979
"../../../Engine/Content/Internationalization/icudt64l/lang/zh_CN.res" 1980
"../../../Engine/Content/Internationalization/icudt64l/lang/zh_Hans_CN.res" 1981
"../../../Engine/Content/Internationalization/icudt64l/region/zh_CN.res" 1982
"../../../Engine/Content/Internationalization/icudt64l/region/zh_Hans_CN.res" 1983
"../../../Engine/Content/Internationalization/icudt64l/region/zh_Hans.res" 1984
"../../../Engine/Content/Internationalization/icudt64l/region/zh.res" 1985
"../../../Engine/Content/Internationalization/icudt64l/lang/zh_HK.res" 1986
"../../../Engine/Content/Internationalization/icudt64l/lang/zh_Hant_HK.res" 1987
"../../../Engine/Content/Internationalization/icudt64l/lang/zh_Hant.res" 1988
"../../../Engine/Content/Internationalization/icudt64l/region/zh_HK.res" 1989
"../../../Engine/Content/Internationalization/icudt64l/region/zh_Hant_HK.res" 1990
"../../../Engine/Content/Internationalization/icudt64l/region/zh_Hant.res" 1991
"../../../Engine/Content/Internationalization/icudt64l/lang/zh_MO.res" 1992
"../../../Engine/Content/Internationalization/icudt64l/lang/zh_Hant_MO.res" 1993
"../../../Engine/Content/Internationalization/icudt64l/region/zh_MO.res" 1994
"../../../Engine/Content/Internationalization/icudt64l/region/zh_Hant_MO.res" 1995
"../../../Engine/Content/Internationalization/icudt64l/lang/zh_SG.res" 1996
"../../../Engine/Content/Internationalization/icudt64l/lang/zh_Hans_SG.res" 1997
"../../../Engine/Content/Internationalization/icudt64l/region/zh_SG.res" 1998
"../../../Engine/Content/Internationalization/icudt64l/region/zh_Hans_SG.res" 1999
"../../../Engine/Content/Internationalization/icudt64l/lang/zh_TW.res" 2000
"../../../Engine/Content/Internationalization/icudt64l/lang/zh_Hant_TW.res" 2001
"../../../Engine/Content/Internationalization/icudt64l/region/zh_TW.res" 2002
"../../../Engine/Content/Internationalization/icudt64l/region/zh_Hant_TW.res" 2003
"../../../Engine/Content/Internationalization/icudt64l/lang/zu.res" 2004
"../../../Engine/Content/Internationalization/icudt64l/region/zu.res" 2005
"../../../Engine/Content/Internationalization/icudt64l/lang/no.res" 2006
"../../../Engine/Content/Internationalization/icudt64l/lang/tl.res" 2007
"../../../Engine/Config/Android/DataDrivenPlatformInfo.ini" 2008
"../../../Engine/Config/IOS/DataDrivenPlatformInfo.ini" 2009
"../../../Engine/Config/Linux/DataDrivenPlatformInfo.ini" 2010
"../../../Engine/Config/LinuxArm64/DataDrivenPlatformInfo.ini" 2011
"../../../Engine/Config/Mac/DataDrivenPlatformInfo.ini" 2012
"../../../Engine/Config/TVOS/DataDrivenPlatformInfo.ini" 2013
"../../../Engine/Config/Unix/DataDrivenPlatformInfo.ini" 2014
"../../../Engine/Config/VulkanPC/DataDrivenPlatformInfo.ini" 2015
"../../../Engine/Config/Windows/DataDrivenPlatformInfo.ini" 2016
"../../../Engine/Platforms/VisionOS/Config/DataDrivenPlatformInfo.ini" 2017
"../../../Engine/Content/Renderer/TessellationTable.bin" 2018
"E:/Repos/UnrealEngine-5.7-Source/Engine/Saved/Zen/zen.version" 2019
"C:/Users/liamw/AppData/Local/UnrealEngine/Common/Zen/Install/zen.version" 2020
"C:/Users/liamw/AppData/Local/UnrealEngine/Common/Zen/Install/zenserver.runcontext" 2021
"../../../Engine/DerivedDataCache/TestData/0/TestData_4kb.dat" 2022
"../../../Engine/DerivedDataCache/TestData/1/TestData_4kb.dat" 2023
"../../../Engine/DerivedDataCache/TestData/0/TestData_8kb.dat" 2024
"../../../Engine/DerivedDataCache/TestData/1/TestData_8kb.dat" 2025
"../../../Engine/DerivedDataCache/TestData/0/TestData_16kb.dat" 2026
"../../../Engine/DerivedDataCache/TestData/1/TestData_16kb.dat" 2027
"../../../Engine/DerivedDataCache/TestData/0/TestData_64kb.dat" 2028
"../../../Engine/DerivedDataCache/TestData/1/TestData_64kb.dat" 2029
"../../../Engine/DerivedDataCache/TestData/0/TestData_128kb.dat" 2030
"../../../Engine/DerivedDataCache/TestData/1/TestData_128kb.dat" 2031
"../../../Engine/DerivedDataCache/TestData/0/TestData_256kb.dat" 2032
"../../../Engine/DerivedDataCache/TestData/1/TestData_256kb.dat" 2033
"../../../Engine/Saved/UnrealBuildTool/BuildConfiguration.xml" 2034
"C:/Users/liamw/AppData/Roaming/Unreal Engine/UnrealBuildTool/BuildConfiguration.xml" 2035
"../../../../Unreal-Zombie-Shooter/Zombie_Shooter/Intermediate/ShaderAutogen/PCD3D_SM6/AutogenShaderHeaders.ush" 2036
"../../../Engine/Shaders/Private/HairStrands/HairStrandsVertexFactory.ush" 2037
"../../../Engine/Shaders/Private/VertexFactoryCommon.ush" 2038
"../../../Engine/Shaders/Private/Common.ush" 2039
"../../../Engine/Shaders/Public/Platform.ush" 2040
"../../../Engine/Shaders/Public/FP16Math.ush" 2041
"../../../Engine/Shaders/Public/Platform/D3D/D3DCommon.ush" 2042
"../../../Engine/Shaders/Shared/HLSLReservedSpaces.h" 2043
"../../../Engine/Shaders/Public/BindlessResources.ush" 2044
"../../../Engine/Shaders/Public/Platform/D3D/PlatformBindlessResources.ush" 2045
"../../../Engine/Shaders/Shared/RayTracingBuiltInResources.h" 2046
"../../../Engine/Shaders/Shared/RayTracingDefinitions.h" 2047
"../../../Engine/Shaders/Shared/MaterialCacheDefinitions.h" 2048
"../../../Engine/Shaders/Shared/HLSLTypeAliases.h" 2049
"../../../Engine/Shaders/Public/IndirectVirtualTexture.ush" 2050
"../../../Engine/Shaders/Shared/IndirectVirtualTextureDefinitions.h" 2051
"../../../Engine/Shaders/Public/OverloadMacros.ush" 2052
"../../../Engine/Shaders/Public/ShaderVersion.ush" 2053
"../../../Engine/Shaders/Shared/ThirdParty/NVIDIA/nvHLSLExtns.h" 2054
"../../../Engine/Shaders/Shared/ThirdParty/NVIDIA/nvHLSLExtnsInternal.h" 2055
"../../../Engine/Shaders/Shared/ThirdParty/NVIDIA/nvShaderExtnEnums.h" 2056
"../../../Engine/Shaders/Private/PackUnpack.ush" 2057
"../../../Engine/Shaders/Private/GeneratedUniformBufferTypes.ush" 2058
"../../../Engine/Shaders/Private/Nanite/NanitePackedNaniteView.ush" 2059
"../../../Engine/Shaders/Private/HairStrands/HairStrandsVisibilityCommonStruct.ush" 2060
"../../../Engine/Shaders/Private/HairStrands/HairStrandsVoxelPageCommonStruct.ush" 2061
"../../../Engine/Shaders/Private/HairStrands/HairStrandsDeepShadowCommonStruct.ush" 2062
"../../../Engine/Shaders/Shared/LightSceneData.h" 2063
"../../../Engine/Shaders/Private/LargeWorldCoordinates.ush" 2064
"../../../Engine/Shaders/Private/DoubleFloat.ush" 2065
"../../../Engine/Shaders/Private/RandomPCG.ush" 2066
"../../../Engine/Shaders/Private/DoubleFloatOperations.ush" 2067
"../../../Engine/Shaders/Private/DoubleFloatVectorDefinition.ush" 2068
"../../../Engine/Shaders/Private/LWCOperations.ush" 2069
"../../../Engine/Shaders/Shared/LightViewData.h" 2070
"../../../Engine/Shaders/Shared/RayTracingTypes.h" 2071
"../../../Engine/Shaders/Shared/HLSLStaticAssert.h" 2072
"../../../Engine/Shaders/Private/CommonViewUniformBuffer.ush" 2073
"../../../Engine/Shaders/Private/InstancedStereo.ush" 2074
"../../../Engine/Shaders/Private/Definitions.usf" 2075
"../../../Engine/Shaders/Private/AssertionMacros.ush" 2076
"../../../Engine/Shaders/Private/FastMath.ush" 2077
"../../../Engine/Shaders/Private/FastMathThirdParty.ush" 2078
"../../../Engine/Shaders/Private/Random.ush" 2079
"../../../Engine/Shaders/Private/RandomInterleavedGradientNoise.ush" 2080
"../../../Engine/Shaders/Private/SceneData.ush" 2081
"../../../Engine/Shaders/Private/OctahedralCommon.ush" 2082
"../../../Engine/Shaders/Private/WaveOpUtil.ush" 2083
"../../../Engine/Shaders/Private/ByteBuffer.ush" 2084
"../../../Engine/Shaders/Shared/SceneDefinitions.h" 2085
"../../../Engine/Shaders/Private/SceneDataMobileLoader.ush" 2086
"../../../Engine/Shaders/Private/LocalVertexFactoryCommon.ush" 2087
"../../../Engine/Shaders/Private/HairStrands/HairStrandsVisibilityCommon.ush" 2088
"../../../Engine/Shaders/Shared/HairStrandsDefinitions.h" 2089
"../../../Engine/Shaders/Private/HairStrands/HairStrandsVertexFactoryCommon.ush" 2090
"../../../Engine/Shaders/Private/HairStrands/HairStrandsPack.ush" 2091
"../../../Engine/Shaders/Private/HairStrands/HairStrandsAttributeCommon.ush" 2092
"../../../Engine/Shaders/Private/HairStrands/HairStrandsAttributeTemplate.ush" 2093
"../../../Engine/Shaders/Private/VertexFactoryDefaultInterface.ush" 2094
"../../../Engine/Shaders/Private/HairStrands/HairCardsVertexFactory.ush" 2095
"../../../Engine/Shaders/Private/HairStrands/HairCardsAttributeCommon.ush" 2096
"../../../Engine/Shaders/Private/RayTracing/RayTracingCommon.ush" 2097
"../../../Engine/Shaders/Private/ShadingCommon.ush" 2098
"../../../Engine/Shaders/Shared/RayTracingPayloadType.h" 2099
"../../../Engine/Shaders/Private/RayTracing/RayTracingRayCone.ush" 2100
"../../../Engine/Shaders/Private/Substrate/Substrate.ush" 2101
"../../../Engine/Shaders/Private/ShadingEnergyConservation.ush" 2102
"../../../Engine/Shaders/Private/ShadingEnergyConservationTemplate.ush" 2103
"../../../Engine/Shaders/Private/BRDF.ush" 2104
"../../../Engine/Shaders/Private/ColorSpace.ush" 2105
"../../../Engine/Shaders/Private/DeferredShadingCommon.ush" 2106
"../../../Engine/Shaders/Private/LightAccumulator.ush" 2107
"../../../Engine/Shaders/Private/SceneTexturesCommon.ush" 2108
"../../../Engine/Shaders/Private/MonteCarlo.ush" 2109
"../../../Engine/Shaders/Private/GBufferHelpers.ush" 2110
"../../../Engine/Shaders/Private/SceneTextureParameters.ush" 2111
"E:/Repos/Unreal-Zombie-Shooter/Zombie_Shooter/Intermediate/ShaderAutogen/PCD3D_SM6/AutogenShaderHeaders.ush" 2112
"../../../Engine/Shaders/Private/ParticipatingMediaCommon.ush" 2113
"../../../Engine/Shaders/Private/ThinFilmBSDF.ush" 2114
"../../../Engine/Shaders/Private/MortonCode.ush" 2115
"../../../Engine/Shaders/Private/SubsurfaceProfileCommon.ush" 2116
"../../../Engine/Shaders/Private/BurleyNormalizedSSSCommon.ush" 2117
"../../../Engine/Shaders/Private/GammaCorrectionCommon.ush" 2118
"../../../Engine/Shaders/Shared/SubstrateDefinitions.h" 2119
"../../../Engine/Shaders/Private/Substrate/SubstrateStatisticalOperators.ush" 2120
"../../../Engine/Shaders/Private/Substrate/SubstrateSubsurface.ush" 2121
"../../../Engine/Shaders/Private/TransmissionCommon.ush" 2122
"../../../Engine/Shaders/Private/Substrate/SubstrateExportCommon.ush" 2123
"../../../Engine/Shaders/Private/SpecularProfileCommon.ush" 2124
"../../../Engine/Shaders/Private/RayTracing/RayTracingCommonMetal.ush" 2125
"../../../Engine/Shaders/Private/PositionReconstructionCommon.ush" 2126
"../../../Engine/Shaders/Private/RayTracing/TraceRayInline.ush" 2127
"../../../Engine/Shaders/Private/RayTracing/TraceRayInlineCommon.ush" 2128
"../../../Engine/Shaders/Private/RayTracing/TraceRayInlineVulkan.ush" 2129
"../../../Engine/Shaders/Private/RayTracing/TraceRayInlineMetal.ush" 2130
"../../../Engine/Shaders/Private/RayTracing/RayTracingHitGroupCommon.ush" 2131
"../../../Engine/Shaders/Private/Nanite/NaniteRayTrace.ush" 2132
"../../../Engine/Shaders/Private/Nanite/NaniteDataDecode.ush" 2133
"../../../Engine/Shaders/Private/BitPacking.ush" 2134
"../../../Engine/Shaders/Private/BitStreamReaderImplementation.ush" 2135
"../../../Engine/Shaders/Private/BoneTransform.ush" 2136
"../../../Engine/Shaders/Private/Quaternion.ush" 2137
"../../../Engine/Shaders/Private/Skinning/SkinningDataDecode.ush" 2138
"../../../Engine/Shaders/Private/GpuSkinCommon.ush" 2139
"../../../Engine/Shaders/Shared/SkinningDefinitions.h" 2140
"../../../Engine/Shaders/Shared/NaniteDefinitions.h" 2141
"../../../Engine/Shaders/Private/Nanite/NaniteAttributeDecode.ush" 2142
"../../../Engine/Shaders/Private/Barycentrics.ush" 2143
"../../../Engine/Shaders/Private/DualNumber.ush" 2144
"../../../Engine/Shaders/Shared/ThirdParty/RayTriangleIntersection.h" 2145
"../../../Engine/Shaders/Private/Nanite/NaniteVertexFetch.ush" 2146
"../../../Engine/Shaders/Private/ViewData.ush" 2147
"../../../Engine/Shaders/Shared/ViewDefinitions.h" 2148
"../../../Engine/Shaders/Private/Nanite/NaniteSceneCommon.ush" 2149
"../../../Engine/Shaders/Private/RayTracing/TraceRayInlineD3D12.ush" 2150
"../../../Engine/Plugins/FX/Niagara/Shaders/Private/NiagaraSpriteVertexFactory.ush" 2151
"../../../Engine/Shaders/Private/ParticleVertexFactoryCommon.ush" 2152
"../../../Engine/Plugins/FX/Niagara/Shaders/Private/NiagaraVFCommon.usf" 2153
"../../../Engine/Plugins/FX/Niagara/Shaders/Private/NiagaraVFParticleAccess.usf" 2154
"../../../Engine/Plugins/FX/Niagara/Shaders/Private/NiagaraParticleAccess.ush" 2155
"../../../Engine/Plugins/FX/Niagara/Shaders/Private/NiagaraRibbonVertexFactory.ush" 2156
"../../../Engine/Plugins/FX/Niagara/Shaders/Private/NiagaraMeshVertexFactory.ush" 2157
"../../../Engine/Plugins/FX/Niagara/Shaders/Private/NiagaraCommon.ush" 2158
"../../../Engine/Plugins/FX/Niagara/Shaders/Private/NiagaraMeshParticleUtils.ush" 2159
"../../../Engine/Shaders/Private/VectorFieldVisualizationVertexFactory.ush" 2160
"../../../Engine/Shaders/Private/Nanite/NaniteVertexFactory.ush" 2161
"../../../Engine/Shaders/Private/LightmapData.ush" 2162
"../../../Engine/Shaders/Private/SplineMeshCommon.ush" 2163
"../../../Engine/Shaders/Shared/SplineMeshShaderParams.h" 2164
"../../../Engine/Shaders/Private/ShaderPrint.ush" 2165
"../../../Engine/Shaders/Private/ShaderPrintCommon.ush" 2166
"../../../Engine/Shaders/Private/MiniFontCommon.ush" 2167
"../../../Engine/Shaders/Private/SGGX.ush" 2168
"../../../Engine/Shaders/Private/MaterialCache/MaterialCacheCommon.ush" 2169
"../../../Engine/Shaders/Private/Nanite/NaniteVertexDeformation.ush" 2170
"../../../Engine/Shaders/Private/Matrices.ush" 2171
"../../../Engine/Shaders/Private/ParticleSpriteVertexFactory.ush" 2172
"../../../Engine/Shaders/Private/ParticleGPUSpriteVertexFactory.ush" 2173
"../../../Engine/Shaders/Private/ParticleSimulationCommon.ush" 2174
"../../../Engine/Shaders/Private/ParticleBeamTrailVertexFactory.ush" 2175
"../../../Engine/Shaders/Private/MeshParticleVertexFactory.ush" 2176
"../../../Engine/Shaders/Private/LocalVertexFactory.ush" 2177
"../../../Engine/Shaders/Private/GpuSkinVertexFactory.ush" 2178
"../../../Engine/Shaders/Private/GeometryCollectionVertexFactory.ush" 2179
"../../../Engine/Shaders/Private/GeometryCacheVertexFactory.ush" 2180
"../../../Engine/Shaders/Private/LandscapeVertexFactory.ush" 2181
"../../../Engine/Plugins/Media/WmfMedia/Shaders/Private/MediaHardwareVideoDecoding.usf" 2182
"../../../Engine/Shaders/Private/ColorUtils.ush" 2183
"../../../Engine/Plugins/NNE/NNEDenoiser/Shaders/NNEDenoiserShadersTransferFunctionOidn.usf" 2184
"../../../Engine/Plugins/NNE/NNEDenoiser/Shaders/NNEDenoiserShadersMappedCopy.usf" 2185
"../../../Engine/Plugins/NNE/NNEDenoiser/Shaders/NNEDenoiserShadersDefaultIOProcess.usf" 2186
"../../../Engine/Plugins/NNE/NNEDenoiser/Shaders/NNEDenoiserShadersAutoExposureReduceFinal.usf" 2187
"../../../Engine/Plugins/NNE/NNEDenoiser/Shaders/NNEDenoiserShadersAutoExposureReduce.usf" 2188
"../../../Engine/Plugins/NNE/NNEDenoiser/Shaders/NNEDenoiserShadersAutoExposureDownsample.usf" 2189
"../../../Engine/Plugins/Media/ImgMedia/Shaders/Private/ExrSwizzler.usf" 2190
"../../../Engine/Plugins/Experimental/NFORDenoise/Shaders/NFORDenoise.usf" 2191
"../../../Engine/Shaders/Private/ScreenPass.ush" 2192
"../../../Engine/Plugins/Experimental/NFORDenoise/Shaders/NFORRegressionCommon.ush" 2193
"../../../Engine/Plugins/Experimental/NFORDenoise/Shaders/NFORRegression.ush" 2194
"../../../Engine/Plugins/Compositing/CompositeCore/Shaders/Private/CompositeCoreMerge.usf" 2195
"../../../Engine/Shaders/Private/LensDistortion.ush" 2196
"../../../Engine/Plugins/Compositing/CompositeCore/Shaders/Private/CompositeCoreBlending.ush" 2197
"../../../Engine/Plugins/Compositing/CompositeCore/Shaders/Private/CompositeCoreDisplayTransform.usf" 2198
"../../../Engine/Plugins/Compositing/CompositeCore/Shaders/Private/CompositeCoreDilate.usf" 2199
"../../../Engine/Plugins/Enterprise/GLTFExporter/Shaders/Private/SimpleTexture2DPS.usf" 2200
"../../../Engine/Shaders/Private/SimpleElementNormalMapPixelShader.usf" 2201
"../../../Engine/Plugins/Runtime/HairStrands/Shaders/Private/NiagaraCopyVelocityGrid.usf" 2202
"../../../Engine/Plugins/Runtime/HairStrands/Shaders/Private/NiagaraClearVelocityGrid.usf" 2203
"../../../Engine/Plugins/Runtime/HairStrands/Shaders/Private/NiagaraClearPressureGrid.usf" 2204
"../../../Engine/Plugins/Runtime/HairStrands/Shaders/Private/NiagaraInterpolateGroomGuides.usf" 2205
"../../../Engine/Plugins/Runtime/HairStrands/Shaders/Private/NiagaraGroomInterpolationUtils.ush" 2206
"../../../Engine/Plugins/FX/Niagara/Shaders/Private/NiagaraQuaternionUtils.ush" 2207
"../../../Engine/Shaders/Private/HairStrands/HairStrandsMesh.usf" 2208
"../../../Engine/Shaders/Private/HairStrands/HairStrandsBindingCommon.ush" 2209
"../../../Engine/Shaders/Private/HairStrands/HairStrandsFollicleMask.usf" 2210
"../../../Engine/Shaders/Private/HairStrands/HairStrandsSkinUpdate.usf" 2211
"../../../Engine/Shaders/Private/HairStrands/HairStrandsClusterCulling.usf" 2212
"../../../Engine/Shaders/Private/ColorMap.ush" 2213
"../../../Engine/Shaders/Private/HairStrands/HairStrandsAABBCommon.ush" 2214
"../../../Engine/Shaders/Private/HairStrands/HairStrandsClusterCommon.ush" 2215
"../../../Engine/Shaders/Private/ThreadGroupPrefixSum.ush" 2216
"../../../Engine/Shaders/Private/HairStrands/HairStrandsRaytracingGeometry.usf" 2217
"../../../Engine/Shaders/Private/HairStrands/HairStrandsTangent.usf" 2218
"../../../Engine/Shaders/Private/HairStrands/HairCardsDeformation.usf" 2219
"../../../Engine/Shaders/Private/HairStrands/HairStrandsInterpolation.usf" 2220
"../../../Engine/Shaders/Private/HairStrands/HairStrandsGuideDeform.usf" 2221
"../../../Engine/Shaders/Private/HairStrands/HairStrandsTexturesGeneration.usf" 2222
"../../../Engine/Shaders/Private/HairStrands/HairCardsTextureCommon.ush" 2223
"../../../Engine/Shaders/Private/HairStrands/HairStrandsTranscode.usf" 2224
"../../../Engine/Shaders/Private/HairStrands/HairStrandsDebug.usf" 2225
"../../../Engine/Shaders/Private/HairShadingCommon.ush" 2226
"../../../Engine/Shaders/Private/PostProcessCommon.ush" 2227
"../../../Engine/Shaders/Private/ShadingModels.ush" 2228
"../../../Engine/Shaders/Private/CapsuleLight.ush" 2229
"../../../Engine/Shaders/Private/RectLight.ush" 2230
"../../../Engine/Shaders/Private/LightData.ush" 2231
"../../../Engine/Shaders/Shared/LightDefinitions.h" 2232
"../../../Engine/Shaders/Private/AreaLightCommon.ush" 2233
"../../../Engine/Shaders/Private/HairBsdf.ush" 2234
"../../../Engine/Shaders/Private/PathTracing/Utilities/PathTracingRandomSequence.ush" 2235
"../../../Engine/Shaders/Private/MobileGGX.ush" 2236
"../../../Engine/Shaders/Private/HairStrands/HairStrandsCommon.ush" 2237
"../../../Engine/Shaders/Private/HairStrands/HairStrandsEnvironmentLightingCommon.ush" 2238
"../../../Engine/Shaders/Private/HairStrands/HairStrandsDeepTransmittanceCommon.ush" 2239
"../../../Engine/Shaders/Private/HairStrands/HairStrandsDeepTransmittanceDualScattering.ush" 2240
"../../../Engine/Shaders/Private/HairStrands/HairStrandsDeepShadowCommon.ush" 2241
"../../../Engine/Shaders/Private/HairStrands/HairStrandsDebugCommonStruct.ush" 2242
"../../../Engine/Plugins/FX/Niagara/Shaders/Private/NiagaraVertexFactoryExport.usf" 2243
"../../../Engine/Shaders/Private/ComputeShaderUtils.ush" 2244
"../../../Engine/Shaders/Private/MaterialTemplate.ush" 2245
"../../../Engine/Shaders/Private/WorldSpaceMath.ush" 2246
"../../../Engine/Shaders/Private/EyeAdaptationCommon.ush" 2247
"../../../Engine/Shaders/Private/SobolRandom.ush" 2248
"../../../Engine/Shaders/Private/DepthOfFieldCommon.ush" 2249
"../../../Engine/Shaders/Private/CircleDOFCommon.ush" 2250
"../../../Engine/Shaders/Private/DistanceField/GlobalDistanceFieldShared.ush" 2251
"../../../Engine/Shaders/Private/PhysicsFieldSampler.ush" 2252
"../../../Engine/Shaders/Private/PhysicsFieldShared.ush" 2253
"../../../Engine/Shaders/Private/SparseVolumeTexture/SparseVolumeTextureCommon.ush" 2254
"../../../Engine/Shaders/Shared/EnvironmentComponentsFlags.h" 2255
"../../../Engine/Shaders/Private/MeshPaintTextureCommon.ush" 2256
"../../../Engine/Shaders/Private/VirtualTextureMaterial.ush" 2257
"../../../Engine/Shaders/Private/MaterialCache/MaterialCacheMaterialCommon.ush" 2258
"../../../Engine/Shaders/Private/Quantization.ush" 2259
"../../../Engine/Shaders/Private/SpeedTreeCommon.ush" 2260
"../../../Engine/Shaders/Private/VirtualTextureCommon.ush" 2261
"../../../Engine/Shaders/Public/IndirectVirtualTextureCommon.ush" 2262
"../../../Engine/Shaders/Private/MaterialTexture.ush" 2263
"../../../Engine/Shaders/Private/MinMaterialTexCoords.ush" 2264
"../../../Engine/Shaders/Private/SkyAtmosphereCommon.ush" 2265
"../../../Engine/Shaders/Private/SingleLayerWaterCommon.ush" 2266
"../../../Engine/Shaders/Private/TextureSampling.ush" 2267
"../../../Engine/Shaders/Private/PaniniProjection.ush" 2268
"../../../Engine/Shaders/Private/DBufferNormalReprojection.ush" 2269
"../../../Engine/Shaders/Public/SubstratePublic.ush" 2270
"../../../Engine/Shaders/Private/Substrate/SubstrateRead.ush" 2271
"../../../Engine/Shaders/Private/Substrate/SubstrateTree.ush" 2272
"../../../Engine/Shaders/Private/Substrate/SubstrateEvaluation.ush" 2273
"../../../Engine/Shaders/Private/Substrate/Glint/GlintThirdParty.ush" 2274
"../../../Engine/Shaders/Private/BlueNoise.ush" 2275
"../../../Engine/Shaders/Private/SHCommon.ush" 2276
"../../../Engine/Shaders/Private/ShadingModelsSampling.ush" 2277
"../../../Engine/Shaders/Private/HairStrands/HairBsdfSample.ush" 2278
"../../../Engine/Shaders/Private/Substrate/SubstrateLegacyConversion.ush" 2279
"../../../Engine/Shaders/Private/DBufferDecalShared.ush" 2280
"../../../Engine/Plugins/FX/Niagara/Shaders/Private/NiagaraSortKeyGen.usf" 2281
"../../../Engine/Plugins/FX/Niagara/Shaders/Private/NiagaraGPURayTracingTransforms.usf" 2282
"../../../Engine/Plugins/FX/Niagara/Shaders/Private/NiagaraDrawIndirectArgsGen.usf" 2283
"../../../Engine/Plugins/FX/Niagara/Shaders/Private/NiagaraDispatchIndirectArgsGen.usf" 2284
"../../../Engine/Plugins/FX/Niagara/Shaders/Private/Stateless/NiagaraStatelessSimulationDefault.usf" 2285
"../../../Engine/Plugins/FX/Niagara/Shaders/Private/Stateless/NiagaraStatelessCommon.ush" 2286
"../../../Engine/Plugins/FX/Niagara/Shaders/Shared/NiagaraStatelessDefinitions.h" 2287
"../../../Engine/Plugins/FX/Niagara/Shaders/Shared/NiagaraStatelessBuiltDistribution.h" 2288
"../../../Engine/Plugins/FX/Niagara/Shaders/Private/Stateless/NiagaraStatelessDistribution.ush" 2289
"../../../Engine/Plugins/FX/Niagara/Shaders/Private/Stateless/Template/GenerateCS_PreModules.ush" 2290
"../../../Engine/Plugins/FX/Niagara/Shaders/Private/Stateless/Modules/NiagaraStatelessModule_CalculateAccurateVelocity.ush" 2291
"../../../Engine/Plugins/FX/Niagara/Shaders/Private/Stateless/Modules/NiagaraStatelessModule_CameraOffset.ush" 2292
"../../../Engine/Plugins/FX/Niagara/Shaders/Private/Stateless/Modules/NiagaraStatelessModule_DynamicMaterialParameters.ush" 2293
"../../../Engine/Plugins/FX/Niagara/Shaders/Private/Stateless/Modules/NiagaraStatelessModule_InitializeParticle.ush" 2294
"../../../Engine/Plugins/FX/Niagara/Shaders/Private/Stateless/Modules/NiagaraStatelessModule_InitialMeshOrientation.ush" 2295
"../../../Engine/Plugins/FX/Niagara/Shaders/Private/Stateless/Modules/NiagaraStatelessModule_MeshIndex.ush" 2296
"../../../Engine/Plugins/FX/Niagara/Shaders/Private/Stateless/Modules/NiagaraStatelessModule_MeshRotationRate.ush" 2297
"../../../Engine/Plugins/FX/Niagara/Shaders/Private/Stateless/Modules/NiagaraStatelessModule_RotateAroundPoint.ush" 2298
"../../../Engine/Plugins/FX/Niagara/Shaders/Private/Stateless/Modules/NiagaraStatelessModule_ShapeLocation.ush" 2299
"../../../Engine/Plugins/FX/Niagara/Shaders/Private/Stateless/Modules/NiagaraStatelessModule_ScaleColor.ush" 2300
"../../../Engine/Plugins/FX/Niagara/Shaders/Private/Stateless/Modules/NiagaraStatelessModule_ScaleRibbonWidth.ush" 2301
"../../../Engine/Plugins/FX/Niagara/Shaders/Private/Stateless/Modules/NiagaraStatelessModule_ScaleSpriteSize.ush" 2302
"../../../Engine/Plugins/FX/Niagara/Shaders/Private/Stateless/Modules/NiagaraStatelessModule_ScaleSpriteSizeBySpeed.ush" 2303
"../../../Engine/Plugins/FX/Niagara/Shaders/Private/Stateless/Modules/NiagaraStatelessModule_ScaleMeshSize.ush" 2304
"../../../Engine/Plugins/FX/Niagara/Shaders/Private/Stateless/Modules/NiagaraStatelessModule_ScaleMeshSizebySpeed.ush" 2305
"../../../Engine/Plugins/FX/Niagara/Shaders/Private/Stateless/Modules/NiagaraStatelessModule_SolveVelocitiesAndForces.ush" 2306
"../../../Engine/Plugins/FX/Niagara/Shaders/Private/Stateless/Modules/NiagaraStatelessModule_SpriteFacingAndAlignment.ush" 2307
"../../../Engine/Plugins/FX/Niagara/Shaders/Private/Stateless/Modules/NiagaraStatelessModule_SpriteRotationRate.ush" 2308
"../../../Engine/Plugins/FX/Niagara/Shaders/Private/Stateless/Modules/NiagaraStatelessModule_SubUVAnimation.ush" 2309
"../../../Engine/Plugins/FX/Niagara/Shaders/Private/Stateless/Template/GenerateCS_PostModules.ush" 2310
"../../../Engine/Plugins/FX/Niagara/Shaders/Private/NiagaraBlendSVTsToDenseBuffer.usf" 2311
"../../../Engine/Plugins/FX/Niagara/Shaders/Private/NiagaraSVTToDenseBuffer.usf" 2312
"../../../Engine/Plugins/FX/Niagara/Shaders/Private/NiagaraFillIntBuffer.usf" 2313
"../../../Engine/Plugins/FX/Niagara/Shaders/Private/NiagaraComputeFreeIDs.usf" 2314
"../../../Engine/Plugins/FX/Niagara/Shaders/Private/NiagaraInitFreeIDBuffer.usf" 2315
"../../../Engine/Plugins/FX/Niagara/Shaders/Private/NiagaraEmitterInstanceShader.usf" 2316
"../../../Engine/Plugins/FX/Niagara/Shaders/Private/NiagaraShaderVersion.ush" 2317
"../../../Engine/Plugins/FX/Niagara/Shaders/Private/NiagaraPhysicsCommon.ush" 2318
"../../../Engine/Plugins/FX/Niagara/Shaders/Private/Ribbons/NiagaraRibbonAggregationApply.usf" 2319
"../../../Engine/Plugins/FX/Niagara/Shaders/Private/Ribbons/NiagaraRibbonCommon.ush" 2320
"../../../Engine/Plugins/FX/Niagara/Shaders/Shared/NiagaraRibbonShared.h" 2321
"../../../Engine/Plugins/FX/Niagara/Shaders/Private/Ribbons/NiagaraRibbonAggregationStep.usf" 2322
"../../../Engine/Plugins/FX/Niagara/Shaders/Private/Ribbons/NiagaraRibbonGenerateIndices.usf" 2323
"../../../Engine/Plugins/FX/Niagara/Shaders/Private/Ribbons/NiagaraRibbonInitializeIndices.usf" 2324
"../../../Engine/Plugins/FX/Niagara/Shaders/Private/Ribbons/NiagaraRibbonRibbonUVParamCalculation.usf" 2325
"../../../Engine/Plugins/FX/Niagara/Shaders/Private/Ribbons/NiagaraRibbonVertexReductionFinalization.usf" 2326
"../../../Engine/Plugins/FX/Niagara/Shaders/Private/Ribbons/NiagaraRibbonVertexReductionInitialization.usf" 2327
"../../../Engine/Plugins/FX/Niagara/Shaders/Private/Ribbons/NiagaraRibbonSortParticles.usf" 2328
"../../../Engine/Plugins/FX/Niagara/Shaders/Private/NiagaraLWCHelper.usf" 2329
"../../../Engine/Plugins/FX/Niagara/Shaders/Private/NiagaraUpdateMeshGPUSceneInstances.usf" 2330
"../../../Engine/Shaders/Private/GPUScene/GPUSceneWriter.ush" 2331
"../../../Engine/Plugins/FX/Niagara/Shaders/Private/NiagaraGenerateMips.usf" 2332
"../../../Engine/Plugins/FX/Niagara/Shaders/Private/NiagaraDebugDraw.usf" 2333
"../../../Engine/Plugins/FX/Niagara/Shaders/Private/NiagaraDebugDraw.ush" 2334
"../../../Engine/Plugins/FX/Niagara/Shaders/Private/NiagaraVisualizeTexture.usf" 2335
"../../../Engine/Plugins/FX/Niagara/Shaders/Private/NiagaraClearCounts.usf" 2336
"../../../Engine/Plugins/FX/Niagara/Shaders/Private/NiagaraBatchedElements.usf" 2337
"../../../Engine/Plugins/FX/Niagara/Shaders/Private/NiagaraRayTracingShaders.usf" 2338
"../../../Engine/Plugins/FX/Niagara/Shaders/Private/NiagaraAsyncGpuTraceCommon.ush" 2339
"../../../Engine/Shaders/Private/HashTable.ush" 2340
"../../../Engine/Shaders/Private/Hash.ush" 2341
"../../../Engine/Shaders/Private/RayTracing/VFXTraceRay.ush" 2342
"../../../Engine/Plugins/FX/Niagara/Shaders/Private/NiagaraRayMarchingShaders.usf" 2343
"../../../Engine/Plugins/FX/Niagara/Shaders/Private/NiagaraRayTraceCollisionGroupShaders.usf" 2344
"../../../Engine/Plugins/FX/Niagara/Shaders/Private/NiagaraAsyncGpuTraceUtils.usf" 2345
"../../../Engine/Plugins/Runtime/ComputeFramework/Shaders/Private/ComputeKernel.usf" 2346
"../../../Engine/Plugins/Runtime/ComputeFramework/Shaders/Private/ComputeKernelCommon.ush" 2347
"../../../Engine/Shaders/Private/VirtualTextureAdapter.usf" 2348
"../../../Engine/Shaders/Private/BlockCompressionCommon.ush" 2349
"../../../Engine/Shaders/Private/BCCompressionCommon.ush" 2350
"../../../Engine/Shaders/Private/TranslucentLightingShaders.usf" 2351
"../../../Engine/Shaders/Private/TranslucencyVolumeInjectionCommon.ush" 2352
"../../../Engine/Shaders/Private/CubemapCommon.ush" 2353
"../../../Engine/Shaders/Private/VectorFieldCompositeShaders.usf" 2354
"../../../Engine/Shaders/Private/UpdateTextureShaders.usf" 2355
"../../../Engine/Shaders/Private/StereoLayerShader.usf" 2356
"../../../Engine/Shaders/Private/SparseVolumeTexture/UpdateSparseVolumeTexture.usf" 2357
"../../../Engine/Shaders/Private/MorphTargets.usf" 2358
"../../../Engine/Shaders/Private/SimpleElementColorChannelMaskPixelShader.usf" 2359
"../../../Engine/Shaders/Private/SimpleElementHitProxyPixelShader.usf" 2360
"../../../Engine/Shaders/Private/SimpleElementPixelShader.usf" 2361
"../../../Engine/Shaders/Private/IESLightProfilesCommon.ush" 2362
"../../../Engine/Shaders/Private/SimpleElementVertexShader.usf" 2363
"../../../Engine/Shaders/Private/ScreenPixelShaderOES.usf" 2364
"../../../Engine/Shaders/Private/ScreenVertexShader.usf" 2365
"../../../Engine/Shaders/Private/ScreenPixelShader.usf" 2366
"../../../Engine/Shaders/Private/SSProfilePreIntegratedMobile.usf" 2367
"../../../Engine/Shaders/Private/SpecularProfile.usf" 2368
"../../../Engine/Shaders/Private/Nanite/NaniteStreaming.usf" 2369
"../../../Engine/Shaders/Private/Nanite/NaniteStreaming.ush" 2370
"../../../Engine/Shaders/Private/VolumetricLightmapStreaming.usf" 2371
"../../../Engine/Shaders/Private/PhysicsFieldReset.usf" 2372
"../../../Engine/Shaders/Private/PhysicsFieldBuilder.usf" 2373
"../../../Engine/Shaders/Private/PhysicsFieldEval.ush" 2374
"../../../Engine/Shaders/Private/ParticleSortKeyGen.usf" 2375
"../../../Engine/Shaders/Private/ParticleBoundsShader.usf" 2376
"../../../Engine/Shaders/Private/ParticleSimVisualizeShader.usf" 2377
"../../../Engine/Shaders/Private/ParticleInjectionShader.usf" 2378
"../../../Engine/Shaders/Private/ParticleSimulationShader.usf" 2379
"../../../Engine/Shaders/Private/ParticleCurveInjectionShader.usf" 2380
"../../../Engine/Shaders/Private/Nanite/NaniteTranscode.usf" 2381
"../../../Engine/Shaders/Private/Nanite/NaniteScatterUpdates.usf" 2382
"../../../Engine/Shaders/Private/CopyUIntBuffer.usf" 2383
"../../../Engine/Shaders/Private/RadixSortShaders.usf" 2384
"../../../Engine/Shaders/Private/RecomputeTangentsPerVertexPass.usf" 2385
"../../../Engine/Shaders/Private/RecomputeTangentsCommon.ush" 2386
"../../../Engine/Shaders/Private/RecomputeTangentsPerTrianglePass.usf" 2387
"../../../Engine/Shaders/Private/DynamicMeshBounds.usf" 2388
"../../../Engine/Shaders/Private/GpuSkinCacheComputeShader.usf" 2389
"../../../Engine/Shaders/Private/DynamicMeshBounds.ush" 2390
"../../../Engine/Shaders/Private/HeightFieldAtlasManagement.usf" 2391
"../../../Engine/Shaders/Private/Landscape/LandscapeEditLayersUtils.usf" 2392
"../../../Engine/Shaders/Private/Landscape/LandscapeCommon.ush" 2393
"../../../Engine/Shaders/Private/Landscape/LandscapeEditLayersWeightmaps.usf" 2394
"../../../Engine/Shaders/Private/Landscape/LandscapeEditLayersHeightmaps.usf" 2395
"../../../Engine/Shaders/Private/LandscapeLayersPS.usf" 2396
"../../../Engine/Shaders/Private/LandscapePhysicalMaterial.usf" 2397
"../../../Engine/Shaders/Private/LandscapeGrassWeight.usf" 2398
"../../../Engine/Shaders/Private/Landscape/LandscapeCulling.usf" 2399
"../../../Engine/Shaders/Private/Nanite/NaniteHZBCull.ush" 2400
"../../../Engine/Shaders/Private/HZB.ush" 2401
"../../../Engine/Shaders/Private/Landscape/LandscapeMergeTexturesPS.usf" 2402
"../../../Engine/Shaders/Private/WideCustomResolveShaders.usf" 2403
"../../../Engine/Shaders/Private/WideCustomResolve_Wide.ush" 2404
"../../../Engine/Shaders/Private/WideCustomResolve_Wider.ush" 2405
"../../../Engine/Shaders/Private/WideCustomResolve_Widest.ush" 2406
"../../../Engine/Shaders/Private/WaterInfoTextureBlur.usf" 2407
"../../../Engine/Shaders/Private/WaterInfoTextureMerge.usf" 2408
"../../../Engine/Shaders/Private/PageTableUpdate.usf" 2409
"../../../Engine/Shaders/Private/VirtualTextureCompress.usf" 2410
"../../../Engine/Shaders/Private/ASTCCompressionCommon.ush" 2411
"../../../Engine/Shaders/Private/IntegerSequenceEncoding.ush" 2412
"../../../Engine/Shaders/Private/ETCCompressionCommon.ush" 2413
"../../../Engine/Shaders/Private/VirtualTextureMaterial.usf" 2414
"../../../Engine/Shaders/Private/PixelShaderOutputCommon.ush" 2415
"../../../Engine/Shaders/Private/ShaderOutputCommon.ush" 2416
"../../../Engine/Shaders/Private/VolumetricRenderTarget.usf" 2417
"../../../Engine/Shaders/Private/HeightFogCommon.ush" 2418
"../../../Engine/Shaders/Private/LocalFogVolumes/LocalFogVolumeCommon.ush" 2419
"../../../Engine/Shaders/Private/ReflectionEnvironmentShared.ush" 2420
"../../../Engine/Shaders/Private/VolumetricFogVoxelization.usf" 2421
"../../../Engine/Shaders/Private/VolumetricCloudMaterialPixelCommon.ush" 2422
"../../../Engine/Shaders/Private/VolumetricFogLightFunction.usf" 2423
"../../../Engine/Shaders/Private/LightFunctionCommon.ush" 2424
"../../../Engine/Shaders/Private/VolumetricFog.usf" 2425
"../../../Engine/Shaders/Private/DeferredLightingCommon.ush" 2426
"../../../Engine/Shaders/Private/DynamicLightingCommon.ush" 2427
"../../../Engine/Shaders/Private/CapsuleLightIntegrate.ush" 2428
"../../../Engine/Shaders/Private/CapsuleLightSampling.ush" 2429
"../../../Engine/Shaders/Private/RectLightIntegrate.ush" 2430
"../../../Engine/Shaders/Private/ScreenSpaceShadowRayCast.ush" 2431
"../../../Engine/Shaders/Private/LightFunctionAtlas/LightFunctionAtlasCommon.usf" 2432
"../../../Engine/Shaders/Private/LightGridCommon.ush" 2433
"../../../Engine/Shaders/Private/DistanceFieldAOShared.ush" 2434
"../../../Engine/Shaders/Private/IntersectionUtils.ush" 2435
"../../../Engine/Shaders/Private/VolumeLightingCommon.ush" 2436
"../../../Engine/Shaders/Private/ShadowProjectionCommon.ush" 2437
"../../../Engine/Shaders/Private/ShadowFilteringCommon.ush" 2438
"../../../Engine/Shaders/Private/PixelQuadMessagePassing.ush" 2439
"../../../Engine/Shaders/Private/VolumeLightingCommonSampling.ush" 2440
"../../../Engine/Shaders/Private/VolumetricLightmapShared.ush" 2441
"../../../Engine/Shaders/Private/ForwardShadowingCommon.ush" 2442
"../../../Engine/Shaders/Private/LightDataUniforms.ush" 2443
"../../../Engine/Shaders/Private/Lumen/LumenTranslucencyVolumeShared.ush" 2444
"../../../Engine/Shaders/Private/Lumen/LumenRadianceCacheInterpolation.ush" 2445
"../../../Engine/Shaders/Private/VirtualShadowMaps/VirtualShadowMapProjectionCommon.ush" 2446
"../../../Engine/Shaders/Private/VirtualShadowMaps/VirtualShadowMapPageAccessCommon.ush" 2447
"../../../Engine/Shaders/Shared/VirtualShadowMapDefinitions.h" 2448
"../../../Engine/Shaders/Shared/HLSLMathAliases.h" 2449
"../../../Engine/Shaders/Private/VirtualShadowMaps/VirtualShadowMapHandle.ush" 2450
"../../../Engine/Shaders/Private/VirtualShadowMaps/VirtualShadowMapProjectionStructs.ush" 2451
"../../../Engine/Shaders/Private/DiaphragmDOF/DOFCommon.ush" 2452
"../../../Engine/Shaders/Private/VolumetricCloudCommon.ush" 2453
"../../../Engine/Shaders/Private/VolumetricCloud.usf" 2454
"../../../Engine/Shaders/Private/VisualizeVolumetricLightmap.usf" 2455
"../../../Engine/Shaders/Private/VirtualShadowMaps/VirtualShadowMapProjectionComposite.usf" 2456
"../../../Engine/Shaders/Private/LightShaderParameters.ush" 2457
"../../../Engine/Shaders/Private/VirtualShadowMaps/VirtualShadowMapMaskBitsCommon.ush" 2458
"../../../Engine/Shaders/Private/VirtualShadowMaps/VirtualShadowMapLightGrid.ush" 2459
"../../../Engine/Shaders/Private/VirtualShadowMaps/VirtualShadowMapProjection.usf" 2460
"../../../Engine/Shaders/Private/Visualization.ush" 2461
"../../../Engine/Shaders/Private/VirtualShadowMaps/VirtualShadowMapProjectionFilter.ush" 2462
"../../../Engine/Shaders/Private/VirtualShadowMaps/VirtualShadowMapProjectionDirectional.ush" 2463
"../../../Engine/Shaders/Private/VirtualShadowMaps/VirtualShadowMapSMRTCommon.ush" 2464
"../../../Engine/Shaders/Private/VirtualShadowMaps/VirtualShadowMapSMRTTemplate.ush" 2465
"../../../Engine/Shaders/Private/VirtualShadowMaps/VirtualShadowMapProjectionSpot.ush" 2466
"../../../Engine/Shaders/Private/VirtualShadowMaps/VirtualShadowMapTransmissionCommon.ush" 2467
"../../../Engine/Shaders/Private/VirtualShadowMaps/VirtualShadowMapScreenRayTrace.ush" 2468
"../../../Engine/Shaders/Private/VirtualShadowMaps/VirtualShadowMapStats.ush" 2469
"../../../Engine/Shaders/Private/HairStrands/HairStrandsVoxelPageCommon.ush" 2470
"../../../Engine/Shaders/Private/HairStrands/HairStrandsVoxelPageTraversal.ush" 2471
"../../../Engine/Shaders/Private/VirtualShadowMaps/VirtualShadowMapCacheGPUInvalidation.usf" 2472
"../../../Engine/Shaders/Private/VirtualShadowMaps/VirtualShadowMapPageCacheCommon.ush" 2473
"../../../Engine/Shaders/Private/VirtualShadowMaps/VirtualShadowMapCacheInvalidation.ush" 2474
"../../../Engine/Shaders/Private/VirtualShadowMaps/VirtualShadowMapPageOverlap.ush" 2475
"../../../Engine/Shaders/Private/ScreenSpaceDenoise/SSDDefinitions.ush" 2476
"../../../Engine/Shaders/Private/InstanceCulling/InstanceCullingLoadBalancer.ush" 2477
"../../../Engine/Shaders/Private/VirtualShadowMaps/VirtualShadowMapCacheLoadBalancer.usf" 2478
"../../../Engine/Shaders/Private/VirtualShadowMaps/VirtualShadowMapCopyStats.usf" 2479
"../../../Engine/Shaders/Private/VirtualShadowMaps/VirtualShadowMapShadowCasterBounds.usf" 2480
"../../../Engine/Shaders/Private/VirtualShadowMaps/VirtualShadowMapVisualize.ush" 2481
"../../../Engine/Shaders/Private/VirtualShadowMaps/VirtualShadowMapShadowCasterColor.usf" 2482
"../../../Engine/Shaders/Private/VirtualShadowMaps/VirtualShadowMapDebug.usf" 2483
"../../../Engine/Shaders/Private/VirtualShadowMaps/Desaturate.usf" 2484
"../../../Engine/Shaders/Private/VirtualShadowMaps/VirtualShadowMapPhysicalPageManagement.usf" 2485
"../../../Engine/Shaders/Private/ReductionCommon.ush" 2486
"../../../Engine/Shaders/Private/GPUMessaging.ush" 2487
"../../../Engine/Shaders/Private/VirtualShadowMaps/VirtualShadowMapPerPageDispatch.ush" 2488
"../../../Engine/Shaders/Private/VirtualShadowMaps/VirtualShadowMapComputeExplicitChunkDrawsViewMask.usf" 2489
"../../../Engine/Shaders/Shared/SceneCullingDefinitions.h" 2490
"../../../Engine/Shaders/Private/VirtualShadowMaps/VirtualShadowMapCompactViews.usf" 2491
"../../../Engine/Shaders/Private/VirtualShadowMaps/VirtualShadowMapBuildPerPageDrawCommands.usf" 2492
"../../../Engine/Shaders/Private/Nanite/NaniteCullingCommon.ush" 2493
"../../../Engine/Shaders/Private/Nanite/NaniteCulling.ush" 2494
"../../../Engine/Shaders/Private/Nanite/NaniteHierarchyTraversalCommon.ush" 2495
"../../../Engine/Shaders/Private/InstanceCulling/InstanceCullingCommon.ush" 2496
"../../../Engine/Shaders/Shared/InstanceCullingDefinitions.h" 2497
"../../../Engine/Shaders/Private/VirtualShadowMaps/VirtualShadowMapPrintStats.usf" 2498
"../../../Engine/Shaders/Private/VirtualShadowMaps/VirtualShadowMapPageManagement.usf" 2499
"../../../Engine/Shaders/Private/VirtualShadowMaps/VirtualShadowMapPageMarking.usf" 2500
"../../../Engine/Shaders/Private/VirtualShadowMaps/VirtualShadowMapPageMarking.ush" 2501
"../../../Engine/Shaders/Shared/SingleLayerWaterDefinitions.h" 2502
"../../../Engine/Shaders/Private/HairStrands/HairStrandsTileCommon.ush" 2503
"../../../Engine/Shaders/Private/Froxel/Froxel.ush" 2504
"../../../Engine/Shaders/Shared/FroxelDefinitions.h" 2505
"../../../Engine/Shaders/Private/VirtualShadowMaps/VirtualShadowMapThrottle.usf" 2506
"../../../Engine/Shaders/Private/VelocityUpdate.usf" 2507
"../../../Engine/Shaders/Private/VelocityCommon.ush" 2508
"../../../Engine/Shaders/Private/VelocityShader.usf" 2509
"../../../Engine/Shaders/Private/VariableRateShading/VRSShadingRatePreview.usf" 2510
"../../../Engine/Shaders/Private/VariableRateShading/VRSShadingRateCommon.ush" 2511
"../../../Engine/Shaders/Private/VariableRateShading/VRSShadingRateCombine.usf" 2512
"../../../Engine/Shaders/Private/VariableRateShading/VRSShadingRateFoveated.usf" 2513
"../../../Engine/Shaders/Private/VariableRateShading/VRSShadingRateReproject.usf" 2514
"../../../Engine/Shaders/Private/VariableRateShading/VRSShadingRateCalculate.usf" 2515
"../../../Engine/Shaders/Private/TranslucencyUpsampling.usf" 2516
"../../../Engine/Shaders/Private/ComposeSeparateTranslucency.usf" 2517
"../../../Engine/Shaders/Private/SeparateTranslucency.ush" 2518
"../../../Engine/Shaders/Private/TranslucencyVolumeVisualize.usf" 2519
"../../../Engine/Shaders/Private/TranslucencyVolumeCommon.ush" 2520
"../../../Engine/Shaders/Private/TranslucentLightInjectionShaders.usf" 2521
"../../../Engine/Shaders/Private/HeterogeneousVolumes/HeterogeneousVolumesAdaptiveVolumetricShadowMapSampling.ush" 2522
"../../../Engine/Shaders/Private/HeterogeneousVolumes/HeterogeneousVolumesAdaptiveVolumetricShadowMapUtils.ush" 2523
"../../../Engine/Shaders/Private/HeterogeneousVolumes/HeterogeneousVolumesBeerShadowMapUtils.ush" 2524
"../../../Engine/Shaders/Private/TranslucentShadowDepthShaders.usf" 2525
"../../../Engine/Shaders/Private/ShadowDepthCommon.ush" 2526
"../../../Engine/Shaders/Private/RayTracing/RayTracingTest.usf" 2527
"../../../Engine/Shaders/Private/PostprocessSubsurfaceTile.usf" 2528
"../../../Engine/Shaders/Private/PostProcessSubsurfaceCommon.ush" 2529
"../../../Engine/Shaders/Private/Substrate/SubstrateVisualize.usf" 2530
"../../../Engine/Shaders/Private/Substrate/SubstrateTile.ush" 2531
"../../../Engine/Shaders/Shared/SubstrateVisualizeDefinitions.h" 2532
"../../../Engine/Shaders/Private/Substrate/SubstrateVisualizeCommon.ush" 2533
"../../../Engine/Shaders/Private/SkyLightingDiffuseShared.ush" 2534
"../../../Engine/Shaders/Private/SkyLightingShared.ush" 2535
"../../../Engine/Shaders/Private/ClearCoatCommon.ush" 2536
"../../../Engine/Shaders/Private/ReflectionEnvironmentComposite.ush" 2537
"../../../Engine/Shaders/Private/Substrate/SubstrateLightingCommon.ush" 2538
"../../../Engine/Shaders/Private/Substrate/SubstrateRoughRefraction.usf" 2539
"../../../Engine/Shaders/Private/PathTracing/Material/PathTracingFresnel.ush" 2540
"../../../Engine/Shaders/Private/PathTracing/Material/PathTracingGlossy.ush" 2541
"../../../Engine/Shaders/Private/Substrate/SubstrateMaterialSampling.usf" 2542
"../../../Engine/Shaders/Private/Substrate/SubstrateMaterialSampling.ush" 2543
"../../../Engine/Shaders/Private/Lumen/LumenPosition.ush" 2544
"../../../Engine/Shaders/Private/Substrate/SubstrateTile.usf" 2545
"../../../Engine/Shaders/Private/Substrate/SubstrateMaterialClassification.usf" 2546
"../../../Engine/Shaders/Private/Substrate/SubstrateDBuffer.usf" 2547
"../../../Engine/Shaders/Private/StochasticLighting/StochasticLightingTileClassification.usf" 2548
"../../../Engine/Shaders/Private/Lumen/LumenMaterial.ush" 2549
"../../../Engine/Shaders/Private/HairStrands/HairStrandsVisibilityUtils.ush" 2550
"../../../Engine/Shaders/Private/Lumen/LumenReflectionCommon.ush" 2551
"../../../Engine/Shaders/Private/Lumen/LumenReflectionsCombine.ush" 2552
"../../../Engine/Shaders/Private/Lumen/LumenScreenProbeTileClassication.ush" 2553
"../../../Engine/Shaders/Private/MegaLights/MegaLightsTileClassification.ush" 2554
"../../../Engine/Shaders/Private/StochasticLighting/StochasticLightingUpsample.ush" 2555
"../../../Engine/Shaders/Private/StochasticLighting/StochasticLightingCommon.ush" 2556
"../../../Engine/Shaders/Private/SplineMeshSceneTexture.usf" 2557
"../../../Engine/Shaders/Private/SparseVolumeTexture/VisualizeSparseVolumeTexture.usf" 2558
"../../../Engine/Shaders/Private/SkyAtmosphere.usf" 2559
"../../../Engine/Shaders/Private/Nanite/NaniteSkinningUpdateViewData.usf" 2560
"../../../Engine/Shaders/Private/SceneCulling/SceneCulling.ush" 2561
"../../../Engine/Shaders/Private/Skinning/TransformProviders.usf" 2562
"../../../Engine/Shaders/Private/Skinning/SkinnedMeshDebug.usf" 2563
"../../../Engine/Shaders/Private/Skinning/AnimBankEval.usf" 2564
"../../../Engine/Shaders/Private/SingleLayerWaterComposite.usf" 2565
"../../../Engine/Shaders/Private/Froxel/FroxelBuild.ush" 2566
"../../../Engine/Shaders/Private/SingleLayerWaterRefractionCulling.usf" 2567
"../../../Engine/Shaders/Private/ScreenSpaceShadows.usf" 2568
"../../../Engine/Shaders/Private/bend_sss_gpu.ush" 2569
"../../../Engine/Shaders/Private/ShadowFactorsUpsampleCommon.ush" 2570
"../../../Engine/Shaders/Private/FirstPersonSelfShadow.usf" 2571
"../../../Engine/Shaders/Private/HZBTracing.ush" 2572
"../../../Engine/Shaders/Private/LateZDummyPS.usf" 2573
"../../../Engine/Shaders/Private/ShadowProjectionVertexShader.usf" 2574
"../../../Engine/Shaders/Private/ShadowProjectionPixelShader.usf" 2575
"../../../Engine/Shaders/Private/MobileLightingCommon.ush" 2576
"../../../Engine/Shaders/Private/PlanarReflectionShared.ush" 2577
"../../../Engine/Shaders/Private/MobileSSR.ush" 2578
"../../../Engine/Shaders/Private/SSRT/SSRTRayCast.ush" 2579
"../../../Engine/Shaders/Private/ShadowPercentageCloserFiltering.ush" 2580
"../../../Engine/Shaders/Private/TransmissionThickness.ush" 2581
"../../../Engine/Shaders/Private/CopyShadowMaps.usf" 2582
"../../../Engine/Shaders/Private/ShadowDepthPixelShader.usf" 2583
"../../../Engine/Shaders/Private/ShadowDepthVertexShader.usf" 2584
"../../../Engine/Shaders/Private/ShadingEnergyConservationTable.usf" 2585
"../../../Engine/Shaders/Shared/PathTracingDefinitions.h" 2586
"../../../Engine/Shaders/Private/ShadingFurnaceTest.usf" 2587
"../../../Engine/Shaders/Private/Substrate/SubstrateDeferredLighting.ush" 2588
"../../../Engine/Shaders/Private/ShaderPrintDraw.usf" 2589
"../../../Engine/Shaders/Private/ShaderPrintDrawPrimitive.usf" 2590
"../../../Engine/Shaders/Private/DefaultSSRTiles.usf" 2591
"../../../Engine/Shaders/Private/ScreenSpaceReflectionTileCommons.ush" 2592
"../../../Engine/Shaders/Private/SSRT/SSRTDiffuseIndirect.usf" 2593
"../../../Engine/Shaders/Private/SSRT/SSRTTileClassificationBuffer.ush" 2594
"../../../Engine/Shaders/Private/SSRT/SSRTReflections.usf" 2595
"../../../Engine/Shaders/Private/ScreenSpaceDenoise/SSDPublic.ush" 2596
"../../../Engine/Shaders/Private/SSRT/SSRTTileClassification.usf" 2597
"../../../Engine/Shaders/Private/SSRT/SSRTPrevFrameReduction.usf" 2598
"../../../Engine/Shaders/Private/ScreenSpaceDenoise/SSDComposeHarmonics.usf" 2599
"../../../Engine/Shaders/Private/ScreenSpaceDenoise/SSDPublicHarmonics.ush" 2600
"../../../Engine/Shaders/Private/ScreenSpaceDenoise/SSDSignalFramework.ush" 2601
"../../../Engine/Shaders/Private/ScreenSpaceDenoise/SSDCommon.ush" 2602
"../../../Engine/Shaders/Private/SphericalGaussian.ush" 2603
"../../../Engine/Shaders/Public/WaveBroadcastIntrinsics.ush" 2604
"../../../Engine/Shaders/Private/ScreenSpaceDenoise/SSDMetadata.ush" 2605
"../../../Engine/Shaders/Private/ScreenSpaceDenoise/SSDSignalCore.ush" 2606
"../../../Engine/Shaders/Private/ScreenSpaceDenoise/DenoisingCommon.ush" 2607
"../../../Engine/Shaders/Private/ScreenSpaceDenoise/SSDSignalArray.ush" 2608
"../../../Engine/Shaders/Private/ScreenSpaceDenoise/SSDSignalBufferEncoding.ush" 2609
"../../../Engine/Shaders/Private/ScreenSpaceDenoise/SSDPublicBufferEncoding.ush" 2610
"../../../Engine/Shaders/Private/Lumen/LumenBufferEncoding.ush" 2611
"../../../Engine/Shaders/Private/ScreenSpaceDenoise/SSDTemporalAccumulation.usf" 2612
"../../../Engine/Shaders/Private/ScreenSpaceDenoise/SSDSpatialKernel.ush" 2613
"../../../Engine/Shaders/Private/ScreenSpaceDenoise/SSDSignalAccumulatorArray.ush" 2614
"../../../Engine/Shaders/Private/ScreenSpaceDenoise/SSDSignalAccumulator.ush" 2615
"../../../Engine/Shaders/Private/ScreenSpaceDenoise/SSDSignalCompression.ush" 2616
"../../../Engine/Shaders/Private/ScreenSpaceDenoise/SSDSpatialAccumulation.usf" 2617
"../../../Engine/Shaders/Private/ScreenSpaceDenoise/SSDInjest.usf" 2618
"../../../Engine/Shaders/Private/ScreenSpaceDenoise/SSDCompressMetadata.usf" 2619
"../../../Engine/Shaders/Private/DownsampleDepthPixelShader.usf" 2620
"../../../Engine/Shaders/Private/ScreenPass.usf" 2621
"../../../Engine/Shaders/Private/HZB.usf" 2622
"../../../Engine/Shaders/Private/OcclusionFeedbackShaders.usf" 2623
"../../../Engine/Shaders/Private/HZBOcclusion.usf" 2624
"../../../Engine/Shaders/Private/OcclusionQueryPixelShader.usf" 2625
"../../../Engine/Shaders/Private/OcclusionQueryVertexShader.usf" 2626
"../../../Engine/Shaders/Private/HitProxyCopy.usf" 2627
"../../../Engine/Shaders/Private/HitProxyPixelShader.usf" 2628
"../../../Engine/Shaders/Private/HitProxyVertexShader.usf" 2629
"../../../Engine/Shaders/Private/SceneCulling/SceneCullingDebugRender.usf" 2630
"../../../Engine/Shaders/Private/SceneCulling/SceneCullingBuildExplicitBounds.usf" 2631
"../../../Engine/Shaders/Private/SceneCapturePixelShader.usf" 2632
"../../../Engine/Shaders/Private/RendererUtils.usf" 2633
"../../../Engine/Shaders/Private/RTWriteMaskDecode.usf" 2634
"../../../Engine/Shaders/Private/ReflectionEnvironmentShaders.usf" 2635
"../../../Engine/Shaders/Private/RectLightAtlas.usf" 2636
"../../../Engine/Shaders/Private/RayTracing/TraceRayInlineStatistics.usf" 2637
"../../../Engine/Shaders/Private/RayTracing/CompositeSkyLightPS.usf" 2638
"../../../Engine/Shaders/Private/RayTracing/GenerateSkyLightVisibilityRaysCS.usf" 2639
"../../../Engine/Shaders/Private/RayTracing/RayTracingSkyLightCommon.ush" 2640
"../../../Engine/Shaders/Private/RayTracing/SkyLightVisibilityRaysData.ush" 2641
"../../../Engine/Shaders/Private/Raytracing/RaytracingSkylightRGS.usf" 2642
"../../../Engine/Shaders/Private/HairStrands/HairStrandsRaytracing.ush" 2643
"../../../Engine/Shaders/Private/Raytracing/RayTracingSkyLightEvaluation.ush" 2644
"../../../Engine/Shaders/Private/Raytracing/RayTracingDeferredShadingCommon.ush" 2645
"../../../Engine/Shaders/Private/RayTracing/RayTracingOcclusionRGS.usf" 2646
"../../../Engine/Shaders/Private/RayTracing/RayTracingDirectionalLight.ush" 2647
"../../../Engine/Shaders/Private/RayTracing/RayTracingRectLight.ush" 2648
"../../../Engine/Shaders/Private/RayTracing/RayTracingSphereLight.ush" 2649
"../../../Engine/Shaders/Private/RayTracing/RayTracingCapsuleLight.ush" 2650
"../../../Engine/Shaders/Private/Raytracing/RayTracingFeedback.usf" 2651
"../../../Engine/Shaders/Shared/RayTracingDebugTypes.h" 2652
"../../../Engine/Shaders/Private/RayTracing/RayTracingPrimaryRays.usf" 2653
"../../../Engine/Shaders/Private/RayTracing/RayTracingLightingCommon.ush" 2654
"../../../Engine/Shaders/Private/RayTracing/RayTracingLightCullingCommon.ush" 2655
"../../../Engine/Shaders/Private/RayTracing/RayTracingMaterialDefaultHitShaders.usf" 2656
"../../../Engine/Shaders/Private/RayTracing/RayTracingMaterialHitShaders.usf" 2657
"../../../Engine/Shaders/Private/RayTracing/RayTracingShaderUtils.ush" 2658
"../../../Engine/Shaders/Private/RayTracing/RayTracingCalcInterpolants.ush" 2659
"../../../Engine/Shaders/Private/LightmapCommon.ush" 2660
"../../../Engine/Shaders/Private/Lumen/LumenHardwareRayTracingPayloadCommon.ush" 2661
"../../../Engine/Shaders/Shared/LumenDefinitions.h" 2662
"../../../Engine/Shaders/Private/Substrate/SubstrateExport.ush" 2663
"../../../Engine/Shaders/Private/RayTracing/RayTracingLightingMS.usf" 2664
"../../../Engine/Shaders/Private/Lumen/LumenDiffuseColorBoost.ush" 2665
"../../../Engine/Shaders/Private/RayTracing/RayTracingLightFunctionCommon.ush" 2666
"../../../Engine/Shaders/Private/RayTracing/RayTracingBuildLightGrid.usf" 2667
"../../../Engine/Shaders/Private/Raytracing/RayTracingInstanceBufferUtil.usf" 2668
"../../../Engine/Shaders/Private/RayTracing/RayTracingDynamicMesh.usf" 2669
"../../../Engine/Shaders/Private/RayTracing/RayTracingDefaultDecalHitShader.usf" 2670
"../../../Engine/Shaders/Private/RayTracing/RayTracingDecalMaterialShader.usf" 2671
"../../../Engine/Shaders/Private/PathTracing/PathTracingShaderUtils.ush" 2672
"../../../Engine/Shaders/Private/PathTracing/PathTracingCommon.ush" 2673
"../../../Engine/Shaders/Private/PathTracing/Material/PathTracingMaterialCommon.ush" 2674
"../../../Engine/Shaders/Private/PathTracing/Utilities/PathTracingRIS.ush" 2675
"../../../Engine/Shaders/Private/RayTracing/RayTracingBuildDecalGrid.usf" 2676
"../../../Engine/Shaders/Private/RayTracing/RayTracingDebugHitStatsUtils.usf" 2677
"../../../Engine/Shaders/Private/RayTracing/RayTracingDebugInstanceOverlap.usf" 2678
"../../../Engine/Shaders/Private/RayTracing/RayTracingDebugPicking.usf" 2679
"../../../Engine/Shaders/Private/RayTracing/RayTracingDebugUtils.ush" 2680
"../../../Engine/Shaders/Private/RayTracing/RayTracingDebugTraversal.usf" 2681
"../../../Engine/Shaders/Private/RayTracing/RayTracingDeferredMaterials.ush" 2682
"../../../Engine/Shaders/Shared/ThirdParty/AMD/ags_shader_intrinsics_dx12.h" 2683
"../../../Engine/Shaders/Shared/RayTracingDebugDefinitions.h" 2684
"../../../Engine/Shaders/Private/RayTracing/RayTracingDebugHitStatsCHS.usf" 2685
"../../../Engine/Shaders/Private/RayTracing/RayTracingDebugHitStats.usf" 2686
"../../../Engine/Shaders/Private/RayTracing/RayTracingDebugMS.usf" 2687
"../../../Engine/Shaders/Private/RayTracing/RayTracingDebugCHS.usf" 2688
"../../../Engine/Shaders/Private/RayTracing/RayTracingDebug.usf" 2689
"../../../Engine/Shaders/Private/RayTracing/RayTracingBuiltInShaders.usf" 2690
"../../../Engine/Shaders/Private/RayTracing/RayTracingBarycentrics.usf" 2691
"../../../Engine/Shaders/Private/RayTracing/RayTracingAmbientOcclusionRGS.usf" 2692
"../../../Engine/Shaders/Private/VisualizeShadingModels.usf" 2693
"../../../Engine/Shaders/Private/MotionBlur/VisualizeMotionVectors.usf" 2694
"../../../Engine/Shaders/Private/TemporalSuperResolution/TSRVisualize.usf" 2695
"../../../Engine/Shaders/Private/TemporalSuperResolution/TSRColorSpace.ush" 2696
"../../../Engine/Shaders/Private/TemporalSuperResolution/TSRCommon.ush" 2697
"../../../Engine/Shaders/Public/DualPixelVectorization.ush" 2698
"../../../Engine/Shaders/Private/TemporalSuperResolution/TSRReprojectionField.ush" 2699
"../../../Engine/Shaders/Private/TemporalSuperResolution/TSRResolveHistory.usf" 2700
"../../../Engine/Shaders/Private/TemporalSuperResolution/TSRConvolutionNetwork.ush" 2701
"../../../Engine/Shaders/Private/TemporalSuperResolution/TSRKernels.ush" 2702
"../../../Engine/Shaders/Public/LaneVectorization.ush" 2703
"../../../Engine/Shaders/Private/TemporalSuperResolution/TSRUpdateHistory.usf" 2704
"../../../Engine/Shaders/Private/TemporalSuperResolution/TSRSpatialAntiAliasing.ush" 2705
"../../../Engine/Shaders/Private/TemporalSuperResolution/TSRSpatialAntiAliasing.usf" 2706
"../../../Engine/Shaders/Private/TemporalSuperResolution/TSRRejectShading.usf" 2707
"../../../Engine/Shaders/Private/TemporalSuperResolution/TSRShadingAnalysis.ush" 2708
"../../../Engine/Shaders/Private/TemporalSuperResolution/TSRConvolutionNetworkPass.ush" 2709
"../../../Engine/Shaders/Private/TemporalSuperResolution/TSRDecimateHistory.usf" 2710
"../../../Engine/Shaders/Private/TemporalSuperResolution/TSRDepthVelocityAnalysis.ush" 2711
"../../../Engine/Shaders/Private/TemporalSuperResolution/TSRClosestOccluder.ush" 2712
"../../../Engine/Shaders/Private/TemporalSuperResolution/TSRWeightRelaxation.usf" 2713
"../../../Engine/Shaders/Private/TemporalSuperResolution/TSRThinGeometryCommon.ush" 2714
"../../../Engine/Shaders/Private/TemporalSuperResolution/TSRDetectThinGeometry.usf" 2715
"../../../Engine/Shaders/Private/TemporalSuperResolution/TSRDilateVelocity.usf" 2716
"../../../Engine/Shaders/Private/MotionBlur/MotionBlurVelocityFlatten.ush" 2717
"../../../Engine/Shaders/Private/MotionBlur/MotionBlurCommon.ush" 2718
"../../../Engine/Shaders/Private/TemporalSuperResolution/TSRClearPrevTextures.usf" 2719
"../../../Engine/Shaders/Private/TemporalSuperResolution/TSRMeasureCoverage.usf" 2720
"../../../Engine/Shaders/Private/TemporalSuperResolution/TSRMeasureFlickeringLuma.usf" 2721
"../../../Engine/Shaders/Private/TemporalAA.usf" 2722
"../../../Engine/Shaders/Private/SMAA/SMAADebugVisualization.usf" 2723
"../../../Engine/Shaders/Private/SMAA/SMAACommon.ush" 2724
"../../../Engine/Shaders/Private/SMAA/SMAA.ush" 2725
"../../../Engine/Shaders/Private/SMAA/SMAANeighborhoodBlendingShader.usf" 2726
"../../../Engine/Shaders/Private/SMAA/SMAABlendingWeightCalculationShader.usf" 2727
"../../../Engine/Shaders/Private/SMAA/SMAAEdgeDetectionShader.usf" 2728
"../../../Engine/Shaders/Private/FilterPixelShader.usf" 2729
"../../../Engine/Shaders/Private/FilterVertexShader.usf" 2730
"../../../Engine/Shaders/Private/VisualizeVirtualTexture.usf" 2731
"../../../Engine/Shaders/Private/PostProcessVisualizeBuffer.usf" 2732
"../../../Engine/Shaders/Private/PostProcessVisualizeLocalExposure.usf" 2733
"../../../Engine/Shaders/Private/PostProcessHistogramCommon.ush" 2734
"../../../Engine/Shaders/Private/TonemapCommon.ush" 2735
"../../../Engine/Shaders/Private/ACES/ACESCommon.ush" 2736
"../../../Engine/Shaders/Private/ACES/ACESOutputTransform.ush" 2737
"../../../Engine/Shaders/Private/ACES/ACESUtilities.ush" 2738
"../../../Engine/Shaders/Private/ACES/ACESTonescale.ush" 2739
"../../../Engine/Shaders/Private/ACES/ACESDisplayEncoding.ush" 2740
"../../../Engine/Shaders/Private/ACES/ACES_v1.3.ush" 2741
"../../../Engine/Shaders/Private/PostProcessVisualizeLevelInstance.usf" 2742
"../../../Engine/Shaders/Private/PostProcessVisualizeHDR.usf" 2743
"../../../Engine/Shaders/Private/ShaderComplexityApplyPixelShader.usf" 2744
"../../../Engine/Shaders/Private/QuadOverdraw.ush" 2745
"../../../Engine/Shaders/Private/PostProcessUpscale.usf" 2746
"../../../Engine/Shaders/Private/PostProcessTonemap.usf" 2747
"../../../Engine/Shaders/Private/PostProcessing/FilmGrainPackConstants.usf" 2748
"../../../Engine/Shaders/Private/PostProcessing/FilmGrainReduce.usf" 2749
"../../../Engine/Shaders/Private/PostProcessTestImage.usf" 2750
"../../../Engine/Shaders/Private/PostProcessSubsurface.usf" 2751
"../../../Engine/Shaders/Private/SeparableSSS.ush" 2752
"../../../Engine/Shaders/Private/SubsurfaceBurleyNormalized.ush" 2753
"../../../Engine/Shaders/Private/PostProcessSelectionOutline.usf" 2754
"../../../Engine/Shaders/Private/MotionBlur/MotionBlurVisualize.usf" 2755
"../../../Engine/Shaders/Private/MotionBlur/MotionBlurApply.usf" 2756
"../../../Engine/Shaders/Private/MotionBlur/MotionBlurFilterTileClassify.usf" 2757
"../../../Engine/Shaders/Private/MotionBlur/MotionBlurTileScatter.usf" 2758
"../../../Engine/Shaders/Private/MotionBlur/MotionBlurTileGather.usf" 2759
"../../../Engine/Shaders/Private/MotionBlur/MotionBlurVelocityFlatten.usf" 2760
"../../../Engine/Shaders/Private/PostProcessMobile.usf" 2761
"../../../Engine/Shaders/Private/PostProcessMitchellNetravali.usf" 2762
"../../../Engine/Shaders/Private/PostProcessMaterialShaders.usf" 2763
"../../../Engine/Shaders/Private/NeuralPostProcessCommon.usf" 2764
"../../../Engine/Shaders/Private/PostProcessLocalExposure.usf" 2765
"../../../Engine/Shaders/Private/PostProcessLensFlares.usf" 2766
"../../../Engine/Shaders/Private/PostProcessGBufferHints.usf" 2767
"../../../Engine/Shaders/Private/PostProcessHMD.usf" 2768
"../../../Engine/Shaders/Private/Histogram.usf" 2769
"../../../Engine/Shaders/Private/PostProcessExposureMaterial.ush" 2770
"../../../Engine/Shaders/Private/PostProcessHistogramReduce.usf" 2771
"../../../Engine/Shaders/Private/PostProcessHistogram.usf" 2772
"../../../Engine/Shaders/Private/Bloom/BloomFinalizeApplyConstants.usf" 2773
"../../../Engine/Shaders/Private/Bloom/BloomCommon.ush" 2774
"../../../Engine/Shaders/Private/Bloom/BloomResizeKernel.usf" 2775
"../../../Engine/Shaders/Private/Bloom/BloomDownsampleKernel.usf" 2776
"../../../Engine/Shaders/Private/Bloom/BloomClampKernel.usf" 2777
"../../../Engine/Shaders/Private/Bloom/BloomPackKernelConstants.usf" 2778
"../../../Engine/Shaders/Private/Bloom/BloomSumScatterDispersionEnergy.usf" 2779
"../../../Engine/Shaders/Private/Bloom/BloomReduceKernelSurvey.usf" 2780
"../../../Engine/Shaders/Private/Bloom/BloomSurveyKernelCenterEnergy.usf" 2781
"../../../Engine/Shaders/Private/Bloom/BloomSurveyMaxScatterDispersion.usf" 2782
"../../../Engine/Shaders/Private/Bloom/BloomFindKernelCenter.usf" 2783
"../../../Engine/Shaders/Private/PostProcessEyeAdaptation.usf" 2784
"../../../Engine/Shaders/Private/PostProcessEyeAdaptationUtils.usf" 2785
"../../../Engine/Shaders/Private/PostProcessDownsample.usf" 2786
"../../../Engine/Shaders/Private/PostProcessDOF.usf" 2787
"../../../Engine/Shaders/Private/PostProcessDeviceEncodingOnly.usf" 2788
"../../../Engine/Shaders/Private/PostProcessCompositePrimitives.usf" 2789
"../../../Engine/Shaders/Private/PostProcessCombineLUTs.usf" 2790
"../../../Engine/Shaders/Private/PostProcessVisualizeDOF.usf" 2791
"../../../Engine/Shaders/Private/PostProcessBloom.usf" 2792
"../../../Engine/Shaders/Private/PostProcessAmbientOcclusionMobile.usf" 2793
"../../../Engine/Shaders/Private/PostProcessAmbientOcclusionCommon.ush" 2794
"../../../Engine/Shaders/Private/FXAAShader.usf" 2795
"../../../Engine/Shaders/Private/Fxaa3_11.ush" 2796
"../../../Engine/Shaders/Private/PaniniProjection.usf" 2797
"../../../Engine/Shaders/Private/DiaphragmDOF/DOFRecombine.usf" 2798
"../../../Engine/Shaders/Private/DiaphragmDOF/DOFHybridScatterPixelShader.usf" 2799
"../../../Engine/Shaders/Private/DiaphragmDOF/DOFHybridScatterCommon.ush" 2800
"../../../Engine/Shaders/Private/DiaphragmDOF/DOFVignetteCommon.ush" 2801
"../../../Engine/Shaders/Private/DiaphragmDOF/DOFHybridScatterVertexShader.usf" 2802
"../../../Engine/Shaders/Private/DiaphragmDOF/DOFPostfiltering.usf" 2803
"../../../Engine/Shaders/Private/DiaphragmDOF/DOFGatherTileSuggest.ush" 2804
"../../../Engine/Shaders/Private/DiaphragmDOF/DOFCocTileCommon.ush" 2805
"../../../Engine/Shaders/Private/DiaphragmDOF/DOFGatherPass.usf" 2806
"../../../Engine/Shaders/Private/DiaphragmDOF/DOFGatherCommon.ush" 2807
"../../../Engine/Shaders/Private/DiaphragmDOF/DOFGatherAccumulator.ush" 2808
"../../../Engine/Shaders/Private/DiaphragmDOF/DOFGatherKernel.ush" 2809
"../../../Engine/Shaders/Private/DiaphragmDOF/DOFBokehLUT.usf" 2810
"../../../Engine/Shaders/Private/DiaphragmDOF/DOFHybridScatterCompilation.usf" 2811
"../../../Engine/Shaders/Private/DiaphragmDOF/DOFReduce.usf" 2812
"../../../Engine/Shaders/Private/DiaphragmDOF/DOFDownsample.ush" 2813
"../../../Engine/Shaders/Private/DiaphragmDOF/DOFHybridScatterCompilation.ush" 2814
"../../../Engine/Shaders/Private/DiaphragmDOF/DOFDownsample.usf" 2815
"../../../Engine/Shaders/Private/DiaphragmDOF/DOFCocTileDilate.usf" 2816
"../../../Engine/Shaders/Private/DiaphragmDOF/DOFCocTileFlatten.usf" 2817
"../../../Engine/Shaders/Private/DiaphragmDOF/DOFSetup.usf" 2818
"../../../Engine/Shaders/Private/Tools/DebugAlphaChannel.usf" 2819
"../../../Engine/Shaders/Private/PostProcessAlphaInvert.usf" 2820
"../../../Engine/Shaders/Private/PlanarReflectionShaders.usf" 2821
"../../../Engine/Shaders/Private/PhysicsFieldVisualizer.usf" 2822
"../../../Engine/Shaders/Private/PathTracing/PathTracingSpatialTemporalDenoising.usf" 2823
"../../../Engine/Shaders/Private/ColorDifference.ush" 2824
"../../../Engine/Shaders/Private/PathTracing/PathTracingCompositingPixelShader.usf" 2825
"../../../Engine/Shaders/Private/PathTracing/PathTracingAdaptiveUtils.ush" 2826
"../../../Engine/Shaders/Private/PathTracing/PathTracingDefaultHitShader.usf" 2827
"../../../Engine/Shaders/Private/PathTracing/PathTracingGPULightmassMaterialHitShader.usf" 2828
"../../../Engine/Shaders/Private/PathTracing/PathTracingMaterialHitShader.usf" 2829
"../../../Engine/Shaders/Private/PathTracing/Material/PathTracingSubstrateCommon.ush" 2830
"../../../Engine/Shaders/Private/PathTracing/PathTracingLightingMissShader.usf" 2831
"../../../Engine/Shaders/Private/PathTracing/PathTracingMissShader.usf" 2832
"../../../Engine/Shaders/Private/PathTracing/PathTracingAdaptiveStart.usf" 2833
"../../../Engine/Shaders/Private/PathTracing/PathTracingBuildAdaptiveError.usf" 2834
"../../../Engine/Shaders/Private/PathTracing/PathTracingVolumetricCloudMaterialShader.usf" 2835
"../../../Engine/Shaders/Private/PathTracing/Volume/PathTracingCloudsMaterialCommon.ush" 2836
"../../../Engine/Shaders/Private/PathTracing/Volume/PathTracingVolumeCommon.ush" 2837
"../../../Engine/Shaders/Private/PathTracing/Volume/PathTracingCloudsCommon.ush" 2838
"../../../Engine/Shaders/Private/PathTracing/Volume/PathTracingFog.ush" 2839
"../../../Engine/Shaders/Private/PathTracing/Volume/PathTracingAtmosphere.ush" 2840
"../../../Engine/Shaders/Private/PathTracing/Volume/PathTracingAtmosphereCommon.ush" 2841
"../../../Engine/Shaders/Private/PathTracing/Volume/PathTracingVolumeSampling.ush" 2842
"../../../Engine/Shaders/Private/PathTracing/PathTracingBuildCloudAccelerationMap.usf" 2843
"../../../Engine/Shaders/Private/PathTracing/PathTracingBuildAtmosphereLUT.usf" 2844
"../../../Engine/Shaders/Private/PathTracing/PathTracingSwizzleScanlines.usf" 2845
"../../../Engine/Shaders/Private/PathTracing/PathTracingInitExtinctionCoefficient.usf" 2846
"../../../Engine/Shaders/Private/PathTracing/PathTracingCopyDepth.usf" 2847
"../../../Engine/Shaders/Private/PathTracing/PathTracingDebug.usf" 2848
"../../../Engine/Shaders/Private/RayTracing/RayTracingDecalGrid.ush" 2849
"../../../Engine/Shaders/Private/PathTracing/Material/PathTracingMaterialSampling.ush" 2850
"../../../Engine/Shaders/Private/PathTracing/Material/PathTracingLambert.ush" 2851
"../../../Engine/Shaders/Private/PathTracing/Material/PathTracingSubstrate.ush" 2852
"../../../Engine/Shaders/Private/PathTracing/Material/PathTracingSubstrateFoliage.ush" 2853
"../../../Engine/Shaders/Private/PathTracing/Material/PathTracingSubstrateSolidGlass.ush" 2854
"../../../Engine/Shaders/Private/PathTracing/Material/PathTracingSubstrateThinGlass.ush" 2855
"../../../Engine/Shaders/Private/PathTracing/Material/PathTracingSolidGlass.ush" 2856
"../../../Engine/Shaders/Private/PathTracing/Material/PathTracingEnergyConservation.ush" 2857
"../../../Engine/Shaders/Private/PathTracing/Material/PathTracingThinGlass.ush" 2858
"../../../Engine/Shaders/Private/PathTracing/Material/PathTracingDefaultLit.ush" 2859
"../../../Engine/Shaders/Private/PathTracing/Material/PathTracingClearCoat.ush" 2860
"../../../Engine/Shaders/Private/PathTracing/Material/PathTracingTwoSidedFoliage.ush" 2861
"../../../Engine/Shaders/Private/PathTracing/Material/PathTracingCloth.ush" 2862
"../../../Engine/Shaders/Private/PathTracing/Material/PathTracingSubsurfaceProfile.ush" 2863
"../../../Engine/Shaders/Private/PathTracing/Material/PathTracingEye.ush" 2864
"../../../Engine/Shaders/Private/PathTracing/Material/PathTracingHair.ush" 2865
"../../../Engine/Shaders/Private/PathTracing/Material/PathTracingMedium.ush" 2866
"../../../Engine/Shaders/Private/PathTracing/Light/PathTracingLightSampling.ush" 2867
"../../../Engine/Shaders/Private/PathTracing/Light/PathTracingLightCommon.ush" 2868
"../../../Engine/Shaders/Private/PathTracing/Light/PathTracingDirectionalLight.ush" 2869
"../../../Engine/Shaders/Private/PathTracing/Light/PathTracingPointLight.ush" 2870
"../../../Engine/Shaders/Private/PathTracing/Light/PathTracingCapsuleLight.ush" 2871
"../../../Engine/Shaders/Private/PathTracing/Light/PathTracingRectLight.ush" 2872
"../../../Engine/Shaders/Private/PathTracing/Light/PathTracingSkyLight.ush" 2873
"../../../Engine/Shaders/Private/PathTracing/Light/PathTracingLightGrid.ush" 2874
"../../../Engine/Shaders/Private/PathTracing/PathTracing.usf" 2875
"../../../Engine/Shaders/Private/PathTracing/PathTracingCore.ush" 2876
"../../../Engine/Shaders/Private/HeterogeneousVolumes/HeterogeneousVolumesVoxelGridTypes.ush" 2877
"../../../Engine/Shaders/Private/PathTracing/Volume/PathTracingVolume.ush" 2878
"../../../Engine/Shaders/Private/PathTracing/Volume/PathTracingClouds.ush" 2879
"../../../Engine/Shaders/Private/PathTracing/Volume/PathTracingHeterogeneousVolumes.ush" 2880
"../../../Engine/Shaders/Private/HeterogeneousVolumes/HeterogeneousVolumesTracingUtils.ush" 2881
"../../../Engine/Shaders/Private/HeterogeneousVolumes/HeterogeneousVolumesVoxelGridTraversal.ush" 2882
"../../../Engine/Shaders/Private/HeterogeneousVolumes/HeterogeneousVolumesVoxelGridUtils.ush" 2883
"../../../Engine/Shaders/Private/HeterogeneousVolumes/HeterogeneousVolumesFrustumVoxelGridUtils.ush" 2884
"../../../Engine/Shaders/Private/PathTracing/PathTracingBuildLightGrid.usf" 2885
"../../../Engine/Shaders/Private/PathTracing/PathTracingSkylightMISCompensation.usf" 2886
"../../../Engine/Shaders/Private/PathTracing/PathTracingSkylightPrepare.usf" 2887
"../../../Engine/Shaders/Private/OIT/OITSorting.usf" 2888
"../../../Engine/Shaders/Private/OITCombine.usf" 2889
"../../../Engine/Shaders/Private/OITCommon.ush" 2890
"../../../Engine/Shaders/Private/Nanite/Voxel/RasterizeBricks.usf" 2891
"../../../Engine/Shaders/Private/Nanite/Voxel/Brick.ush" 2892
"../../../Engine/Shaders/Private/Nanite/Voxel/Voxel.ush" 2893
"../../../Engine/Shaders/Private/Nanite/Voxel/ScatterBricks.usf" 2894
"../../../Engine/Shaders/Private/Nanite/Voxel/TileBricks.usf" 2895
"../../../Engine/Shaders/Private/Nanite/Voxel/AutoVoxel.usf" 2896
"../../../Engine/Shaders/Private/Nanite/NaniteDebugViews.usf" 2897
"../../../Engine/Shaders/Private/Nanite/NaniteEditorCommon.ush" 2898
"../../../Engine/Shaders/Private/BinarySearch.ush" 2899
"../../../Engine/Shaders/Private/Nanite/NaniteDepthDecode.usf" 2900
"../../../Engine/Shaders/Private/HTileEncoding.ush" 2901
"../../../Engine/Shaders/Private/Nanite/NaniteVisualize.usf" 2902
"../../../Engine/Shaders/Private/Nanite/NaniteStreamOut.usf" 2903
"../../../Engine/Shaders/Private/Nanite/NaniteHierarchyTraversal.ush" 2904
"../../../Engine/Shaders/Private/Nanite/NaniteShadeBinning.usf" 2905
"../../../Engine/Shaders/Private/Nanite/NaniteShadeCommon.ush" 2906
"../../../Engine/Shaders/Private/Nanite/NaniteFastClear.usf" 2907
"../../../Engine/Shaders/Private/Nanite/NaniteRayTracing.usf" 2908
"../../../Engine/Shaders/Private/Nanite/NaniteExportGBuffer.usf" 2909
"../../../Engine/Shaders/Private/Nanite/NaniteClusterCulling.usf" 2910
"../../../Engine/Shaders/Private/Nanite/NanitePrintStats.usf" 2911
"../../../Engine/Shaders/Private/Nanite/NaniteRasterizer.usf" 2912
"../../../Engine/Shaders/Private/Nanite/NaniteRasterizationCommon.ush" 2913
"../../../Engine/Shaders/Private/Nanite/NaniteRasterizer.ush" 2914
"../../../Engine/Shaders/Private/Nanite/NaniteWritePixel.ush" 2915
"../../../Engine/Shaders/Private/Nanite/NaniteTessellation.ush" 2916
"../../../Engine/Shaders/Private/WorkDistribution.ush" 2917
"../../../Engine/Shaders/Private/Nanite/NaniteDice.ush" 2918
"../../../Engine/Shaders/Private/ShaderBundleWorkGraphCommon.ush" 2919
"../../../Engine/Shaders/Public/RootConstants.ush" 2920
"../../../Engine/Shaders/Public/Platform/D3D/D3DRootConstants.ush" 2921
"../../../Engine/Shaders/Private/Nanite/NaniteSplit.usf" 2922
"../../../Engine/Shaders/Private/Nanite/NaniteRasterBinning.usf" 2923
"../../../Engine/Shaders/Private/Nanite/NaniteInstanceCulling.usf" 2924
"../../../Engine/Shaders/Private/Nanite/NaniteImposter.ush" 2925
"../../../Engine/Shaders/Private/Nanite/NaniteInstanceHierarchyCulling.usf" 2926
"../../../Engine/Shaders/Private/WorkGroupLoadBalancer.ush" 2927
"../../../Engine/Shaders/Private/Nanite/NanitePrimitiveFilter.usf" 2928
"../../../Engine/Shaders/Private/Nanite/NaniteRasterClear.usf" 2929
"../../../Engine/Shaders/Private/Nanite/NaniteDepthExport.usf" 2930
"../../../Engine/Shaders/Private/Nanite/NaniteEmitShadow.usf" 2931
"../../../Engine/Shaders/Private/MobileDeferredUtils.usf" 2932
"../../../Engine/Shaders/Private/MobileLocalLightsBuffer.usf" 2933
"../../../Engine/Shaders/Private/MobileFog.usf" 2934
"../../../Engine/Shaders/Private/DistortApplyScreenPS.usf" 2935
"../../../Engine/Shaders/Private/MobileDeferredShading.usf" 2936
"../../../Engine/Shaders/Private/MobileBasePassPixelShader.usf" 2937
"../../../Engine/Shaders/Private/MobileBasePassCommon.ush" 2938
"../../../Engine/Shaders/Private/BasePassCommon.ush" 2939
"../../../Engine/Shaders/Private/ShadingModelsMaterial.ush" 2940
"../../../Engine/Shaders/Private/ThinTranslucentCommon.ush" 2941
"../../../Engine/Shaders/Private/SingleLayerWaterShading.ush" 2942
"../../../Engine/Shaders/Private/DistortionCommon.ush" 2943
"../../../Engine/Shaders/Private/Substrate/SubstrateMobileForwardLighting.ush" 2944
"../../../Engine/Shaders/Private/MobileBasePassVertexShader.usf" 2945
"../../../Engine/Shaders/Private/MeshEdges.usf" 2946
"../../../Engine/Shaders/Private/MegaLights/MegaLightsSampling.usf" 2947
"../../../Engine/Shaders/Shared/MegaLightsDefinitions.h" 2948
"../../../Engine/Shaders/Private/MegaLights/MegaLightsShading.ush" 2949
"../../../Engine/Shaders/Private/MegaLights/MegaLights.ush" 2950
"../../../Engine/Shaders/Private/MegaLights/MegaLightsMaterial.ush" 2951
"../../../Engine/Shaders/Private/MegaLights/MegaLightsRayTracing.ush" 2952
"../../../Engine/Shaders/Private/MegaLights/MegaLightsSampling.ush" 2953
"../../../Engine/Shaders/Private/MegaLights/MegaLightsVolumeSampling.usf" 2954
"../../../Engine/Shaders/Private/MegaLights/MegaLightsVolume.ush" 2955
"../../../Engine/Shaders/Private/MegaLights/MegaLights.usf" 2956
"../../../Engine/Shaders/Private/HairStrands/HairStrandsScreenTracing.ush" 2957
"../../../Engine/Shaders/Private/MegaLights/MegaLightsFilterVisibleLightHash.usf" 2958
"../../../Engine/Shaders/Private/MegaLights/MegaLightsShading.usf" 2959
"../../../Engine/Shaders/Private/Lumen/LumenReflectionDenoiserCommon.ush" 2960
"../../../Engine/Shaders/Private/MegaLights/MegaLightsVisibleLightHash.usf" 2961
"../../../Engine/Shaders/Private/MegaLights/MegaLightsVolumeShading.usf" 2962
"../../../Engine/Shaders/Private/MegaLights/MegaLightsVSMMarking.usf" 2963
"../../../Engine/Shaders/Private/MegaLights/MegaLightsVSMTracing.usf" 2964
"../../../Engine/Shaders/Private/MegaLights/MegaLightsRayTracing.usf" 2965
"../../../Engine/Shaders/Private/DistanceField/GlobalDistanceFieldUtils.ush" 2966
"../../../Engine/Shaders/Private/Lumen/LumenScreenTracing.ush" 2967
"../../../Engine/Shaders/Private/MegaLights/MegaLightsVolumeRayTracing.usf" 2968
"../../../Engine/Shaders/Private/MegaLights/MegaLightsVolumeHardwareRayTracing.usf" 2969
"../../../Engine/Shaders/Private/Lumen/LumenHardwareRayTracingCommon.ush" 2970
"../../../Engine/Shaders/Private/RayTracing/RayTracingReflectionEnvironment.ush" 2971
"../../../Engine/Shaders/Private/Lumen/LumenHardwareRayTracingPlatformCommon.ush" 2972
"../../../Engine/Shaders/Private/Lumen/LumenTracingCommon.ush" 2973
"../../../Engine/Shaders/Private/Lumen/SurfaceCache/LumenSurfaceCacheSampling.ush" 2974
"../../../Engine/Shaders/Private/Lumen/SurfaceCache/LumenSurfaceCache.ush" 2975
"../../../Engine/Shaders/Private/Lumen/LumenCardCommon.ush" 2976
"../../../Engine/Shaders/Private/Lumen/LumenCardTileShadowDownsampleFactor.ush" 2977
"../../../Engine/Shaders/Private/MegaLights/MegaLightsHardwareRayTracing.usf" 2978
"../../../Engine/Shaders/Private/MegaLights/MegaLightsDebug.usf" 2979
"../../../Engine/Shaders/Private/MegaLights/MegaLightsDenoiserSpatial.usf" 2980
"../../../Engine/Shaders/Private/MegaLights/MegaLightsDenoiserTemporal.usf" 2981
"../../../Engine/Shaders/Private/MaterialCache/MaterialCacheABufferPages.usf" 2982
"../../../Engine/Shaders/Private/MaterialCache/MaterialCacheShade.usf" 2983
"../../../Engine/Shaders/Private/MaterialCache/MaterialCacheShadeCommon.ush" 2984
"../../../Engine/Shaders/Private/MaterialCache/MaterialCacheUnwrapNaniteShade.usf" 2985
"../../../Engine/Shaders/Private/MaterialCache/MaterialCacheUnwrapPixelShader.usf" 2986
"../../../Engine/Shaders/Private/MaterialCache/MaterialCacheUnwrapVertexShader.usf" 2987
"../../../Engine/Shaders/Private/Lumen/LumenVisualizeRadianceCache.usf" 2988
"../../../Engine/Shaders/Private/Lumen/LumenRadianceCacheCommon.ush" 2989
"../../../Engine/Shaders/Private/Lumen/LumenVisualizeHardwareRayTracing.usf" 2990
"../../../Engine/Shaders/Private/Lumen/LumenVisualize.ush" 2991
"../../../Engine/Shaders/Private/Lumen/LumenHairTracing.ush" 2992
"../../../Engine/Shaders/Private/Lumen/LumenVisualize.usf" 2993
"../../../Engine/Shaders/Private/Lumen/LumenSoftwareRayTracing.ush" 2994
"../../../Engine/Shaders/Private/DistanceField/GlobalDistanceFieldObjectGrid.ush" 2995
"../../../Engine/Shaders/Private/DistanceFieldLightingShared.ush" 2996
"../../../Engine/Shaders/Private/Lumen/LumenVisualizeTraces.ush" 2997
"../../../Engine/Shaders/Private/Lumen/LumenTranslucencyVolumeLighting.usf" 2998
"../../../Engine/Shaders/Private/Lumen/LumenRadianceCacheMarkCommon.ush" 2999
"../../../Engine/Shaders/Private/Lumen/LumenTranslucencyVolumeLightingShared.ush" 3000
"../../../Engine/Shaders/Private/Lumen/LumenScreenProbeCommon.ush" 3001
"../../../Engine/Shaders/Private/RayTracing/RayGenUtils.ush" 3002
"../../../Engine/Shaders/Private/Lumen/LumenRadianceCacheTracingCommon.ush" 3003
"../../../Engine/Shaders/Private/Lumen/LumenTranslucencyVolumeHardwareRayTracing.usf" 3004
"../../../Engine/Shaders/Private/Lumen/LumenTranslucencyRadianceCacheMarkShaders.usf" 3005
"../../../Engine/Shaders/Private/Lumen/SurfaceCache/LumenSurfaceCache.usf" 3006
"../../../Engine/Shaders/Private/Lumen/LumenVirtualTextureCommon.ush" 3007
"../../../Engine/Shaders/Private/Lumen/LumenShortRangeAOHardwareRayTracing.usf" 3008
"../../../Engine/Shaders/Private/Lumen/LumenScreenSpaceBentNormal.ush" 3009
"../../../Engine/Shaders/Private/Lumen/LumenScreenSpaceBentNormal.usf" 3010
"../../../Engine/Shaders/Private/Lumen/LumenScreenProbeTracing.usf" 3011
"../../../Engine/Shaders/Private/Lumen/LumenScreenProbeTracingCommon.ush" 3012
"../../../Engine/Shaders/Private/Lumen/LumenFloatQuantization.ush" 3013
"../../../Engine/Shaders/Private/Lumen/LumenScreenProbeImportanceSampling.usf" 3014
"../../../Engine/Shaders/Private/Lumen/LumenScreenProbeImportanceSamplingShared.ush" 3015
"../../../Engine/Shaders/Private/Lumen/LumenScreenProbeHardwareRayTracing.usf" 3016
"../../../Engine/Shaders/Private/Lumen/LumenScreenProbeDebug.usf" 3017
"../../../Engine/Shaders/Private/Lumen/LumenScreenProbeGather.usf" 3018
"../../../Engine/Shaders/Private/Lumen/LumenScreenProbeGatherTemporal.usf" 3019
"../../../Engine/Shaders/Private/Lumen/LumenScreenProbeFiltering.usf" 3020
"../../../Engine/Shaders/Private/Lumen/LumenSceneLighting.usf" 3021
"../../../Engine/Shaders/Private/Lumen/LumenCardTile.ush" 3022
"../../../Engine/Shaders/Private/Lumen/LumenSceneLighting.ush" 3023
"../../../Engine/Shaders/Private/Lumen/Radiosity/LumenRadiosity.ush" 3024
"../../../Engine/Shaders/Private/Lumen/LumenSceneLightingDebug.usf" 3025
"../../../Engine/Shaders/Private/Lumen/LumenScene.usf" 3026
"../../../Engine/Shaders/Private/Lumen/LumenSceneDirectLightingHardwareRayTracing.usf" 3027
"../../../Engine/Shaders/Private/Lumen/LumenSceneDirectLightingStochastic.ush" 3028
"../../../Engine/Shaders/Private/Lumen/LumenSceneDirectLighting.ush" 3029
"../../../Engine/Shaders/Private/Lumen/LumenSceneDebugHardwareRayTracing.usf" 3030
"../../../Engine/Shaders/Private/Lumen/LumenSceneDirectLightingStochastic.usf" 3031
"../../../Engine/Shaders/Private/Lumen/LumenSceneDirectLightingSoftwareRayTracing.usf" 3032
"../../../Engine/Shaders/Private/DistanceFieldShadowingShared.ush" 3033
"../../../Engine/Shaders/Private/Lumen/LumenSceneDirectLightingPerLightShadowCommon.ush" 3034
"../../../Engine/Shaders/Private/Lumen/LumenSceneDirectLightingShadowMask.usf" 3035
"../../../Engine/Shaders/Private/Lumen/LumenSceneDirectLighting.usf" 3036
"../../../Engine/Shaders/Private/Lumen/LumenSceneDirectLightingCulling.usf" 3037
"../../../Engine/Shaders/Private/Lumen/LumenCardComputeShader.usf" 3038
"../../../Engine/Shaders/Private/Lumen/LumenCardBasePass.ush" 3039
"../../../Engine/Shaders/Private/Lumen/LumenCardPixelShader.usf" 3040
"../../../Engine/Shaders/Private/Lumen/LumenCardVertexShader.usf" 3041
"../../../Engine/Shaders/Private/Lumen/LumenReSTIRGather.usf" 3042
"../../../Engine/Shaders/Private/Lumen/LumenReflectionTracing.usf" 3043
"../../../Engine/Shaders/Private/Lumen/LumenReflectionDenoiserSpatial.usf" 3044
"../../../Engine/Shaders/Private/Lumen/LumenReflectionDenoiserClear.usf" 3045
"../../../Engine/Shaders/Private/Lumen/LumenReflectionDenoiserTemporal.usf" 3046
"../../../Engine/Shaders/Private/Lumen/LumenReflectionResolve.usf" 3047
"../../../Engine/Shaders/Private/Lumen/LumenReflections.usf" 3048
"../../../Engine/Shaders/Private/Lumen/RayTracedTranslucency.usf" 3049
"../../../Engine/Shaders/Private/Lumen/LumenReflectionHardwareRayTracing.usf" 3050
"../../../Engine/Shaders/Private/Lumen/Radiosity/LumenVisualizeRadiosityProbes.usf" 3051
"../../../Engine/Shaders/Private/Lumen/Radiosity/LumenRadiosity.usf" 3052
"../../../Engine/Shaders/Private/Lumen/Radiosity/LumenRadiosityHardwareRayTracing.usf" 3053
"../../../Engine/Shaders/Private/Lumen/Radiosity/LumenRadiosityCulling.usf" 3054
"../../../Engine/Shaders/Private/Lumen/LumenRadianceCacheHardwareRayTracing.usf" 3055
"../../../Engine/Shaders/Private/Lumen/LumenRadianceCache.usf" 3056
"../../../Engine/Shaders/Private/Lumen/LumenRadianceCacheUpdate.ush" 3057
"../../../Engine/Shaders/Private/Lumen/LumenRadianceCacheDebug.usf" 3058
"../../../Engine/Shaders/Private/Lumen/LumenRadianceCacheUpdate.usf" 3059
"../../../Engine/Shaders/Private/Lumen/LumenMeshSDFCulling.usf" 3060
"../../../Engine/Shaders/Private/HybridIndirectLighting.ush" 3061
"../../../Engine/Shaders/Private/MeshDistanceFieldCommon.ush" 3062
"../../../Engine/Shaders/Private/Lumen/LumenIrradianceFieldGather.usf" 3063
"../../../Engine/Shaders/Private/Lumen/LumenHardwareRayTracingMaterials.usf" 3064
"../../../Engine/Shaders/Private/Lumen/LumenFrontLayerTranslucency.usf" 3065
"../../../Engine/Shaders/Private/LocalFogVolumes/LocalFogVolumeSplat.usf" 3066
"../../../Engine/Shaders/Private/LocalFogVolumes/LocalFogVolumeTiledCulling.usf" 3067
"../../../Engine/Shaders/Private/LightShaftShader.usf" 3068
"../../../Engine/Shaders/Private/StationaryLightOverlapShaders.usf" 3069
"../../../Engine/Shaders/Private/DeferredLightPixelShaders.usf" 3070
"../../../Engine/Shaders/Private/DeferredLightVertexShaders.usf" 3071
"../../../Engine/Shaders/Private/LightMapDensityShader.usf" 3072
"../../../Engine/Shaders/Private/LightGridInjection.usf" 3073
"../../../Engine/Shaders/Shared/LightGridDefinitions.h" 3074
"../../../Engine/Shaders/Private/LightFunctionPixelShader.usf" 3075
"../../../Engine/Shaders/Private/LightFunctionVertexShader.usf" 3076
"../../../Engine/Shaders/Private/LightFunctionAtlas/LightFunctionAtlasRender.usf" 3077
"../../../Engine/Shaders/Private/InstanceCulling/InstanceCullingOcclusionQuery.usf" 3078
"../../../Engine/Shaders/Private/InstanceCulling/InstanceCullingSetup.ush" 3079
"../../../Engine/Shaders/Private/InstanceCulling/BuildInstanceDrawCommands.usf" 3080
"../../../Engine/Shaders/Private/InstanceCulling/InstanceCompactionCommon.ush" 3081
"../../../Engine/Shaders/Private/SceneDataMobileWriter.ush" 3082
"../../../Engine/Shaders/Private/InstanceCulling/CompactVisibleInstances.usf" 3083
"../../../Engine/Shaders/Private/ReflectionEnvironmentPixelShader.usf" 3084
"../../../Engine/Shaders/Private/AmbientCubemapComposite.usf" 3085
"../../../Engine/Shaders/Private/DiffuseIndirectComposite.usf" 3086
"../../../Engine/Shaders/Private/IESAtlas.usf" 3087
"../../../Engine/Shaders/Private/HeterogeneousVolumes/HeterogeneousVolumesVisualizeCascades.usf" 3088
"../../../Engine/Shaders/Private/HeterogeneousVolumes/HeterogeneousVolumesVoxelGridShadows.usf" 3089
"../../../Engine/Shaders/Private/HeterogeneousVolumes/HeterogeneousVolumesStochasticFiltering.ush" 3090
"../../../Engine/Shaders/Private/HeterogeneousVolumes/HeterogeneousVolumesVoxelGridRenderingUtils.ush" 3091
"../../../Engine/Shaders/Private/HeterogeneousVolumes/HeterogeneousVolumesLightingUtils.ush" 3092
"../../../Engine/Shaders/Private/HeterogeneousVolumes/HeterogeneousVolumesRayMarchingUtils.ush" 3093
"../../../Engine/Shaders/Private/HeterogeneousVolumes/HeterogeneousVolumesRayMarchingTypes.ush" 3094
"../../../Engine/Shaders/Private/HeterogeneousVolumes/HeterogeneousVolumesTransmittanceVolumeUtils.ush" 3095
"../../../Engine/Shaders/Private/HeterogeneousVolumes/HeterogeneousVolumesAdaptiveVolumetricShadowMapSampler.ush" 3096
"../../../Engine/Shaders/Private/HeterogeneousVolumes/HeterogeneousVolumesVoxelGridRendering.usf" 3097
"../../../Engine/Shaders/Private/HeterogeneousVolumes/HeterogeneousVolumesVoxelGridPipeline.usf" 3098
"../../../Engine/Shaders/Private/HeterogeneousVolumes/HeterogeneousVolumesMaterialBakingPipeline.usf" 3099
"../../../Engine/Shaders/Private/HeterogeneousVolumes/HeterogeneousVolumesLiveShadingUtils.ush" 3100
"../../../Engine/Shaders/Private/HeterogeneousVolumes/HeterogeneousVolumesFrustumVoxelGrid.usf" 3101
"../../../Engine/Shaders/Private/HeterogeneousVolumes/HeterogeneousVolumesSparseVoxelPipeline.usf" 3102
"../../../Engine/Shaders/Private/HeterogeneousVolumes/HeterogeneousVolumesSparseVoxelUtils.ush" 3103
"../../../Engine/Shaders/Private/HeterogeneousVolumes/HeterogeneousVolumesSparseVoxelUniformBufferUtils.ush" 3104
"../../../Engine/Shaders/Private/HeterogeneousVolumes/HeterogeneousVolumesPreshadingPipeline.usf" 3105
"../../../Engine/Shaders/Private/HeterogeneousVolumes/HeterogeneousVolumesShadowMask.usf" 3106
"../../../Engine/Shaders/Private/HeterogeneousVolumes/HeterogeneousVolumesLiveShadingShadows.usf" 3107
"../../../Engine/Shaders/Private/HeterogeneousVolumes/HeterogeneousVolumesLiveShadingGlobalPipeline.usf" 3108
"../../../Engine/Shaders/Private/HeterogeneousVolumes/HeterogeneousVolumesLiveShadingPipeline.usf" 3109
"../../../Engine/Shaders/Private/HeterogeneousVolumes/HeterogeneousVolumesHardwareRayTracing.usf" 3110
"../../../Engine/Shaders/Private/HeterogeneousVolumes/HeterogeneousVolumesAmbientOcclusionPipeline.usf" 3111
"../../../Engine/Shaders/Private/HeterogeneousVolumes/HeterogeneousVolumesComposite.usf" 3112
"../../../Engine/Shaders/Private/HdrCustomResolveShaders.usf" 3113
"../../../Engine/Shaders/Private/HairStrands/RenderCurveRaster.usf" 3114
"../../../Engine/Shaders/Shared/RenderCurveDefinitions.h" 3115
"../../../Engine/Shaders/Private/HairStrands/HairStrandsVoxelRasterCompute.usf" 3116
"../../../Engine/Shaders/Private/HairStrands/HairStrandsHitProxy.usf" 3117
"../../../Engine/Shaders/Private/HairStrands/HairStrandsVisibilityRasterComputeNaive.usf" 3118
"../../../Engine/Shaders/Private/HairStrands/HairStrandsVisibilityRasterHW.usf" 3119
"../../../Engine/Shaders/Private/HairStrands/HairStrandsVisibilityRasterCompute.usf" 3120
"../../../Engine/Shaders/Private/HairStrands/HairStrandsVisibilityRasterClassification.usf" 3121
"../../../Engine/Shaders/Private/HairStrands/HairStrandsCoverage.usf" 3122
"../../../Engine/Shaders/Private/HairStrands/HairStrandsVisibilityDepthPS.usf" 3123
"../../../Engine/Shaders/Private/HairStrands/HairStrandsVisibilityTransmittanceDepthPS.usf" 3124
"../../../Engine/Shaders/Private/HairStrands/HairStrandsVisibilityFillOpaqueDepthPS.usf" 3125
"../../../Engine/Shaders/Private/HairStrands/HairStrandsVisibilityCompactionComputeRaster.usf" 3126
"../../../Engine/Shaders/Private/HairStrands/HairStrandsVisibilityCompaction.usf" 3127
"../../../Engine/Shaders/Private/HairStrands/HairStrandsVisibilityCopyIndirectArg.usf" 3128
"../../../Engine/Shaders/Private/HairStrands/HairStrandsVisibilityClearPS.usf" 3129
"../../../Engine/Shaders/Private/HairStrands/HairStrandsVisibilityPS.usf" 3130
"../../../Engine/Shaders/Private/HairStrands/HairStrandsVisibilityVS.usf" 3131
"../../../Engine/Shaders/Private/HairStrands/HairStrandsVelocity.usf" 3132
"../../../Engine/Shaders/Private/HairStrands/HairStrandsVisibilityComputeSampleCoverage.usf" 3133
"../../../Engine/Shaders/Private/HairStrands/HairStrandsMaterialPS.usf" 3134
"../../../Engine/Shaders/Private/HairStrands/HairStrandsMaterialCommon.ush" 3135
"../../../Engine/Shaders/Private/HairStrands/HairStrandsMaterialVS.usf" 3136
"../../../Engine/Shaders/Private/HairStrands/HairStrandsLightSample.usf" 3137
"../../../Engine/Shaders/Private/HairStrands/HairStrandsDeepShadowMask.usf" 3138
"../../../Engine/Shaders/Private/HairStrands/HairStrandsDeepTransmittanceMask.usf" 3139
"../../../Engine/Shaders/Private/HairStrands/HairStrandsVisibilityTile.usf" 3140
"../../../Engine/Shaders/Private/HairStrands/HairStrandsDeepShadowPS.usf" 3141
"../../../Engine/Shaders/Private/HairStrands/HairStrandsDeepShadowVS.usf" 3142
"../../../Engine/Shaders/Private/HairStrands/HairStrandsAABB.usf" 3143
"../../../Engine/Shaders/Private/HairStrands/HairStrandsLUT.usf" 3144
"../../../Engine/Shaders/Private/HairStrands/HairStrandsForwardRaster.usf" 3145
"../../../Engine/Shaders/Private/HairStrands/HairStrandsForwardCulling.usf" 3146
"../../../Engine/Shaders/Private/HairStrands/HairStrandsEnvironmentLighting.usf" 3147
"../../../Engine/Shaders/Private/HairStrands/HairStrandsEnvironmentAO.usf" 3148
"../../../Engine/Shaders/Private/HairStrands/HairStrandsDeepShadowAllocation.usf" 3149
"../../../Engine/Shaders/Private/HairStrands/HairStrandsVoxelDebug.usf" 3150
"../../../Engine/Shaders/Private/HairStrands/HairStrandsComposition.usf" 3151
"../../../Engine/Shaders/Private/HairStrands/HairStrandsGBufferCommon.ush" 3152
"../../../Engine/Shaders/Private/GPUScene/GPUSceneDataManagement.usf" 3153
"../../../Engine/Shaders/Private/GPUSceneDebugRender.usf" 3154
"../../../Engine/Shaders/Private/GPUFeedbackCompaction.usf" 3155
"../../../Engine/Shaders/Private/GPUFastFourierTransform.usf" 3156
"../../../Engine/Shaders/Private/GPUFastFourierTransform2DCore.ush" 3157
"../../../Engine/Shaders/Private/GPUFastFourierTransformCore.ush" 3158
"../../../Engine/Shaders/Private/GPUBenchmark.usf" 3159
"../../../Engine/Shaders/Private/DistanceField/GlobalDistanceFieldDebug.usf" 3160
"../../../Engine/Shaders/Private/DistanceField/GlobalDistanceFieldUpdate.ush" 3161
"../../../Engine/Shaders/Private/DistanceField/GlobalDistanceFieldMip.usf" 3162
"../../../Engine/Shaders/Private/DistanceField/GlobalDistanceField.usf" 3163
"../../../Engine/Shaders/Private/DistanceField/GlobalDistanceFieldCompositeObjects.usf" 3164
"../../../Engine/Shaders/Private/DistanceField/GlobalDistanceFieldHeightfields.usf" 3165
"../../../Engine/Shaders/Private/HeightfieldLightingShared.ush" 3166
"../../../Engine/Shaders/Private/GenerateConservativeDepth.usf" 3167
"../../../Engine/Shaders/Private/HeightFogPixelShader.usf" 3168
"../../../Engine/Shaders/Private/HeightFogVertexShader.usf" 3169
"../../../Engine/Shaders/Private/DistortFiltering.usf" 3170
"../../../Engine/Shaders/Private/DistortAccumulatePS.usf" 3171
"../../../Engine/Shaders/Private/DistortAccumulateVS.usf" 3172
"../../../Engine/Shaders/Private/DistanceFieldVisualization.usf" 3173
"../../../Engine/Shaders/Private/DistanceFieldStreaming.usf" 3174
"../../../Engine/Shaders/Private/DistanceFieldShadowing.usf" 3175
"../../../Engine/Shaders/Private/DistanceFieldScreenGridLighting.usf" 3176
"../../../Engine/Shaders/Private/DistanceFieldObjectCulling.usf" 3177
"../../../Engine/Shaders/Private/DistanceFieldLightingPost.usf" 3178
"../../../Engine/Shaders/Private/DitheredTransitionStencil.usf" 3179
"../../../Engine/Shaders/Private/CopyDepthTexture.usf" 3180
"../../../Engine/Shaders/Private/CopyDepthTextureCS.usf" 3181
"../../../Engine/Shaders/Private/DeferredDecal.usf" 3182
"../../../Engine/Shaders/Private/DecalCommon.ush" 3183
"../../../Engine/Shaders/Private/DebugViewModeVertexShader.usf" 3184
"../../../Engine/Shaders/Private/DebugViewModeCommon.ush" 3185
"../../../Engine/Shaders/Private/DebugViewModePixelShader.usf" 3186
"../../../Engine/Shaders/Private/DebugProbes.usf" 3187
"../../../Engine/Shaders/Private/MeshDecals.usf" 3188
"../../../Engine/Shaders/Private/PostProcessAmbientOcclusion.usf" 3189
"../../../Engine/Shaders/Private/ClusteredDeferredShadingPixelShader.usf" 3190
"../../../Engine/Shaders/Private/ClusteredDeferredShadingVertexShader.usf" 3191
"../../../Engine/Shaders/Private/CapsuleShadowShaders.usf" 3192
"../../../Engine/Shaders/Private/BasePassPixelShader.usf" 3193
"../../../Engine/Shaders/Private/ForwardLightingCommon.ush" 3194
"../../../Engine/Shaders/Private/Substrate/SubstrateForwardLighting.ush" 3195
"../../../Engine/Shaders/Private/ComputeShaderOutputCommon.ush" 3196
"../../../Engine/Shaders/Private/BasePassVertexShader.usf" 3197
"../../../Engine/Shaders/Private/BasePassVertexCommon.ush" 3198
"../../../Engine/Shaders/Private/SimpleElementVolumeTexturePreviewPixelShader.usf" 3199
"../../../Engine/Shaders/Private/SimpleElementTexture2DPreviewPixelShader.usf" 3200
"../../../Engine/Shaders/Private/meshpaintdilatepixelshader.usf" 3201
"../../../Engine/Shaders/Private/meshpaintdilatevertexshader.usf" 3202
"../../../Engine/Shaders/Private/MeshPaintPixelShader.usf" 3203
"../../../Engine/Shaders/Private/MeshPaintVertexShader.usf" 3204
"../../../Engine/Shaders/Private/SlateElementPixelShader.usf" 3205
"../../../Engine/Shaders/Private/SlateShaderCommon.ush" 3206
"../../../Engine/Shaders/Private/SlateMaskingShader.usf" 3207
"../../../Engine/Shaders/Private/SlateVertexShader.usf" 3208
"../../../Engine/Shaders/Private/CompositeUIPixelShader.usf" 3209
"../../../Engine/Shaders/Private/ColorDeficiency.ush" 3210
"../../../Engine/Shaders/Private/SlatePostProcessColorDeficiencyPixelShader.usf" 3211
"../../../Engine/Shaders/Private/SlatePostProcessPixelShader.usf" 3212
"../../../Engine/Shaders/Private/Tools/VisualizeTexture.usf" 3213
"../../../Engine/Shaders/Private/UpdateDescriptorHandle.usf" 3214
"../../../Engine/Shaders/Private/ByteBuffer.usf" 3215
"../../../Engine/Shaders/Private/ShaderBundleWorkGraphDispatch.usf" 3216
"../../../Engine/Shaders/Private/ShaderBundleDispatch.usf" 3217
"../../../Engine/Shaders/Private/ResolveVertexShader.usf" 3218
"../../../Engine/Shaders/Private/ResolvePixelShader.usf" 3219
"../../../Engine/Shaders/Private/Tools/SetupIndirectArgs.usf" 3220
"../../../Engine/Shaders/Private/ClearReplacementShaders.usf" 3221
"../../../Engine/Shaders/Private/Tools/DrawTexture.usf" 3222
"../../../Engine/Shaders/Private/RayTracing/RayTracingValidation.usf" 3223
"../../../Engine/Shaders/Private/RenderGraphUtilities.usf" 3224
"../../../Engine/Shaders/Private/OneColorShader.usf" 3225
"../../../Engine/Shaders/Private/OculusShaders.usf" 3226
"../../../Engine/Shaders/Private/MediaShaders.usf" 3227
"../../../Engine/Shaders/Private/GPUMessaging.usf" 3228
"../../../Engine/Shaders/Private/Tools/GPUDebugCrashUtils.usf" 3229
"../../../Engine/Shaders/Private/NullPixelShader.usf" 3230
"../../../Engine/Shaders/Private/ComputeGenerateMips.usf" 3231
"../../../Engine/Shaders/Private/Tools/DumpTexture.usf" 3232
"../../../Engine/Shaders/Private/CopyTextureShaders.usf" 3233
"../../../Engine/Shaders/Private/Tools/FullscreenVertexShader.usf" 3234
"../../../Engine/Shaders/Private/RayTracing/RayTracingDispatchDesc.usf" 3235
"../../../Engine/Shaders/Private/Bink.usf" 3236
"../../../Engine/Shaders/Private/DepthOnlyPixelShader.usf" 3237
"../../../Engine/Shaders/Private/PositionOnlyDepthVertexShader.usf" 3238
"../../../Engine/Shaders/Private/DepthOnlyVertexShader.usf" 3239
"../../../Engine/Shaders/Private/AnisotropyPassShader.usf" 3240
"/Engine/EngineResources/WhiteSquareTexture" 3241
"../../../Engine/Content/EngineResources/WhiteSquareTexture.uasset" 3242
"/Engine/EngineResources/GradientTexture0" 3243
"../../../Engine/Content/EngineResources/GradientTexture0.uasset" 3244
"/Engine/EngineResources/Black" 3245
"../../../Engine/Content/EngineResources/Black.uasset" 3246
"/Engine/EditorResources/S_Actor" 3247
"../../../Engine/Content/EditorResources/S_Actor.uasset" 3248
"/Engine/EngineFonts/RobotoDistanceField" 3249
"../../../Engine/Content/EngineFonts/RobotoDistanceField.uasset" 3250
"/Engine/EngineMaterials/DefaultTextMaterialOpaque" 3251
"../../../Engine/Content/EngineMaterials/DefaultTextMaterialOpaque.uasset" 3252
"/Engine/Functions/Engine_MaterialFunctions01/Shading/PowerToRoughness" 3253
"../../../Engine/Content/Functions/Engine_MaterialFunctions01/Shading/PowerToRoughness.uasset" 3254
"/Engine/Functions/Engine_MaterialFunctions01/Shading/ConvertFromDiffSpec" 3255
"../../../Engine/Content/Functions/Engine_MaterialFunctions01/Shading/ConvertFromDiffSpec.uasset" 3256
"/Engine/EngineMaterials/WorldGridMaterial" 3257
"../../../Engine/Content/EngineMaterials/WorldGridMaterial.uasset" 3258
"../../../Engine/Content/Functions/Engine_MaterialFunctions01/Opacity/CameraDepthFade.uasset" 3259
"../../../Engine/Content/EngineMaterials/T_Default_Material_Grid_M.uasset" 3260
"../../../Engine/Content/EngineMaterials/T_Default_Material_Grid_N.uasset" 3261
"/Engine/EngineMaterials/DefaultDeferredDecalMaterial" 3262
"../../../Engine/Content/EngineMaterials/DefaultDeferredDecalMaterial.uasset" 3263
"../../../Engine/Content/EngineMaterials/DefaultDiffuse.uasset" 3264
"/Engine/EngineMaterials/DefaultLightFunctionMaterial" 3265
"../../../Engine/Content/EngineMaterials/DefaultLightFunctionMaterial.uasset" 3266
"/Engine/EngineMaterials/DefaultPostProcessMaterial" 3267
"../../../Engine/Content/EngineMaterials/DefaultPostProcessMaterial.uasset" 3268
"../../../Engine/Content/Functions/Engine_MaterialFunctions02/Utility/BreakOutFloat2Components.uasset" 3269
"/Engine/EditorResources/S_Trigger" 3270
"../../../Engine/Content/EditorResources/S_Trigger.uasset" 3271
"/Engine/EditorResources/S_BoxReflectionCapture" 3272
"../../../Engine/Content/EditorResources/S_BoxReflectionCapture.uasset" 3273
"/Engine/EngineResources/DefaultTexture" 3274
"../../../Engine/Content/EngineResources/DefaultTexture.uasset" 3275
"/Engine/EditorResources/S_TriggerBox" 3276
"../../../Engine/Content/EditorResources/S_TriggerBox.uasset" 3277
"/Engine/EditorResources/S_TriggerCapsule" 3278
"../../../Engine/Content/EditorResources/S_TriggerCapsule.uasset" 3279
"/Engine/EditorResources/S_TriggerSphere" 3280
"../../../Engine/Content/EditorResources/S_TriggerSphere.uasset" 3281
"/Engine/EngineMeshes/Sphere" 3282
"../../../Engine/Content/EngineMeshes/Sphere.uasset" 3283
"/Engine/EngineDamageTypes/DmgTypeBP_Environmental" 3284
"../../../Engine/Content/EngineDamageTypes/DmgTypeBP_Environmental.uasset" 3285
"/Engine/EngineResources/DefaultTextureCube" 3286
"../../../Engine/Content/EngineResources/DefaultTextureCube.uasset" 3287
"/Engine/EngineResources/DefaultVolumeTexture" 3288
"../../../Engine/Content/EngineResources/DefaultVolumeTexture.uasset" 3289
"../../../Engine/Content/EngineResources/DefaultVolumeTexture2D.uasset" 3290
"/Engine/EditorResources/S_Solver" 3291
"../../../Engine/Content/EditorResources/S_Solver.uasset" 3292
"/Engine/EngineDebugMaterials/VolumeToRender" 3293
"../../../Engine/Content/EngineDebugMaterials/VolumeToRender.uasset" 3294
"/Engine/EngineDebugMaterials/M_VolumeRenderSphereTracePP" 3295
"../../../Engine/Content/EngineDebugMaterials/M_VolumeRenderSphereTracePP.uasset" 3296
"../../../Engine/Content/Functions/Engine_MaterialFunctions02/Utility/CameraDirectionVector.uasset" 3297
"/Engine/EditorMeshes/Camera/SM_CraneRig_Base" 3298
"../../../Engine/Content/EditorMeshes/Camera/SM_CraneRig_Base.uasset" 3299
"../../../Engine/Content/EditorMaterials/Camera/MI_CineMat_Rig.uasset" 3300
"../../../Engine/Content/EditorMaterials/Camera/CineMat.uasset" 3301
"/Engine/EditorMeshes/Camera/SM_CraneRig_Arm" 3302
"../../../Engine/Content/EditorMeshes/Camera/SM_CraneRig_Arm.uasset" 3303
"/Engine/EditorMeshes/Camera/SM_CraneRig_Mount" 3304
"../../../Engine/Content/EditorMeshes/Camera/SM_CraneRig_Mount.uasset" 3305
"/Engine/EditorMeshes/Camera/SM_CraneRig_Body" 3306
"../../../Engine/Content/EditorMeshes/Camera/SM_CraneRig_Body.uasset" 3307
"/Engine/EditorMeshes/Camera/SM_RailRig_Track" 3308
"../../../Engine/Content/EditorMeshes/Camera/SM_RailRig_Track.uasset" 3309
"/Engine/EditorMeshes/Camera/SM_RailRig_Mount" 3310
"../../../Engine/Content/EditorMeshes/Camera/SM_RailRig_Mount.uasset" 3311
"/Engine/EditorLandscapeResources/SplineEditorMesh" 3312
"../../../Engine/Content/EditorLandscapeResources/SplineEditorMesh.uasset" 3313
"../../../Engine/Content/EditorLandscapeResources/SplineEditorMeshMat.uasset" 3314
"/HairStrands/Materials/HairDebugMaterial" 3315
"../../Plugins/Runtime/HairStrands/Content/Materials/HairDebugMaterial.uasset" 3316
"../../../Engine/Content/Functions/Engine_MaterialFunctions02/Utility/MakeFloat2.uasset" 3317
"../../../Engine/Content/Functions/Engine_MaterialFunctions02/Utility/MakeFloat3.uasset" 3318
"../../../Engine/Content/EngineMaterials/HairColorMap.uasset" 3319
"../../../Engine/Content/EngineMaterials/HairDebugColor.uasset" 3320
"../../Plugins/Runtime/HairStrands/Content/Materials/HairGroupColors.uasset" 3321
"/HairStrands/Materials/HairDefaultMaterial" 3322
"../../Plugins/Runtime/HairStrands/Content/Materials/HairDefaultMaterial.uasset" 3323
"/HairStrands/Materials/HairCardsDefaultMaterial" 3324
"../../Plugins/Runtime/HairStrands/Content/Materials/HairCardsDefaultMaterial.uasset" 3325
"/HairStrands/Materials/HairMeshesDefaultMaterial" 3326
"../../Plugins/Runtime/HairStrands/Content/Materials/HairMeshesDefaultMaterial.uasset" 3327
"/Engine/EngineMaterials/Widget3DPassThrough_Translucent" 3328
"../../../Engine/Content/EngineMaterials/Widget3DPassThrough_Translucent.uasset" 3329
"../../../Engine/Content/EngineMaterials/Widget3DPassThrough.uasset" 3330
"/Engine/EngineMaterials/Widget3DPassThrough_Translucent_OneSided" 3331
"../../../Engine/Content/EngineMaterials/Widget3DPassThrough_Translucent_OneSided.uasset" 3332
"/Engine/EngineMaterials/Widget3DPassThrough_Opaque" 3333
"../../../Engine/Content/EngineMaterials/Widget3DPassThrough_Opaque.uasset" 3334
"/Engine/EngineMaterials/Widget3DPassThrough_Opaque_OneSided" 3335
"../../../Engine/Content/EngineMaterials/Widget3DPassThrough_Opaque_OneSided.uasset" 3336
"/Engine/EngineMaterials/Widget3DPassThrough_Masked" 3337
"../../../Engine/Content/EngineMaterials/Widget3DPassThrough_Masked.uasset" 3338
"/Engine/EngineMaterials/Widget3DPassThrough_Masked_OneSided" 3339
"../../../Engine/Content/EngineMaterials/Widget3DPassThrough_Masked_OneSided.uasset" 3340
"/Engine/VREditor/ViewportInteractionAssetContainerData" 3341
"../../../Engine/Content/VREditor/ViewportInteractionAssetContainerData.uasset" 3342
"../../../Engine/Content/VREditor/SnapGrid/SnapGridMaterial.uasset" 3343
"../../../Engine/Content/VREditor/TransformGizmo/TransformGizmoMaterial_Inst.uasset" 3344
"../../../Engine/Content/VREditor/TransformGizmo/TranslucentTransformGizmoMaterial_Inst.uasset" 3345
"../../../Engine/Content/VREditor/SnapGrid/SnapGridPlaneMesh.uasset" 3346
"../../../Engine/Content/VREditor/Sounds/UI/Drop_Item_From_ContentBrowser.uasset" 3347
"../../../Engine/Content/VREditor/Sounds/UI/Gizmo_Handle_Clicked.uasset" 3348
"../../../Engine/Content/VREditor/Sounds/UI/Object_PickUp.uasset" 3349
"../../../Engine/Content/VREditor/Sounds/UI/Object_Snaps_To_Another_Actor.uasset" 3350
"../../../Engine/Content/VREditor/Sounds/UI/Object_Snaps_To_Grid.uasset" 3351
"../../../Engine/Content/VREditor/Sounds/UI/Scaling_Down.uasset" 3352
"../../../Engine/Content/VREditor/Sounds/UI/Scaling_Up.uasset" 3353
"../../../Engine/Content/VREditor/Sounds/UI/Selection_Changes.uasset" 3354
"../../../Engine/Content/VREditor/TransformGizmo/PlaneTranslationHandle.uasset" 3355
"../../../Engine/Content/VREditor/TransformGizmo/RotationHandleFull.uasset" 3356
"../../../Engine/Content/VREditor/TransformGizmo/RotationHandleIndicator.uasset" 3357
"../../../Engine/Content/VREditor/TransformGizmo/RotationHandleQuarter.uasset" 3358
"../../../Engine/Content/VREditor/TransformGizmo/StartRotationHandleIndicator.uasset" 3359
"../../../Engine/Content/VREditor/TransformGizmo/TransformGizmoFreeRotation.uasset" 3360
"../../../Engine/Content/VREditor/TransformGizmo/TranslateArrowHandle.uasset" 3361
"../../../Engine/Content/VREditor/TransformGizmo/UniformScaleHandle.uasset" 3362
"../../../Engine/Content/Functions/Engine_MaterialFunctions02/Math/Transform3x3Matrix.uasset" 3363
"../../../Engine/Content/Functions/Engine_MaterialFunctions02/SplitComponents.uasset" 3364
"../../../Engine/Content/VREditor/TransformGizmo/TransformGizmoMaterial.uasset" 3365
"../../../Engine/Content/VREditor/TransformGizmo/TranslucentTransformGizmoMaterial.uasset" 3366
"../../../Engine/Content/Functions/Engine_MaterialFunctions02/Utility/BreakOutFloat3Components.uasset" 3367
"../../../Engine/Content/VREditor/LaserPointer/VR_LaserPower_01.uasset" 3368
"/Engine/VREditor/TransformGizmo/BoundingBoxCorner" 3369
"../../../Engine/Content/VREditor/TransformGizmo/BoundingBoxCorner.uasset" 3370
"/Engine/VREditor/TransformGizmo/BoundingBoxEdge" 3371
"../../../Engine/Content/VREditor/TransformGizmo/BoundingBoxEdge.uasset" 3372
"/Engine/ArtTools/RenderToTexture/Meshes/S_1_Unit_Plane" 3373
"../../../Engine/Content/ArtTools/RenderToTexture/Meshes/S_1_Unit_Plane.uasset" 3374
"/Engine/EngineDebugMaterials/M_SimpleUnlitTranslucent" 3375
"../../../Engine/Content/EngineDebugMaterials/M_SimpleUnlitTranslucent.uasset" 3376
"/Engine/EngineFonts/Roboto" 3377
"../../../Engine/Content/EngineFonts/Roboto.uasset" 3378
"../../../Engine/Content/EngineFonts/Faces/DroidSansFallback.uasset" 3379
"../../../Engine/Content/EngineFonts/Faces/RobotoBold.uasset" 3380
"../../../Engine/Content/EngineFonts/Faces/RobotoBoldItalic.uasset" 3381
"../../../Engine/Content/EngineFonts/Faces/RobotoItalic.uasset" 3382
"../../../Engine/Content/EngineFonts/Faces/RobotoLight.uasset" 3383
"../../../Engine/Content/EngineFonts/Faces/RobotoRegular.uasset" 3384
"/Engine/EditorMaterials/ParticleSystems/PSysThumbnail_NoImage" 3385
"../../../Engine/Content/EditorMaterials/ParticleSystems/PSysThumbnail_NoImage.uasset" 3386
"/Engine/EditorMaterials/ParticleSystems/PSysThumbnail_OOD" 3387
"../../../Engine/Content/EditorMaterials/ParticleSystems/PSysThumbnail_OOD.uasset" 3388
"/Engine/EngineResources/LandscapeVisibilityLayerInfo" 3389
"../../../Engine/Content/EngineResources/LandscapeVisibilityLayerInfo.uasset" 3390
"/ACLPlugin/ACLAnimBoneCompressionSettings" 3391
"../../Plugins/Animation/ACLPlugin/Content/ACLAnimBoneCompressionSettings.uasset" 3392
"/Engine/Animation/DefaultRecorderBoneCompression" 3393
"../../../Engine/Content/Animation/DefaultRecorderBoneCompression.uasset" 3394
"/ACLPlugin/ACLAnimCurveCompressionSettings" 3395
"../../Plugins/Animation/ACLPlugin/Content/ACLAnimCurveCompressionSettings.uasset" 3396
"/Engine/Animation/DefaultVariableFrameStrippingSettings" 3397
"../../../Engine/Content/Animation/DefaultVariableFrameStrippingSettings.uasset" 3398
"/ControlRig/Controls/ControlRigXRayMaterial" 3399
"../../Plugins/Animation/ControlRig/Content/Controls/ControlRigXRayMaterial.uasset" 3400
"/ControlRig/Controls/DefaultGizmoLibraryNormalized" 3401
"../../Plugins/Animation/ControlRig/Content/Controls/DefaultGizmoLibraryNormalized.uasset" 3402
"/AudioWidgets/Resources/ScrubHandleDown_Clamped" 3403
"../../Plugins/Runtime/AudioWidgets/Content/Resources/ScrubHandleDown_Clamped.uasset" 3404
"/WebBrowserWidget/WebTexture_M" 3405
"../../Plugins/Runtime/WebBrowserWidget/Content/WebTexture_M.uasset" 3406
"../../Plugins/Runtime/WebBrowserWidget/Content/WebTexture_T.uasset" 3407
"/WebBrowserWidget/WebTexture_TM" 3408
"../../Plugins/Runtime/WebBrowserWidget/Content/WebTexture_TM.uasset" 3409
"/Paper2D/MaskedUnlitSpriteMaterial" 3410
"../../Plugins/2D/Paper2D/Content/MaskedUnlitSpriteMaterial.uasset" 3411
"../../Plugins/2D/Paper2D/Content/DefaultSpriteMaterial.uasset" 3412
"../../Plugins/2D/Paper2D/Content/PlaceholderTextures/DummySpriteTexture.uasset" 3413
"/Paper2D/OpaqueUnlitSpriteMaterial" 3414
"../../Plugins/2D/Paper2D/Content/OpaqueUnlitSpriteMaterial.uasset" 3415
"/Paper2D/DefaultPaperTerrainMaterial" 3416
"../../Plugins/2D/Paper2D/Content/DefaultPaperTerrainMaterial.uasset" 3417
"../../Plugins/2D/Paper2D/Content/DummySprite.uasset" 3418
"/ControlRig/M_Manip" 3419
"../../Plugins/Animation/ControlRig/Content/M_Manip.uasset" 3420
"../../../Engine/Content/Functions/Engine_MaterialFunctions02/WorldPositionOffset/CameraOffset.uasset" 3421
"/Game/GameContent/Enemies/Zombies/MeleeZombie/BP_StandardZombie" 3422
"../../../../Unreal-Zombie-Shooter/Zombie_Shooter/Content/GameContent/Enemies/Zombies/MeleeZombie/BP_StandardZombie.uasset" 3423
"../../../../Unreal-Zombie-Shooter/Zombie_Shooter/Content/GameContent/Enemies/Zombies/MeleeZombie/Animations/ABP_Snapper_Zombie.uasset" 3424
"../../../../Unreal-Zombie-Shooter/Zombie_Shooter/Content/GameContent/Enemies/Zombies/MeleeZombie/Animations/AM_Snapper_Headbutt_Attack.uasset" 3425
"../../../../Unreal-Zombie-Shooter/Zombie_Shooter/Content/GameContent/Enemies/Zombies/MeleeZombie/Animations/AM_Snapper_Spawn.uasset" 3426
"../../../../Unreal-Zombie-Shooter/Zombie_Shooter/Content/GameContent/Enemies/Zombies/MeleeZombie/Animations/AM_Zombie_MeleeDeath.uasset" 3427
"../../../../Unreal-Zombie-Shooter/Zombie_Shooter/Content/GameContent/Enemies/Zombies/Behaviours/BT_Zombie.uasset" 3428
"../../../../Unreal-Zombie-Shooter/Zombie_Shooter/Content/GameContent/Actors/EffectActors/BP_HealthKit.uasset" 3429
"../../../../Unreal-Zombie-Shooter/Zombie_Shooter/Content/GameContent/AttributeSets/EnemieAttributes/ZombieAttributes/GE_MeleeZombie_PrimaryAttributes.uasset" 3430
"../../../../Unreal-Zombie-Shooter/Zombie_Shooter/Content/GameContent/AttributeSets/EnemieAttributes/ZombieAttributes/GE_MeleeZombie_VitalAttributes.uasset" 3431
"../../../../Unreal-Zombie-Shooter/Zombie_Shooter/Content/GameContent/Controllers/BP_ZombieController.uasset" 3432
"../../../../Unreal-Zombie-Shooter/Zombie_Shooter/Content/GameContent/GameAbilities/GA_ZombieDeath.uasset" 3433
"../../../../Unreal-Zombie-Shooter/Zombie_Shooter/Content/GameContent/GameAbilities/GA_ZombieSpawnAnim.uasset" 3434
"../../../../Unreal-Zombie-Shooter/Zombie_Shooter/Content/GameContent/GameAbilities/ZombieAbilites/GA_ZombieBasicAttack.uasset" 3435
"../../../../Unreal-Zombie-Shooter/Zombie_Shooter/Content/Fab/Zombie_Snapper_-_Hand_Painted_Series/zombie_snapper/SkeletalMeshes/zombie_snapper.uasset" 3436
"../../../../Unreal-Zombie-Shooter/Zombie_Shooter/Content/GameContent/UI/Widgets/WBP_ZombieHealthBar.uasset" 3437
"../../../../Unreal-Zombie-Shooter/Zombie_Shooter/Content/GameContent/Enemies/Zombies/MeleeZombie/Animations/ABP_Zombie.uasset" 3438
"../../../../Unreal-Zombie-Shooter/Zombie_Shooter/Content/GameContent/Enemies/Zombies/MeleeZombie/Animations/BS_Snapper_IdleRun.uasset" 3439
"../../../../Unreal-Zombie-Shooter/Zombie_Shooter/Content/Fab/Zombie_Snapper_-_Hand_Painted_Series/zombie_snapper/SkeletalMeshes/zombie_snapper_Skeleton.uasset" 3440
"../../../../Unreal-Zombie-Shooter/Zombie_Shooter/Content/GameContent/Enemies/Zombies/MeleeZombie/Animations/zombie_snapper_Hit_Attack.uasset" 3441
"../../../../Unreal-Zombie-Shooter/Zombie_Shooter/Content/GameContent/AnimNotifies/AN_EventNotify.uasset" 3442
"../../../../Unreal-Zombie-Shooter/Zombie_Shooter/Content/GameContent/Enemies/Zombies/MeleeZombie/Animations/zombie_snapper_Spawn.uasset" 3443
"../../../../Unreal-Zombie-Shooter/Zombie_Shooter/Content/GameContent/Enemies/Zombies/MeleeZombie/Animations/zombie_snapper_Death.uasset" 3444
"../../../../Unreal-Zombie-Shooter/Zombie_Shooter/Content/GameContent/Enemies/Zombies/Behaviours/BB_Zombie.uasset" 3445
"../../../../Unreal-Zombie-Shooter/Zombie_Shooter/Content/GameContent/BehaviourTree/Tasks/BTT_Attack.uasset" 3446
"../../../../Unreal-Zombie-Shooter/Zombie_Shooter/Content/GameContent/Enemies/Zombies/Behaviours/BTS_FindNearestPlayer.uasset" 3447
"../../../../Unreal-Zombie-Shooter/Zombie_Shooter/Content/GameContent/BehaviourTree/EQS/EQ_MeleeSelectPointAroundPlayer.uasset" 3448
"../../../../Unreal-Zombie-Shooter/Zombie_Shooter/Content/GameContent/BehaviourTree/EQS/EQ_Roam.uasset" 3449
"../../../../Unreal-Zombie-Shooter/Zombie_Shooter/Content/GameContent/GameplayEffects/GE_HealthKit.uasset" 3450
"../../../../Unreal-Zombie-Shooter/Zombie_Shooter/Content/Assets/Medkit/HealthKitMat2.uasset" 3451
"../../../../Unreal-Zombie-Shooter/Zombie_Shooter/Content/Assets/Medkit/Healthkit.uasset" 3452
"../../../Engine/Content/EditorBlueprintResources/StandardMacros.uasset" 3453
"../../../../Unreal-Zombie-Shooter/Zombie_Shooter/Content/GameContent/GameplayEffects/GE_ZombieMeleeDamage.uasset" 3454
"../../../../Unreal-Zombie-Shooter/Zombie_Shooter/Content/GameContent/EffectData/DamageData/CT_ZombieMeleeDamage.uasset" 3455
"../../../../Unreal-Zombie-Shooter/Zombie_Shooter/Content/Fab/Zombie_Snapper_-_Hand_Painted_Series/zombie_snapper/Materials/zombi_snapper.uasset" 3456
"../../../../Unreal-Zombie-Shooter/Zombie_Shooter/Content/Fab/Zombie_Snapper_-_Hand_Painted_Series/zombie_snapper/Materials/zombi_snapper_alph.uasset" 3457
"../../../../Unreal-Zombie-Shooter/Zombie_Shooter/Content/Fab/Zombie_Snapper_-_Hand_Painted_Series/zombie_snapper/SkeletalMeshes/zombie_snapper_PhysicsAsset.uasset" 3458
"../../../../Unreal-Zombie-Shooter/Zombie_Shooter/Content/GameContent/Enemies/Zombies/MeleeZombie/Animations/zombie_snapper_Run.uasset" 3459
"../../../../Unreal-Zombie-Shooter/Zombie_Shooter/Content/GameContent/Enemies/Zombies/MeleeZombie/Animations/zombie_snapper_idle.uasset" 3460
"../../../../Unreal-Zombie-Shooter/Zombie_Shooter/Content/GameContent/Enemies/Zombies/MeleeZombie/Animations/zombie_snapper_Walk.uasset" 3461
"../../../../Unreal-Zombie-Shooter/Zombie_Shooter/Content/GameContent/Enemies/Zombies/Behaviours/E_Zombie_ClassType.uasset" 3462
"../../../../Unreal-Zombie-Shooter/Zombie_Shooter/Content/GameContent/BehaviourTree/EQS/EQS_PlayerContext.uasset" 3463
"../../../../Unreal-Zombie-Shooter/Zombie_Shooter/Content/Assets/Medkit/Textures/Healthkit_New_blinn2_BaseColor.uasset" 3464
"../../../../Unreal-Zombie-Shooter/Zombie_Shooter/Content/Assets/Medkit/Textures/Healthkit_New_blinn2_Normal.uasset" 3465
"../../../../Unreal-Zombie-Shooter/Zombie_Shooter/Content/Assets/Medkit/Textures/Healthkit_New_blinn2_OcclusionRoughnessMetallic.uasset" 3466
"../../../../Unreal-Zombie-Shooter/Zombie_Shooter/Content/Assets/Medkit/HealthKitMat.uasset" 3467
"../../../../Unreal-Zombie-Shooter/Zombie_Shooter/Content/Assets/Medkit/HealthKitMat3.uasset" 3468
"../../Plugins/Interchange/Assets/Content/gltf/MaterialInstances/MI_Default_Opaque_DS.uasset" 3469
"../../../../Unreal-Zombie-Shooter/Zombie_Shooter/Content/Fab/Zombie_Snapper_-_Hand_Painted_Series/zombie_snapper/Textures/zombie_snapper_texture_1.uasset" 3470
"../../../../Unreal-Zombie-Shooter/Zombie_Shooter/Content/Fab/Zombie_Snapper_-_Hand_Painted_Series/zombie_snapper/Textures/zombie_snapper_texture_2.uasset" 3471
"../../../../Unreal-Zombie-Shooter/Zombie_Shooter/Content/Fab/Zombie_Snapper_-_Hand_Painted_Series/zombie_snapper/Textures/zombie_snapper_texture_3.uasset" 3472
"../../Plugins/Interchange/Assets/Content/gltf/MaterialInstances/MI_Default_Blend_DS.uasset" 3473
"../../../../Unreal-Zombie-Shooter/Zombie_Shooter/Content/Fab/Zombie_Snapper_-_Hand_Painted_Series/zombie_snapper/Textures/zombie_snapper_texture_0.uasset" 3474
"../../../../Unreal-Zombie-Shooter/Zombie_Shooter/Content/Assets/Medkit/Textures/Healthkit_New_blinn1_BaseColor.uasset" 3475
"../../../../Unreal-Zombie-Shooter/Zombie_Shooter/Content/Assets/Medkit/Textures/Healthkit_New_blinn1_Normal.uasset" 3476
"../../../../Unreal-Zombie-Shooter/Zombie_Shooter/Content/Assets/Medkit/Textures/Healthkit_New_blinn1_OcclusionRoughnessMetallic.uasset" 3477
"../../Plugins/Interchange/Assets/Content/gltf/M_Default.uasset" 3478
"../../Plugins/Interchange/Assets/Content/Functions/MF_IridescenceNoLUT.uasset" 3479
"../../Plugins/Interchange/Assets/Content/gltf/MaterialBodies/MF_Default_Body.uasset" 3480
"../../Plugins/Interchange/Assets/Content/gltf/MaterialFunctions/MF_BaseColor.uasset" 3481
"../../Plugins/Interchange/Assets/Content/gltf/MaterialFunctions/MF_Emissive.uasset" 3482
"../../Plugins/Interchange/Assets/Content/gltf/MaterialFunctions/MF_IOR.uasset" 3483
"../../Plugins/Interchange/Assets/Content/gltf/MaterialFunctions/MF_Iridescence.uasset" 3484
"../../Plugins/Interchange/Assets/Content/gltf/MaterialFunctions/MF_MetallicRoughness.uasset" 3485
"../../Plugins/Interchange/Assets/Content/gltf/MaterialFunctions/MF_Normals.uasset" 3486
"../../Plugins/Interchange/Assets/Content/gltf/MaterialFunctions/MF_Occlusion.uasset" 3487
"../../Plugins/Interchange/Assets/Content/gltf/MaterialFunctions/MF_RotateNormals_TS.uasset" 3488
"../../Plugins/Interchange/Assets/Content/gltf/MaterialFunctions/MF_RotateV2.uasset" 3489
"../../Plugins/Interchange/Assets/Content/gltf/MaterialFunctions/MF_ScaleNormal.uasset" 3490
"../../Plugins/Interchange/Assets/Content/gltf/MaterialFunctions/MF_Specular.uasset" 3491
"../../Plugins/Interchange/Assets/Content/gltf/MaterialFunctions/MF_SpecularAnisotropy.uasset" 3492
"../../Plugins/Interchange/Assets/Content/gltf/MaterialFunctions/MF_TransformUVs.uasset" 3493
"../../Plugins/Interchange/Assets/Content/gltf/Textures/T_Anisotropy_Direction_Linear.uasset" 3494
"../../Plugins/Interchange/Assets/Content/gltf/Textures/T_Generic_N.uasset" 3495
"../../Plugins/Interchange/Assets/Content/gltf/Textures/T_White_Linear.uasset" 3496
"../../Plugins/Interchange/Assets/Content/gltf/Textures/T_White_srgb.uasset" 3497
"/Game/GameContent/Enemies/Zombies/RangedZombie/BP_RangerSkeleton" 3498
"../../../../Unreal-Zombie-Shooter/Zombie_Shooter/Content/GameContent/Enemies/Zombies/RangedZombie/BP_RangerSkeleton.uasset" 3499
"../../../../Unreal-Zombie-Shooter/Zombie_Shooter/Content/GameContent/Enemies/Zombies/RangedZombie/Animations/ABP_RangedSkeleton.uasset" 3500
"../../../../Unreal-Zombie-Shooter/Zombie_Shooter/Content/GameContent/Enemies/Zombies/RangedZombie/Animations/AM_Ranged_Skeleton_Death.uasset" 3501
"../../../../Unreal-Zombie-Shooter/Zombie_Shooter/Content/GameContent/Enemies/Zombies/RangedZombie/Animations/AM_Ranged_Skeleton_Spawn.uasset" 3502
"../../../../Unreal-Zombie-Shooter/Zombie_Shooter/Content/GameContent/Actors/EffectActors/BP_UpgradeActorBase.uasset" 3503
"../../../../Unreal-Zombie-Shooter/Zombie_Shooter/Content/GameContent/GameAbilities/ZombieAbilites/GA_SkeletonBasicAttack.uasset" 3504
"../../../../Unreal-Zombie-Shooter/Zombie_Shooter/Content/Fab/Skeleton_Archer_-_Hand_Painted_Series/skeleton_archer/SkeletalMeshes/skeleton_archer.uasset" 3505
"../../../../Unreal-Zombie-Shooter/Zombie_Shooter/Content/GameContent/Enemies/Zombies/RangedZombie/Animations/BS_RangedSkeleton_IdleRun.uasset" 3506
"../../../../Unreal-Zombie-Shooter/Zombie_Shooter/Content/GameContent/Enemies/Zombies/RangedZombie/Animations/A_Ranged_Skeleton_Death.uasset" 3507
"../../../../Unreal-Zombie-Shooter/Zombie_Shooter/Content/Fab/Skeleton_Archer_-_Hand_Painted_Series/skeleton_archer/SkeletalMeshes/skeleton_archer_Skeleton.uasset" 3508
"../../../../Unreal-Zombie-Shooter/Zombie_Shooter/Content/GameContent/Enemies/Zombies/RangedZombie/Animations/A_Ranged_Zombie_Full_Ground_Spawn.uasset" 3509
"../../../../Unreal-Zombie-Shooter/Zombie_Shooter/Content/GameContent/AttributeSets/PlayerAttributes/GE_PlayerUpgrades.uasset" 3510
"../../../../Unreal-Zombie-Shooter/Zombie_Shooter/Content/StarterContent/Materials/M_Metal_Gold.uasset" 3511
"../../../../Unreal-Zombie-Shooter/Zombie_Shooter/Content/Assets/Capsules/Capsule_with_insert.uasset" 3512
"../../../../Unreal-Zombie-Shooter/Zombie_Shooter/Content/GameContent/Enemies/Zombies/RangedZombie/Animations/AM_Ranged_Skeleton_QuickShot.uasset" 3513
"../../../../Unreal-Zombie-Shooter/Zombie_Shooter/Content/GameContent/Actors/EffectActors/BP_ArrowProjectile.uasset" 3514
"../../../../Unreal-Zombie-Shooter/Zombie_Shooter/Content/GameContent/GameplayEffects/GE_SkeletonArrowDamage.uasset" 3515
"../../../../Unreal-Zombie-Shooter/Zombie_Shooter/Content/GameContent/EffectData/DamageData/CT_SkeletonArrowDamage.uasset" 3516
"../../../../Unreal-Zombie-Shooter/Zombie_Shooter/Content/Fab/Skeleton_Archer_-_Hand_Painted_Series/skeleton_archer/Materials/skel_archer.uasset" 3517
"../../../../Unreal-Zombie-Shooter/Zombie_Shooter/Content/Fab/Skeleton_Archer_-_Hand_Painted_Series/skeleton_archer/Materials/skel_archer_transp.uasset" 3518
"../../../../Unreal-Zombie-Shooter/Zombie_Shooter/Content/Fab/Skeleton_Archer_-_Hand_Painted_Series/skeleton_archer/SkeletalMeshes/skeleton_archer_PhysicsAsset.uasset" 3519
"../../../../Unreal-Zombie-Shooter/Zombie_Shooter/Content/GameContent/Enemies/Zombies/RangedZombie/Animations/A_Ranged_Skeleton_Idle.uasset" 3520
"../../../../Unreal-Zombie-Shooter/Zombie_Shooter/Content/GameContent/Enemies/Zombies/RangedZombie/Animations/A_Ranged_Zombie_Walk.uasset" 3521
"../../../../Unreal-Zombie-Shooter/Zombie_Shooter/Content/GameContent/Enemies/Zombies/RangedZombie/Animations/A_Rnaged_Skeleton_Run.uasset" 3522
"../../../../Unreal-Zombie-Shooter/Zombie_Shooter/Content/GameContent/EffectData/UpgradeData/CT_PlayerUpgrades.uasset" 3523
"../../../../Unreal-Zombie-Shooter/Zombie_Shooter/Content/StarterContent/Textures/T_MacroVariation.uasset" 3524
"../../../../Unreal-Zombie-Shooter/Zombie_Shooter/Content/StarterContent/Textures/T_Metal_Gold_D.uasset" 3525
"../../../../Unreal-Zombie-Shooter/Zombie_Shooter/Content/StarterContent/Textures/T_Metal_Gold_N.uasset" 3526
"../../../../Unreal-Zombie-Shooter/Zombie_Shooter/Content/Assets/Capsules/Textures/Capsule_Insert_Body.uasset" 3527
"../../../../Unreal-Zombie-Shooter/Zombie_Shooter/Content/Assets/Capsules/Textures/Capsule_Top.uasset" 3528
"../../../../Unreal-Zombie-Shooter/Zombie_Shooter/Content/GameContent/Enemies/Zombies/RangedZombie/Animations/A_Ranged_Skeleton_Quick_Shot.uasset" 3529
"../../../../Unreal-Zombie-Shooter/Zombie_Shooter/Content/GameContent/GameplayEffects/GE_GunDamage.uasset" 3530
"../../../../Unreal-Zombie-Shooter/Zombie_Shooter/Content/LP_LiteWeapons_JC/Models/SM_BulletLite_02.uasset" 3531
"../../../../Unreal-Zombie-Shooter/Zombie_Shooter/Content/Fab/Skeleton_Archer_-_Hand_Painted_Series/skeleton_archer/Textures/skeleton_archer_texture_0.uasset" 3532
"../../../../Unreal-Zombie-Shooter/Zombie_Shooter/Content/Fab/Skeleton_Archer_-_Hand_Painted_Series/skeleton_archer/Textures/skeleton_archer_texture_1.uasset" 3533
"../../../../Unreal-Zombie-Shooter/Zombie_Shooter/Content/Fab/Skeleton_Archer_-_Hand_Painted_Series/skeleton_archer/Textures/skeleton_archer_texture_2.uasset" 3534
"../../../../Unreal-Zombie-Shooter/Zombie_Shooter/Content/Fab/Skeleton_Archer_-_Hand_Painted_Series/skeleton_archer/Textures/skeleton_archer_texture_3.uasset" 3535
"../../../../Unreal-Zombie-Shooter/Zombie_Shooter/Content/Assets/Capsules/Textures/Capsule/Capsule_with_insert/Capsule_with_insert_Make_me_glow_u_whore_BaseColor.uasset" 3536
"../../../../Unreal-Zombie-Shooter/Zombie_Shooter/Content/Assets/Capsules/Textures/Capsule/Capsule_with_insert/Capsule_with_insert_Make_me_glow_u_whore_Normal.uasset" 3537
"../../../../Unreal-Zombie-Shooter/Zombie_Shooter/Content/Assets/Capsules/Textures/Capsule/Capsule_with_insert/Capsule_with_insert_Make_me_glow_u_whore_OcclusionRoughnessMetallic.uasset" 3538
"../../../../Unreal-Zombie-Shooter/Zombie_Shooter/Content/Assets/Capsules/Textures/Capsule/Capsule_with_insert/Capsule_with_insert_Capsule_Tops_BaseColor.uasset" 3539
"../../../../Unreal-Zombie-Shooter/Zombie_Shooter/Content/Assets/Capsules/Textures/Capsule/Capsule_with_insert/Capsule_with_insert_Capsule_Tops_Normal.uasset" 3540
"../../../../Unreal-Zombie-Shooter/Zombie_Shooter/Content/Assets/Capsules/Textures/Capsule/Capsule_with_insert/Capsule_with_insert_Capsule_Tops_OcclusionRoughnessMetallic.uasset" 3541
"../../../../Unreal-Zombie-Shooter/Zombie_Shooter/Content/LP_LiteWeapons_JC/Materials/M_LiteWepons_01.uasset" 3542
"../../../../Unreal-Zombie-Shooter/Zombie_Shooter/Content/LP_LiteWeapons_JC/Textures/T_Texture_01.uasset" 3543
"../../../Engine/Config/BaseUnrealInsightsSettings.ini" 3544
"/SpeedTreeImporter/SpeedTree9/SpeedTreeMaster" 3545
"../../Plugins/Editor/SpeedTreeImporter/Content/SpeedTree9/SpeedTreeMaster.uasset" 3546
"../../../Engine/Content/Functions/Engine_MaterialFunctions02/ObjectLocalBounds.uasset" 3547
"../../../Engine/Content/Functions/Engine_MaterialFunctions02/SafeNormalize.uasset" 3548
"../../../Engine/Content/Functions/Engine_MaterialFunctions02/Utility/VectorLength.uasset" 3549
"../../../Engine/Content/Functions/Engine_MaterialFunctions02/UVs/BoundingBoxBased_0-1_UVW.uasset" 3550
"../../../Engine/Content/Functions/Engine_MaterialFunctions02/WorldPositionOffset/ObjectScale.uasset" 3551
"../../Plugins/Editor/SpeedTreeImporter/Content/SpeedTree9/SpeedTreeBranchMotion.uasset" 3552
"../../Plugins/Editor/SpeedTreeImporter/Content/SpeedTree9/SpeedTreeCameraFacing.uasset" 3553
"../../Plugins/Editor/SpeedTreeImporter/Content/SpeedTree9/SpeedTreeWind.uasset" 3554
"../../Plugins/Editor/SpeedTreeImporter/Content/SpeedTree9/SpeedTreeWindMotion.uasset" 3555
"../../Plugins/Editor/SpeedTreeImporter/Content/SpeedTree9/UnpackDirection.uasset" 3556
"../../Plugins/Editor/SpeedTreeImporter/Content/SpeedTree9/UnpackInteger3.uasset" 3557
"../../Plugins/Editor/SpeedTreeImporter/Content/SpeedTree9/Empty.uasset" 3558
"../../Plugins/Editor/SpeedTreeImporter/Content/SpeedTree9/EmptyNormal.uasset" 3559
"../../Plugins/Editor/SpeedTreeImporter/Content/SpeedTree9/game_wind_noise.uasset" 3560
"/SpeedTreeImporter/SpeedTree9/SpeedTreeBillboardMaster" 3561
"../../Plugins/Editor/SpeedTreeImporter/Content/SpeedTree9/SpeedTreeBillboardMaster.uasset" 3562
"../../Plugins/Editor/SpeedTreeImporter/Content/SpeedTree9/SpeedTreeBillboard.uasset" 3563
"/MediaPlate/SM_MediaPlateScreen" 3564
"../../Plugins/Media/MediaPlate/Content/SM_MediaPlateScreen.uasset" 3565
"../../../Engine/Intermediate/ProjectFiles/PrimaryProjectPath.txt" 3566
"E:/Repos/UnrealEngine-5.7-Source/Default.uprojectdirs" 3567
"/Engine/BasicShapes/BasicShapeMaterial" 3568
"../../../Engine/Content/BasicShapes/BasicShapeMaterial.uasset" 3569
"/Engine/EditorMaterials/Dataflow/DataflowVertexMaterial" 3570
"../../../Engine/Content/EditorMaterials/Dataflow/DataflowVertexMaterial.uasset" 3571
"/Engine/EditorMaterials/Dataflow/DataflowTwoSidedVertexMaterial" 3572
"../../../Engine/Content/EditorMaterials/Dataflow/DataflowTwoSidedVertexMaterial.uasset" 3573
"/MeshModelingToolsetExp/Materials/PointSetOverlaidComponentMaterial" 3574
"../../Plugins/Experimental/MeshModelingToolsetExp/Content/Materials/PointSetOverlaidComponentMaterial.uasset" 3575
"../../../Engine/Content/Functions/Engine_MaterialFunctions02/Utility/FOV.uasset" 3576
"../../../Engine/Content/Functions/Engine_MaterialFunctions02/WorldPositionOffset/V2/ObjectScale.uasset" 3577
"../../../Engine/Content/Functions/Engine_MaterialFunctions03/Viewport/MF_OrthoWidth.uasset" 3578
"../../Plugins/Experimental/MeshModelingToolsetExp/Content/Materials/GetDisplacementVectorForDepthBias.uasset" 3579
"E:/Repos/UnrealEngine-5.7-Source/Engine//Binaries/Win64/BaseTextureBuildWorker.Target" 3580
"../../../Engine/Binaries/Win64/BaseTextureBuildWorker.exe" 3581
"/Engine/EditorLandscapeResources/LayerVisMaterial" 3582
"../../../Engine/Content/EditorLandscapeResources/LayerVisMaterial.uasset" 3583
"../../../Engine/Content/EditorLandscapeResources/WhiteSquareTexture.uasset" 3584
"/Engine/EditorLandscapeResources/SelectBrushMaterial_Selected" 3585
"../../../Engine/Content/EditorLandscapeResources/SelectBrushMaterial_Selected.uasset" 3586
"../../../Engine/Content/EditorLandscapeResources/SelectBrushMaterial.uasset" 3587
"../../../Engine/Content/Functions/Engine_MaterialFunctions03/Math/WithinRangeFloat2.uasset" 3588
"../../../Engine/Content/EditorLandscapeResources/DefaultAlphaTexture.uasset" 3589
"/Engine/EditorLandscapeResources/SelectBrushMaterial_SelectedRegion" 3590
"../../../Engine/Content/EditorLandscapeResources/SelectBrushMaterial_SelectedRegion.uasset" 3591
"/Engine/EditorLandscapeResources/MaskBrushMaterial_MaskedRegion" 3592
"../../../Engine/Content/EditorLandscapeResources/MaskBrushMaterial_MaskedRegion.uasset" 3593
"../../../Engine/Content/EditorLandscapeResources/MaskBrushMaterial.uasset" 3594
"/Engine/EditorLandscapeResources/ColorMaskBrushMaterial_MaskedRegion" 3595
"../../../Engine/Content/EditorLandscapeResources/ColorMaskBrushMaterial_MaskedRegion.uasset" 3596
"../../../Engine/Content/EditorLandscapeResources/ColorMaskBrushMaterial.uasset" 3597
"/Engine/EditorLandscapeResources/LandscapeDirtyMaterial" 3598
"../../../Engine/Content/EditorLandscapeResources/LandscapeDirtyMaterial.uasset" 3599
"/Engine/EditorLandscapeResources/LandscapeLayerUsageMaterial" 3600
"../../../Engine/Content/EditorLandscapeResources/LandscapeLayerUsageMaterial.uasset" 3601
"../../../Engine/Content/Functions/Engine_MaterialFunctions01/Debug/DebugIntValues.uasset" 3602
"../../../Engine/Content/Functions/Engine_MaterialFunctions01/Texturing/ScaleUVsByCenter.uasset" 3603
"../../../Engine/Content/Functions/Engine_MaterialFunctions02/WorldPositionOffset/LocalPosition.uasset" 3604
"../../../Engine/Content/Functions/Engine_MaterialFunctions01/Texturing/TextureCropping.uasset" 3605
"../../../Engine/Content/Functions/Engine_MaterialFunctions02/ExampleContent/DebugNumberStrip.uasset" 3606
"../../../Engine/Binaries/ThirdParty/Intel/ISPCTexComp/Win64-Release/ispc_texcomp.dll" 3607
"../../../Engine/Binaries/ThirdParty/nvTextureTools/Win64/AVX2/nvtt_64.dll" 3608
"../../../Engine/Binaries/ThirdParty/nvTextureTools/Win64/nvtt_64.dll" 3609
"../../../Engine/Binaries/Win64/astcenc_thunk_win64_4.2.0.dll" 3610
"../../../Engine/Binaries/Win64/astcenc_thunk_win64_5.0.1.dll" 3611
"../../../Engine/Binaries/Win64/oo2tex_win64_2.9.10.dll" 3612
"../../../Engine/Binaries/Win64/oo2tex_win64_2.9.11.dll" 3613
"../../../Engine/Binaries/Win64/oo2tex_win64_2.9.12.dll" 3614
"../../../Engine/Binaries/Win64/oo2tex_win64_2.9.13.dll" 3615
"../../../Engine/Binaries/Win64/oo2tex_win64_2.9.14.dll" 3616
"../../../Engine/Binaries/Win64/oo2tex_win64_2.9.5.dll" 3617
"../../../Engine/Binaries/Win64/oo2tex_win64_2.9.6.dll" 3618
"../../../Engine/Binaries/Win64/oo2tex_win64_2.9.7.dll" 3619
"../../../Engine/Binaries/Win64/oo2tex_win64_2.9.8.dll" 3620
"../../../Engine/Binaries/Win64/oo2tex_win64_2.9.9.dll" 3621
"../../../Engine/Binaries/Win64/tbb12.dll" 3622
"../../../Engine/Binaries/Win64/tbbmalloc.dll" 3623
"E:/Repos/UnrealEngine-5.7-Source/Engine/Saved/GeneratedWorkerBuildVersions/Binaries/Win64/BaseTextureBuildWorker.Target.BuildVersion" 3624
"C:/Users/liamw/AppData/Local/UnrealEngine/Editor/UInteractiveToolsPresetCollectionAsset_DefaultCollection.json" 3625
"/Engine/EngineMaterials/NaniteHiddenSectionMaterial" 3626
"../../../Engine/Content/EngineMaterials/NaniteHiddenSectionMaterial.uasset" 3627
"/Engine/EngineMaterials/RemoveSurfaceMaterial" 3628
"../../../Engine/Content/EngineMaterials/RemoveSurfaceMaterial.uasset" 3629
"/Engine/EngineDebugMaterials/DebugMeshMaterial" 3630
"../../../Engine/Content/EngineDebugMaterials/DebugMeshMaterial.uasset" 3631
"/Engine/EngineMaterials/EmissiveMeshMaterial" 3632
"../../../Engine/Content/EngineMaterials/EmissiveMeshMaterial.uasset" 3633
"../../../Engine/Content/EngineMaterials/DefaultWhiteGrid_Low.uasset" 3634
"/Engine/EngineMaterials/M_InvalidLightmapSettings" 3635
"../../../Engine/Content/EngineMaterials/M_InvalidLightmapSettings.uasset" 3636
"../../../Engine/Content/EngineMaterials/InvalidLightmapSettings.uasset" 3637
"/Engine/EngineMaterials/GizmoMaterial" 3638
"../../../Engine/Content/EngineMaterials/GizmoMaterial.uasset" 3639
"/Engine/EngineMaterials/PhAT_JointLimitMaterial" 3640
"../../../Engine/Content/EngineMaterials/PhAT_JointLimitMaterial.uasset" 3641
"/Engine/EngineMaterials/FlattenMaterial" 3642
"../../../Engine/Content/EngineMaterials/FlattenMaterial.uasset" 3643
"../../../Engine/Content/EngineMaterials/BaseFlattenDiffuseMap.uasset" 3644
"../../../Engine/Content/EngineMaterials/BaseFlattenEmissiveMap.uasset" 3645
"../../../Engine/Content/EngineMaterials/BaseFlattenGrayscaleMap.uasset" 3646
"../../../Engine/Content/EngineMaterials/BaseFlattenLinearColor.uasset" 3647
"../../../Engine/Content/EngineMaterials/BaseFlattenNormalMap.uasset" 3648
"../../../Engine/Content/Functions/Engine_MaterialFunctions02/PivotPainter2/Black_1x1_EXR_Texture.uasset" 3649
"/Engine/EngineMaterials/FlattenMaterial_VT" 3650
"../../../Engine/Content/EngineMaterials/FlattenMaterial_VT.uasset" 3651
"../../../Engine/Content/EngineMaterials/BaseFlattenDiffuseMap_VT.uasset" 3652
"../../../Engine/Content/EngineMaterials/BaseFlattenEmissiveMap_VT.uasset" 3653
"../../../Engine/Content/EngineMaterials/BaseFlattenGrayscaleMap_VT.uasset" 3654
"../../../Engine/Content/EngineMaterials/BaseFlattenLinearColor_VT.uasset" 3655
"../../../Engine/Content/EngineMaterials/BaseFlattenNormalMap_VT.uasset" 3656
"../../../Engine/Content/EngineMaterials/Black_1x1_EXR_Texture_VT.uasset" 3657
"/Engine/EngineMaterials/FlattenMaterial_WS_Normal_VT" 3658
"../../../Engine/Content/EngineMaterials/FlattenMaterial_WS_Normal_VT.uasset" 3659
"/Engine/EngineMaterials/Good64x64TilingNoiseHighFreq" 3660
"../../../Engine/Content/EngineMaterials/Good64x64TilingNoiseHighFreq.uasset" 3661
"/Engine/EngineMaterials/DefaultBokeh" 3662
"../../../Engine/Content/EngineMaterials/DefaultBokeh.uasset" 3663
"/Engine/EngineMaterials/MiniFont" 3664
"../../../Engine/Content/EngineMaterials/MiniFont.uasset" 3665
"/Engine/EngineMaterials/WeightMapPlaceholderTexture" 3666
"../../../Engine/Content/EngineMaterials/WeightMapPlaceholderTexture.uasset" 3667
"/Engine/EngineMaterials/WeightMapArrayPlaceholderTexture" 3668
"../../../Engine/Content/EngineMaterials/WeightMapArrayPlaceholderTexture.uasset" 3669
"/Engine/EngineMaterials/DefaultWhiteGrid" 3670
"../../../Engine/Content/EngineMaterials/DefaultWhiteGrid.uasset" 3671
"/Engine/EngineMaterials/PreintegratedSkinBRDF" 3672
"../../../Engine/Content/EngineMaterials/PreintegratedSkinBRDF.uasset" 3673
"/Engine/EngineMaterials/LTC/GGX_LTCAmp" 3674
"../../../Engine/Content/EngineMaterials/LTC/GGX_LTCAmp.uasset" 3675
"/Engine/EngineMaterials/LTC/GGX_LTCMat" 3676
"../../../Engine/Content/EngineMaterials/LTC/GGX_LTCMat.uasset" 3677
"/Engine/EngineMaterials/LTC/Sheen_LTC" 3678
"../../../Engine/Content/EngineMaterials/LTC/Sheen_LTC.uasset" 3679
"/Engine/EngineMaterials/EnergyConservation/GGX_ReflectionEnergy" 3680
"../../../Engine/Content/EngineMaterials/EnergyConservation/GGX_ReflectionEnergy.uasset" 3681
"/Engine/EngineMaterials/EnergyConservation/GGX_TransmissionEnergyArray" 3682
"../../../Engine/Content/EngineMaterials/EnergyConservation/GGX_TransmissionEnergyArray.uasset" 3683
"/Engine/EngineMaterials/EnergyConservation/Sheen_Energy" 3684
"../../../Engine/Content/EngineMaterials/EnergyConservation/Sheen_Energy.uasset" 3685
"/Engine/EngineMaterials/EnergyConservation/Diffuse_Energy" 3686
"../../../Engine/Content/EngineMaterials/EnergyConservation/Diffuse_Energy.uasset" 3687
"/Engine/EngineMaterials/DefaultPhysicalMaterial" 3688
"../../../Engine/Content/EngineMaterials/DefaultPhysicalMaterial.uasset" 3689
"/Engine/EngineMaterials/DefaultDestructiblePhysicalMaterial" 3690
"../../../Engine/Content/EngineMaterials/DefaultDestructiblePhysicalMaterial.uasset" 3691
"/Niagara/ParameterDefinitions/CoreParameters" 3692
"../../Plugins/FX/Niagara/Content/ParameterDefinitions/CoreParameters.uasset" 3693
"/Niagara/ParameterDefinitions/DecalRenderer" 3694
"../../Plugins/FX/Niagara/Content/ParameterDefinitions/DecalRenderer.uasset" 3695
"/Niagara/ParameterDefinitions/LightRenderer" 3696
"../../Plugins/FX/Niagara/Content/ParameterDefinitions/LightRenderer.uasset" 3697
"/Niagara/ParameterDefinitions/MeshRenderer" 3698
"../../Plugins/FX/Niagara/Content/ParameterDefinitions/MeshRenderer.uasset" 3699
"/Niagara/ParameterDefinitions/RibbonRenderer" 3700
"../../Plugins/FX/Niagara/Content/ParameterDefinitions/RibbonRenderer.uasset" 3701
"/Niagara/ParameterDefinitions/SpriteRenderer" 3702
"../../Plugins/FX/Niagara/Content/ParameterDefinitions/SpriteRenderer.uasset" 3703
"/DeformerGraph/Deformers/DG_LinearBlendSkin_Morph_Cloth" 3704
"../../Plugins/Animation/DeformerGraph/Content/Deformers/DG_LinearBlendSkin_Morph_Cloth.uasset" 3705
"../../Plugins/Animation/DeformerGraph/Content/DeformerFunctions/DG_Function_LinearBlendSkin_Morph_Cloth.uasset" 3706
"/DeformerGraph/Deformers/DG_LinearBlendSkin_Morph_Cloth_RecomputeNormals" 3707
"../../Plugins/Animation/DeformerGraph/Content/Deformers/DG_LinearBlendSkin_Morph_Cloth_RecomputeNormals.uasset" 3708
"../../Plugins/Animation/DeformerGraph/Content/DeformerFunctions/DG_Function_ComputeNormalsTangents.uasset" 3709
"../../Plugins/Animation/DeformerGraph/Content/DeformerFunctions/DG_Function_LinearBlendSkin_Morph_Cloth_PositionOnly.uasset" 3710
"/Engine/BasicShapes/Cube" 3711
"../../../Engine/Content/BasicShapes/Cube.uasset" 3712
"/Engine/BasicShapes/Sphere" 3713
"../../../Engine/Content/BasicShapes/Sphere.uasset" 3714
"../../../Engine/Content/EngineMaterials/DefaultMaterial.uasset" 3715
"/Engine/BasicShapes/Cylinder" 3716
"../../../Engine/Content/BasicShapes/Cylinder.uasset" 3717
"/Engine/BasicShapes/Cone" 3718
"../../../Engine/Content/BasicShapes/Cone.uasset" 3719
"/Engine/BasicShapes/Plane" 3720
"../../../Engine/Content/BasicShapes/Plane.uasset" 3721
"../../../Engine/Documentation/Source/Shared/Types/ABrush/ABrush.INT.udn" 3722
"../../../Engine/Content/Internationalization/icudt64l/brkitr/en.res" 3723
"../../../Engine/Content/Internationalization/icudt64l/brkitr/root.res" 3724
"../../../Engine/Content/Internationalization/icudt64l/brkitr/char.brk" 3725
"../../../Engine/Content/Internationalization/icudt64l/brkitr/word.brk" 3726
"/Engine/EditorResources/SequenceRecorder/Countdown" 3727
"../../../Engine/Content/EditorResources/SequenceRecorder/Countdown.uasset" 3728
"/Engine/EditorResources/SequenceRecorder/RecordingIndicator" 3729
"../../../Engine/Content/EditorResources/SequenceRecorder/RecordingIndicator.uasset" 3730
"/Engine/EditorMaterials/PhAT_UnselectedMaterial" 3731
"../../../Engine/Content/EditorMaterials/PhAT_UnselectedMaterial.uasset" 3732
"/Engine/EditorMaterials/PhAT_NoCollisionMaterial" 3733
"../../../Engine/Content/EditorMaterials/PhAT_NoCollisionMaterial.uasset" 3734
"/Engine/EditorResources/S_Terrain" 3735
"../../../Engine/Content/EditorResources/S_Terrain.uasset" 3736
"../../../Engine/Plugins/FX/Niagara/Shaders/Private/NiagaraDataInterfaceTexture2DArrayTemplate.ush" 3737
"../../../Engine/Plugins/FX/Niagara/Shaders/Private/NiagaraDataInterfaceActorComponentTemplate.ush" 3738
"../../../Engine/Plugins/FX/Niagara/Shaders/Private/NiagaraDataInterfaceArrayTemplate.ush" 3739
"../../../Engine/Plugins/FX/Niagara/Shaders/Private/NiagaraDataInterfaceArrayRWTemplate.ush" 3740
"../../../Engine/Plugins/FX/Niagara/Shaders/Private/NiagaraDataInterfaceArrayDistributionIntTemplate.ush" 3741
"../../../Engine/Plugins/FX/Niagara/Shaders/Private/NiagaraDataInterfaceAsyncGpuTrace.ush" 3742
"../../../Engine/Plugins/FX/Niagara/Shaders/Private/NiagaraDataInterfaceAsyncGpuTraceTemplate.ush" 3743
"../../../Engine/Plugins/FX/Niagara/Shaders/Private/NiagaraDataInterfaceCamera.ush" 3744
"../../../Engine/Plugins/Experimental/ChaosNiagara/Shaders/NiagaraDataInterfaceChaosDestruction.ush" 3745
"../../../Engine/Plugins/FX/Niagara/Shaders/Private/NiagaraDataInterfaceCollisionQuery.ush" 3746
"E:/Repos/Unreal-Zombie-Shooter/Zombie_Shooter/Intermediate/ShaderAutogen/PCD3D_SM5/AutogenShaderHeaders.ush" 3747
"../../../Engine/Plugins/FX/Niagara/Shaders/Private/NiagaraDataInterfaceCollisionQueryTemplate.ush" 3748
"../../../Engine/Plugins/FX/Niagara/Shaders/Private/NiagaraDataInterfaceCurveTemplate.ush" 3749
"../../../Engine/Plugins/FX/Niagara/Shaders/Private/NiagaraDataInterfaceCubeTextureTemplate.ush" 3750
"../../../Engine/Plugins/FX/Niagara/Shaders/Private/DataChannel/NiagaraDataInterfaceDataChannelCommon.ush" 3751
"../../../Engine/Plugins/FX/Niagara/Shaders/Private/DataChannel/NiagaraDataInterfaceDataChannelTemplateCommon.ush" 3752
"../../../Engine/Plugins/FX/Niagara/Shaders/Private/DataChannel/NiagaraDataInterfaceDataChannelTemplateReadCommon.ush" 3753
"../../../Engine/Plugins/FX/Niagara/Shaders/Private/DataChannel/NiagaraDataInterfaceDataChannelTemplate_Read.ush" 3754
"../../../Engine/Plugins/FX/Niagara/Shaders/Private/DataChannel/NiagaraDataInterfaceDataChannelTemplate_Consume.ush" 3755
"../../../Engine/Plugins/FX/Niagara/Shaders/Private/DataChannel/NiagaraDataInterfaceDataChannelTemplateWriteCommon.ush" 3756
"../../../Engine/Plugins/FX/Niagara/Shaders/Private/DataChannel/NiagaraDataInterfaceDataChannelTemplate_Append.ush" 3757
"../../../Engine/Plugins/FX/Niagara/Shaders/Private/NiagaraDataInterfaceDataTableTemplate.ush" 3758
"../../../Engine/Plugins/FX/Niagara/Shaders/Private/NiagaraDataInterfaceDebugDraw.ush" 3759
"../../../Engine/Plugins/FX/Niagara/Shaders/Private/NiagaraDataInterfaceDebugDrawTemplate.ush" 3760
"../../../Engine/Plugins/FX/Niagara/Shaders/Private/NiagaraDataInterfaceDynamicMeshTemplate.ush" 3761
"../../../Engine/Plugins/FX/Niagara/Shaders/Private/NiagaraDataInterfaceEmitterPropertiesTemplate.ush" 3762
"../../../Engine/Plugins/FX/Niagara/Shaders/Private/NiagaraDataInterfaceExportTemplate.ush" 3763
"../../../Engine/Plugins/FX/Niagara/Shaders/Private/NiagaraDataInterfaceGBufferTemplate.ush" 3764
"../../../Engine/Plugins/Experimental/ChaosNiagara/Shaders/NiagaraDataInterfaceGeometryCollection.ush" 3765
"../../../Engine/Plugins/FX/Niagara/Shaders/Private/NiagaraTransformUtils.ush" 3766
"../../../Engine/Plugins/Runtime/HairStrands/Shaders/Private/NiagaraStrandsExternalForce.ush" 3767
"../../../Engine/Plugins/Runtime/HairStrands/Shaders/Private/NiagaraHookeSpringMaterial.ush" 3768
"../../../Engine/Plugins/Runtime/HairStrands/Shaders/Private/NiagaraAngularSpringMaterial.ush" 3769
"../../../Engine/Plugins/Runtime/HairStrands/Shaders/Private/NiagaraConstantVolumeMaterial.ush" 3770
"../../../Engine/Plugins/Runtime/HairStrands/Shaders/Private/NiagaraCosseratRodMaterial.ush" 3771
"../../../Engine/Plugins/Runtime/HairStrands/Shaders/Private/NiagaraStaticCollisionConstraint.ush" 3772
"../../../Engine/Plugins/Runtime/HairStrands/Shaders/Private/NiagaraDataInterfaceHairStrands.ush" 3773
"../../../Engine/Plugins/Runtime/HairStrands/Shaders/Private/NiagaraDataInterfaceHairStrandsTemplate.ush" 3774
"../../../Engine/Plugins/FX/Niagara/Shaders/Private/NiagaraDataInterfaceIntRenderTarget2D.ush" 3775
"../../../Engine/Plugins/FX/Niagara/Shaders/Private/NiagaraDataInterfaceLandscape.ush" 3776
"../../../Engine/Plugins/FX/Niagara/Shaders/Private/NiagaraDataInterfaceMemoryBufferTemplate.ush" 3777
"../../../Engine/Plugins/FX/Niagara/Shaders/Private/NiagaraDataInterfaceMeshRendererInfoTemplate.ush" 3778
"../../../Engine/Plugins/FX/Niagara/Shaders/Private/NiagaraDataInterfaceOcclusion.ush" 3779
"../../../Engine/Plugins/FX/Niagara/Shaders/Private/NiagaraDataInterfacePhysicsAsset.ush" 3780
"../../../Engine/Plugins/Experimental/ChaosNiagara/Shaders/NiagaraDataInterfacePhysicsField.ush" 3781
"../../../Engine/Plugins/FX/Niagara/Shaders/Private/NiagaraDataInterfacePlatformSetTemplate.ush" 3782
"../../../Engine/Plugins/Runtime/HairStrands/Shaders/Private/NiagaraDataInterfaceVelocityGrid.ush" 3783
"../../../Engine/Plugins/Runtime/HairStrands/Shaders/Private/NiagaraDataInterfaceVelocityGridTemplate.ush" 3784
"../../../Engine/Plugins/Runtime/HairStrands/Shaders/Private/NiagaraDataInterfacePressureGrid.ush" 3785
"../../../Engine/Plugins/Runtime/HairStrands/Shaders/Private/NiagaraDataInterfacePressureGridTemplate.ush" 3786
"../../../Engine/Plugins/FX/Niagara/Shaders/Private/NiagaraDataInterfaceRenderTarget2DTemplate.ush" 3787
"../../../Engine/Plugins/FX/Niagara/Shaders/Private/NiagaraDataInterfaceRenderTarget2DArrayTemplate.ush" 3788
"../../../Engine/Plugins/FX/Niagara/Shaders/Private/NiagaraDataInterfaceRenderTargetCubeTemplate.ush" 3789
"../../../Engine/Plugins/FX/Niagara/Shaders/Private/NiagaraDataInterfaceRenderTargetVolumeTemplate.ush" 3790
"../../../Engine/Plugins/FX/Niagara/Shaders/Private/NiagaraDataInterfaceRigidMeshCollisionQuery.ush" 3791
"../../../Engine/Plugins/FX/Niagara/Shaders/Private/NiagaraDistanceFieldQueries.ush" 3792
"../../../Engine/Plugins/FX/Niagara/Shaders/Private/NiagaraDataInterfaceSceneCapture2DTemplate.ush" 3793
"../../../Engine/Plugins/FX/Niagara/Shaders/Private/NiagaraDataInterfaceSimCacheReaderTemplate.ush" 3794
"../../../Engine/Plugins/FX/Niagara/Shaders/Private/NiagaraDataInterfaceSimpleCounterTemplate.ush" 3795
"../../../Engine/Plugins/FX/Niagara/Shaders/Private/NiagaraDataInterfaceSkeletalMesh.ush" 3796
"../../../Engine/Plugins/FX/Niagara/Shaders/Private/NiagaraBaryCentricUtils.ush" 3797
"../../../Engine/Plugins/FX/Niagara/Shaders/Private/NiagaraDataInterfaceSkeletalMeshTemplate.ush" 3798
"../../../Engine/Plugins/FX/Niagara/Shaders/Private/NiagaraDataInterfaceSocketReaderTemplate.ush" 3799
"../../../Engine/Plugins/FX/Niagara/Shaders/Private/NiagaraDataInterfaceSparseVolumeTextureTemplate.ush" 3800
"../../../Engine/Plugins/FX/Niagara/Shaders/Private/NiagaraDataInterfaceSplineTemplate.ush" 3801
"../../../Engine/Plugins/FX/Niagara/Shaders/Private/NiagaraDataInterfaceSpriteRendererInfoTemplate.ush" 3802
"../../../Engine/Plugins/FX/Niagara/Shaders/Private/NiagaraDataInterfaceStaticMeshTemplate.ush" 3803
"../../../Engine/Plugins/FX/Niagara/Shaders/Private/NiagaraDataInterfaceTextureTemplate.ush" 3804
"../../../Engine/Plugins/FX/Niagara/Shaders/Private/NiagaraDataInterfaceVirtualTexture.ush" 3805
"../../../Engine/Plugins/FX/Niagara/Shaders/Private/NiagaraDataInterfaceVirtualTextureTemplate.ush" 3806
"../../../Engine/Plugins/FX/Niagara/Shaders/Private/NiagaraDataInterfaceVirtualTextureSampleTemplate.ush" 3807
"../../../Engine/Plugins/FX/Niagara/Shaders/Private/NiagaraDataInterfaceVolumeCache.ush" 3808
"../../../Engine/Plugins/FX/Niagara/Shaders/Private/NiagaraDataInterfaceVolumeTextureTemplate.ush" 3809
"E:/Repos/Unreal-Zombie-Shooter/Zombie_Shooter/Binaries/Win64/UnrealEditor-DedicatedServers.dll" 3810
"E:/Repos/Unreal-Zombie-Shooter/Zombie_Shooter/Binaries/Win64/UnrealEditor-Zombie_Shooter.dll" 3811
"E:/Repos/Unreal-Zombie-Shooter/Zombie_Shooter/Plugins/GameLiftPlugin/Binaries/Win64/UnrealEditor-GameLiftClientSDK.dll" 3812
"E:/Repos/Unreal-Zombie-Shooter/Zombie_Shooter/Plugins/GameLiftPlugin/Binaries/Win64/UnrealEditor-GameLiftCore.dll" 3813
"E:/Repos/Unreal-Zombie-Shooter/Zombie_Shooter/Plugins/GameLiftPlugin/Binaries/Win64/UnrealEditor-GameLiftPlugin.dll" 3814
"E:/Repos/Unreal-Zombie-Shooter/Zombie_Shooter/Content/Necropolis/Placeables/Walls_Fences/SM_wall_short.uasset" 3815
"E:/Repos/Unreal-Zombie-Shooter/Zombie_Shooter/Content/GameContent/Levels/MainLevel_sharedassets/Sand_LayerInfo.uasset" 3816
"E:/Repos/Unreal-Zombie-Shooter/Zombie_Shooter/Content/GameContent/Levels/MainLevel_sharedassets/Grass_LayerInfo.uasset" 3817
"E:/Repos/Unreal-Zombie-Shooter/Zombie_Shooter/Content/Necropolis/Textures/T_wall_broken_N.uasset" 3818
"E:/Repos/Unreal-Zombie-Shooter/Zombie_Shooter/Content/GameContent/Levels/MainLevel_sharedassets/Gravel_LayerInfo.uasset" 3819
"E:/Repos/Unreal-Zombie-Shooter/Zombie_Shooter/Content/Necropolis/Placeables/Details/SM_metal_spike.uasset" 3820
"E:/Repos/Unreal-Zombie-Shooter/Zombie_Shooter/Content/Necropolis/Materials/MI_walls.uasset" 3821
"E:/Repos/Unreal-Zombie-Shooter/Zombie_Shooter/Content/Necropolis/Textures/T_wall_broken_M.uasset" 3822
"E:/Repos/Unreal-Zombie-Shooter/Zombie_Shooter/Content/Necropolis/Textures/T_wall_broken_D.uasset" 3823
"E:/Repos/Unreal-Zombie-Shooter/Zombie_Shooter/Content/Necropolis/Placeables/Walls_Fences/SM_wall_broken_01.uasset" 3824
"E:/Repos/Unreal-Zombie-Shooter/Zombie_Shooter/Content/Necropolis/Placeables/Pillars/SM_pillar_cap.uasset" 3825
"E:/Repos/Unreal-Zombie-Shooter/Zombie_Shooter/Content/GameContent/Levels/MainLevel_sharedassets/Rock_LayerInfo.uasset" 3826
"E:/Repos/Unreal-Zombie-Shooter/Zombie_Shooter/Content/Necropolis/Placeables/Pillars/SM_pillar_big_01.uasset" 3827
"E:/Repos/Unreal-Zombie-Shooter/Zombie_Shooter/Content/Necropolis/Placeables/Pillars/SM_metal_ornamental_spike_01.uasset" 3828
"E:/Repos/Unreal-Zombie-Shooter/Zombie_Shooter/Content/Necropolis/Materials/MI_walls_broken.uasset" 3829
"E:/Repos/Unreal-Zombie-Shooter/Zombie_Shooter/Content/Necropolis/Placeables/Details/SM_wood_plank_02.uasset" 3830
"E:/Repos/Unreal-Zombie-Shooter/Zombie_Shooter/Content/Necropolis/Placeables/Details/SM_wood_plank_01.uasset" 3831
"E:/Repos/Unreal-Zombie-Shooter/Zombie_Shooter/Content/Necropolis/Placeables/Details/SM_wood_beam_broken_01.uasset" 3832
"E:/Repos/Unreal-Zombie-Shooter/Zombie_Shooter/Content/Necropolis/Placeables/Details/SM_wood_beam_02.uasset" 3833
"E:/Repos/Unreal-Zombie-Shooter/Zombie_Shooter/Content/Necropolis/Placeables/Details/SM_wood_beam_01.uasset" 3834
"E:/Repos/Unreal-Zombie-Shooter/Zombie_Shooter/Content/Necropolis/Textures/T_pots_N.uasset" 3835
"E:/Repos/Unreal-Zombie-Shooter/Zombie_Shooter/Content/Necropolis/Textures/T_pots_M.uasset" 3836
"E:/Repos/Unreal-Zombie-Shooter/Zombie_Shooter/Content/Necropolis/Textures/T_pots_D.uasset" 3837
"E:/Repos/Unreal-Zombie-Shooter/Zombie_Shooter/Content/Necropolis/Materials/MI_Pots.uasset" 3838
"E:/Repos/Unreal-Zombie-Shooter/Zombie_Shooter/Content/Necropolis/Placeables/Details/SM_pot_sml.uasset" 3839
"E:/Repos/Unreal-Zombie-Shooter/Zombie_Shooter/Content/Necropolis/Placeables/Details/SM_chain_2m.uasset" 3840
"E:/Repos/Unreal-Zombie-Shooter/Zombie_Shooter/Content/Necropolis/Placeables/Structures/LevelInstances/BPVersions/BP_bridge_02.uasset" 3841
"E:/Repos/Unreal-Zombie-Shooter/Zombie_Shooter/Content/Necropolis/Materials/MI_Moonblood.uasset" 3842
"E:/Repos/Unreal-Zombie-Shooter/Zombie_Shooter/Content/Necropolis/Placeables/Structures/SM_crypt_large_01.uasset" 3843
"E:/Repos/Unreal-Zombie-Shooter/Zombie_Shooter/Content/Necropolis/Placeables/Structures/Blueprints/BP_crypt_02.uasset" 3844
"E:/Repos/Unreal-Zombie-Shooter/Zombie_Shooter/Content/Necropolis/Audio/Sounds/SFX/WAV_church_bell.uasset" 3845
"E:/Repos/Unreal-Zombie-Shooter/Zombie_Shooter/Content/Necropolis/Audio/Effects/Delay_interior.uasset" 3846
"/Game/GameContent/Levels/MainLevel_sharedassets/Sand_LayerInfo" 3847
"/Game/GameContent/Levels/MainLevel_sharedassets/Rock_LayerInfo" 3848
"/Game/GameContent/Levels/MainLevel_sharedassets/Gravel_LayerInfo" 3849
"/Game/GameContent/Levels/MainLevel_sharedassets/Grass_LayerInfo" 3850
"/Game/Necropolis/Placeables/Details/SM_metal_spike" 3851
"../../../../Unreal-Zombie-Shooter/Zombie_Shooter/Content/Necropolis/Materials/MI_metal_surface.uasset" 3852
"../../../../Unreal-Zombie-Shooter/Zombie_Shooter/Content/Necropolis/Materials/MasterMaterials/M_material_masks_master.uasset" 3853
"../../../../Unreal-Zombie-Shooter/Zombie_Shooter/Content/Necropolis/Textures/T_pillars_M.uasset" 3854
"../../../../Unreal-Zombie-Shooter/Zombie_Shooter/Content/Necropolis/Textures/T_pillars_N.uasset" 3855
"../../../../Unreal-Zombie-Shooter/Zombie_Shooter/Content/Necropolis/Textures/T_rusty_iron_D.uasset" 3856
"../../../../Unreal-Zombie-Shooter/Zombie_Shooter/Content/Necropolis/Textures/T_rusty_iron_M.uasset" 3857
"../../../../Unreal-Zombie-Shooter/Zombie_Shooter/Content/Necropolis/Textures/T_rusty_iron_N.uasset" 3858
"../../../Engine/Content/Functions/Engine_MaterialFunctions02/Utility/BlendAngleCorrectedNormals.uasset" 3859
"../../../Engine/Content/Functions/Engine_MaterialFunctions03/Blends/Blend_Overlay.uasset" 3860
"../../../../Unreal-Zombie-Shooter/Zombie_Shooter/Content/Necropolis/Landscape/RVT_Environment.uasset" 3861
"../../../../Unreal-Zombie-Shooter/Zombie_Shooter/Content/Necropolis/Landscape/RVT_Height.uasset" 3862
"../../../../Unreal-Zombie-Shooter/Zombie_Shooter/Content/Necropolis/Textures/T_graveyard_stone_tile_D.uasset" 3863
"../../../../Unreal-Zombie-Shooter/Zombie_Shooter/Content/Necropolis/Textures/T_graveyard_stone_tile_M.uasset" 3864
"../../../../Unreal-Zombie-Shooter/Zombie_Shooter/Content/Necropolis/Textures/T_graveyard_stone_tile_N.uasset" 3865
"../../../Engine/Content/EngineMaterials/BlendFunc_DefBase.uasset" 3866
"../../../Engine/Content/EngineMaterials/BlendFunc_DefBlend.uasset" 3867
"/Game/Necropolis/Materials/MI_walls" 3868
"../../../../Unreal-Zombie-Shooter/Zombie_Shooter/Content/Necropolis/Materials/MasterMaterials/M_mesh_master.uasset" 3869
"../../../../Unreal-Zombie-Shooter/Zombie_Shooter/Content/Necropolis/PhysicalMaterials/PM_Stone.uasset" 3870
"../../../../Unreal-Zombie-Shooter/Zombie_Shooter/Content/Necropolis/Textures/T_graveyard_wall_D.uasset" 3871
"../../../../Unreal-Zombie-Shooter/Zombie_Shooter/Content/Necropolis/Textures/T_graveyard_wall_M.uasset" 3872
"../../../../Unreal-Zombie-Shooter/Zombie_Shooter/Content/Necropolis/Textures/T_graveyard_wall_N.uasset" 3873
"../../../../Unreal-Zombie-Shooter/Zombie_Shooter/Content/Necropolis/Materials/MasterMaterials/MF_GlobalWind.uasset" 3874
"../../../Engine/Content/Functions/Engine_MaterialFunctions02/WorldPositionOffset/ObjectPivotPoint.uasset" 3875
"../../../../Unreal-Zombie-Shooter/Zombie_Shooter/Content/Necropolis/Materials/ParameterCollections/MPC_environment_variables.uasset" 3876
"/Game/Necropolis/Placeables/Walls_Fences/SM_wall_short" 3877
"/Game/Necropolis/Textures/T_wall_broken_N" 3878
"/Game/Necropolis/Textures/T_wall_broken_M" 3879
"/Game/Necropolis/Textures/T_wall_broken_D" 3880
"/Game/Necropolis/Materials/MI_walls_broken" 3881
"/Game/Necropolis/Placeables/Walls_Fences/SM_wall_broken_01" 3882
"/Game/Necropolis/Placeables/Pillars/SM_pillar_cap" 3883
"../../../../Unreal-Zombie-Shooter/Zombie_Shooter/Content/Necropolis/Materials/MI_pillars.uasset" 3884
"/Game/Necropolis/Placeables/Pillars/SM_pillar_big_01" 3885
"/Game/Necropolis/Placeables/Pillars/SM_metal_ornamental_spike_01" 3886
"../../../../Unreal-Zombie-Shooter/Zombie_Shooter/Content/Necropolis/Materials/MI_metal_rusty.uasset" 3887
"../../../../Unreal-Zombie-Shooter/Zombie_Shooter/Content/Necropolis/Textures/T_metal_fencing_M.uasset" 3888
"../../../../Unreal-Zombie-Shooter/Zombie_Shooter/Content/Necropolis/Textures/T_metal_fencing_N.uasset" 3889
"/Game/Necropolis/Placeables/Details/SM_wood_plank_02" 3890
"../../../../Unreal-Zombie-Shooter/Zombie_Shooter/Content/Necropolis/Materials/MI_wood_beams.uasset" 3891
"../../../../Unreal-Zombie-Shooter/Zombie_Shooter/Content/Necropolis/PhysicalMaterials/PM_Wood.uasset" 3892
"../../../../Unreal-Zombie-Shooter/Zombie_Shooter/Content/Necropolis/Textures/T_wood_beams_D.uasset" 3893
"../../../../Unreal-Zombie-Shooter/Zombie_Shooter/Content/Necropolis/Textures/T_wood_beams_M.uasset" 3894
"../../../../Unreal-Zombie-Shooter/Zombie_Shooter/Content/Necropolis/Textures/T_wood_beams_N.uasset" 3895
"/Game/Necropolis/Placeables/Details/SM_wood_plank_01" 3896
"/Game/Necropolis/Placeables/Details/SM_wood_beam_broken_01" 3897
"/Game/Necropolis/Placeables/Details/SM_wood_beam_02" 3898
"/Game/Necropolis/Placeables/Details/SM_wood_beam_01" 3899
"/Game/Necropolis/Textures/T_pots_N" 3900
"/Game/Necropolis/Textures/T_pots_M" 3901
"/Game/Necropolis/Textures/T_pots_D" 3902
"/Game/Necropolis/Materials/MI_Pots" 3903
"/Game/Necropolis/Placeables/Details/SM_pot_sml" 3904
"/Game/Necropolis/Placeables/Structures/LevelInstances/BPVersions/BP_bridge_02" 3905
"../../../../Unreal-Zombie-Shooter/Zombie_Shooter/Content/Necropolis/VFX/NS_Fire.uasset" 3906
"../../../../Unreal-Zombie-Shooter/Zombie_Shooter/Content/Necropolis/Audio/Sounds/SFX/WAV_flame_crackly_loop_01.uasset" 3907
"../../../../Unreal-Zombie-Shooter/Zombie_Shooter/Content/Necropolis/Placeables/Details/SM_statue_bowl.uasset" 3908
"../../../../Unreal-Zombie-Shooter/Zombie_Shooter/Content/Necropolis/Placeables/Pillars/SM_pillar_small_01.uasset" 3909
"../../../../Unreal-Zombie-Shooter/Zombie_Shooter/Content/Necropolis/VFX/Materials/MasterMaterials/M_heat_distortion.uasset" 3910
"../../../../Unreal-Zombie-Shooter/Zombie_Shooter/Content/Necropolis/VFX/Materials/MI_Fire.uasset" 3911
"../../Plugins/FX/Niagara/Content/DynamicInputs/UniformRange/V2/RandomRangeFloat.uasset" 3912
"../../Plugins/FX/Niagara/Content/DynamicInputs/ValueFromCurve/ColorFromCurve.uasset" 3913
"../../Plugins/FX/Niagara/Content/DynamicInputs/ValueFromCurve/FloatFromCurve.uasset" 3914
"../../Plugins/FX/Niagara/Content/Modules/Emitter/EmitterState.uasset" 3915
"../../Plugins/FX/Niagara/Content/Modules/Emitter/SpawnRate.uasset" 3916
"../../Plugins/FX/Niagara/Content/Modules/Solvers/ApplyInitialForces.uasset" 3917
"../../Plugins/FX/Niagara/Content/Modules/Solvers/SolveForcesAndVelocity.uasset" 3918
"../../Plugins/FX/Niagara/Content/Modules/Spawn/Initialization/V2/InitializeParticle.uasset" 3919
"../../Plugins/FX/Niagara/Content/Modules/Spawn/Location/V2/ShapeLocation.uasset" 3920
"../../Plugins/FX/Niagara/Content/Modules/Spawn/Velocity/AddVelocity.uasset" 3921
"../../Plugins/FX/Niagara/Content/Modules/System/SystemState.uasset" 3922
"../../Plugins/FX/Niagara/Content/Modules/Update/Color/Color.uasset" 3923
"../../Plugins/FX/Niagara/Content/Modules/Update/Color/ScaleColor.uasset" 3924
"../../Plugins/FX/Niagara/Content/Modules/Update/Forces/Drag.uasset" 3925
"../../Plugins/FX/Niagara/Content/Modules/Update/Forces/V2/CurlNoiseForce.uasset" 3926
"../../Plugins/FX/Niagara/Content/Modules/Update/Lifetime/ParticleState.uasset" 3927
"../../Plugins/FX/Niagara/Content/Modules/Update/Orientation/SpriteRotationRate.uasset" 3928
"../../Plugins/FX/Niagara/Content/Modules/Update/Size/ScaleSpriteSize.uasset" 3929
"../../Plugins/FX/Niagara/Content/Enums/Angles/ENiagara_AngleInput.uasset" 3930
"../../Plugins/FX/Niagara/Content/Enums/ENiagara_AttributeSamplingApplyOutput.uasset" 3931
"../../Plugins/FX/Niagara/Content/Enums/ENiagara_ColorInitializationMode.uasset" 3932
"../../Plugins/FX/Niagara/Content/Enums/ENiagara_EmitterStateOptions.uasset" 3933
"../../Plugins/FX/Niagara/Content/Enums/ENiagara_InfiniteLoopDuration.uasset" 3934
"../../Plugins/FX/Niagara/Content/Enums/ENiagara_LifetimeMode.uasset" 3935
"../../Plugins/FX/Niagara/Content/Enums/ENiagara_MassInitializationMode.uasset" 3936
"../../Plugins/FX/Niagara/Content/Enums/ENiagara_PositionInitializationMode.uasset" 3937
"../../Plugins/FX/Niagara/Content/Enums/ENiagara_SizeScaleMode.uasset" 3938
"../../Plugins/FX/Niagara/Content/Enums/ENiagara_SpriteRotationMode.uasset" 3939
"../../Plugins/FX/Niagara/Content/Enums/ENiagara_UVFlippingMode.uasset" 3940
"../../Plugins/FX/Niagara/Content/Enums/ENiagaraChannelCorrelation.uasset" 3941
"../../Plugins/FX/Niagara/Content/Enums/ENiagaraCurlNoiseQuality.uasset" 3942
"../../Plugins/FX/Niagara/Content/Enums/ENiagaraEmitterLifeCycleMode.uasset" 3943
"../../Plugins/FX/Niagara/Content/Enums/ENiagaraEmitterScalabilityMode_Limited.uasset" 3944
"../../Plugins/FX/Niagara/Content/Enums/ENiagaraExpansionMode.uasset" 3945
"../../Plugins/FX/Niagara/Content/Enums/ENiagaraInactiveMode.uasset" 3946
"../../Plugins/FX/Niagara/Content/Enums/ENiagaraRandomnessEvaluation.uasset" 3947
"../../Plugins/FX/Niagara/Content/Enums/ENiagaraRandomnessMode.uasset" 3948
"../../Plugins/FX/Niagara/Content/Enums/ENiagaraScaleColorMode.uasset" 3949
"../../Plugins/FX/Niagara/Content/Enums/ENiagaraShapeTorusMode.uasset" 3950
"../../Plugins/FX/Niagara/Content/Enums/ENiagaraSphereDistributionMode.uasset" 3951
"../../Plugins/FX/Niagara/Content/Enums/ENiagaraSystemInactiveMode.uasset" 3952
"../../Plugins/FX/Niagara/Content/Enums/ENiagaraTorusDistributionMode.uasset" 3953
"../../Plugins/FX/Niagara/Content/Enums/Location/ENiagara_BoxPlaneMode.uasset" 3954
"../../Plugins/FX/Niagara/Content/Enums/Location/ENiagara_ConeMode.uasset" 3955
"../../Plugins/FX/Niagara/Content/Enums/Location/ENiagara_CylinderMode.uasset" 3956
"../../Plugins/FX/Niagara/Content/Enums/Location/ENiagara_LocationShapes.uasset" 3957
"../../Plugins/FX/Niagara/Content/Enums/Location/ENiagaraRingDiscMode.uasset" 3958
"../../Plugins/FX/Niagara/Content/Enums/Ribbons/ENiagara_UnsetDirectSet.uasset" 3959
"../../Plugins/FX/Niagara/Content/Enums/Ribbons/ENiagara_UnsetDirectSetRandom.uasset" 3960
"../../Plugins/FX/Niagara/Content/Enums/SpriteRenderer/ENiagara_ScaleSpriteSize.uasset" 3961
"../../Plugins/FX/Niagara/Content/Enums/Transforms/ENiagara_OffsetMode.uasset" 3962
"../../Plugins/FX/Niagara/Content/Enums/Transforms/ENiagara_RotationMode.uasset" 3963
"../../Plugins/FX/Niagara/Content/Enums/Transforms/ENiagara_ScaleMode.uasset" 3964
"../../Plugins/FX/Niagara/Content/Enums/Transforms/ENiagara_TransformOrder.uasset" 3965
"../../Plugins/FX/Niagara/Content/Enums/Transforms/ENiagara_TransformType.uasset" 3966
"../../Plugins/FX/Niagara/Content/Enums/Utility/ENiagara_VelocityMode.uasset" 3967
"../../Plugins/FX/Niagara/Content/VectorFields/Assets/TilingCurl32.uasset" 3968
"../../../../Unreal-Zombie-Shooter/Zombie_Shooter/Content/Necropolis/Materials/MI_statues_stone_01.uasset" 3969
"../../../Engine/Content/Functions/Engine_MaterialFunctions01/Gradient/RadialGradientExponential.uasset" 3970
"../../../Engine/Content/Functions/Engine_MaterialFunctions01/Texturing/FlattenNormal.uasset" 3971
"../../../../Unreal-Zombie-Shooter/Zombie_Shooter/Content/Necropolis/Textures/T_rocky_dirt_N.uasset" 3972
"../../../../Unreal-Zombie-Shooter/Zombie_Shooter/Content/Necropolis/VFX/Materials/MasterMaterials/M_Particle_01.uasset" 3973
"../../Plugins/FX/Niagara/Content/Functions/V2/CalculateRandomRangeFloat.uasset" 3974
"../../Plugins/FX/Niagara/Content/Functions/Emitter/EmitterChangeState.uasset" 3975
"../../Plugins/FX/Niagara/Content/Icons/Modules/T_Icon_Scalability_Emitter.uasset" 3976
"../../Plugins/FX/Niagara/Content/Icons/Modules/T_Icon_Scalability_System.uasset" 3977
"../../Plugins/FX/Niagara/Content/Functions/RandomRangeFloat.uasset" 3978
"../../Plugins/FX/Niagara/Content/Functions/DirectionAndLengthSafe.uasset" 3979
"../../Plugins/FX/Niagara/Content/Functions/Drag/DragVelocity.uasset" 3980
"../../Plugins/FX/Niagara/Content/Functions/Math/CentimeterMeterConversion.uasset" 3981
"../../Plugins/FX/Niagara/Content/Functions/Rotation/MultiplyVectorWithQuaternion.uasset" 3982
"../../Plugins/FX/Niagara/Content/Modules/Solvers/ApplyRotationVector.uasset" 3983
"../../Plugins/FX/Niagara/Content/Icons/Modules/T_Icon_Solver_LimitAccel.uasset" 3984
"../../Plugins/FX/Niagara/Content/Icons/Modules/T_Icon_Solver_LimitSpeed.uasset" 3985
"../../Plugins/FX/Niagara/Content/Icons/Modules/T_Icon_Solver_RotationalSolve.uasset" 3986
"../../Plugins/FX/Niagara/Content/Functions/LinearColor/HueShiftLinearColor.uasset" 3987
"../../Plugins/FX/Niagara/Content/Functions/Localspace/SimulationPosition.uasset" 3988
"../../Plugins/FX/Niagara/Content/Functions/Localspace/TransformVector.uasset" 3989
"../../Plugins/FX/Niagara/Content/Functions/V2/CalculateRandomBool.uasset" 3990
"../../Plugins/FX/Niagara/Content/Functions/V2/CalculateRandomRange.uasset" 3991
"../../Plugins/FX/Niagara/Content/Functions/V2/CalculateRandomRangeInteger.uasset" 3992
"../../Plugins/FX/Niagara/Content/Functions/Localspace/TransformPosition.uasset" 3993
"../../Plugins/FX/Niagara/Content/Functions/Math/CalculateRandomPointInConeSphereIntersection.uasset" 3994
"../../Plugins/FX/Niagara/Content/Functions/Math/SaturateFloat.uasset" 3995
"../../Plugins/FX/Niagara/Content/Functions/NormalizedExecutionIndex.uasset" 3996
"../../Plugins/FX/Niagara/Content/Functions/ParametricTorus.uasset" 3997
"../../Plugins/FX/Niagara/Content/Functions/ParametricTorusKnot.uasset" 3998
"../../Plugins/FX/Niagara/Content/Functions/PolarToCartesianCoordinates.uasset" 3999
"../../Plugins/FX/Niagara/Content/Functions/RandomPointInBox.uasset" 4000
"../../Plugins/FX/Niagara/Content/Functions/Rotation/AngleUnitConverter.uasset" 4001
"../../Plugins/FX/Niagara/Content/Functions/Rotation/RotateVector2D.uasset" 4002
"../../Plugins/FX/Niagara/Content/Functions/Rotation/TransformStack/TransformStack_Rotation.uasset" 4003
"../../Plugins/FX/Niagara/Content/Functions/SphericalToCartesianCoordinates.uasset" 4004
"../../Plugins/FX/Niagara/Content/Functions/V2/RemapRange.uasset" 4005
"../../Plugins/FX/Niagara/Content/Functions/Rotation/AxisAngleToQuaternion.uasset" 4006
"../../Plugins/FX/Niagara/Content/Functions/Rotation/FindQuatBetween.uasset" 4007
"../../Plugins/FX/Niagara/Content/Functions/Rotation/InvertQuaternion.uasset" 4008
"../../Plugins/FX/Niagara/Content/Functions/Rotation/MakeQuaternionFrom3BasisVectors.uasset" 4009
"../../Plugins/FX/Niagara/Content/Functions/Rotation/MultiplyQuaternion.uasset" 4010
"../../Plugins/FX/Niagara/Content/Functions/Rotation/XYZRotationToQuaternion.uasset" 4011
"../../Plugins/FX/Niagara/Content/Functions/V2/CalculateRandomUnitVector.uasset" 4012
"../../Plugins/FX/Niagara/Content/Functions/V2/DistanceBasedFalloff.uasset" 4013
"../../Plugins/FX/Niagara/Content/Functions/System/SystemChangeState.uasset" 4014
"../../Plugins/FX/Niagara/Content/Functions/Localspace/PositionToVector.uasset" 4015
"../../Plugins/FX/Niagara/Content/Functions/V2/ConeMask.uasset" 4016
"../../Plugins/FX/Niagara/Content/VectorFields/Assets/TilingCurl16.uasset" 4017
"../../Plugins/FX/Niagara/Content/VectorFields/Assets/TilingCurl64.uasset" 4018
"../../Plugins/FX/Niagara/Content/Icons/Modules/T_Icon_Particle_InfiniteLife.uasset" 4019
"../../../../Unreal-Zombie-Shooter/Zombie_Shooter/Content/Necropolis/Textures/T_statues_M.uasset" 4020
"../../../../Unreal-Zombie-Shooter/Zombie_Shooter/Content/Necropolis/Textures/T_statues_N.uasset" 4021
"../../../Engine/Content/Functions/Engine_MaterialFunctions01/Density/ExponentialDensity.uasset" 4022
"../../../../Unreal-Zombie-Shooter/Zombie_Shooter/Content/Necropolis/VFX/Textures/T_perlinNoise.uasset" 4023
"../../../../Unreal-Zombie-Shooter/Zombie_Shooter/Content/Necropolis/VFX/Textures/T_smudge_01_D.uasset" 4024
"../../Plugins/FX/Niagara/Content/Functions/GetRandomInfo.uasset" 4025
"../../Plugins/FX/Niagara/Content/Functions/Localspace/TransformBase.uasset" 4026
"../../Plugins/FX/Niagara/Content/Functions/IsolateLongestVectorComponent.uasset" 4027
"../../Plugins/FX/Niagara/Content/Functions/Rotation/MatrixToQuaternion.uasset" 4028
"../../Plugins/FX/Niagara/Content/Functions/NormalizeDistanceRange.uasset" 4029
"../../Plugins/FX/Niagara/Content/Functions/ChannelMasks/SelectV4Channel.uasset" 4030
"../../Plugins/FX/Niagara/Content/Enums/ENiagaraVector4_Channels.uasset" 4031
"../../Plugins/FX/Niagara/Content/Functions/FindAngleBetweenVectors.uasset" 4032
"/Game/Necropolis/Placeables/Details/SM_chain_2m" 4033
"../../../../Unreal-Zombie-Shooter/Zombie_Shooter/Content/Necropolis/Materials/MI_tools.uasset" 4034
"../../../../Unreal-Zombie-Shooter/Zombie_Shooter/Content/Necropolis/Textures/T_tools_D.uasset" 4035
"../../../../Unreal-Zombie-Shooter/Zombie_Shooter/Content/Necropolis/Textures/T_tools_M.uasset" 4036
"../../../../Unreal-Zombie-Shooter/Zombie_Shooter/Content/Necropolis/Textures/T_tools_N.uasset" 4037
"/Game/Necropolis/Materials/MI_Moonblood" 4038
"../../../../Unreal-Zombie-Shooter/Zombie_Shooter/Content/Necropolis/Materials/MasterMaterials/M_SolidColor.uasset" 4039
"../../../../Unreal-Zombie-Shooter/Zombie_Shooter/Content/Necropolis/Textures/T_moon_D.uasset" 4040
"/Game/Necropolis/Placeables/Structures/SM_crypt_large_01" 4041
"../../../../Unreal-Zombie-Shooter/Zombie_Shooter/Content/Necropolis/Materials/MI_crypt_01.uasset" 4042
"../../../../Unreal-Zombie-Shooter/Zombie_Shooter/Content/Necropolis/Materials/MI_floor_tiles_01.uasset" 4043
"../../../../Unreal-Zombie-Shooter/Zombie_Shooter/Content/Necropolis/Materials/MI_gates_windows.uasset" 4044
"../../../../Unreal-Zombie-Shooter/Zombie_Shooter/Content/Necropolis/Materials/MI_shingles.uasset" 4045
"../../../../Unreal-Zombie-Shooter/Zombie_Shooter/Content/Necropolis/Materials/MI_walls_tile.uasset" 4046
"../../../../Unreal-Zombie-Shooter/Zombie_Shooter/Content/Necropolis/Textures/T_crypt_01_D.uasset" 4047
"../../../../Unreal-Zombie-Shooter/Zombie_Shooter/Content/Necropolis/Textures/T_crypt_01_M.uasset" 4048
"../../../../Unreal-Zombie-Shooter/Zombie_Shooter/Content/Necropolis/Textures/T_crypt_01_N.uasset" 4049
"../../../../Unreal-Zombie-Shooter/Zombie_Shooter/Content/Necropolis/Materials/MasterMaterials/M_POM_master.uasset" 4050
"../../../../Unreal-Zombie-Shooter/Zombie_Shooter/Content/Necropolis/Textures/T_crypt_floor_01_D.uasset" 4051
"../../../../Unreal-Zombie-Shooter/Zombie_Shooter/Content/Necropolis/Textures/T_crypt_floor_01_H.uasset" 4052
"../../../../Unreal-Zombie-Shooter/Zombie_Shooter/Content/Necropolis/Textures/T_crypt_floor_01_M.uasset" 4053
"../../../../Unreal-Zombie-Shooter/Zombie_Shooter/Content/Necropolis/Textures/T_crypt_floor_01_N.uasset" 4054
"../../../../Unreal-Zombie-Shooter/Zombie_Shooter/Content/Necropolis/Textures/T_gates_windows_D.uasset" 4055
"../../../../Unreal-Zombie-Shooter/Zombie_Shooter/Content/Necropolis/Textures/T_gates_windows_M.uasset" 4056
"../../../../Unreal-Zombie-Shooter/Zombie_Shooter/Content/Necropolis/Textures/T_gates_windows_N.uasset" 4057
"../../../../Unreal-Zombie-Shooter/Zombie_Shooter/Content/Necropolis/Textures/T_shingles_D.uasset" 4058
"../../../../Unreal-Zombie-Shooter/Zombie_Shooter/Content/Necropolis/Textures/T_shingles_M.uasset" 4059
"../../../../Unreal-Zombie-Shooter/Zombie_Shooter/Content/Necropolis/Textures/T_shingles_N.uasset" 4060
"../../../../Unreal-Zombie-Shooter/Zombie_Shooter/Content/Necropolis/Textures/T_graveyard_wall_tile_D.uasset" 4061
"../../../../Unreal-Zombie-Shooter/Zombie_Shooter/Content/Necropolis/Textures/T_graveyard_wall_tile_H.uasset" 4062
"../../../../Unreal-Zombie-Shooter/Zombie_Shooter/Content/Necropolis/Textures/T_graveyard_wall_tile_M.uasset" 4063
"../../../../Unreal-Zombie-Shooter/Zombie_Shooter/Content/Necropolis/Textures/T_graveyard_wall_tile_N.uasset" 4064
"../../../../Unreal-Zombie-Shooter/Zombie_Shooter/Content/Necropolis/Textures/T_stone_tile_smooth_D.uasset" 4065
"../../../Engine/Content/Functions/Engine_MaterialFunctions01/ImageAdjustment/CheapContrast.uasset" 4066
"../../../Engine/Content/Functions/Engine_MaterialFunctions01/Texturing/ParallaxOcclusionMapping.uasset" 4067
"../../../Engine/Content/Functions/Engine_MaterialFunctions02/Texturing/HeightLerp.uasset" 4068
"../../../Engine/Content/Functions/Engine_MaterialFunctions02/Utility/DitherTemporalAA.uasset" 4069
"../../../Engine/Content/Functions/Engine_MaterialFunctions01/Gradient/LinearGradient.uasset" 4070
"../../../Engine/Content/Functions/Engine_MaterialFunctions02/Math/TransformToZVector.uasset" 4071
"../../../Engine/Content/EngineVolumetrics/Fogsheet/Materials/T_EV_BlankWhite_01.uasset" 4072
"../../../Engine/Content/Functions/Engine_MaterialFunctions02/Texturing/ScreenAlignedPixelToPixelUVs.uasset" 4073
"../../../Engine/Content/Functions/Engine_MaterialFunctions02/Math/CreateThirdOrthogonalVector.uasset" 4074
"../../../Engine/Content/Functions/Engine_MaterialFunctions02/Math/InverseTransformMatrix.uasset" 4075
"/Game/Necropolis/Placeables/Structures/Blueprints/BP_crypt_02" 4076
"../../../../Unreal-Zombie-Shooter/Zombie_Shooter/Content/Necropolis/Materials/MI_glass_windows_blue.uasset" 4077
"../../../../Unreal-Zombie-Shooter/Zombie_Shooter/Content/Necropolis/Materials/MI_glass_windows_green.uasset" 4078
"../../../../Unreal-Zombie-Shooter/Zombie_Shooter/Content/Necropolis/Materials/MI_glass_windows_orange.uasset" 4079
"../../../../Unreal-Zombie-Shooter/Zombie_Shooter/Content/Necropolis/Placeables/Arches_Doors/SM_window_latice_big.uasset" 4080
"../../../../Unreal-Zombie-Shooter/Zombie_Shooter/Content/Necropolis/Placeables/Arches_Doors/SM_window_latice_round.uasset" 4081
"../../../../Unreal-Zombie-Shooter/Zombie_Shooter/Content/Necropolis/Placeables/Arches_Doors/SM_window_latice_slit.uasset" 4082
"../../../../Unreal-Zombie-Shooter/Zombie_Shooter/Content/Necropolis/Placeables/Arches_Doors/SM_window_latice_small.uasset" 4083
"../../../../Unreal-Zombie-Shooter/Zombie_Shooter/Content/Necropolis/Materials/MasterMaterials/M_glass.uasset" 4084
"../../../../Unreal-Zombie-Shooter/Zombie_Shooter/Content/Necropolis/Textures/T_glass_windows_D.uasset" 4085
"../../../../Unreal-Zombie-Shooter/Zombie_Shooter/Content/Necropolis/Textures/T_glass_windows_M.uasset" 4086
"../../../../Unreal-Zombie-Shooter/Zombie_Shooter/Content/Necropolis/Textures/T_glass_windows_N.uasset" 4087
"/Game/Necropolis/Audio/Sounds/SFX/WAV_church_bell" 4088
"/Game/Necropolis/Audio/Effects/Delay_interior" 4089
"E:/Repos/Unreal-Zombie-Shooter/Zombie_Shooter/Content/Necropolis/Audio/Effects/Convolution_reverb_cathedral.uasset" 4090
"E:/Repos/Unreal-Zombie-Shooter/Zombie_Shooter/Content/Necropolis/Audio/IR/IR_cathedral_5m_stereo.uasset" 4091
"E:/Repos/Unreal-Zombie-Shooter/Zombie_Shooter/Content/Necropolis/Audio/Effects/LowPass_cathedral.uasset" 4092
"E:/Repos/Unreal-Zombie-Shooter/Zombie_Shooter/Content/Necropolis/Audio/Submixes/interior_submix.uasset" 4093
"E:/Repos/Unreal-Zombie-Shooter/Zombie_Shooter/Content/Necropolis/Audio/Submixes/interior_outsideAmbient_submix.uasset" 4094
"E:/Repos/Unreal-Zombie-Shooter/Zombie_Shooter/Content/Necropolis/Audio/Effects/Master_Limiter.uasset" 4095
"E:/Repos/Unreal-Zombie-Shooter/Zombie_Shooter/Content/Necropolis/Audio/Submixes/exterior_interactables_submix.uasset" 4096
"E:/Repos/Unreal-Zombie-Shooter/Zombie_Shooter/Content/Necropolis/Audio/Effects/Delay_outdoor.uasset" 4097
"E:/Repos/Unreal-Zombie-Shooter/Zombie_Shooter/Content/Necropolis/Audio/Submixes/Necropolis_master_submix.uasset" 4098
"E:/Repos/Unreal-Zombie-Shooter/Zombie_Shooter/Content/Necropolis/Audio/Submixes/footstep_submix.uasset" 4099
"E:/Repos/Unreal-Zombie-Shooter/Zombie_Shooter/Content/Necropolis/Audio/IR/IR_forest_20m_stereo.uasset" 4100
"E:/Repos/Unreal-Zombie-Shooter/Zombie_Shooter/Content/Necropolis/Audio/Effects/Convolution_reverb_outdoor.uasset" 4101
"E:/Repos/Unreal-Zombie-Shooter/Zombie_Shooter/Content/Necropolis/Audio/Attenuations/ATT_attenuation_far.uasset" 4102
"/Game/Necropolis/Audio/Effects/LowPass_cathedral" 4103
"E:/Repos/Unreal-Zombie-Shooter/Zombie_Shooter/Content/Necropolis/Audio/MetaSounds/Exterior/sfx_meta_ext_churchBell.uasset" 4104
"E:/Repos/Unreal-Zombie-Shooter/Zombie_Shooter/Content/Necropolis/Placeables/Structures/SM_chapel_01.uasset" 4105
"E:/Repos/Unreal-Zombie-Shooter/Zombie_Shooter/Content/Necropolis/Audio/Submixes/exterior_ambient_submix.uasset" 4106
"E:/Repos/Unreal-Zombie-Shooter/Zombie_Shooter/Content/Necropolis/Audio/Attenuations/ATT_attenuation_close.uasset" 4107
"E:/Repos/Unreal-Zombie-Shooter/Zombie_Shooter/Content/Necropolis/Placeables/Structures/Blueprints/BP_chapel_01.uasset" 4108
"E:/Repos/Unreal-Zombie-Shooter/Zombie_Shooter/Content/Necropolis/Textures/T_sky_galaxy_D.uasset" 4109
"E:/Repos/Unreal-Zombie-Shooter/Zombie_Shooter/Content/Necropolis/Materials/MasterMaterials/M_Sky.uasset" 4110
"E:/Repos/Unreal-Zombie-Shooter/Zombie_Shooter/Content/Necropolis/Placeables/Scenery/SM_SkyDome.uasset" 4111
"E:/Repos/Unreal-Zombie-Shooter/Zombie_Shooter/Content/Necropolis/Materials/MI_Moon.uasset" 4112
"/Game/Necropolis/Audio/Effects/Convolution_reverb_cathedral" 4113
"E:/Repos/Unreal-Zombie-Shooter/Zombie_Shooter/Content/Necropolis/Placeables/Scenery/SM_Moon.uasset" 4114
"E:/Repos/Unreal-Zombie-Shooter/Zombie_Shooter/Content/Necropolis/Placeables/LightSources/SM_sconce.uasset" 4115
"E:/Repos/Unreal-Zombie-Shooter/Zombie_Shooter/Content/Necropolis/Placeables/Tools/SM_torch.uasset" 4116
"E:/Repos/Unreal-Zombie-Shooter/Zombie_Shooter/Content/Necropolis/Placeables/LightSources/BP_torch.uasset" 4117
"E:/Repos/Unreal-Zombie-Shooter/Zombie_Shooter/Content/Necropolis/Placeables/LightSources/SM_candle_base_02.uasset" 4118
"E:/Repos/Unreal-Zombie-Shooter/Zombie_Shooter/Content/Necropolis/Placeables/Details/SM_statue_wiseman.uasset" 4119
"E:/Repos/Unreal-Zombie-Shooter/Zombie_Shooter/Content/Necropolis/Textures/T_bones_N.uasset" 4120
"E:/Repos/Unreal-Zombie-Shooter/Zombie_Shooter/Content/Necropolis/Textures/T_bones_M.uasset" 4121
"E:/Repos/Unreal-Zombie-Shooter/Zombie_Shooter/Content/Necropolis/Textures/T_bones_D.uasset" 4122
"E:/Repos/Unreal-Zombie-Shooter/Zombie_Shooter/Content/Necropolis/Materials/MI_bones.uasset" 4123
"/Game/Necropolis/Audio/MetaSounds/Exterior/sfx_meta_ext_churchBell" 4124
"E:/Repos/Unreal-Zombie-Shooter/Zombie_Shooter/Content/Necropolis/Materials/MI_metal_01.uasset" 4125
"E:/Repos/Unreal-Zombie-Shooter/Zombie_Shooter/Content/Necropolis/Placeables/Details/SM_bones_skull_01.uasset" 4126
"E:/Repos/Unreal-Zombie-Shooter/Zombie_Shooter/Content/Necropolis/Placeables/LightSources/BP_statue_sage_candles.uasset" 4127
"/Game/Necropolis/Placeables/Structures/SM_chapel_01" 4128
"/Game/Necropolis/Audio/Attenuations/ATT_attenuation_close" 4129
"/Game/Necropolis/Placeables/Structures/Blueprints/BP_chapel_01" 4130
"/Game/Necropolis/Textures/T_sky_galaxy_D" 4131
"/Game/Necropolis/Materials/MasterMaterials/M_Sky" 4132
"/Game/Necropolis/Placeables/Scenery/SM_SkyDome" 4133
"/Game/Necropolis/Materials/MI_Moon" 4134
"/Game/Necropolis/Placeables/Scenery/SM_Moon" 4135
"/Game/Necropolis/Placeables/LightSources/SM_sconce" 4136
"/Game/Necropolis/Placeables/Tools/SM_torch" 4137
"/Game/Necropolis/Placeables/LightSources/BP_torch" 4138
"../../../../Unreal-Zombie-Shooter/Zombie_Shooter/Content/Necropolis/Placeables/LightSources/BP_Lightsource_base.uasset" 4139
"/Game/Necropolis/Placeables/LightSources/SM_candle_base_02" 4140
"../../../../Unreal-Zombie-Shooter/Zombie_Shooter/Content/Necropolis/Materials/MI_candles.uasset" 4141
"../../../../Unreal-Zombie-Shooter/Zombie_Shooter/Content/Necropolis/Materials/MasterMaterials/M_subsurface_master.uasset" 4142
"../../../../Unreal-Zombie-Shooter/Zombie_Shooter/Content/Necropolis/Textures/T_candles_D.uasset" 4143
"../../../../Unreal-Zombie-Shooter/Zombie_Shooter/Content/Necropolis/Textures/T_candles_N.uasset" 4144
"../../../../Unreal-Zombie-Shooter/Zombie_Shooter/Content/Necropolis/Textures/T_Gravestones_D.uasset" 4145
"../../../../Unreal-Zombie-Shooter/Zombie_Shooter/Content/Necropolis/Textures/T_Gravestones_N.uasset" 4146
"/Game/Necropolis/Placeables/Details/SM_statue_wiseman" 4147
"/Game/Necropolis/Textures/T_bones_N" 4148
"/Game/Necropolis/Textures/T_bones_M" 4149
"/Game/Necropolis/Textures/T_bones_D" 4150
"/Game/Necropolis/Materials/MI_bones" 4151
"E:/Repos/Unreal-Zombie-Shooter/Zombie_Shooter/Content/Necropolis/Placeables/LightSources/BP_chandelier.uasset" 4152
"E:/Repos/Unreal-Zombie-Shooter/Zombie_Shooter/Content/Necropolis/VFX/Textures/T_distortion.uasset" 4153
"E:/Repos/Unreal-Zombie-Shooter/Zombie_Shooter/Content/Necropolis/Placeables/LightSources/SM_chandelier.uasset" 4154
"E:/Repos/Unreal-Zombie-Shooter/Zombie_Shooter/Content/Necropolis/VFX/Textures/T_candle_flame.uasset" 4155
"E:/Repos/Unreal-Zombie-Shooter/Zombie_Shooter/Content/Necropolis/Gameplay/UI/T_E_key.uasset" 4156
"E:/Repos/Unreal-Zombie-Shooter/Zombie_Shooter/Content/Necropolis/Gameplay/UI/W_Interact_prompt.uasset" 4157
"E:/Repos/Unreal-Zombie-Shooter/Zombie_Shooter/Content/Necropolis/VFX/Materials/MasterMaterials/M_candle.uasset" 4158
"E:/Repos/Unreal-Zombie-Shooter/Zombie_Shooter/Content/Necropolis/VFX/Materials/MI_candle.uasset" 4159
"../../../Engine/Plugins/FX/Niagara/Content/Modules/Emitter/SpawnBurst_Instantaneous.uasset" 4160
"E:/Repos/Unreal-Zombie-Shooter/Zombie_Shooter/Content/Necropolis/VFX/NS_candle_flame.uasset" 4161
"E:/Repos/Unreal-Zombie-Shooter/Zombie_Shooter/Content/Necropolis/Placeables/LightSources/SM_candle_03.uasset" 4162
"E:/Repos/Unreal-Zombie-Shooter/Zombie_Shooter/Content/Necropolis/Placeables/LightSources/SM_candle_base_01.uasset" 4163
"E:/Repos/Unreal-Zombie-Shooter/Zombie_Shooter/Content/Necropolis/Placeables/LightSources/SM_candle_02.uasset" 4164
"E:/Repos/Unreal-Zombie-Shooter/Zombie_Shooter/Content/Necropolis/Placeables/LightSources/SM_candle_01.uasset" 4165
"E:/Repos/Unreal-Zombie-Shooter/Zombie_Shooter/Content/Necropolis/Placeables/Arches_Doors/SM_window_stone.uasset" 4166
"/Game/Necropolis/Materials/MI_metal_01" 4167
"E:/Repos/Unreal-Zombie-Shooter/Zombie_Shooter/Content/Necropolis/Placeables/LightSources/BP_brazier.uasset" 4168
"E:/Repos/Unreal-Zombie-Shooter/Zombie_Shooter/Content/Necropolis/Placeables/LightSources/BP_candle_alcove_01.uasset" 4169
"E:/Repos/Unreal-Zombie-Shooter/Zombie_Shooter/Content/Necropolis/Placeables/Graves_Tombs/SM_grave_cross_02.uasset" 4170
"E:/Repos/Unreal-Zombie-Shooter/Zombie_Shooter/Content/Necropolis/Placeables/Graves_Tombs/SM_grave_cross_01.uasset" 4171
"E:/Repos/Unreal-Zombie-Shooter/Zombie_Shooter/Content/Necropolis/Placeables/Graves_Tombs/SM_grave_06.uasset" 4172
"E:/Repos/Unreal-Zombie-Shooter/Zombie_Shooter/Content/Necropolis/Textures/T_Gravestones_M.uasset" 4173
"E:/Repos/Unreal-Zombie-Shooter/Zombie_Shooter/Content/Necropolis/Materials/MI_gravestones.uasset" 4174
"E:/Repos/Unreal-Zombie-Shooter/Zombie_Shooter/Content/Necropolis/Placeables/Graves_Tombs/SM_grave_01.uasset" 4175
"E:/Repos/Unreal-Zombie-Shooter/Zombie_Shooter/Content/Necropolis/Textures/T_coffin_N.uasset" 4176
"E:/Repos/Unreal-Zombie-Shooter/Zombie_Shooter/Content/Necropolis/Textures/T_coffin_M.uasset" 4177
"E:/Repos/Unreal-Zombie-Shooter/Zombie_Shooter/Content/Necropolis/Textures/T_coffin_D.uasset" 4178
"E:/Repos/Unreal-Zombie-Shooter/Zombie_Shooter/Content/Necropolis/Materials/MI_coffin.uasset" 4179
"E:/Repos/Unreal-Zombie-Shooter/Zombie_Shooter/Content/GameContent/Spawners/BP_ZombieSpawner.uasset" 4180
"E:/Repos/Unreal-Zombie-Shooter/Zombie_Shooter/Content/Necropolis/Placeables/Graves_Tombs/SM_coffin_chained.uasset" 4181
"/Game/Necropolis/Placeables/Details/SM_bones_skull_01" 4182
"/Game/Necropolis/VFX/Textures/T_distortion" 4183
"/Game/Necropolis/VFX/Textures/T_candle_flame" 4184
"/Game/Necropolis/Placeables/LightSources/BP_candle_alcove_01" 4185
"E:/Repos/Unreal-Zombie-Shooter/Zombie_Shooter/Content/StarterContent/Textures/T_Rock_Basalt_D.uasset" 4186
"E:/Repos/Unreal-Zombie-Shooter/Zombie_Shooter/Content/StarterContent/Textures/T_Ground_Gravel_D.uasset" 4187
"E:/Repos/Unreal-Zombie-Shooter/Zombie_Shooter/Content/StarterContent/Textures/T_Rock_Sandstone_D.uasset" 4188
"E:/Repos/Unreal-Zombie-Shooter/Zombie_Shooter/Content/StarterContent/Textures/T_Ground_Grass_D.uasset" 4189
"/Game/Necropolis/Placeables/LightSources/BP_statue_sage_candles" 4190
"/Game/Necropolis/Placeables/LightSources/BP_chandelier" 4191
"/Game/Necropolis/Placeables/LightSources/BP_brazier" 4192
"/Game/Necropolis/Placeables/Graves_Tombs/SM_grave_cross_02" 4193
"/Game/Necropolis/Placeables/Graves_Tombs/SM_grave_cross_01" 4194
"/Game/Necropolis/Placeables/Graves_Tombs/SM_grave_06" 4195
"/Game/Necropolis/Placeables/Graves_Tombs/SM_grave_01" 4196
"/Game/Necropolis/Textures/T_coffin_N" 4197
"/Game/Necropolis/Textures/T_coffin_M" 4198
"/Game/Necropolis/Textures/T_coffin_D" 4199
"/Game/Necropolis/Materials/MI_coffin" 4200
"/Game/Necropolis/Placeables/Graves_Tombs/SM_coffin_chained" 4201
"/Game/GameContent/Spawners/BP_ZombieSpawner" 4202
"../../../../Unreal-Zombie-Shooter/Zombie_Shooter/Content/GameContent/Modes/BP_MainGameMode.uasset" 4203
"../../../../Unreal-Zombie-Shooter/Zombie_Shooter/Content/GameContent/Controllers/BP_SurvivorController.uasset" 4204
"../../../../Unreal-Zombie-Shooter/Zombie_Shooter/Content/GameContent/Player/BP_SurvivorCharacter.uasset" 4205
"../../../../Unreal-Zombie-Shooter/Zombie_Shooter/Content/GameContent/UI/HUD/BP_PlayerHud.uasset" 4206
"../../../../Unreal-Zombie-Shooter/Zombie_Shooter/Content/GameContent/Input/Actions/IA_Escape.uasset" 4207
"../../../../Unreal-Zombie-Shooter/Zombie_Shooter/Content/GameContent/Input/Actions/IA_Jump.uasset" 4208
"../../../../Unreal-Zombie-Shooter/Zombie_Shooter/Content/GameContent/Input/Actions/IA_LeftClick.uasset" 4209
"../../../../Unreal-Zombie-Shooter/Zombie_Shooter/Content/GameContent/Input/Actions/IA_MouseX.uasset" 4210
"../../../../Unreal-Zombie-Shooter/Zombie_Shooter/Content/GameContent/Input/Actions/IA_MouseY.uasset" 4211
"../../../../Unreal-Zombie-Shooter/Zombie_Shooter/Content/GameContent/Input/Actions/IA_MoveForward.uasset" 4212
"../../../../Unreal-Zombie-Shooter/Zombie_Shooter/Content/GameContent/Input/Actions/IA_MoveRight.uasset" 4213
"../../../../Unreal-Zombie-Shooter/Zombie_Shooter/Content/GameContent/Input/Actions/IA_RightClick.uasset" 4214
"../../../../Unreal-Zombie-Shooter/Zombie_Shooter/Content/GameContent/Input/IMC_Survivor.uasset" 4215
"../../../../Unreal-Zombie-Shooter/Zombie_Shooter/Content/GameContent/UI/Widgets/WBP_PlayerScreen.uasset" 4216
"../../../../Unreal-Zombie-Shooter/Zombie_Shooter/Content/GameContent/Player/ABP_SurvivorAnimBlueprint.uasset" 4217
"../../../../Unreal-Zombie-Shooter/Zombie_Shooter/Content/GameContent/AttributeSets/PlayerAttributes/GE_PlayerPrimaryAttributes.uasset" 4218
"../../../../Unreal-Zombie-Shooter/Zombie_Shooter/Content/GameContent/AttributeSets/PlayerAttributes/GE_PlayerVitalAttributes.uasset" 4219
"../../../../Unreal-Zombie-Shooter/Zombie_Shooter/Content/GameContent/GameAbilities/GA_PlayerDeath.uasset" 4220
"../../../../Unreal-Zombie-Shooter/Zombie_Shooter/Content/GameContent/GameAbilities/PlayerAbilities/GA_PlayerShoot.uasset" 4221
"../../../../Unreal-Zombie-Shooter/Zombie_Shooter/Content/ParagonWraith/Characters/Heroes/Wraith/Meshes/Wraith.uasset" 4222
"../../../../Unreal-Zombie-Shooter/Zombie_Shooter/Content/GameContent/UI/Widgets/BP_AttributeOverlayWidgetController.uasset" 4223
"../../../../Unreal-Zombie-Shooter/Zombie_Shooter/Content/GameContent/UI/Widgets/WBP_PlayerHealth.uasset" 4224
"../../../../Unreal-Zombie-Shooter/Zombie_Shooter/Content/GameContent/UI/Widgets/WBP_PauseUI.uasset" 4225
"../../../../Unreal-Zombie-Shooter/Zombie_Shooter/Content/ParagonWraith/Characters/Heroes/Wraith/Animations/Jump_Apex.uasset" 4226
"../../../../Unreal-Zombie-Shooter/Zombie_Shooter/Content/ParagonWraith/Characters/Heroes/Wraith/Animations/Jump_Land.uasset" 4227
"../../../../Unreal-Zombie-Shooter/Zombie_Shooter/Content/ParagonWraith/Characters/Heroes/Wraith/Animations/Jump_Start.uasset" 4228
"../../../../Unreal-Zombie-Shooter/Zombie_Shooter/Content/GameContent/Player/Animations/BS_IdleRun.uasset" 4229
"../../../../Unreal-Zombie-Shooter/Zombie_Shooter/Content/ParagonWraith/Characters/Heroes/Wraith/Meshes/Wraith_Skeleton.uasset" 4230
"../../../../Unreal-Zombie-Shooter/Zombie_Shooter/Content/GameContent/EffectData/PlayerData/CT_PlayerStats.uasset" 4231
"../../../../Unreal-Zombie-Shooter/Zombie_Shooter/Content/GameContent/Player/Animations/AM_PlayerForwardDeath.uasset" 4232
"../../../../Unreal-Zombie-Shooter/Zombie_Shooter/Content/GameContent/Player/Animations/AM_FastShoot.uasset" 4233
"../../../../Unreal-Zombie-Shooter/Zombie_Shooter/Content/GameContent/EffectData/DamageData/CT_PlayerGunDamage.uasset" 4234
"../../../../Unreal-Zombie-Shooter/Zombie_Shooter/Content/ParagonWraith/Characters/Heroes/Wraith/Materials/M_Wraith_Backpack.uasset" 4235
"../../../../Unreal-Zombie-Shooter/Zombie_Shooter/Content/ParagonWraith/Characters/Heroes/Wraith/Materials/M_Wraith_Gun.uasset" 4236
"../../../../Unreal-Zombie-Shooter/Zombie_Shooter/Content/ParagonWraith/Characters/Heroes/Wraith/Materials/M_Wraith_Lowerbody.uasset" 4237
"../../../../Unreal-Zombie-Shooter/Zombie_Shooter/Content/ParagonWraith/Characters/Heroes/Wraith/Materials/M_Wraith_Upperbody.uasset" 4238
"../../../../Unreal-Zombie-Shooter/Zombie_Shooter/Content/ParagonWraith/Characters/Heroes/Wraith/Meshes/Wraith_Extents.uasset" 4239
"../../../../Unreal-Zombie-Shooter/Zombie_Shooter/Content/ParagonWraith/Characters/Heroes/Wraith/Meshes/Wraith_ShadowCyl.uasset" 4240
"../../../../Unreal-Zombie-Shooter/Zombie_Shooter/Content/GameContent/UI/Widgets/WBP_ProgressBar.uasset" 4241
"../../../../Unreal-Zombie-Shooter/Zombie_Shooter/Content/GameContent/UI/Widgets/WBP_PauseButtonText.uasset" 4242
"../../../../Unreal-Zombie-Shooter/Zombie_Shooter/Content/ParagonWraith/Characters/Heroes/Wraith/Animations/Jog_Bwd.uasset" 4243
"../../../../Unreal-Zombie-Shooter/Zombie_Shooter/Content/ParagonWraith/Characters/Heroes/Wraith/Animations/Jog_Fwd.uasset" 4244
"../../../../Unreal-Zombie-Shooter/Zombie_Shooter/Content/ParagonWraith/Characters/Heroes/Wraith/Animations/Jog_Left.uasset" 4245
"../../../../Unreal-Zombie-Shooter/Zombie_Shooter/Content/ParagonWraith/Characters/Heroes/Wraith/Animations/Jog_Right.uasset" 4246
"../../../../Unreal-Zombie-Shooter/Zombie_Shooter/Content/ParagonWraith/Characters/Heroes/Wraith/Animations/Locomotion_Combat/Idle_Combat.uasset" 4247
"../../../../Unreal-Zombie-Shooter/Zombie_Shooter/Content/ParagonWraith/Characters/Heroes/Wraith/Animations/Death_Forward.uasset" 4248
"../../../../Unreal-Zombie-Shooter/Zombie_Shooter/Content/ParagonWraith/Characters/Heroes/Wraith/Animations/Fire_A_Fast_V1.uasset" 4249
"../../../Engine/Content/Functions/Engine_MaterialFunctions01/Shading/MetallicShading.uasset" 4250
"../../../Engine/Content/Functions/Engine_MaterialFunctions01/Texturing/WorldAlignedTexture.uasset" 4251
"../../../Engine/Content/Functions/Engine_MaterialFunctions03/Blends/Lerp_ScratchGrime.uasset" 4252
"../../../Engine/Content/Functions/MaterialLayerFunctions/MatLayerBlend_BakedNormal.uasset" 4253
"../../../Engine/Content/Functions/MaterialLayerFunctions/MatLayerBlend_BreakBaseColor.uasset" 4254
"../../../Engine/Content/Functions/MaterialLayerFunctions/MatLayerBlend_Emissive.uasset" 4255
"../../../Engine/Content/Functions/MaterialLayerFunctions/MatLayerBlend_ModulateRoughness.uasset" 4256
"../../../Engine/Content/Functions/MaterialLayerFunctions/MatLayerBlend_OverrideBaseColor.uasset" 4257
"../../../Engine/Content/Functions/MaterialLayerFunctions/MatLayerBlend_Standard.uasset" 4258
"../../../Engine/Content/Functions/MaterialLayerFunctions/MatLayerBlend_TenLayerBlend.uasset" 4259
"../../../Engine/Content/Functions/MaterialLayerFunctions/MatLayerBlend_Tint.uasset" 4260
"../../../../Unreal-Zombie-Shooter/Zombie_Shooter/Content/ParagonWraith/Characters/Global/MaterialFunctions/MaterialLayerConstructors/MF_BaseColorTintAndContrast.uasset" 4261
"../../../../Unreal-Zombie-Shooter/Zombie_Shooter/Content/ParagonWraith/Characters/Global/MaterialFunctions/MaterialLayerConstructors/MF_RoughnessAdjustment.uasset" 4262
"../../../../Unreal-Zombie-Shooter/Zombie_Shooter/Content/ParagonWraith/Characters/Global/MaterialFunctions/MaterialLayerConstructors/MLC_ScratchAndGrime.uasset" 4263
"../../../../Unreal-Zombie-Shooter/Zombie_Shooter/Content/ParagonWraith/Characters/Global/MaterialFunctions/MaterialLayerConstructors/MLC_Standard.uasset" 4264
"../../../../Unreal-Zombie-Shooter/Zombie_Shooter/Content/ParagonWraith/Characters/Global/MaterialFunctions/MF_BrightnessAdjust.uasset" 4265
"../../../../Unreal-Zombie-Shooter/Zombie_Shooter/Content/ParagonWraith/Characters/Global/MaterialFunctions/MF_Character_MaterialLayerQuality.uasset" 4266
"../../../../Unreal-Zombie-Shooter/Zombie_Shooter/Content/ParagonWraith/Characters/Global/MaterialFunctions/MF_CharacterEffects.uasset" 4267
"../../../../Unreal-Zombie-Shooter/Zombie_Shooter/Content/ParagonWraith/Characters/Global/MaterialFunctions/MF_DeathFade.uasset" 4268
"../../../../Unreal-Zombie-Shooter/Zombie_Shooter/Content/ParagonWraith/Characters/Global/MaterialFunctions/MF_HitFlash.uasset" 4269
"../../../../Unreal-Zombie-Shooter/Zombie_Shooter/Content/ParagonWraith/Characters/Global/MaterialFunctions/MF_OrionCharacterAO.uasset" 4270
"../../../../Unreal-Zombie-Shooter/Zombie_Shooter/Content/ParagonWraith/Characters/Global/MaterialFunctions/MF_OrionRimlight.uasset" 4271
"../../../../Unreal-Zombie-Shooter/Zombie_Shooter/Content/ParagonWraith/Characters/Global/MaterialLayers/Metal/ML_blue_Metal.uasset" 4272
"../../../../Unreal-Zombie-Shooter/Zombie_Shooter/Content/ParagonWraith/Characters/Global/MaterialLayers/Metal/ML_Metal_Scratched_Circular.uasset" 4273
"../../../../Unreal-Zombie-Shooter/Zombie_Shooter/Content/ParagonWraith/Characters/Global/MaterialLayers/Metal/ML_SoftMetal01.uasset" 4274
"../../../../Unreal-Zombie-Shooter/Zombie_Shooter/Content/ParagonWraith/Characters/Global/MaterialLayers/ML__Blank.uasset" 4275
"../../../../Unreal-Zombie-Shooter/Zombie_Shooter/Content/ParagonWraith/Characters/Global/MaterialLayers/Painted/ML_MetallicClearCoat.uasset" 4276
"../../../../Unreal-Zombie-Shooter/Zombie_Shooter/Content/ParagonWraith/Characters/Global/MaterialLayers/Synthetics/ML_SimpleEmissive_underGlass.uasset" 4277
"../../../../Unreal-Zombie-Shooter/Zombie_Shooter/Content/ParagonWraith/Characters/Heroes/Wraith/Materials/MLayer/MF_Wraith_Emissive_Fade.uasset" 4278
"../../../../Unreal-Zombie-Shooter/Zombie_Shooter/Content/ParagonWraith/Characters/Heroes/Wraith/Materials/MLayer/ML_Wraithlatex.uasset" 4279
"../../../../Unreal-Zombie-Shooter/Zombie_Shooter/Content/ParagonWraith/Characters/Global/ParameterCollections/OrionGlobalGameplayCollection.uasset" 4280
"../../../../Unreal-Zombie-Shooter/Zombie_Shooter/Content/ParagonWraith/Characters/Heroes/Wraith/Textures/T_Wraith_Backpack_Mask.uasset" 4281
"../../../../Unreal-Zombie-Shooter/Zombie_Shooter/Content/ParagonWraith/Characters/Heroes/Wraith/Textures/T_Wraith_Backpack_Mask2.uasset" 4282
"../../../../Unreal-Zombie-Shooter/Zombie_Shooter/Content/ParagonWraith/Characters/Heroes/Wraith/Textures/T_Wraith_backpack_N_DEMO.uasset" 4283
"../../../../Unreal-Zombie-Shooter/Zombie_Shooter/Content/ParagonWraith/Characters/Heroes/Wraith/Textures/T_Wraith_BackPackbody_RGBA.uasset" 4284
"../../../../Unreal-Zombie-Shooter/Zombie_Shooter/Content/ParagonWraith/Characters/Global/MaterialFunctions/MaterialLayerConstructors/MLC_SolidValues.uasset" 4285
"../../../../Unreal-Zombie-Shooter/Zombie_Shooter/Content/ParagonWraith/Characters/Global/MaterialLayers/Metal/ML_Gray_Gun_Metal4.uasset" 4286
"../../../../Unreal-Zombie-Shooter/Zombie_Shooter/Content/ParagonWraith/Characters/Global/MaterialLayers/Metal/ML_LowContrastHardMetal.uasset" 4287
"../../../../Unreal-Zombie-Shooter/Zombie_Shooter/Content/ParagonWraith/Characters/Heroes/Wraith/Materials/MLayer/ML_WraithGunmetal02.uasset" 4288
"../../../../Unreal-Zombie-Shooter/Zombie_Shooter/Content/ParagonWraith/Characters/Heroes/Wraith/Textures/T_Wraith_Gun_Mask.uasset" 4289
"../../../../Unreal-Zombie-Shooter/Zombie_Shooter/Content/ParagonWraith/Characters/Heroes/Wraith/Textures/T_Wraith_Gun_Mask2.uasset" 4290
"../../../../Unreal-Zombie-Shooter/Zombie_Shooter/Content/ParagonWraith/Characters/Heroes/Wraith/Textures/T_Wraith_gun_N_DEMO.uasset" 4291
"../../../../Unreal-Zombie-Shooter/Zombie_Shooter/Content/ParagonWraith/Characters/Heroes/Wraith/Textures/T_Wraith_Gun_RGB.uasset" 4292
"../../../../Unreal-Zombie-Shooter/Zombie_Shooter/Content/ParagonWraith/Characters/Heroes/Wraith/Textures/T_Wraith_LowerBody_Mask.uasset" 4293
"../../../../Unreal-Zombie-Shooter/Zombie_Shooter/Content/ParagonWraith/Characters/Heroes/Wraith/Textures/T_Wraith_LowerBody_Mask2.uasset" 4294
"../../../../Unreal-Zombie-Shooter/Zombie_Shooter/Content/ParagonWraith/Characters/Heroes/Wraith/Textures/T_Wraith_lowerbody_N_DEMO.uasset" 4295
"../../../../Unreal-Zombie-Shooter/Zombie_Shooter/Content/ParagonWraith/Characters/Heroes/Wraith/Textures/T_Wraith_Lowerbody_RGBA.uasset" 4296
"../../../../Unreal-Zombie-Shooter/Zombie_Shooter/Content/ParagonWraith/Characters/Heroes/Wraith/Textures/T_Wraith_UpperBody_Mask.uasset" 4297
"../../../../Unreal-Zombie-Shooter/Zombie_Shooter/Content/ParagonWraith/Characters/Heroes/Wraith/Textures/T_Wraith_UpperBody_Mask2.uasset" 4298
"../../../../Unreal-Zombie-Shooter/Zombie_Shooter/Content/ParagonWraith/Characters/Heroes/Wraith/Textures/T_Wraith_upperbody_N_DEMO.uasset" 4299
"../../../../Unreal-Zombie-Shooter/Zombie_Shooter/Content/ParagonWraith/Characters/Heroes/Wraith/Textures/T_Wraith_Upperbody_RGBA.uasset" 4300
"../../../../Unreal-Zombie-Shooter/Zombie_Shooter/Content/GameContent/UI/Data/DT_Rich_Text.uasset" 4301
"../../../Engine/Content/EngineMaterials/DefaultNormal.uasset" 4302
"../../../../Unreal-Zombie-Shooter/Zombie_Shooter/Content/ParagonWraith/Characters/Global/MaterialFunctions/Textures/T_AtmosphericCloudNoise01.uasset" 4303
"../../../../Unreal-Zombie-Shooter/Zombie_Shooter/Content/ParagonWraith/Characters/Global/MaterialFunctions/Textures/T_AtmosphericCloudNoise01_N.uasset" 4304
"../../../../Unreal-Zombie-Shooter/Zombie_Shooter/Content/ParagonWraith/Characters/Global/MaterialFunctions/Textures/T_AtmosphericCloudNoise03.uasset" 4305
"../../../../Unreal-Zombie-Shooter/Zombie_Shooter/Content/ParagonWraith/Characters/Global/T_Black_Linear.uasset" 4306
"../../../../Unreal-Zombie-Shooter/Zombie_Shooter/Content/ParagonWraith/Characters/Global/MaterialLayers/Metal/T_Blue_Metal02.uasset" 4307
"../../../../Unreal-Zombie-Shooter/Zombie_Shooter/Content/ParagonWraith/Characters/Global/MaterialLayers/Rubber/T_Blank_N.uasset" 4308
"../../../../Unreal-Zombie-Shooter/Zombie_Shooter/Content/ParagonWraith/Characters/Global/MaterialLayers/Metal/T_Metal_Scratched_Circular_01_COLOR.uasset" 4309
"../../../../Unreal-Zombie-Shooter/Zombie_Shooter/Content/ParagonWraith/Characters/Global/MaterialLayers/Metal/T_Metal_Scratched_Circular_01_N.uasset" 4310
"../../../../Unreal-Zombie-Shooter/Zombie_Shooter/Content/ParagonWraith/Characters/Global/MaterialLayers/Metal/T_Noise_Rough_Dark_Big.uasset" 4311
"../../../../Unreal-Zombie-Shooter/Zombie_Shooter/Content/ParagonWraith/Characters/Global/MaterialLayers/Metal/T_ScratchMask.uasset" 4312
"../../../../Unreal-Zombie-Shooter/Zombie_Shooter/Content/ParagonWraith/Characters/Global/MaterialLayers/Metal/T_ML_Aluminum01.uasset" 4313
"../../../../Unreal-Zombie-Shooter/Zombie_Shooter/Content/ParagonWraith/Characters/Global/MaterialLayers/Metal/T_ML_Aluminum01_N.uasset" 4314
"../../../../Unreal-Zombie-Shooter/Zombie_Shooter/Content/ParagonWraith/Characters/Global/MaterialLayers/T_TestML_Mask.uasset" 4315
"../../../../Unreal-Zombie-Shooter/Zombie_Shooter/Content/ParagonWraith/Characters/Global/MaterialLayers/Painted/T_PaintScratches.uasset" 4316
"../../../../Unreal-Zombie-Shooter/Zombie_Shooter/Content/ParagonWraith/Characters/Heroes/Wraith/Textures/T_ElectroHex_Tile.uasset" 4317
"../../../../Unreal-Zombie-Shooter/Zombie_Shooter/Content/ParagonWraith/Characters/Heroes/Wraith/Textures/T_Wraith_Emissive_Mask.uasset" 4318
"../../../../Unreal-Zombie-Shooter/Zombie_Shooter/Content/ParagonWraith/Characters/Global/MaterialLayers/Rubber/T_ML_FineRubber_N.uasset" 4319
"../../../../Unreal-Zombie-Shooter/Zombie_Shooter/Content/ParagonWraith/Characters/Heroes/Wraith/Materials/MLayer/T_TireRubber_R.uasset" 4320
"../../../../Unreal-Zombie-Shooter/Zombie_Shooter/Content/ParagonWraith/Characters/Global/MaterialLayers/Metal/T_Blank_N.uasset" 4321
"../../../../Unreal-Zombie-Shooter/Zombie_Shooter/Content/ParagonWraith/Characters/Global/MaterialLayers/Metal/T_Primer_Black_Metal2.uasset" 4322
"../../../../Unreal-Zombie-Shooter/Zombie_Shooter/Content/ParagonWraith/Characters/Global/MaterialLayers/Metal/T_Wraith_Body_Color_Overlay.uasset" 4323
"../../../../Unreal-Zombie-Shooter/Zombie_Shooter/Content/ParagonWraith/Characters/Global/MaterialLayers/Metal/T_hardmetal2_D.uasset" 4324
"../../../../Unreal-Zombie-Shooter/Zombie_Shooter/Content/ParagonWraith/Characters/Global/MaterialLayers/Metal/T_ML_Aluminum_01_N.uasset" 4325
"../../../../Unreal-Zombie-Shooter/Zombie_Shooter/Content/GameContent/UI/Data/Fonts/Frankenstein/youngfrank_Font.uasset" 4326
"../../../../Unreal-Zombie-Shooter/Zombie_Shooter/Content/ParagonWraith/Characters/Global/MaterialLayers/Metal/T_Rough_Metal_N.uasset" 4327
"../../../Engine/Content/EngineMaterials/FlatNormal.uasset" 4328
"../../../../Unreal-Zombie-Shooter/Zombie_Shooter/Content/GameContent/UI/Data/Fonts/Frankenstein/youngfrank.uasset" 4329
"../../../../Unreal-Zombie-Shooter/Zombie_Shooter/Content/GameContent/UI/Data/Fonts/Storm/Storm_Gust.uasset" 4330
"E:/Repos/Unreal-Zombie-Shooter/Zombie_Shooter/Content/GameContent/Materials/m_landscape_material.uasset" 4331
"E:/Repos/Unreal-Zombie-Shooter/Zombie_Shooter/Content/GameContent/Levels/MainLevel.umap" 4332
"../../../Engine/Content/EngineSounds/Submixes/MasterReverbEffectPreset.uasset" 4333
"../../../Engine/Content/EngineSounds/Submixes/MasterEQEffectPreset.uasset" 4334
"../../../Engine/Content/EngineSounds/Submixes/MasterSubmixDefault.uasset" 4335
"E:/Repos/Unreal-Zombie-Shooter/Zombie_Shooter/Content/DedicatedServers/Portal/WBP_StartSingleGame.uasset" 4336
"../../../Engine/Content/EngineSounds/Submixes/MasterEQSubmixDefault.uasset" 4337
"E:/Repos/Unreal-Zombie-Shooter/Zombie_Shooter/Content/DedicatedServers/Data/DA_GameSessionsAPIData.uasset" 4338
"../../../Engine/Content/EngineSounds/Submixes/MasterReverbSubmixDefault.uasset" 4339
"E:/Repos/Unreal-Zombie-Shooter/Zombie_Shooter/Content/DedicatedServers/Portal/WBP_JoinGame.uasset" 4340
"E:/Repos/Unreal-Zombie-Shooter/Zombie_Shooter/Content/DedicatedServers/Portal/BP_PortalManager.uasset" 4341
"E:/Repos/Unreal-Zombie-Shooter/Zombie_Shooter/Content/Necropolis/Demo/Character/Blueprints/BP_FirstPersonGameMode.uasset" 4342
"E:/Repos/Unreal-Zombie-Shooter/Zombie_Shooter/Content/GameContent/Levels/StartGameLevel.umap" 4343
"E:/Repos/Unreal-Zombie-Shooter/Zombie_Shooter/Content/DedicatedServers/Portal/BP_PortalHUD.uasset" 4344
"E:/Repos/Unreal-Zombie-Shooter/Zombie_Shooter/Content/DedicatedServers/Portal/BP_SignInOverlay.uasset" 4345
"/Game/StarterContent/Textures/T_Ground_Grass_D" 4346
"/Game/StarterContent/Textures/T_Ground_Gravel_D" 4347
"/Game/StarterContent/Textures/T_Rock_Basalt_D" 4348
"/Game/StarterContent/Textures/T_Rock_Sandstone_D" 4349
"/Game/GameContent/Materials/m_landscape_material" 4350
"../../../Engine/Plugins/Interchange/Assets/Content/gltf/MaterialBodies/MF_ClearCoat_Body.uasset" 4351
"../../../Engine/Plugins/Interchange/Assets/Content/gltf/MaterialFunctions/MF_Clearcoat.uasset" 4352
"../../../Engine/Content/Functions/Engine_MaterialFunctions03/Math/RemapValueRange.uasset" 4353
"../../../Engine/Plugins/Interchange/Assets/Content/Utilities/New_LUT.uasset" 4354
"/Game/GameContent/Levels/StartGameLevel" 4355
"../../../Engine/Plugins/Interchange/Assets/Content/Functions/MF_Iridescence.uasset" 4356
"../../../Engine/Plugins/Interchange/Assets/Content/gltf/M_ClearCoat.uasset" 4357
"../../../Engine/Plugins/Interchange/Assets/Content/gltf/MaterialInstances/MI_ClearCoat_Opaque.uasset" 4358
"../../../Engine/Plugins/Interchange/Assets/Content/gltf/MaterialInstances/MI_ClearCoat_Mask.uasset" 4359
"../../../Engine/Plugins/Interchange/Assets/Content/gltf/MaterialInstances/MI_ClearCoat_Blend.uasset" 4360
"../../../Engine/Plugins/Interchange/Assets/Content/gltf/MaterialInstances/MI_ClearCoat_Opaque_DS.uasset" 4361
"../../../Engine/Plugins/Interchange/Assets/Content/gltf/MaterialInstances/MI_ClearCoat_Mask_DS.uasset" 4362
"../../../Engine/Plugins/Interchange/Assets/Content/gltf/MaterialInstances/MI_ClearCoat_Blend_DS.uasset" 4363
"../../../Engine/Plugins/Interchange/Assets/Content/gltf/MaterialFunctions/MF_Sheen.uasset" 4364
"../../../Engine/Plugins/Interchange/Assets/Content/gltf/MaterialBodies/MF_Sheen_Body.uasset" 4365
"../../../Engine/Plugins/Interchange/Assets/Content/gltf/M_Sheen.uasset" 4366
"../../../Engine/Plugins/Interchange/Assets/Content/gltf/MaterialInstances/MI_Sheen_Opaque.uasset" 4367
"../../../Engine/Plugins/Interchange/Assets/Content/gltf/MaterialInstances/MI_Sheen_Mask.uasset" 4368
"../../../Engine/Plugins/Interchange/Assets/Content/gltf/MaterialInstances/MI_Sheen_Blend.uasset" 4369
"../../../../Unreal-Zombie-Shooter/Zombie_Shooter/Content/GameContent/Levels/StartGameLevel.umap" 4370
"/Engine/EngineSounds/Submixes/MasterReverbSubmixDefault" 4371
"/Game/GameContent/Levels/MainLevel" 4372
"../../../../Unreal-Zombie-Shooter/Zombie_Shooter/Content/GameContent/Levels/MainLevel.umap" 4373
"/InterchangeAssets/gltf/MaterialInstances/MI_Sheen_Blend" 4374
"../../../Engine/Plugins/Interchange/Assets/Content/gltf/MaterialBodies/MF_Transmission_Body.uasset" 4375
"../../../Engine/Plugins/Interchange/Assets/Content/gltf/MaterialFunctions/MF_Temporal_Blur.uasset" 4376
"../../../Engine/Plugins/Interchange/Assets/Content/gltf/MaterialFunctions/MF_Transmission.uasset" 4377
"../../../Engine/Plugins/Interchange/Assets/Content/gltf/MaterialInstances/MI_Sheen_Opaque_DS.uasset" 4378
"../../../Engine/Plugins/Interchange/Assets/Content/gltf/MaterialFunctions/MF_Fresnel_DS.uasset" 4379
"../../../Engine/Plugins/Interchange/Assets/Content/gltf/M_Transmission.uasset" 4380
"../../../Engine/Plugins/Interchange/Assets/Content/gltf/MaterialInstances/MI_Sheen_Blend_DS.uasset" 4381
"../../../Engine/Plugins/Interchange/Assets/Content/gltf/MaterialInstances/MI_Sheen_Mask_DS.uasset" 4382
"../../../Engine/Content/Functions/Engine_MaterialFunctions02/Math/AddComponents.uasset" 4383
"../../../Engine/Plugins/Interchange/Assets/Content/gltf/MaterialFunctions/MF_PerceivedBrightness.uasset" 4384
"../../../Engine/Plugins/Interchange/Assets/Content/gltf/MaterialFunctions/MF_SpecGlossToMetalRoughness.uasset" 4385
"../../../Engine/Plugins/Interchange/Assets/Content/gltf/MaterialFunctions/MF_MaxComponentValue.uasset" 4386
"../../../Engine/Plugins/Interchange/Assets/Content/gltf/MaterialInstances/MI_Transmission.uasset" 4387
"../../../Engine/Plugins/Interchange/Assets/Content/gltf/MaterialInstances/MI_Transmission_DS.uasset" 4388
"/InterchangeAssets/gltf/MaterialInstances/MI_Sheen_Mask" 4389
"/InterchangeAssets/gltf/MaterialInstances/MI_Sheen_Opaque" 4390
"/InterchangeAssets/gltf/MaterialInstances/MI_ClearCoat_Blend_DS" 4391
"/InterchangeAssets/gltf/MaterialInstances/MI_ClearCoat_Mask_DS" 4392
"/InterchangeAssets/gltf/MaterialInstances/MI_ClearCoat_Opaque_DS" 4393
"/InterchangeAssets/gltf/MaterialInstances/MI_ClearCoat_Blend" 4394
"/InterchangeAssets/gltf/MaterialInstances/MI_ClearCoat_Mask" 4395
"/InterchangeAssets/gltf/MaterialInstances/MI_ClearCoat_Opaque" 4396
"/InterchangeAssets/gltf/MaterialFunctions/MF_MaxComponentValue" 4397
"../../../Engine/Plugins/Interchange/Assets/Content/gltf/MaterialInstances/MI_SpecularGlossiness_Opaque.uasset" 4398
"../../../Engine/Plugins/Interchange/Assets/Content/gltf/MaterialInstances/MI_SpecularGlossiness_Mask.uasset" 4399
"../../../Engine/Plugins/Interchange/Assets/Content/gltf/MaterialInstances/MI_SpecularGlossiness_Opaque_DS.uasset" 4400
"../../../Engine/Plugins/Interchange/Assets/Content/gltf/MaterialInstances/MI_SpecularGlossiness_Blend.uasset" 4401
"../../../Engine/Plugins/Interchange/Assets/Content/gltf/MaterialFunctions/MF_DiffuseSpecGloss.uasset" 4402
"../../../Engine/Plugins/Interchange/Assets/Content/gltf/M_SpecularGlossiness.uasset" 4403
"../../../Engine/Plugins/Interchange/Assets/Content/gltf/MaterialBodies/MF_SpecularGlossiness_Body.uasset" 4404
"../../../Engine/Plugins/Interchange/Assets/Content/gltf/MaterialInstances/MI_SpecularGlossiness_Blend_DS.uasset" 4405
"../../../Engine/Plugins/Interchange/Assets/Content/gltf/MaterialInstances/MI_Default_Opaque.uasset" 4406
"../../../Engine/Plugins/Interchange/Assets/Content/gltf/MaterialInstances/MI_SpecularGlossiness_Mask_DS.uasset" 4407
"../../../Engine/Plugins/Interchange/Assets/Content/gltf/MaterialInstances/MI_Default_Mask.uasset" 4408
"../../../Engine/Plugins/Interchange/Assets/Content/gltf/MaterialInstances/MI_Default_Mask_DS.uasset" 4409
"../../../Engine/Plugins/Interchange/Assets/Content/gltf/MaterialInstances/MI_Default_Blend.uasset" 4410
"/InterchangeAssets/gltf/MaterialFunctions/MF_SpecGlossToMetalRoughness" 4411
"/InterchangeAssets/gltf/MaterialInstances/MI_Transmission_DS" 4412
"/InterchangeAssets/gltf/MaterialInstances/MI_Transmission" 4413
"/InterchangeAssets/gltf/MaterialInstances/MI_Sheen_Blend_DS" 4414
"/InterchangeAssets/gltf/MaterialInstances/MI_Sheen_Mask_DS" 4415
"/InterchangeAssets/gltf/MaterialInstances/MI_Sheen_Opaque_DS" 4416
"/InterchangeAssets/gltf/MaterialInstances/MI_Default_Mask_DS" 4417
"/InterchangeAssets/gltf/MaterialInstances/MI_Default_Blend" 4418
"/Engine/EditorResources/EmptyActor" 4419
"../../../Engine/Content/EditorResources/EmptyActor.uasset" 4420
"/Engine/EditorResources/LightIcons/S_LightError" 4421
"../../../Engine/Content/EditorResources/LightIcons/S_LightError.uasset" 4422
"/Game/Necropolis/Demo/Character/Blueprints/BP_FirstPersonGameMode" 4423
"/Engine/EngineSounds/Submixes/MasterSubmixDefault" 4424
"/Engine/EngineSounds/Submixes/MasterEQSubmixDefault" 4425
"/Engine/EditorResources/AudioIcons/S_AudioComponent" 4426
"../../../Engine/Content/EditorResources/AudioIcons/S_AudioComponent.uasset" 4427
"/Engine/EditorResources/AudioIcons/S_AudioComponent_AutoActivate" 4428
"../../../Engine/Content/EditorResources/AudioIcons/S_AudioComponent_AutoActivate.uasset" 4429
"/InterchangeAssets/gltf/MaterialInstances/MI_Default_Mask" 4430
"/InterchangeAssets/gltf/MaterialInstances/MI_Default_Opaque" 4431
"/InterchangeAssets/gltf/MaterialInstances/MI_SpecularGlossiness_Blend_DS" 4432
"/InterchangeAssets/gltf/MaterialInstances/MI_SpecularGlossiness_Mask_DS" 4433
"/InterchangeAssets/gltf/MaterialInstances/MI_SpecularGlossiness_Opaque_DS" 4434
"/InterchangeAssets/gltf/MaterialInstances/MI_SpecularGlossiness_Blend" 4435
"/InterchangeAssets/gltf/MaterialInstances/MI_SpecularGlossiness_Mask" 4436
"/InterchangeAssets/gltf/MaterialInstances/MI_SpecularGlossiness_Opaque" 4437
"../../../Engine/Plugins/Interchange/Assets/Content/gltf/MaterialBodies/MF_Unlit_Body.uasset" 4438
"../../../Engine/Plugins/Interchange/Assets/Content/gltf/M_Unlit.uasset" 4439
"../../../Engine/Plugins/Interchange/Assets/Content/gltf/MaterialInstances/MI_Unlit_Opaque.uasset" 4440
"../../../Engine/Plugins/Interchange/Assets/Content/gltf/MaterialInstances/MI_Unlit_Blend.uasset" 4441
"../../../Engine/Plugins/Interchange/Assets/Content/gltf/MaterialInstances/MI_Unlit_Mask.uasset" 4442
"../../../Engine/Plugins/Interchange/Assets/Content/gltf/MaterialInstances/MI_Unlit_Opaque_DS.uasset" 4443
"../../../Engine/Plugins/Interchange/Assets/Content/gltf/MaterialInstances/MI_Unlit_Mask_DS.uasset" 4444
"../../../Engine/Plugins/Interchange/Assets/Content/gltf/MaterialInstances/MI_Unlit_Blend_DS.uasset" 4445
"../../../Engine/Plugins/Interchange/Assets/Content/Functions/MX_Transmission.uasset" 4446
"../../../Engine/Content/Functions/Engine_MaterialFunctions01/Volumetrics/BeersLaw.uasset" 4447
"../../../Engine/Content/Functions/Substrate/MF_SchlickInternal.uasset" 4448
"../../../Engine/Plugins/Interchange/Assets/Content/Functions/MF_OrenNayerView.uasset" 4449
"../../../Engine/Plugins/Interchange/Assets/Content/Functions/MX_StandardSurface.uasset" 4450
"../../../Engine/Plugins/Interchange/Assets/Content/Functions/MX_TransmissionSurface.uasset" 4451
"../../../Engine/Plugins/Interchange/Assets/Content/Functions/MX_OpenPBR_Translucent.uasset" 4452
"/InterchangeAssets/gltf/MaterialInstances/MI_Unlit_Blend_DS" 4453
"/InterchangeAssets/gltf/MaterialInstances/MI_Unlit_Mask_DS" 4454
"/InterchangeAssets/gltf/MaterialInstances/MI_Unlit_Opaque_DS" 4455
"/InterchangeAssets/gltf/MaterialInstances/MI_Unlit_Blend" 4456
"/InterchangeAssets/gltf/MaterialInstances/MI_Unlit_Mask" 4457
"/InterchangeAssets/gltf/MaterialInstances/MI_Unlit_Opaque" 4458
"../../../Engine/Plugins/Interchange/Assets/Content/Functions/MX_OpenPBR_Opaque.uasset" 4459
"../../../Engine/Plugins/Animation/ControlRig/Content/Controls/ControlRig_Sphere_solid.uasset" 4460
"../../../Engine/Plugins/Animation/ControlRig/Content/Controls/ControlRig_Arrow2_3mm.uasset" 4461
"../../../Engine/Plugins/Animation/ControlRig/Content/Controls/ControlRig_Arrow2_1mm.uasset" 4462
"../../../Engine/Plugins/Animation/ControlRig/Content/Controls/ControlRig_Arrow4_3mm.uasset" 4463
"../../../Engine/Plugins/Animation/ControlRig/Content/Controls/ControlRig_Arrow4_solid.uasset" 4464
"../../../Engine/Plugins/Animation/ControlRig/Content/Controls/ControlRig_Arrow4_1mm.uasset" 4465
"../../../Engine/Plugins/Animation/ControlRig/Content/Controls/ControlRig_Arrow_1mm.uasset" 4466
"../../../Engine/Plugins/Animation/ControlRig/Content/Controls/ControlRig_Arrow_3mm.uasset" 4467
"../../../Engine/Plugins/Animation/ControlRig/Content/Controls/ControlRig_Arrow_solid.uasset" 4468
"../../../Engine/Plugins/Animation/ControlRig/Content/Controls/ControlRig_Box_1mm.uasset" 4469
"../../../Engine/Plugins/Animation/ControlRig/Content/Controls/ControlRig_Arrow2_solid.uasset" 4470
"/InterchangeAssets/Functions/MX_OpenPBR_Translucent" 4471
"/ControlRig/Controls/ControlRig_Box_1mm" 4472
"/ControlRig/Controls/ControlRig_Arrow_solid" 4473
"/ControlRig/Controls/ControlRig_Arrow_3mm" 4474
"/ControlRig/Controls/ControlRig_Arrow_1mm" 4475
"/ControlRig/Controls/ControlRig_Arrow4_solid" 4476
"/ControlRig/Controls/ControlRig_Arrow4_3mm" 4477
"/ControlRig/Controls/ControlRig_Arrow4_1mm" 4478
"/ControlRig/Controls/ControlRig_Arrow2_solid" 4479
"/ControlRig/Controls/ControlRig_Arrow2_3mm" 4480
"/ControlRig/Controls/ControlRig_Arrow2_1mm" 4481
"/ControlRig/Controls/ControlRig_Sphere_solid" 4482
"/InterchangeAssets/Functions/MX_OpenPBR_Opaque" 4483
"../../../Engine/Plugins/Animation/ControlRig/Content/Controls/ControlRig_Box_solid.uasset" 4484
"../../../Engine/Plugins/Animation/ControlRig/Content/Controls/ControlRig_Circle_1mm.uasset" 4485
"../../../Engine/Plugins/Animation/ControlRig/Content/Controls/ControlRig_Circle_solid.uasset" 4486
"../../../Engine/Plugins/Animation/ControlRig/Content/Controls/ControlRig_Diamond_1mm.uasset" 4487
"../../../Engine/Plugins/Animation/ControlRig/Content/Controls/ControlRig_Diamond_solid.uasset" 4488
"../../../Engine/Plugins/Animation/ControlRig/Content/Controls/ControlRig_Circle_3mm.uasset" 4489
"../../../Engine/Plugins/Animation/ControlRig/Content/Controls/ControlRig_Diamond_3mm.uasset" 4490
"../../../Engine/Plugins/Animation/ControlRig/Content/Controls/ControlRig_HalfCircle_1mm.uasset" 4491
"../../../Engine/Plugins/Animation/ControlRig/Content/Controls/ControlRig_HalfCircle_3mm.uasset" 4492
"../../../Engine/Plugins/Animation/ControlRig/Content/Controls/ControlRig_Hexagon_1mm.uasset" 4493
"../../../Engine/Plugins/Animation/ControlRig/Content/Controls/ControlRig_Hexagon_3mm.uasset" 4494
"../../../Engine/Plugins/Animation/ControlRig/Content/Controls/ControlRig_Box_3mm.uasset" 4495
"../../../Engine/Plugins/Animation/ControlRig/Content/Controls/ControlRig_HalfCircle_solid.uasset" 4496
"../../../Engine/Plugins/Animation/ControlRig/Content/Controls/ControlRig_Hexagon_solid.uasset" 4497
"../../../Engine/Plugins/Animation/ControlRig/Content/Controls/ControlRig_Octagon_1mm.uasset" 4498
"../../../Engine/Plugins/Animation/ControlRig/Content/Controls/ControlRig_Octagon_solid.uasset" 4499
"../../../Engine/Plugins/Animation/ControlRig/Content/Controls/ControlRig_Octagon_3mm.uasset" 4500
"../../../Engine/Plugins/Animation/ControlRig/Content/Controls/ControlRig_Pyramid_1mm.uasset" 4501
"../../../Engine/Plugins/Animation/ControlRig/Content/Controls/ControlRig_QuarterCircle_1mm.uasset" 4502
"../../../Engine/Plugins/Animation/ControlRig/Content/Controls/ControlRig_Pyramid_solid.uasset" 4503
"../../../Engine/Plugins/Animation/ControlRig/Content/Controls/ControlRig_Pyramid_3mm.uasset" 4504
"../../../Engine/Plugins/Animation/ControlRig/Content/Controls/ControlRig_QuarterCircle_3mm.uasset" 4505
"../../../Engine/Plugins/Animation/ControlRig/Content/Controls/ControlRig_QuarterCircle_solid.uasset" 4506
"../../../Engine/Plugins/Animation/ControlRig/Content/Controls/ControlRig_RoundedSquare_1mm.uasset" 4507
"../../../Engine/Plugins/Animation/ControlRig/Content/Controls/ControlRig_RoundedSquare_3mm.uasset" 4508
"../../../Engine/Plugins/Animation/ControlRig/Content/Controls/ControlRig_RoundedSquare_solid.uasset" 4509
"../../../Engine/Plugins/Animation/ControlRig/Content/Controls/ControlRig_RoundedTriangle_solid.uasset" 4510
"../../../Engine/Plugins/Animation/ControlRig/Content/Controls/ControlRig_RoundedTriangle_3mm.uasset" 4511
"../../../Engine/Plugins/Animation/ControlRig/Content/Controls/ControlRig_Sphere_1mm.uasset" 4512
"../../../Engine/Plugins/Animation/ControlRig/Content/Controls/ControlRig_RoundedTriangle_1mm.uasset" 4513
"../../../Engine/Plugins/Animation/ControlRig/Content/Controls/ControlRig_Sphere_3mm.uasset" 4514
"../../../Engine/Plugins/Animation/ControlRig/Content/Controls/ControlRig_Square_1mm.uasset" 4515
"/ControlRig/Controls/ControlRig_RoundedTriangle_1mm" 4516
"/ControlRig/Controls/ControlRig_RoundedSquare_solid" 4517
"/ControlRig/Controls/ControlRig_RoundedSquare_3mm" 4518
"/ControlRig/Controls/ControlRig_RoundedSquare_1mm" 4519
"/ControlRig/Controls/ControlRig_QuarterCircle_solid" 4520
"/ControlRig/Controls/ControlRig_QuarterCircle_3mm" 4521
"/ControlRig/Controls/ControlRig_QuarterCircle_1mm" 4522
"/ControlRig/Controls/ControlRig_Pyramid_solid" 4523
"/ControlRig/Controls/ControlRig_Hexagon_1mm" 4524
"/ControlRig/Controls/ControlRig_HalfCircle_solid" 4525
"/ControlRig/Controls/ControlRig_HalfCircle_3mm" 4526
"/ControlRig/Controls/ControlRig_HalfCircle_1mm" 4527
"/ControlRig/Controls/ControlRig_Pyramid_3mm" 4528
"/ControlRig/Controls/ControlRig_Pyramid_1mm" 4529
"/ControlRig/Controls/ControlRig_Square_1mm" 4530
"/ControlRig/Controls/ControlRig_Sphere_3mm" 4531
"/ControlRig/Controls/ControlRig_Sphere_1mm" 4532
"/ControlRig/Controls/ControlRig_RoundedTriangle_solid" 4533
"/ControlRig/Controls/ControlRig_RoundedTriangle_3mm" 4534
"/ControlRig/Controls/ControlRig_Octagon_solid" 4535
"/ControlRig/Controls/ControlRig_Octagon_3mm" 4536
"/ControlRig/Controls/ControlRig_Octagon_1mm" 4537
"/ControlRig/Controls/ControlRig_Hexagon_solid" 4538
"/ControlRig/Controls/ControlRig_Hexagon_3mm" 4539
"/ControlRig/Controls/ControlRig_Diamond_solid" 4540
"/ControlRig/Controls/ControlRig_Diamond_3mm" 4541
"/ControlRig/Controls/ControlRig_Diamond_1mm" 4542
"/ControlRig/Controls/ControlRig_Circle_solid" 4543
"/ControlRig/Controls/ControlRig_Circle_3mm" 4544
"/ControlRig/Controls/ControlRig_Circle_1mm" 4545
"/ControlRig/Controls/ControlRig_Box_solid" 4546
"/ControlRig/Controls/ControlRig_Box_3mm" 4547
"../../../Engine/Plugins/Animation/ControlRig/Content/Controls/ControlRig_Star4_3mm.uasset" 4548
"../../../Engine/Plugins/Animation/ControlRig/Content/Controls/ControlRig_Star4_1mm.uasset" 4549
"../../../Engine/Plugins/Animation/ControlRig/Content/Controls/ControlRig_Star4_solid.uasset" 4550
"../../../Engine/Plugins/Animation/ControlRig/Content/Controls/ControlRig_Square_3mm.uasset" 4551
"../../../Engine/Plugins/Animation/ControlRig/Content/Controls/ControlRig_Square_solid.uasset" 4552
"../../../Engine/Plugins/Animation/ControlRig/Content/Controls/ControlRig_Triangle_1mm.uasset" 4553
"../../../Engine/Plugins/Animation/ControlRig/Content/Controls/ControlRig_Triangle_solid.uasset" 4554
"../../../Engine/Plugins/Animation/ControlRig/Content/Controls/ControlRig_Triangle_3mm.uasset" 4555
"../../../Engine/Plugins/Animation/ControlRig/Content/Controls/ControlRig_Wedge_3mm.uasset" 4556
"../../../Engine/Plugins/Animation/ControlRig/Content/Controls/ControlRig_Wedge_solid.uasset" 4557
"../../../Engine/Plugins/Animation/ControlRig/Content/Controls/ControlRig_Wedge_1mm.uasset" 4558
"/ControlRig/Controls/ControlRig_Wedge_solid" 4559
"/ControlRig/Controls/ControlRig_Wedge_3mm" 4560
"/ControlRig/Controls/ControlRig_Wedge_1mm" 4561
"/ControlRig/Controls/ControlRig_Triangle_solid" 4562
"/ControlRig/Controls/ControlRig_Triangle_3mm" 4563
"/ControlRig/Controls/ControlRig_Triangle_1mm" 4564
"/ControlRig/Controls/ControlRig_Star4_solid" 4565
"/ControlRig/Controls/ControlRig_Star4_3mm" 4566
"/ControlRig/Controls/ControlRig_Star4_1mm" 4567
"/ControlRig/Controls/ControlRig_Square_solid" 4568
"/ControlRig/Controls/ControlRig_Square_3mm" 4569
"E:/Repos/Unreal-Zombie-Shooter/Zombie_Shooter/Content/ParagonWraith/Characters/Heroes/Wraith/Meshes/WraithBasePreviewMeshCollection.uasset" 4570
"../../../Engine/Content/EditorMaterials/PreviewShadowIndicatorMaterial.uasset" 4571
"../../../Engine/Content/EditorMaterials/PreviewShadowIndicator.uasset" 4572
"../../../Engine/Content/EngineMaterials/Substrate/GLints/dict_16_192_64_0p5_0p02_0063_0015.uasset" 4573
"../../../Engine/Content/EngineMaterials/Substrate/GLints/dict_16_192_64_0p5_0p02_0063_0014.uasset" 4574
"../../../Engine/Content/EngineMaterials/Substrate/GLints/dict_16_192_64_0p5_0p02_0063_0013.uasset" 4575
"../../../Engine/Content/EngineMaterials/Substrate/GLints/dict_16_192_64_0p5_0p02_0063_0012.uasset" 4576
"../../../Engine/Content/EngineMaterials/Substrate/GLints/dict_16_192_64_0p5_0p02_0063_0011.uasset" 4577
"../../../Engine/Content/EngineMaterials/Substrate/GLints/dict_16_192_64_0p5_0p02_0063_0010.uasset" 4578
"../../../Engine/Content/EngineMaterials/Substrate/GLints/dict_16_192_64_0p5_0p02_0063_0009.uasset" 4579
"../../../Engine/Content/EngineMaterials/Substrate/GLints/dict_16_192_64_0p5_0p02_0063_0007.uasset" 4580
"../../../Engine/Content/EngineMaterials/Substrate/GLints/dict_16_192_64_0p5_0p02_0063_0006.uasset" 4581
"../../../Engine/Content/EngineMaterials/Substrate/GLints/dict_16_192_64_0p5_0p02_0063_0008.uasset" 4582
"../../../Engine/Content/EngineMaterials/Substrate/GLints/dict_16_192_64_0p5_0p02_0063_0005.uasset" 4583
"../../../Engine/Content/EngineMaterials/Substrate/GLints/dict_16_192_64_0p5_0p02_0063_0003.uasset" 4584
"../../../Engine/Content/EngineMaterials/Substrate/GLints/dict_16_192_64_0p5_0p02_0063_0002.uasset" 4585
"../../../Engine/Content/EngineMaterials/Substrate/GLints/dict_16_192_64_0p5_0p02_0063_0001.uasset" 4586
"../../../Engine/Content/EngineMaterials/Substrate/GLints/dict_16_192_64_0p5_0p02_0063_0004.uasset" 4587
"../../../Engine/Content/EngineMaterials/Substrate/GLints/dict_16_192_64_0p5_0p02_0063_0000.uasset" 4588
"../../../Engine/Content/EngineMaterials/Substrate/GLints/dict_16_192_64_0p5_0p02_0062_0015.uasset" 4589
"../../../Engine/Content/EngineMaterials/Substrate/GLints/dict_16_192_64_0p5_0p02_0062_0014.uasset" 4590
"../../../Engine/Content/EngineMaterials/Substrate/GLints/dict_16_192_64_0p5_0p02_0062_0013.uasset" 4591
"../../../Engine/Content/EngineMaterials/Substrate/GLints/dict_16_192_64_0p5_0p02_0062_0012.uasset" 4592
"../../../Engine/Content/EngineMaterials/Substrate/GLints/dict_16_192_64_0p5_0p02_0062_0011.uasset" 4593
"../../../Engine/Content/EngineMaterials/Substrate/GLints/dict_16_192_64_0p5_0p02_0062_0010.uasset" 4594
"../../../Engine/Content/EngineMaterials/Substrate/GLints/dict_16_192_64_0p5_0p02_0062_0009.uasset" 4595
"../../../Engine/Content/EngineMaterials/Substrate/GLints/dict_16_192_64_0p5_0p02_0062_0008.uasset" 4596
"../../../Engine/Content/EngineMaterials/Substrate/GLints/dict_16_192_64_0p5_0p02_0062_0007.uasset" 4597
"../../../Engine/Content/EngineMaterials/Substrate/GLints/dict_16_192_64_0p5_0p02_0062_0005.uasset" 4598
"../../../Engine/Content/EngineMaterials/Substrate/GLints/dict_16_192_64_0p5_0p02_0062_0006.uasset" 4599
"../../../Engine/Content/EngineMaterials/Substrate/GLints/dict_16_192_64_0p5_0p02_0062_0004.uasset" 4600
"../../../Engine/Content/EngineMaterials/Substrate/GLints/dict_16_192_64_0p5_0p02_0062_0003.uasset" 4601
"/Game/ParagonWraith/Characters/Heroes/Wraith/Meshes/WraithBasePreviewMeshCollection" 4602
"../../../Engine/Content/EngineMaterials/Substrate/GLints/dict_16_192_64_0p5_0p02_0062_0002.uasset" 4603
"/Engine/EngineMaterials/Substrate/GLints/dict_16_192_64_0p5_0p02_0062_0003" 4604
"/Engine/EngineMaterials/Substrate/GLints/dict_16_192_64_0p5_0p02_0062_0004" 4605
"/Engine/EngineMaterials/Substrate/GLints/dict_16_192_64_0p5_0p02_0062_0005" 4606
"/Engine/EngineMaterials/Substrate/GLints/dict_16_192_64_0p5_0p02_0062_0006" 4607
"/Engine/EngineMaterials/Substrate/GLints/dict_16_192_64_0p5_0p02_0062_0007" 4608
"/Engine/EngineMaterials/Substrate/GLints/dict_16_192_64_0p5_0p02_0062_0008" 4609
"/Engine/EngineMaterials/Substrate/GLints/dict_16_192_64_0p5_0p02_0062_0009" 4610
"/Engine/EngineMaterials/Substrate/GLints/dict_16_192_64_0p5_0p02_0062_0010" 4611
"/Engine/EngineMaterials/Substrate/GLints/dict_16_192_64_0p5_0p02_0062_0011" 4612
"/Engine/EngineMaterials/Substrate/GLints/dict_16_192_64_0p5_0p02_0062_0012" 4613
"/Engine/EngineMaterials/Substrate/GLints/dict_16_192_64_0p5_0p02_0062_0013" 4614
"/Engine/EngineMaterials/Substrate/GLints/dict_16_192_64_0p5_0p02_0062_0014" 4615
"/Engine/EngineMaterials/Substrate/GLints/dict_16_192_64_0p5_0p02_0062_0015" 4616
"/Engine/EngineMaterials/Substrate/GLints/dict_16_192_64_0p5_0p02_0063_0000" 4617
"/Engine/EngineMaterials/Substrate/GLints/dict_16_192_64_0p5_0p02_0063_0001" 4618
"/Engine/EngineMaterials/Substrate/GLints/dict_16_192_64_0p5_0p02_0063_0002" 4619
"/Engine/EngineMaterials/Substrate/GLints/dict_16_192_64_0p5_0p02_0063_0003" 4620
"/Engine/EngineMaterials/Substrate/GLints/dict_16_192_64_0p5_0p02_0063_0004" 4621
"/Engine/EngineMaterials/Substrate/GLints/dict_16_192_64_0p5_0p02_0063_0005" 4622
"/Engine/EngineMaterials/Substrate/GLints/dict_16_192_64_0p5_0p02_0063_0006" 4623
"/Engine/EngineMaterials/Substrate/GLints/dict_16_192_64_0p5_0p02_0063_0007" 4624
"/Engine/EngineMaterials/Substrate/GLints/dict_16_192_64_0p5_0p02_0063_0008" 4625
"/Engine/EngineMaterials/Substrate/GLints/dict_16_192_64_0p5_0p02_0063_0009" 4626
"/Engine/EngineMaterials/Substrate/GLints/dict_16_192_64_0p5_0p02_0063_0010" 4627
"/Engine/EngineMaterials/Substrate/GLints/dict_16_192_64_0p5_0p02_0063_0011" 4628
"/Engine/EngineMaterials/Substrate/GLints/dict_16_192_64_0p5_0p02_0063_0012" 4629
"/Engine/EngineMaterials/Substrate/GLints/dict_16_192_64_0p5_0p02_0063_0013" 4630
"/Engine/EngineMaterials/Substrate/GLints/dict_16_192_64_0p5_0p02_0063_0014" 4631
"/Engine/EngineMaterials/Substrate/GLints/dict_16_192_64_0p5_0p02_0063_0015" 4632
"/Engine/EditorMaterials/PreviewShadowIndicatorMaterial" 4633
"../../../Engine/Content/EngineMaterials/Substrate/GLints/dict_16_192_64_0p5_0p02_0062_0001.uasset" 4634
"../../../Engine/Content/EngineMaterials/Substrate/GLints/dict_16_192_64_0p5_0p02_0062_0000.uasset" 4635
"/Engine/EngineMaterials/Substrate/GLints/dict_16_192_64_0p5_0p02_0062_0002" 4636
"../../../Engine/Content/EngineMaterials/Substrate/GLints/dict_16_192_64_0p5_0p02_0061_0015.uasset" 4637
"../../../Engine/Content/EngineMaterials/Substrate/GLints/dict_16_192_64_0p5_0p02_0061_0014.uasset" 4638
"../../../Engine/Content/EngineMaterials/Substrate/GLints/dict_16_192_64_0p5_0p02_0061_0013.uasset" 4639
"../../../Engine/Content/EngineMaterials/Substrate/GLints/dict_16_192_64_0p5_0p02_0061_0012.uasset" 4640
"../../../Engine/Content/EngineMaterials/Substrate/GLints/dict_16_192_64_0p5_0p02_0061_0011.uasset" 4641
"../../../Engine/Content/EngineMaterials/Substrate/GLints/dict_16_192_64_0p5_0p02_0061_0010.uasset" 4642
"/Engine/EngineMaterials/Substrate/GLints/dict_16_192_64_0p5_0p02_0061_0012" 4643
"../../../Engine/Content/EngineMaterials/Substrate/GLints/dict_16_192_64_0p5_0p02_0061_0009.uasset" 4644
"../../../Engine/Content/EngineMaterials/Substrate/GLints/dict_16_192_64_0p5_0p02_0061_0008.uasset" 4645
"../../../Engine/Content/EngineMaterials/Substrate/GLints/dict_16_192_64_0p5_0p02_0061_0007.uasset" 4646
"../../../Engine/Content/EngineMaterials/Substrate/GLints/dict_16_192_64_0p5_0p02_0061_0006.uasset" 4647
"../../../Engine/Content/EngineMaterials/Substrate/GLints/dict_16_192_64_0p5_0p02_0061_0005.uasset" 4648
"/Engine/EngineMaterials/Substrate/GLints/dict_16_192_64_0p5_0p02_0061_0013" 4649
"../../../Engine/Content/EngineMaterials/Substrate/GLints/dict_16_192_64_0p5_0p02_0061_0004.uasset" 4650
"../../../Engine/Content/EngineMaterials/Substrate/GLints/dict_16_192_64_0p5_0p02_0061_0003.uasset" 4651
"../../../Engine/Content/EngineMaterials/Substrate/GLints/dict_16_192_64_0p5_0p02_0061_0002.uasset" 4652
"../../../Engine/Content/EngineMaterials/Substrate/GLints/dict_16_192_64_0p5_0p02_0061_0001.uasset" 4653
"../../../Engine/Content/EngineMaterials/Substrate/GLints/dict_16_192_64_0p5_0p02_0061_0000.uasset" 4654
"/Engine/EngineMaterials/Substrate/GLints/dict_16_192_64_0p5_0p02_0061_0014" 4655
"../../../Engine/Content/EngineMaterials/Substrate/GLints/dict_16_192_64_0p5_0p02_0060_0014.uasset" 4656
"../../../Engine/Content/EngineMaterials/Substrate/GLints/dict_16_192_64_0p5_0p02_0060_0015.uasset" 4657
"../../../Engine/Content/EngineMaterials/Substrate/GLints/dict_16_192_64_0p5_0p02_0060_0013.uasset" 4658
"../../../Engine/Content/EngineMaterials/Substrate/GLints/dict_16_192_64_0p5_0p02_0060_0012.uasset" 4659
"/Engine/EngineMaterials/Substrate/GLints/dict_16_192_64_0p5_0p02_0061_0015" 4660
"../../../Engine/Content/EngineMaterials/Substrate/GLints/dict_16_192_64_0p5_0p02_0060_0011.uasset" 4661
"../../../Engine/Content/EngineMaterials/Substrate/GLints/dict_16_192_64_0p5_0p02_0060_0010.uasset" 4662
"../../../Engine/Content/EngineMaterials/Substrate/GLints/dict_16_192_64_0p5_0p02_0060_0009.uasset" 4663
"../../../Engine/Content/EngineMaterials/Substrate/GLints/dict_16_192_64_0p5_0p02_0060_0008.uasset" 4664
"../../../Engine/Content/EngineMaterials/Substrate/GLints/dict_16_192_64_0p5_0p02_0060_0007.uasset" 4665
"/Engine/EngineMaterials/Substrate/GLints/dict_16_192_64_0p5_0p02_0062_0000" 4666
"../../../Engine/Content/EngineMaterials/Substrate/GLints/dict_16_192_64_0p5_0p02_0060_0006.uasset" 4667
"../../../Engine/Content/EngineMaterials/Substrate/GLints/dict_16_192_64_0p5_0p02_0060_0005.uasset" 4668
"../../../Engine/Content/EngineMaterials/Substrate/GLints/dict_16_192_64_0p5_0p02_0060_0004.uasset" 4669
"../../../Engine/Content/EngineMaterials/Substrate/GLints/dict_16_192_64_0p5_0p02_0060_0003.uasset" 4670
"/Engine/EngineMaterials/Substrate/GLints/dict_16_192_64_0p5_0p02_0062_0001" 4671
"../../../Engine/Content/EngineMaterials/Substrate/GLints/dict_16_192_64_0p5_0p02_0060_0002.uasset" 4672
"../../../Engine/Content/EngineMaterials/Substrate/GLints/dict_16_192_64_0p5_0p02_0060_0001.uasset" 4673
"../../../Engine/Content/EngineMaterials/Substrate/GLints/dict_16_192_64_0p5_0p02_0060_0000.uasset" 4674
"/Engine/EngineMaterials/Substrate/GLints/dict_16_192_64_0p5_0p02_0060_0003" 4675
"../../../Engine/Content/EngineMaterials/Substrate/GLints/dict_16_192_64_0p5_0p02_0059_0015.uasset" 4676
"../../../Engine/Content/EngineMaterials/Substrate/GLints/dict_16_192_64_0p5_0p02_0059_0014.uasset" 4677
"../../../Engine/Content/EngineMaterials/Substrate/GLints/dict_16_192_64_0p5_0p02_0059_0013.uasset" 4678
"../../../Engine/Content/EngineMaterials/Substrate/GLints/dict_16_192_64_0p5_0p02_0059_0012.uasset" 4679
"/Engine/EngineMaterials/Substrate/GLints/dict_16_192_64_0p5_0p02_0060_0004" 4680
"/Engine/EngineMaterials/Substrate/GLints/dict_16_192_64_0p5_0p02_0060_0005" 4681
"/Engine/EngineMaterials/Substrate/GLints/dict_16_192_64_0p5_0p02_0060_0006" 4682
"/Engine/EngineMaterials/Substrate/GLints/dict_16_192_64_0p5_0p02_0060_0007" 4683
"/Engine/EngineMaterials/Substrate/GLints/dict_16_192_64_0p5_0p02_0060_0008" 4684
"/Engine/EngineMaterials/Substrate/GLints/dict_16_192_64_0p5_0p02_0060_0009" 4685
"/Engine/EngineMaterials/Substrate/GLints/dict_16_192_64_0p5_0p02_0060_0010" 4686
"/Engine/EngineMaterials/Substrate/GLints/dict_16_192_64_0p5_0p02_0060_0011" 4687
"/Engine/EngineMaterials/Substrate/GLints/dict_16_192_64_0p5_0p02_0060_0012" 4688
"/Engine/EngineMaterials/Substrate/GLints/dict_16_192_64_0p5_0p02_0060_0013" 4689
"/Engine/EngineMaterials/Substrate/GLints/dict_16_192_64_0p5_0p02_0060_0014" 4690
"/Engine/EngineMaterials/Substrate/GLints/dict_16_192_64_0p5_0p02_0060_0015" 4691
"/Engine/EngineMaterials/Substrate/GLints/dict_16_192_64_0p5_0p02_0061_0000" 4692
"/Engine/EngineMaterials/Substrate/GLints/dict_16_192_64_0p5_0p02_0061_0001" 4693
"/Engine/EngineMaterials/Substrate/GLints/dict_16_192_64_0p5_0p02_0061_0002" 4694
"/Engine/EngineMaterials/Substrate/GLints/dict_16_192_64_0p5_0p02_0061_0003" 4695
"/Engine/EngineMaterials/Substrate/GLints/dict_16_192_64_0p5_0p02_0061_0004" 4696
"/Engine/EngineMaterials/Substrate/GLints/dict_16_192_64_0p5_0p02_0061_0005" 4697
"/Engine/EngineMaterials/Substrate/GLints/dict_16_192_64_0p5_0p02_0061_0006" 4698
"/Engine/EngineMaterials/Substrate/GLints/dict_16_192_64_0p5_0p02_0061_0007" 4699
"/Engine/EngineMaterials/Substrate/GLints/dict_16_192_64_0p5_0p02_0061_0008" 4700
"/Engine/EngineMaterials/Substrate/GLints/dict_16_192_64_0p5_0p02_0061_0009" 4701
"/Engine/EngineMaterials/Substrate/GLints/dict_16_192_64_0p5_0p02_0061_0010" 4702
"/Engine/EngineMaterials/Substrate/GLints/dict_16_192_64_0p5_0p02_0061_0011" 4703
"/Engine/EngineMaterials/Substrate/GLints/dict_16_192_64_0p5_0p02_0060_0002" 4704
"../../../Engine/Content/EngineMaterials/Substrate/GLints/dict_16_192_64_0p5_0p02_0059_0010.uasset" 4705
"../../../Engine/Content/EngineMaterials/Substrate/GLints/dict_16_192_64_0p5_0p02_0059_0011.uasset" 4706
"/Engine/EngineMaterials/Substrate/GLints/dict_16_192_64_0p5_0p02_0059_0012" 4707
"../../../Engine/Content/EngineMaterials/Substrate/GLints/dict_16_192_64_0p5_0p02_0059_0009.uasset" 4708
"../../../Engine/Content/EngineMaterials/Substrate/GLints/dict_16_192_64_0p5_0p02_0059_0008.uasset" 4709
"../../../Engine/Content/EngineMaterials/Substrate/GLints/dict_16_192_64_0p5_0p02_0059_0007.uasset" 4710
"../../../Engine/Content/EngineMaterials/Substrate/GLints/dict_16_192_64_0p5_0p02_0059_0006.uasset" 4711
"/Engine/EngineMaterials/Substrate/GLints/dict_16_192_64_0p5_0p02_0059_0013" 4712
"../../../Engine/Content/EngineMaterials/Substrate/GLints/dict_16_192_64_0p5_0p02_0059_0005.uasset" 4713
"../../../Engine/Content/EngineMaterials/Substrate/GLints/dict_16_192_64_0p5_0p02_0059_0004.uasset" 4714
"../../../Engine/Content/EngineMaterials/Substrate/GLints/dict_16_192_64_0p5_0p02_0059_0003.uasset" 4715
"../../../Engine/Content/EngineMaterials/Substrate/GLints/dict_16_192_64_0p5_0p02_0059_0002.uasset" 4716
"../../../Engine/Content/EngineMaterials/Substrate/GLints/dict_16_192_64_0p5_0p02_0059_0001.uasset" 4717
"/Engine/EngineMaterials/Substrate/GLints/dict_16_192_64_0p5_0p02_0059_0014" 4718
"../../../Engine/Content/EngineMaterials/Substrate/GLints/dict_16_192_64_0p5_0p02_0058_0015.uasset" 4719
"../../../Engine/Content/EngineMaterials/Substrate/GLints/dict_16_192_64_0p5_0p02_0059_0000.uasset" 4720
"/Engine/EngineMaterials/Substrate/GLints/dict_16_192_64_0p5_0p02_0059_0015" 4721
"../../../Engine/Content/EngineMaterials/Substrate/GLints/dict_16_192_64_0p5_0p02_0058_0014.uasset" 4722
"../../../Engine/Content/EngineMaterials/Substrate/GLints/dict_16_192_64_0p5_0p02_0058_0013.uasset" 4723
"../../../Engine/Content/EngineMaterials/Substrate/GLints/dict_16_192_64_0p5_0p02_0058_0012.uasset" 4724
"../../../Engine/Content/EngineMaterials/Substrate/GLints/dict_16_192_64_0p5_0p02_0058_0011.uasset" 4725
"/Engine/EngineMaterials/Substrate/GLints/dict_16_192_64_0p5_0p02_0060_0000" 4726
"../../../Engine/Content/EngineMaterials/Substrate/GLints/dict_16_192_64_0p5_0p02_0058_0010.uasset" 4727
"../../../Engine/Content/EngineMaterials/Substrate/GLints/dict_16_192_64_0p5_0p02_0058_0009.uasset" 4728
"../../../Engine/Content/EngineMaterials/Substrate/GLints/dict_16_192_64_0p5_0p02_0058_0008.uasset" 4729
"../../../Engine/Content/EngineMaterials/Substrate/GLints/dict_16_192_64_0p5_0p02_0058_0007.uasset" 4730
"../../../Engine/Content/EngineMaterials/Substrate/GLints/dict_16_192_64_0p5_0p02_0058_0006.uasset" 4731
"/Engine/EngineMaterials/Substrate/GLints/dict_16_192_64_0p5_0p02_0060_0001" 4732
"../../../Engine/Content/EngineMaterials/Substrate/GLints/dict_16_192_64_0p5_0p02_0058_0005.uasset" 4733
"../../../Engine/Content/EngineMaterials/Substrate/GLints/dict_16_192_64_0p5_0p02_0058_0004.uasset" 4734
"../../../Engine/Content/EngineMaterials/Substrate/GLints/dict_16_192_64_0p5_0p02_0058_0003.uasset" 4735
"../../../Engine/Content/EngineMaterials/Substrate/GLints/dict_16_192_64_0p5_0p02_0058_0002.uasset" 4736
"../../../Engine/Content/EngineMaterials/Substrate/GLints/dict_16_192_64_0p5_0p02_0058_0001.uasset" 4737
"../../../Engine/Content/EngineMaterials/Substrate/GLints/dict_16_192_64_0p5_0p02_0058_0000.uasset" 4738
"/Engine/EngineMaterials/Substrate/GLints/dict_16_192_64_0p5_0p02_0058_0002" 4739
"../../../Engine/Content/EngineMaterials/Substrate/GLints/dict_16_192_64_0p5_0p02_0057_0015.uasset" 4740
"../../../Engine/Content/EngineMaterials/Substrate/GLints/dict_16_192_64_0p5_0p02_0057_0014.uasset" 4741
"../../../Engine/Content/EngineMaterials/Substrate/GLints/dict_16_192_64_0p5_0p02_0057_0012.uasset" 4742
"../../../Engine/Content/EngineMaterials/Substrate/GLints/dict_16_192_64_0p5_0p02_0057_0013.uasset" 4743
"/Engine/EngineMaterials/Substrate/GLints/dict_16_192_64_0p5_0p02_0058_0003" 4744
"/Engine/EngineMaterials/Substrate/GLints/dict_16_192_64_0p5_0p02_0058_0004" 4745
"/Engine/EngineMaterials/Substrate/GLints/dict_16_192_64_0p5_0p02_0058_0005" 4746
"/Engine/EngineMaterials/Substrate/GLints/dict_16_192_64_0p5_0p02_0058_0006" 4747
"/Engine/EngineMaterials/Substrate/GLints/dict_16_192_64_0p5_0p02_0058_0007" 4748
"/Engine/EngineMaterials/Substrate/GLints/dict_16_192_64_0p5_0p02_0058_0008" 4749
"/Engine/EngineMaterials/Substrate/GLints/dict_16_192_64_0p5_0p02_0058_0009" 4750
"/Engine/EngineMaterials/Substrate/GLints/dict_16_192_64_0p5_0p02_0058_0010" 4751
"/Engine/EngineMaterials/Substrate/GLints/dict_16_192_64_0p5_0p02_0058_0011" 4752
"/Engine/EngineMaterials/Substrate/GLints/dict_16_192_64_0p5_0p02_0058_0012" 4753
"/Engine/EngineMaterials/Substrate/GLints/dict_16_192_64_0p5_0p02_0058_0013" 4754
"/Engine/EngineMaterials/Substrate/GLints/dict_16_192_64_0p5_0p02_0058_0014" 4755
"/Engine/EngineMaterials/Substrate/GLints/dict_16_192_64_0p5_0p02_0058_0015" 4756
"/Engine/EngineMaterials/Substrate/GLints/dict_16_192_64_0p5_0p02_0059_0000" 4757
"/Engine/EngineMaterials/Substrate/GLints/dict_16_192_64_0p5_0p02_0059_0001" 4758
"/Engine/EngineMaterials/Substrate/GLints/dict_16_192_64_0p5_0p02_0059_0002" 4759
"/Engine/EngineMaterials/Substrate/GLints/dict_16_192_64_0p5_0p02_0059_0003" 4760
"/Engine/EngineMaterials/Substrate/GLints/dict_16_192_64_0p5_0p02_0059_0004" 4761
"/Engine/EngineMaterials/Substrate/GLints/dict_16_192_64_0p5_0p02_0059_0005" 4762
"/Engine/EngineMaterials/Substrate/GLints/dict_16_192_64_0p5_0p02_0059_0006" 4763
"/Engine/EngineMaterials/Substrate/GLints/dict_16_192_64_0p5_0p02_0059_0007" 4764
"/Engine/EngineMaterials/Substrate/GLints/dict_16_192_64_0p5_0p02_0059_0008" 4765
"/Engine/EngineMaterials/Substrate/GLints/dict_16_192_64_0p5_0p02_0059_0009" 4766
"/Engine/EngineMaterials/Substrate/GLints/dict_16_192_64_0p5_0p02_0059_0010" 4767
"/Engine/EngineMaterials/Substrate/GLints/dict_16_192_64_0p5_0p02_0059_0011" 4768
"../../../Engine/Content/EngineMaterials/Substrate/GLints/dict_16_192_64_0p5_0p02_0057_0011.uasset" 4769
"../../../Engine/Content/EngineMaterials/Substrate/GLints/dict_16_192_64_0p5_0p02_0057_0010.uasset" 4770
"/Engine/EngineMaterials/Substrate/GLints/dict_16_192_64_0p5_0p02_0057_0012" 4771
"../../../Engine/Content/EngineMaterials/Substrate/GLints/dict_16_192_64_0p5_0p02_0057_0008.uasset" 4772
"../../../Engine/Content/EngineMaterials/Substrate/GLints/dict_16_192_64_0p5_0p02_0057_0009.uasset" 4773
"../../../Engine/Content/EngineMaterials/Substrate/GLints/dict_16_192_64_0p5_0p02_0057_0007.uasset" 4774
"../../../Engine/Content/EngineMaterials/Substrate/GLints/dict_16_192_64_0p5_0p02_0057_0006.uasset" 4775
"/Engine/EngineMaterials/Substrate/GLints/dict_16_192_64_0p5_0p02_0057_0013" 4776
"../../../Engine/Content/EngineMaterials/Substrate/GLints/dict_16_192_64_0p5_0p02_0057_0005.uasset" 4777
"../../../Engine/Content/EngineMaterials/Substrate/GLints/dict_16_192_64_0p5_0p02_0057_0004.uasset" 4778
"../../../Engine/Content/EngineMaterials/Substrate/GLints/dict_16_192_64_0p5_0p02_0057_0003.uasset" 4779
"../../../Engine/Content/EngineMaterials/Substrate/GLints/dict_16_192_64_0p5_0p02_0057_0002.uasset" 4780
"../../../Engine/Content/EngineMaterials/Substrate/GLints/dict_16_192_64_0p5_0p02_0057_0000.uasset" 4781
"../../../Engine/Content/EngineMaterials/Substrate/GLints/dict_16_192_64_0p5_0p02_0057_0001.uasset" 4782
"../../../Engine/Content/EngineMaterials/Substrate/GLints/dict_16_192_64_0p5_0p02_0056_0015.uasset" 4783
"/Engine/EngineMaterials/Substrate/GLints/dict_16_192_64_0p5_0p02_0057_0014" 4784
"../../../Engine/Content/EngineMaterials/Substrate/GLints/dict_16_192_64_0p5_0p02_0056_0013.uasset" 4785
"../../../Engine/Content/EngineMaterials/Substrate/GLints/dict_16_192_64_0p5_0p02_0056_0014.uasset" 4786
"../../../Engine/Content/EngineMaterials/Substrate/GLints/dict_16_192_64_0p5_0p02_0056_0012.uasset" 4787
"../../../Engine/Content/EngineMaterials/Substrate/GLints/dict_16_192_64_0p5_0p02_0056_0011.uasset" 4788
"../../../Engine/Content/EngineMaterials/Substrate/GLints/dict_16_192_64_0p5_0p02_0056_0010.uasset" 4789
"/Engine/EngineMaterials/Substrate/GLints/dict_16_192_64_0p5_0p02_0057_0015" 4790
"../../../Engine/Content/EngineMaterials/Substrate/GLints/dict_16_192_64_0p5_0p02_0056_0009.uasset" 4791
"../../../Engine/Content/EngineMaterials/Substrate/GLints/dict_16_192_64_0p5_0p02_0056_0008.uasset" 4792
"../../../Engine/Content/EngineMaterials/Substrate/GLints/dict_16_192_64_0p5_0p02_0056_0007.uasset" 4793
"../../../Engine/Content/EngineMaterials/Substrate/GLints/dict_16_192_64_0p5_0p02_0056_0006.uasset" 4794
"../../../Engine/Content/EngineMaterials/Substrate/GLints/dict_16_192_64_0p5_0p02_0056_0005.uasset" 4795
"../../../Engine/Content/EngineMaterials/Substrate/GLints/dict_16_192_64_0p5_0p02_0056_0004.uasset" 4796
"/Engine/EngineMaterials/Substrate/GLints/dict_16_192_64_0p5_0p02_0058_0000" 4797
"../../../Engine/Content/EngineMaterials/Substrate/GLints/dict_16_192_64_0p5_0p02_0056_0003.uasset" 4798
"../../../Engine/Content/EngineMaterials/Substrate/GLints/dict_16_192_64_0p5_0p02_0056_0002.uasset" 4799
"/Engine/EngineMaterials/Substrate/GLints/dict_16_192_64_0p5_0p02_0058_0001" 4800
"../../../Engine/Content/EngineMaterials/Substrate/GLints/dict_16_192_64_0p5_0p02_0056_0000.uasset" 4801
"../../../Engine/Content/EngineMaterials/Substrate/GLints/dict_16_192_64_0p5_0p02_0056_0001.uasset" 4802
"/Engine/EngineMaterials/Substrate/GLints/dict_16_192_64_0p5_0p02_0056_0002" 4803
"../../../Engine/Content/EngineMaterials/Substrate/GLints/dict_16_192_64_0p5_0p02_0055_0015.uasset" 4804
"../../../Engine/Content/EngineMaterials/Substrate/GLints/dict_16_192_64_0p5_0p02_0055_0014.uasset" 4805
"../../../Engine/Content/EngineMaterials/Substrate/GLints/dict_16_192_64_0p5_0p02_0055_0013.uasset" 4806
"../../../Engine/Content/EngineMaterials/Substrate/GLints/dict_16_192_64_0p5_0p02_0055_0012.uasset" 4807
"/Engine/EngineMaterials/Substrate/GLints/dict_16_192_64_0p5_0p02_0056_0003" 4808
"/Engine/EngineMaterials/Substrate/GLints/dict_16_192_64_0p5_0p02_0056_0004" 4809
"/Engine/EngineMaterials/Substrate/GLints/dict_16_192_64_0p5_0p02_0056_0005" 4810
"/Engine/EngineMaterials/Substrate/GLints/dict_16_192_64_0p5_0p02_0056_0006" 4811
"/Engine/EngineMaterials/Substrate/GLints/dict_16_192_64_0p5_0p02_0056_0007" 4812
"/Engine/EngineMaterials/Substrate/GLints/dict_16_192_64_0p5_0p02_0056_0008" 4813
"/Engine/EngineMaterials/Substrate/GLints/dict_16_192_64_0p5_0p02_0056_0009" 4814
"/Engine/EngineMaterials/Substrate/GLints/dict_16_192_64_0p5_0p02_0056_0010" 4815
"/Engine/EngineMaterials/Substrate/GLints/dict_16_192_64_0p5_0p02_0056_0011" 4816
"/Engine/EngineMaterials/Substrate/GLints/dict_16_192_64_0p5_0p02_0056_0012" 4817
"/Engine/EngineMaterials/Substrate/GLints/dict_16_192_64_0p5_0p02_0056_0013" 4818
"/Engine/EngineMaterials/Substrate/GLints/dict_16_192_64_0p5_0p02_0056_0014" 4819
"/Engine/EngineMaterials/Substrate/GLints/dict_16_192_64_0p5_0p02_0056_0015" 4820
"/Engine/EngineMaterials/Substrate/GLints/dict_16_192_64_0p5_0p02_0057_0000" 4821
"/Engine/EngineMaterials/Substrate/GLints/dict_16_192_64_0p5_0p02_0057_0001" 4822
"/Engine/EngineMaterials/Substrate/GLints/dict_16_192_64_0p5_0p02_0057_0002" 4823
"/Engine/EngineMaterials/Substrate/GLints/dict_16_192_64_0p5_0p02_0057_0003" 4824
"/Engine/EngineMaterials/Substrate/GLints/dict_16_192_64_0p5_0p02_0057_0004" 4825
"/Engine/EngineMaterials/Substrate/GLints/dict_16_192_64_0p5_0p02_0057_0005" 4826
"/Engine/EngineMaterials/Substrate/GLints/dict_16_192_64_0p5_0p02_0057_0006" 4827
"/Engine/EngineMaterials/Substrate/GLints/dict_16_192_64_0p5_0p02_0057_0007" 4828
"/Engine/EngineMaterials/Substrate/GLints/dict_16_192_64_0p5_0p02_0057_0008" 4829
"/Engine/EngineMaterials/Substrate/GLints/dict_16_192_64_0p5_0p02_0057_0009" 4830
"/Engine/EngineMaterials/Substrate/GLints/dict_16_192_64_0p5_0p02_0057_0010" 4831
"/Engine/EngineMaterials/Substrate/GLints/dict_16_192_64_0p5_0p02_0057_0011" 4832
"../../../Engine/Content/EngineMaterials/Substrate/GLints/dict_16_192_64_0p5_0p02_0055_0010.uasset" 4833
"../../../Engine/Content/EngineMaterials/Substrate/GLints/dict_16_192_64_0p5_0p02_0055_0011.uasset" 4834
"/Engine/EngineMaterials/Substrate/GLints/dict_16_192_64_0p5_0p02_0055_0012" 4835
"../../../Engine/Content/EngineMaterials/Substrate/GLints/dict_16_192_64_0p5_0p02_0055_0008.uasset" 4836
"../../../Engine/Content/EngineMaterials/Substrate/GLints/dict_16_192_64_0p5_0p02_0055_0009.uasset" 4837
"../../../Engine/Content/EngineMaterials/Substrate/GLints/dict_16_192_64_0p5_0p02_0055_0007.uasset" 4838
"/Engine/EngineMaterials/Substrate/GLints/dict_16_192_64_0p5_0p02_0055_0013" 4839
"../../../Engine/Content/EngineMaterials/Substrate/GLints/dict_16_192_64_0p5_0p02_0055_0006.uasset" 4840
"../../../Engine/Content/EngineMaterials/Substrate/GLints/dict_16_192_64_0p5_0p02_0055_0005.uasset" 4841
"../../../Engine/Content/EngineMaterials/Substrate/GLints/dict_16_192_64_0p5_0p02_0055_0004.uasset" 4842
"../../../Engine/Content/EngineMaterials/Substrate/GLints/dict_16_192_64_0p5_0p02_0055_0003.uasset" 4843
"../../../Engine/Content/EngineMaterials/Substrate/GLints/dict_16_192_64_0p5_0p02_0055_0002.uasset" 4844
"../../../Engine/Content/EngineMaterials/Substrate/GLints/dict_16_192_64_0p5_0p02_0055_0000.uasset" 4845
"/Engine/EngineMaterials/Substrate/GLints/dict_16_192_64_0p5_0p02_0055_0014" 4846
"../../../Engine/Content/EngineMaterials/Substrate/GLints/dict_16_192_64_0p5_0p02_0054_0015.uasset" 4847
"../../../Engine/Content/EngineMaterials/Substrate/GLints/dict_16_192_64_0p5_0p02_0054_0014.uasset" 4848
"../../../Engine/Content/EngineMaterials/Substrate/GLints/dict_16_192_64_0p5_0p02_0054_0013.uasset" 4849
"../../../Engine/Content/EngineMaterials/Substrate/GLints/dict_16_192_64_0p5_0p02_0054_0012.uasset" 4850
"../../../Engine/Content/EngineMaterials/Substrate/GLints/dict_16_192_64_0p5_0p02_0054_0011.uasset" 4851
"/Engine/EngineMaterials/Substrate/GLints/dict_16_192_64_0p5_0p02_0055_0015" 4852
"../../../Engine/Content/EngineMaterials/Substrate/GLints/dict_16_192_64_0p5_0p02_0054_0010.uasset" 4853
"../../../Engine/Content/EngineMaterials/Substrate/GLints/dict_16_192_64_0p5_0p02_0054_0009.uasset" 4854
"../../../Engine/Content/EngineMaterials/Substrate/GLints/dict_16_192_64_0p5_0p02_0054_0008.uasset" 4855
"../../../Engine/Content/EngineMaterials/Substrate/GLints/dict_16_192_64_0p5_0p02_0054_0007.uasset" 4856
"../../../Engine/Content/EngineMaterials/Substrate/GLints/dict_16_192_64_0p5_0p02_0054_0006.uasset" 4857
"/Engine/EngineMaterials/Substrate/GLints/dict_16_192_64_0p5_0p02_0056_0000" 4858
"../../../Engine/Content/EngineMaterials/Substrate/GLints/dict_16_192_64_0p5_0p02_0054_0005.uasset" 4859
"../../../Engine/Content/EngineMaterials/Substrate/GLints/dict_16_192_64_0p5_0p02_0054_0004.uasset" 4860
"../../../Engine/Content/EngineMaterials/Substrate/GLints/dict_16_192_64_0p5_0p02_0054_0003.uasset" 4861
"../../../Engine/Content/EngineMaterials/Substrate/GLints/dict_16_192_64_0p5_0p02_0054_0002.uasset" 4862
"/Engine/EngineMaterials/Substrate/GLints/dict_16_192_64_0p5_0p02_0056_0001" 4863
"../../../Engine/Content/EngineMaterials/Substrate/GLints/dict_16_192_64_0p5_0p02_0054_0001.uasset" 4864
"../../../Engine/Content/EngineMaterials/Substrate/GLints/dict_16_192_64_0p5_0p02_0055_0001.uasset" 4865
"/Engine/EngineMaterials/Substrate/GLints/dict_16_192_64_0p5_0p02_0054_0002" 4866
"../../../Engine/Content/EngineMaterials/Substrate/GLints/dict_16_192_64_0p5_0p02_0054_0000.uasset" 4867
"../../../Engine/Content/EngineMaterials/Substrate/GLints/dict_16_192_64_0p5_0p02_0053_0015.uasset" 4868
"../../../Engine/Content/EngineMaterials/Substrate/GLints/dict_16_192_64_0p5_0p02_0053_0013.uasset" 4869
"../../../Engine/Content/EngineMaterials/Substrate/GLints/dict_16_192_64_0p5_0p02_0053_0014.uasset" 4870
"../../../Engine/Content/EngineMaterials/Substrate/GLints/dict_16_192_64_0p5_0p02_0053_0012.uasset" 4871
"/Engine/EngineMaterials/Substrate/GLints/dict_16_192_64_0p5_0p02_0054_0003" 4872
"/Engine/EngineMaterials/Substrate/GLints/dict_16_192_64_0p5_0p02_0054_0004" 4873
"/Engine/EngineMaterials/Substrate/GLints/dict_16_192_64_0p5_0p02_0054_0005" 4874
"/Engine/EngineMaterials/Substrate/GLints/dict_16_192_64_0p5_0p02_0054_0006" 4875
"/Engine/EngineMaterials/Substrate/GLints/dict_16_192_64_0p5_0p02_0054_0007" 4876
"/Engine/EngineMaterials/Substrate/GLints/dict_16_192_64_0p5_0p02_0054_0008" 4877
"/Engine/EngineMaterials/Substrate/GLints/dict_16_192_64_0p5_0p02_0054_0009" 4878
"/Engine/EngineMaterials/Substrate/GLints/dict_16_192_64_0p5_0p02_0054_0010" 4879
"/Engine/EngineMaterials/Substrate/GLints/dict_16_192_64_0p5_0p02_0054_0011" 4880
"/Engine/EngineMaterials/Substrate/GLints/dict_16_192_64_0p5_0p02_0054_0012" 4881
"/Engine/EngineMaterials/Substrate/GLints/dict_16_192_64_0p5_0p02_0054_0013" 4882
"/Engine/EngineMaterials/Substrate/GLints/dict_16_192_64_0p5_0p02_0054_0014" 4883
"/Engine/EngineMaterials/Substrate/GLints/dict_16_192_64_0p5_0p02_0054_0015" 4884
"/Engine/EngineMaterials/Substrate/GLints/dict_16_192_64_0p5_0p02_0055_0000" 4885
"/Engine/EngineMaterials/Substrate/GLints/dict_16_192_64_0p5_0p02_0055_0002" 4886
"/Engine/EngineMaterials/Substrate/GLints/dict_16_192_64_0p5_0p02_0055_0003" 4887
"/Engine/EngineMaterials/Substrate/GLints/dict_16_192_64_0p5_0p02_0055_0004" 4888
"/Engine/EngineMaterials/Substrate/GLints/dict_16_192_64_0p5_0p02_0055_0005" 4889
"/Engine/EngineMaterials/Substrate/GLints/dict_16_192_64_0p5_0p02_0055_0006" 4890
"/Engine/EngineMaterials/Substrate/GLints/dict_16_192_64_0p5_0p02_0055_0007" 4891
"/Engine/EngineMaterials/Substrate/GLints/dict_16_192_64_0p5_0p02_0055_0008" 4892
"/Engine/EngineMaterials/Substrate/GLints/dict_16_192_64_0p5_0p02_0055_0009" 4893
"/Engine/EngineMaterials/Substrate/GLints/dict_16_192_64_0p5_0p02_0055_0010" 4894
"/Engine/EngineMaterials/Substrate/GLints/dict_16_192_64_0p5_0p02_0055_0011" 4895
"/Engine/EngineMaterials/Substrate/GLints/dict_16_192_64_0p5_0p02_0055_0001" 4896
"../../../Engine/Content/EngineMaterials/Substrate/GLints/dict_16_192_64_0p5_0p02_0053_0010.uasset" 4897
"../../../Engine/Content/EngineMaterials/Substrate/GLints/dict_16_192_64_0p5_0p02_0053_0011.uasset" 4898
"../../../Engine/Content/EngineMaterials/Substrate/GLints/dict_16_192_64_0p5_0p02_0053_0008.uasset" 4899
"../../../Engine/Content/EngineMaterials/Substrate/GLints/dict_16_192_64_0p5_0p02_0053_0009.uasset" 4900
"/Engine/EngineMaterials/Substrate/GLints/dict_16_192_64_0p5_0p02_0053_0012" 4901
"../../../Engine/Content/EngineMaterials/Substrate/GLints/dict_16_192_64_0p5_0p02_0053_0007.uasset" 4902
"../../../Engine/Content/EngineMaterials/Substrate/GLints/dict_16_192_64_0p5_0p02_0053_0005.uasset" 4903
"../../../Engine/Content/EngineMaterials/Substrate/GLints/dict_16_192_64_0p5_0p02_0053_0004.uasset" 4904
"../../../Engine/Content/EngineMaterials/Substrate/GLints/dict_16_192_64_0p5_0p02_0053_0006.uasset" 4905
"../../../Engine/Content/EngineMaterials/Substrate/GLints/dict_16_192_64_0p5_0p02_0053_0003.uasset" 4906
"../../../Engine/Content/EngineMaterials/Substrate/GLints/dict_16_192_64_0p5_0p02_0053_0001.uasset" 4907
"/Engine/EngineMaterials/Substrate/GLints/dict_16_192_64_0p5_0p02_0053_0013" 4908
"../../../Engine/Content/EngineMaterials/Substrate/GLints/dict_16_192_64_0p5_0p02_0053_0002.uasset" 4909
"../../../Engine/Content/EngineMaterials/Substrate/GLints/dict_16_192_64_0p5_0p02_0053_0000.uasset" 4910
"../../../Engine/Content/EngineMaterials/Substrate/GLints/dict_16_192_64_0p5_0p02_0052_0015.uasset" 4911
"../../../Engine/Content/EngineMaterials/Substrate/GLints/dict_16_192_64_0p5_0p02_0052_0014.uasset" 4912
"../../../Engine/Content/EngineMaterials/Substrate/GLints/dict_16_192_64_0p5_0p02_0052_0012.uasset" 4913
"../../../Engine/Content/EngineMaterials/Substrate/GLints/dict_16_192_64_0p5_0p02_0052_0013.uasset" 4914
"/Engine/EngineMaterials/Substrate/GLints/dict_16_192_64_0p5_0p02_0053_0014" 4915
"../../../Engine/Content/EngineMaterials/Substrate/GLints/dict_16_192_64_0p5_0p02_0052_0011.uasset" 4916
"../../../Engine/Content/EngineMaterials/Substrate/GLints/dict_16_192_64_0p5_0p02_0052_0010.uasset" 4917
"../../../Engine/Content/EngineMaterials/Substrate/GLints/dict_16_192_64_0p5_0p02_0052_0009.uasset" 4918
"../../../Engine/Content/EngineMaterials/Substrate/GLints/dict_16_192_64_0p5_0p02_0052_0008.uasset" 4919
"../../../Engine/Content/EngineMaterials/Substrate/GLints/dict_16_192_64_0p5_0p02_0052_0006.uasset" 4920
"../../../Engine/Content/EngineMaterials/Substrate/GLints/dict_16_192_64_0p5_0p02_0052_0005.uasset" 4921
"/Engine/EngineMaterials/Substrate/GLints/dict_16_192_64_0p5_0p02_0053_0015" 4922
"../../../Engine/Content/EngineMaterials/Substrate/GLints/dict_16_192_64_0p5_0p02_0052_0007.uasset" 4923
"../../../Engine/Content/EngineMaterials/Substrate/GLints/dict_16_192_64_0p5_0p02_0052_0003.uasset" 4924
"../../../Engine/Content/EngineMaterials/Substrate/GLints/dict_16_192_64_0p5_0p02_0052_0004.uasset" 4925
"/Engine/EngineMaterials/Substrate/GLints/dict_16_192_64_0p5_0p02_0054_0000" 4926
"/Engine/EngineMaterials/Substrate/GLints/dict_16_192_64_0p5_0p02_0054_0001" 4927
"../../../Engine/Content/EngineMaterials/Substrate/GLints/dict_16_192_64_0p5_0p02_0052_0001.uasset" 4928
"../../../Engine/Content/EngineMaterials/Substrate/GLints/dict_16_192_64_0p5_0p02_0052_0002.uasset" 4929
"/Engine/EngineMaterials/Substrate/GLints/dict_16_192_64_0p5_0p02_0052_0003" 4930
"../../../Engine/Content/EngineMaterials/Substrate/GLints/dict_16_192_64_0p5_0p02_0052_0000.uasset" 4931
"../../../Engine/Content/EngineMaterials/Substrate/GLints/dict_16_192_64_0p5_0p02_0051_0015.uasset" 4932
"../../../Engine/Content/EngineMaterials/Substrate/GLints/dict_16_192_64_0p5_0p02_0051_0014.uasset" 4933
"../../../Engine/Content/EngineMaterials/Substrate/GLints/dict_16_192_64_0p5_0p02_0051_0013.uasset" 4934
"/Engine/EngineMaterials/Substrate/GLints/dict_16_192_64_0p5_0p02_0052_0004" 4935
"../../../Engine/Content/EngineMaterials/Substrate/GLints/dict_16_192_64_0p5_0p02_0051_0012.uasset" 4936
"/Engine/EngineMaterials/Substrate/GLints/dict_16_192_64_0p5_0p02_0052_0005" 4937
"/Engine/EngineMaterials/Substrate/GLints/dict_16_192_64_0p5_0p02_0052_0006" 4938
"/Engine/EngineMaterials/Substrate/GLints/dict_16_192_64_0p5_0p02_0052_0007" 4939
"/Engine/EngineMaterials/Substrate/GLints/dict_16_192_64_0p5_0p02_0052_0008" 4940
"/Engine/EngineMaterials/Substrate/GLints/dict_16_192_64_0p5_0p02_0052_0009" 4941
"/Engine/EngineMaterials/Substrate/GLints/dict_16_192_64_0p5_0p02_0052_0010" 4942
"/Engine/EngineMaterials/Substrate/GLints/dict_16_192_64_0p5_0p02_0052_0011" 4943
"/Engine/EngineMaterials/Substrate/GLints/dict_16_192_64_0p5_0p02_0052_0012" 4944
"/Engine/EngineMaterials/Substrate/GLints/dict_16_192_64_0p5_0p02_0052_0013" 4945
"/Engine/EngineMaterials/Substrate/GLints/dict_16_192_64_0p5_0p02_0052_0014" 4946
"/Engine/EngineMaterials/Substrate/GLints/dict_16_192_64_0p5_0p02_0052_0015" 4947
"/Engine/EngineMaterials/Substrate/GLints/dict_16_192_64_0p5_0p02_0053_0000" 4948
"/Engine/EngineMaterials/Substrate/GLints/dict_16_192_64_0p5_0p02_0053_0001" 4949
"/Engine/EngineMaterials/Substrate/GLints/dict_16_192_64_0p5_0p02_0053_0002" 4950
"/Engine/EngineMaterials/Substrate/GLints/dict_16_192_64_0p5_0p02_0053_0003" 4951
"/Engine/EngineMaterials/Substrate/GLints/dict_16_192_64_0p5_0p02_0053_0004" 4952
"/Engine/EngineMaterials/Substrate/GLints/dict_16_192_64_0p5_0p02_0053_0005" 4953
"/Engine/EngineMaterials/Substrate/GLints/dict_16_192_64_0p5_0p02_0053_0006" 4954
"/Engine/EngineMaterials/Substrate/GLints/dict_16_192_64_0p5_0p02_0053_0007" 4955
"/Engine/EngineMaterials/Substrate/GLints/dict_16_192_64_0p5_0p02_0053_0008" 4956
"/Engine/EngineMaterials/Substrate/GLints/dict_16_192_64_0p5_0p02_0053_0009" 4957
"/Engine/EngineMaterials/Substrate/GLints/dict_16_192_64_0p5_0p02_0053_0010" 4958
"/Engine/EngineMaterials/Substrate/GLints/dict_16_192_64_0p5_0p02_0053_0011" 4959
"../../../Engine/Content/EngineMaterials/Substrate/GLints/dict_16_192_64_0p5_0p02_0051_0010.uasset" 4960
"/Engine/EngineMaterials/Substrate/GLints/dict_16_192_64_0p5_0p02_0051_0012" 4961
"../../../Engine/Content/EngineMaterials/Substrate/GLints/dict_16_192_64_0p5_0p02_0051_0011.uasset" 4962
"../../../Engine/Content/EngineMaterials/Substrate/GLints/dict_16_192_64_0p5_0p02_0051_0009.uasset" 4963
"../../../Engine/Content/EngineMaterials/Substrate/GLints/dict_16_192_64_0p5_0p02_0051_0008.uasset" 4964
"../../../Engine/Content/EngineMaterials/Substrate/GLints/dict_16_192_64_0p5_0p02_0051_0007.uasset" 4965
"../../../Engine/Content/EngineMaterials/Substrate/GLints/dict_16_192_64_0p5_0p02_0051_0006.uasset" 4966
"/Engine/EngineMaterials/Substrate/GLints/dict_16_192_64_0p5_0p02_0051_0013" 4967
"../../../Engine/Content/EngineMaterials/Substrate/GLints/dict_16_192_64_0p5_0p02_0051_0005.uasset" 4968
"../../../Engine/Content/EngineMaterials/Substrate/GLints/dict_16_192_64_0p5_0p02_0051_0004.uasset" 4969
"../../../Engine/Content/EngineMaterials/Substrate/GLints/dict_16_192_64_0p5_0p02_0051_0003.uasset" 4970
"../../../Engine/Content/EngineMaterials/Substrate/GLints/dict_16_192_64_0p5_0p02_0051_0002.uasset" 4971
"../../../Engine/Content/EngineMaterials/Substrate/GLints/dict_16_192_64_0p5_0p02_0051_0001.uasset" 4972
"../../../Engine/Content/EngineMaterials/Substrate/GLints/dict_16_192_64_0p5_0p02_0051_0000.uasset" 4973
"/Engine/EngineMaterials/Substrate/GLints/dict_16_192_64_0p5_0p02_0051_0014" 4974
"../../../Engine/Content/EngineMaterials/Substrate/GLints/dict_16_192_64_0p5_0p02_0050_0014.uasset" 4975
"../../../Engine/Content/EngineMaterials/Substrate/GLints/dict_16_192_64_0p5_0p02_0050_0015.uasset" 4976
"../../../Engine/Content/EngineMaterials/Substrate/GLints/dict_16_192_64_0p5_0p02_0050_0013.uasset" 4977
"../../../Engine/Content/EngineMaterials/Substrate/GLints/dict_16_192_64_0p5_0p02_0050_0012.uasset" 4978
"../../../Engine/Content/EngineMaterials/Substrate/GLints/dict_16_192_64_0p5_0p02_0050_0011.uasset" 4979
"../../../Engine/Content/EngineMaterials/Substrate/GLints/dict_16_192_64_0p5_0p02_0050_0010.uasset" 4980
"../../../Engine/Content/EngineMaterials/Substrate/GLints/dict_16_192_64_0p5_0p02_0050_0009.uasset" 4981
"/Engine/EngineMaterials/Substrate/GLints/dict_16_192_64_0p5_0p02_0051_0015" 4982
"../../../Engine/Content/EngineMaterials/Substrate/GLints/dict_16_192_64_0p5_0p02_0050_0008.uasset" 4983
"../../../Engine/Content/EngineMaterials/Substrate/GLints/dict_16_192_64_0p5_0p02_0050_0007.uasset" 4984
"../../../Engine/Content/EngineMaterials/Substrate/GLints/dict_16_192_64_0p5_0p02_0050_0006.uasset" 4985
"../../../Engine/Content/EngineMaterials/Substrate/GLints/dict_16_192_64_0p5_0p02_0050_0005.uasset" 4986
"../../../Engine/Content/EngineMaterials/Substrate/GLints/dict_16_192_64_0p5_0p02_0050_0003.uasset" 4987
"../../../Engine/Content/EngineMaterials/Substrate/GLints/dict_16_192_64_0p5_0p02_0050_0004.uasset" 4988
"/Engine/EngineMaterials/Substrate/GLints/dict_16_192_64_0p5_0p02_0052_0000" 4989
"/Engine/EngineMaterials/Substrate/GLints/dict_16_192_64_0p5_0p02_0052_0001" 4990
"/Engine/EngineMaterials/Substrate/GLints/dict_16_192_64_0p5_0p02_0052_0002" 4991
"../../../Engine/Content/EngineMaterials/Substrate/GLints/dict_16_192_64_0p5_0p02_0050_0002.uasset" 4992
"../../../Engine/Content/EngineMaterials/Substrate/GLints/dict_16_192_64_0p5_0p02_0050_0001.uasset" 4993
"/Engine/EngineMaterials/Substrate/GLints/dict_16_192_64_0p5_0p02_0050_0003" 4994
"../../../Engine/Content/EngineMaterials/Substrate/GLints/dict_16_192_64_0p5_0p02_0049_0015.uasset" 4995
"../../../Engine/Content/EngineMaterials/Substrate/GLints/dict_16_192_64_0p5_0p02_0050_0000.uasset" 4996
"../../../Engine/Content/EngineMaterials/Substrate/GLints/dict_16_192_64_0p5_0p02_0049_0014.uasset" 4997
"../../../Engine/Content/EngineMaterials/Substrate/GLints/dict_16_192_64_0p5_0p02_0049_0013.uasset" 4998
"../../../Engine/Content/EngineMaterials/Substrate/GLints/dict_16_192_64_0p5_0p02_0049_0012.uasset" 4999
"/Engine/EngineMaterials/Substrate/GLints/dict_16_192_64_0p5_0p02_0050_0004" 5000
"/Engine/EngineMaterials/Substrate/GLints/dict_16_192_64_0p5_0p02_0050_0005" 5001
"/Engine/EngineMaterials/Substrate/GLints/dict_16_192_64_0p5_0p02_0050_0006" 5002
"/Engine/EngineMaterials/Substrate/GLints/dict_16_192_64_0p5_0p02_0050_0007" 5003
"/Engine/EngineMaterials/Substrate/GLints/dict_16_192_64_0p5_0p02_0050_0008" 5004
"/Engine/EngineMaterials/Substrate/GLints/dict_16_192_64_0p5_0p02_0050_0009" 5005
"/Engine/EngineMaterials/Substrate/GLints/dict_16_192_64_0p5_0p02_0050_0010" 5006
"/Engine/EngineMaterials/Substrate/GLints/dict_16_192_64_0p5_0p02_0050_0011" 5007
"/Engine/EngineMaterials/Substrate/GLints/dict_16_192_64_0p5_0p02_0050_0012" 5008
"/Engine/EngineMaterials/Substrate/GLints/dict_16_192_64_0p5_0p02_0050_0013" 5009
"/Engine/EngineMaterials/Substrate/GLints/dict_16_192_64_0p5_0p02_0050_0014" 5010
"/Engine/EngineMaterials/Substrate/GLints/dict_16_192_64_0p5_0p02_0050_0015" 5011
"/Engine/EngineMaterials/Substrate/GLints/dict_16_192_64_0p5_0p02_0051_0000" 5012
"/Engine/EngineMaterials/Substrate/GLints/dict_16_192_64_0p5_0p02_0051_0001" 5013
"/Engine/EngineMaterials/Substrate/GLints/dict_16_192_64_0p5_0p02_0051_0002" 5014
"/Engine/EngineMaterials/Substrate/GLints/dict_16_192_64_0p5_0p02_0051_0003" 5015
"/Engine/EngineMaterials/Substrate/GLints/dict_16_192_64_0p5_0p02_0051_0004" 5016
"/Engine/EngineMaterials/Substrate/GLints/dict_16_192_64_0p5_0p02_0051_0005" 5017
"/Engine/EngineMaterials/Substrate/GLints/dict_16_192_64_0p5_0p02_0051_0006" 5018
"/Engine/EngineMaterials/Substrate/GLints/dict_16_192_64_0p5_0p02_0051_0007" 5019
"/Engine/EngineMaterials/Substrate/GLints/dict_16_192_64_0p5_0p02_0051_0008" 5020
"/Engine/EngineMaterials/Substrate/GLints/dict_16_192_64_0p5_0p02_0051_0009" 5021
"/Engine/EngineMaterials/Substrate/GLints/dict_16_192_64_0p5_0p02_0051_0010" 5022
"/Engine/EngineMaterials/Substrate/GLints/dict_16_192_64_0p5_0p02_0051_0011" 5023
"/Engine/EngineMaterials/Substrate/GLints/dict_16_192_64_0p5_0p02_0049_0012" 5024
"../../../Engine/Content/EngineMaterials/Substrate/GLints/dict_16_192_64_0p5_0p02_0049_0010.uasset" 5025
"../../../Engine/Content/EngineMaterials/Substrate/GLints/dict_16_192_64_0p5_0p02_0049_0011.uasset" 5026
"../../../Engine/Content/EngineMaterials/Substrate/GLints/dict_16_192_64_0p5_0p02_0049_0008.uasset" 5027
"../../../Engine/Content/EngineMaterials/Substrate/GLints/dict_16_192_64_0p5_0p02_0049_0009.uasset" 5028
"/Engine/EngineMaterials/Substrate/GLints/dict_16_192_64_0p5_0p02_0049_0013" 5029
"../../../Engine/Content/EngineMaterials/Substrate/GLints/dict_16_192_64_0p5_0p02_0049_0007.uasset" 5030
"../../../Engine/Content/EngineMaterials/Substrate/GLints/dict_16_192_64_0p5_0p02_0049_0006.uasset" 5031
"../../../Engine/Content/EngineMaterials/Substrate/GLints/dict_16_192_64_0p5_0p02_0049_0005.uasset" 5032
"../../../Engine/Content/EngineMaterials/Substrate/GLints/dict_16_192_64_0p5_0p02_0049_0004.uasset" 5033
"../../../Engine/Content/EngineMaterials/Substrate/GLints/dict_16_192_64_0p5_0p02_0049_0003.uasset" 5034
"/Engine/EngineMaterials/Substrate/GLints/dict_16_192_64_0p5_0p02_0049_0014" 5035
"../../../Engine/Content/EngineMaterials/Substrate/GLints/dict_16_192_64_0p5_0p02_0049_0002.uasset" 5036
"../../../Engine/Content/EngineMaterials/Substrate/GLints/dict_16_192_64_0p5_0p02_0049_0001.uasset" 5037
"../../../Engine/Content/EngineMaterials/Substrate/GLints/dict_16_192_64_0p5_0p02_0049_0000.uasset" 5038
"../../../Engine/Content/EngineMaterials/Substrate/GLints/dict_16_192_64_0p5_0p02_0048_0015.uasset" 5039
"../../../Engine/Content/EngineMaterials/Substrate/GLints/dict_16_192_64_0p5_0p02_0048_0014.uasset" 5040
"/Engine/EngineMaterials/Substrate/GLints/dict_16_192_64_0p5_0p02_0049_0015" 5041
"../../../Engine/Content/EngineMaterials/Substrate/GLints/dict_16_192_64_0p5_0p02_0048_0013.uasset" 5042
"../../../Engine/Content/EngineMaterials/Substrate/GLints/dict_16_192_64_0p5_0p02_0048_0012.uasset" 5043
"../../../Engine/Content/EngineMaterials/Substrate/GLints/dict_16_192_64_0p5_0p02_0048_0011.uasset" 5044
"../../../Engine/Content/EngineMaterials/Substrate/GLints/dict_16_192_64_0p5_0p02_0048_0010.uasset" 5045
"../../../Engine/Content/EngineMaterials/Substrate/GLints/dict_16_192_64_0p5_0p02_0048_0009.uasset" 5046
"../../../Engine/Content/EngineMaterials/Substrate/GLints/dict_16_192_64_0p5_0p02_0048_0008.uasset" 5047
"/Engine/EngineMaterials/Substrate/GLints/dict_16_192_64_0p5_0p02_0050_0000" 5048
"../../../Engine/Content/EngineMaterials/Substrate/GLints/dict_16_192_64_0p5_0p02_0048_0007.uasset" 5049
"../../../Engine/Content/EngineMaterials/Substrate/GLints/dict_16_192_64_0p5_0p02_0048_0006.uasset" 5050
"../../../Engine/Content/EngineMaterials/Substrate/GLints/dict_16_192_64_0p5_0p02_0048_0005.uasset" 5051
"../../../Engine/Content/EngineMaterials/Substrate/GLints/dict_16_192_64_0p5_0p02_0048_0004.uasset" 5052
"../../../Engine/Content/EngineMaterials/Substrate/GLints/dict_16_192_64_0p5_0p02_0048_0003.uasset" 5053
"/Engine/EngineMaterials/Substrate/GLints/dict_16_192_64_0p5_0p02_0050_0001" 5054
"/Engine/EngineMaterials/Substrate/GLints/dict_16_192_64_0p5_0p02_0050_0002" 5055
"/Engine/EngineMaterials/Substrate/GLints/dict_16_192_64_0p5_0p02_0048_0003" 5056
"../../../Engine/Content/EngineMaterials/Substrate/GLints/dict_16_192_64_0p5_0p02_0048_0002.uasset" 5057
"../../../Engine/Content/EngineMaterials/Substrate/GLints/dict_16_192_64_0p5_0p02_0048_0001.uasset" 5058
"../../../Engine/Content/EngineMaterials/Substrate/GLints/dict_16_192_64_0p5_0p02_0047_0015.uasset" 5059
"../../../Engine/Content/EngineMaterials/Substrate/GLints/dict_16_192_64_0p5_0p02_0048_0000.uasset" 5060
"../../../Engine/Content/EngineMaterials/Substrate/GLints/dict_16_192_64_0p5_0p02_0047_0014.uasset" 5061
"../../../Engine/Content/EngineMaterials/Substrate/GLints/dict_16_192_64_0p5_0p02_0047_0013.uasset" 5062
"/Engine/EngineMaterials/Substrate/GLints/dict_16_192_64_0p5_0p02_0048_0004" 5063
"../../../Engine/Content/EngineMaterials/Substrate/GLints/dict_16_192_64_0p5_0p02_0047_0012.uasset" 5064
"/Engine/EngineMaterials/Substrate/GLints/dict_16_192_64_0p5_0p02_0048_0005" 5065
"/Engine/EngineMaterials/Substrate/GLints/dict_16_192_64_0p5_0p02_0048_0006" 5066
"/Engine/EngineMaterials/Substrate/GLints/dict_16_192_64_0p5_0p02_0048_0007" 5067
"/Engine/EngineMaterials/Substrate/GLints/dict_16_192_64_0p5_0p02_0048_0008" 5068
"/Engine/EngineMaterials/Substrate/GLints/dict_16_192_64_0p5_0p02_0048_0009" 5069
"/Engine/EngineMaterials/Substrate/GLints/dict_16_192_64_0p5_0p02_0048_0010" 5070
"/Engine/EngineMaterials/Substrate/GLints/dict_16_192_64_0p5_0p02_0048_0011" 5071
"/Engine/EngineMaterials/Substrate/GLints/dict_16_192_64_0p5_0p02_0048_0012" 5072
"/Engine/EngineMaterials/Substrate/GLints/dict_16_192_64_0p5_0p02_0048_0013" 5073
"/Engine/EngineMaterials/Substrate/GLints/dict_16_192_64_0p5_0p02_0048_0014" 5074
"/Engine/EngineMaterials/Substrate/GLints/dict_16_192_64_0p5_0p02_0048_0015" 5075
"/Engine/EngineMaterials/Substrate/GLints/dict_16_192_64_0p5_0p02_0049_0000" 5076
"/Engine/EngineMaterials/Substrate/GLints/dict_16_192_64_0p5_0p02_0049_0001" 5077
"/Engine/EngineMaterials/Substrate/GLints/dict_16_192_64_0p5_0p02_0049_0002" 5078
"/Engine/EngineMaterials/Substrate/GLints/dict_16_192_64_0p5_0p02_0049_0003" 5079
"/Engine/EngineMaterials/Substrate/GLints/dict_16_192_64_0p5_0p02_0049_0004" 5080
"/Engine/EngineMaterials/Substrate/GLints/dict_16_192_64_0p5_0p02_0049_0005" 5081
"/Engine/EngineMaterials/Substrate/GLints/dict_16_192_64_0p5_0p02_0049_0006" 5082
"/Engine/EngineMaterials/Substrate/GLints/dict_16_192_64_0p5_0p02_0049_0007" 5083
"/Engine/EngineMaterials/Substrate/GLints/dict_16_192_64_0p5_0p02_0049_0008" 5084
"/Engine/EngineMaterials/Substrate/GLints/dict_16_192_64_0p5_0p02_0049_0009" 5085
"/Engine/EngineMaterials/Substrate/GLints/dict_16_192_64_0p5_0p02_0049_0010" 5086
"/Engine/EngineMaterials/Substrate/GLints/dict_16_192_64_0p5_0p02_0049_0011" 5087
"/Engine/EngineMaterials/Substrate/GLints/dict_16_192_64_0p5_0p02_0047_0012" 5088
"../../../Engine/Content/EngineMaterials/Substrate/GLints/dict_16_192_64_0p5_0p02_0047_0011.uasset" 5089
"../../../Engine/Content/EngineMaterials/Substrate/GLints/dict_16_192_64_0p5_0p02_0047_0010.uasset" 5090
"../../../Engine/Content/EngineMaterials/Substrate/GLints/dict_16_192_64_0p5_0p02_0047_0009.uasset" 5091
"/Engine/EngineMaterials/Substrate/GLints/dict_16_192_64_0p5_0p02_0047_0013" 5092
"../../../Engine/Content/EngineMaterials/Substrate/GLints/dict_16_192_64_0p5_0p02_0047_0008.uasset" 5093
"../../../Engine/Content/EngineMaterials/Substrate/GLints/dict_16_192_64_0p5_0p02_0047_0007.uasset" 5094
"../../../Engine/Content/EngineMaterials/Substrate/GLints/dict_16_192_64_0p5_0p02_0047_0006.uasset" 5095
"/Engine/EngineMaterials/Substrate/GLints/dict_16_192_64_0p5_0p02_0047_0014" 5096
"../../../Engine/Content/EngineMaterials/Substrate/GLints/dict_16_192_64_0p5_0p02_0047_0004.uasset" 5097
"../../../Engine/Content/EngineMaterials/Substrate/GLints/dict_16_192_64_0p5_0p02_0047_0005.uasset" 5098
"../../../Engine/Content/EngineMaterials/Substrate/GLints/dict_16_192_64_0p5_0p02_0047_0003.uasset" 5099
"../../../Engine/Content/EngineMaterials/Substrate/GLints/dict_16_192_64_0p5_0p02_0047_0002.uasset" 5100
"/Engine/EngineMaterials/Substrate/GLints/dict_16_192_64_0p5_0p02_0047_0015" 5101
"../../../Engine/Content/EngineMaterials/Substrate/GLints/dict_16_192_64_0p5_0p02_0047_0001.uasset" 5102
"../../../Engine/Content/EngineMaterials/Substrate/GLints/dict_16_192_64_0p5_0p02_0047_0000.uasset" 5103
"../../../Engine/Content/EngineMaterials/Substrate/GLints/dict_16_192_64_0p5_0p02_0046_0015.uasset" 5104
"../../../Engine/Content/EngineMaterials/Substrate/GLints/dict_16_192_64_0p5_0p02_0046_0014.uasset" 5105
"../../../Engine/Content/EngineMaterials/Substrate/GLints/dict_16_192_64_0p5_0p02_0046_0013.uasset" 5106
"/Engine/EngineMaterials/Substrate/GLints/dict_16_192_64_0p5_0p02_0048_0000" 5107
"../../../Engine/Content/EngineMaterials/Substrate/GLints/dict_16_192_64_0p5_0p02_0046_0012.uasset" 5108
"../../../Engine/Content/EngineMaterials/Substrate/GLints/dict_16_192_64_0p5_0p02_0046_0011.uasset" 5109
"../../../Engine/Content/EngineMaterials/Substrate/GLints/dict_16_192_64_0p5_0p02_0046_0010.uasset" 5110
"/Engine/EngineMaterials/Substrate/GLints/dict_16_192_64_0p5_0p02_0048_0001" 5111
"../../../Engine/Content/EngineMaterials/Substrate/GLints/dict_16_192_64_0p5_0p02_0046_0009.uasset" 5112
"../../../Engine/Content/EngineMaterials/Substrate/GLints/dict_16_192_64_0p5_0p02_0046_0008.uasset" 5113
"../../../Engine/Content/EngineMaterials/Substrate/GLints/dict_16_192_64_0p5_0p02_0046_0007.uasset" 5114
"../../../Engine/Content/EngineMaterials/Substrate/GLints/dict_16_192_64_0p5_0p02_0046_0006.uasset" 5115
"../../../Engine/Content/EngineMaterials/Substrate/GLints/dict_16_192_64_0p5_0p02_0046_0005.uasset" 5116
"../../../Engine/Content/EngineMaterials/Substrate/GLints/dict_16_192_64_0p5_0p02_0046_0004.uasset" 5117
"/Engine/EngineMaterials/Substrate/GLints/dict_16_192_64_0p5_0p02_0048_0002" 5118
"../../../Engine/Content/EngineMaterials/Substrate/GLints/dict_16_192_64_0p5_0p02_0046_0003.uasset" 5119
"../../../Engine/Content/EngineMaterials/Substrate/GLints/dict_16_192_64_0p5_0p02_0046_0002.uasset" 5120
"../../../Engine/Content/EngineMaterials/Substrate/GLints/dict_16_192_64_0p5_0p02_0046_0001.uasset" 5121
"/Engine/EngineMaterials/Substrate/GLints/dict_16_192_64_0p5_0p02_0046_0003" 5122
"../../../Engine/Content/EngineMaterials/Substrate/GLints/dict_16_192_64_0p5_0p02_0046_0000.uasset" 5123
"../../../Engine/Content/EngineMaterials/Substrate/GLints/dict_16_192_64_0p5_0p02_0045_0015.uasset" 5124
"../../../Engine/Content/EngineMaterials/Substrate/GLints/dict_16_192_64_0p5_0p02_0045_0014.uasset" 5125
"../../../Engine/Content/EngineMaterials/Substrate/GLints/dict_16_192_64_0p5_0p02_0045_0013.uasset" 5126
"../../../Engine/Content/EngineMaterials/Substrate/GLints/dict_16_192_64_0p5_0p02_0045_0012.uasset" 5127
"/Engine/EngineMaterials/Substrate/GLints/dict_16_192_64_0p5_0p02_0046_0004" 5128
"/Engine/EngineMaterials/Substrate/GLints/dict_16_192_64_0p5_0p02_0046_0005" 5129
"/Engine/EngineMaterials/Substrate/GLints/dict_16_192_64_0p5_0p02_0046_0006" 5130
"/Engine/EngineMaterials/Substrate/GLints/dict_16_192_64_0p5_0p02_0046_0007" 5131
"/Engine/EngineMaterials/Substrate/GLints/dict_16_192_64_0p5_0p02_0046_0008" 5132
"/Engine/EngineMaterials/Substrate/GLints/dict_16_192_64_0p5_0p02_0046_0009" 5133
"/Engine/EngineMaterials/Substrate/GLints/dict_16_192_64_0p5_0p02_0046_0010" 5134
"/Engine/EngineMaterials/Substrate/GLints/dict_16_192_64_0p5_0p02_0046_0011" 5135
"/Engine/EngineMaterials/Substrate/GLints/dict_16_192_64_0p5_0p02_0046_0012" 5136
"/Engine/EngineMaterials/Substrate/GLints/dict_16_192_64_0p5_0p02_0046_0013" 5137
"/Engine/EngineMaterials/Substrate/GLints/dict_16_192_64_0p5_0p02_0046_0014" 5138
"/Engine/EngineMaterials/Substrate/GLints/dict_16_192_64_0p5_0p02_0046_0015" 5139
"/Engine/EngineMaterials/Substrate/GLints/dict_16_192_64_0p5_0p02_0047_0000" 5140
"/Engine/EngineMaterials/Substrate/GLints/dict_16_192_64_0p5_0p02_0047_0001" 5141
"/Engine/EngineMaterials/Substrate/GLints/dict_16_192_64_0p5_0p02_0047_0002" 5142
"/Engine/EngineMaterials/Substrate/GLints/dict_16_192_64_0p5_0p02_0047_0003" 5143
"/Engine/EngineMaterials/Substrate/GLints/dict_16_192_64_0p5_0p02_0047_0004" 5144
"/Engine/EngineMaterials/Substrate/GLints/dict_16_192_64_0p5_0p02_0047_0005" 5145
"/Engine/EngineMaterials/Substrate/GLints/dict_16_192_64_0p5_0p02_0047_0006" 5146
"/Engine/EngineMaterials/Substrate/GLints/dict_16_192_64_0p5_0p02_0047_0007" 5147
"/Engine/EngineMaterials/Substrate/GLints/dict_16_192_64_0p5_0p02_0047_0008" 5148
"/Engine/EngineMaterials/Substrate/GLints/dict_16_192_64_0p5_0p02_0047_0009" 5149
"/Engine/EngineMaterials/Substrate/GLints/dict_16_192_64_0p5_0p02_0047_0010" 5150
"/Engine/EngineMaterials/Substrate/GLints/dict_16_192_64_0p5_0p02_0047_0011" 5151
"/Engine/EngineMaterials/Substrate/GLints/dict_16_192_64_0p5_0p02_0045_0012" 5152
"../../../Engine/Content/EngineMaterials/Substrate/GLints/dict_16_192_64_0p5_0p02_0045_0011.uasset" 5153
"../../../Engine/Content/EngineMaterials/Substrate/GLints/dict_16_192_64_0p5_0p02_0045_0009.uasset" 5154
"../../../Engine/Content/EngineMaterials/Substrate/GLints/dict_16_192_64_0p5_0p02_0045_0010.uasset" 5155
"../../../Engine/Content/EngineMaterials/Substrate/GLints/dict_16_192_64_0p5_0p02_0045_0007.uasset" 5156
"../../../Engine/Content/EngineMaterials/Substrate/GLints/dict_16_192_64_0p5_0p02_0045_0008.uasset" 5157
"../../../Engine/Content/EngineMaterials/Substrate/GLints/dict_16_192_64_0p5_0p02_0045_0005.uasset" 5158
"../../../Engine/Content/EngineMaterials/Substrate/GLints/dict_16_192_64_0p5_0p02_0045_0006.uasset" 5159
"../../../Engine/Content/EngineMaterials/Substrate/GLints/dict_16_192_64_0p5_0p02_0045_0003.uasset" 5160
"../../../Engine/Content/EngineMaterials/Substrate/GLints/dict_16_192_64_0p5_0p02_0045_0004.uasset" 5161
"/Engine/EngineMaterials/Substrate/GLints/dict_16_192_64_0p5_0p02_0045_0013" 5162
"../../../Engine/Content/EngineMaterials/Substrate/GLints/dict_16_192_64_0p5_0p02_0045_0001.uasset" 5163
"../../../Engine/Content/EngineMaterials/Substrate/GLints/dict_16_192_64_0p5_0p02_0045_0000.uasset" 5164
"../../../Engine/Content/EngineMaterials/Substrate/GLints/dict_16_192_64_0p5_0p02_0044_0014.uasset" 5165
"../../../Engine/Content/EngineMaterials/Substrate/GLints/dict_16_192_64_0p5_0p02_0044_0015.uasset" 5166
"../../../Engine/Content/EngineMaterials/Substrate/GLints/dict_16_192_64_0p5_0p02_0044_0013.uasset" 5167
"../../../Engine/Content/EngineMaterials/Substrate/GLints/dict_16_192_64_0p5_0p02_0044_0012.uasset" 5168
"../../../Engine/Content/EngineMaterials/Substrate/GLints/dict_16_192_64_0p5_0p02_0044_0011.uasset" 5169
"/Engine/EngineMaterials/Substrate/GLints/dict_16_192_64_0p5_0p02_0045_0014" 5170
"../../../Engine/Content/EngineMaterials/Substrate/GLints/dict_16_192_64_0p5_0p02_0044_0010.uasset" 5171
"../../../Engine/Content/EngineMaterials/Substrate/GLints/dict_16_192_64_0p5_0p02_0044_0009.uasset" 5172
"../../../Engine/Content/EngineMaterials/Substrate/GLints/dict_16_192_64_0p5_0p02_0044_0008.uasset" 5173
"../../../Engine/Content/EngineMaterials/Substrate/GLints/dict_16_192_64_0p5_0p02_0044_0007.uasset" 5174
"../../../Engine/Content/EngineMaterials/Substrate/GLints/dict_16_192_64_0p5_0p02_0045_0002.uasset" 5175
"../../../Engine/Content/EngineMaterials/Substrate/GLints/dict_16_192_64_0p5_0p02_0044_0006.uasset" 5176
"../../../Engine/Content/EngineMaterials/Substrate/GLints/dict_16_192_64_0p5_0p02_0044_0005.uasset" 5177
"../../../Engine/Content/EngineMaterials/Substrate/GLints/dict_16_192_64_0p5_0p02_0044_0004.uasset" 5178
"../../../Engine/Content/EngineMaterials/Substrate/GLints/dict_16_192_64_0p5_0p02_0044_0003.uasset" 5179
"/Engine/EngineMaterials/Substrate/GLints/dict_16_192_64_0p5_0p02_0045_0015" 5180
"/Engine/EngineMaterials/Substrate/GLints/dict_16_192_64_0p5_0p02_0046_0000" 5181
"/Engine/EngineMaterials/Substrate/GLints/dict_16_192_64_0p5_0p02_0046_0001" 5182
"/Engine/EngineMaterials/Substrate/GLints/dict_16_192_64_0p5_0p02_0046_0002" 5183
"../../../Engine/Content/EngineMaterials/Substrate/GLints/dict_16_192_64_0p5_0p02_0044_0000.uasset" 5184
"../../../Engine/Content/EngineMaterials/Substrate/GLints/dict_16_192_64_0p5_0p02_0044_0002.uasset" 5185
"../../../Engine/Content/EngineMaterials/Substrate/GLints/dict_16_192_64_0p5_0p02_0044_0001.uasset" 5186
"/Engine/EngineMaterials/Substrate/GLints/dict_16_192_64_0p5_0p02_0044_0003" 5187
"../../../Engine/Content/EngineMaterials/Substrate/GLints/dict_16_192_64_0p5_0p02_0043_0014.uasset" 5188
"../../../Engine/Content/EngineMaterials/Substrate/GLints/dict_16_192_64_0p5_0p02_0043_0015.uasset" 5189
"../../../Engine/Content/EngineMaterials/Substrate/GLints/dict_16_192_64_0p5_0p02_0043_0013.uasset" 5190
"../../../Engine/Content/EngineMaterials/Substrate/GLints/dict_16_192_64_0p5_0p02_0043_0012.uasset" 5191
"/Engine/EngineMaterials/Substrate/GLints/dict_16_192_64_0p5_0p02_0044_0004" 5192
"/Engine/EngineMaterials/Substrate/GLints/dict_16_192_64_0p5_0p02_0044_0005" 5193
"/Engine/EngineMaterials/Substrate/GLints/dict_16_192_64_0p5_0p02_0044_0006" 5194
"/Engine/EngineMaterials/Substrate/GLints/dict_16_192_64_0p5_0p02_0044_0007" 5195
"/Engine/EngineMaterials/Substrate/GLints/dict_16_192_64_0p5_0p02_0044_0008" 5196
"/Engine/EngineMaterials/Substrate/GLints/dict_16_192_64_0p5_0p02_0044_0009" 5197
"/Engine/EngineMaterials/Substrate/GLints/dict_16_192_64_0p5_0p02_0044_0010" 5198
"/Engine/EngineMaterials/Substrate/GLints/dict_16_192_64_0p5_0p02_0044_0011" 5199
"/Engine/EngineMaterials/Substrate/GLints/dict_16_192_64_0p5_0p02_0044_0012" 5200
"/Engine/EngineMaterials/Substrate/GLints/dict_16_192_64_0p5_0p02_0044_0013" 5201
"/Engine/EngineMaterials/Substrate/GLints/dict_16_192_64_0p5_0p02_0044_0014" 5202
"/Engine/EngineMaterials/Substrate/GLints/dict_16_192_64_0p5_0p02_0044_0015" 5203
"/Engine/EngineMaterials/Substrate/GLints/dict_16_192_64_0p5_0p02_0045_0000" 5204
"/Engine/EngineMaterials/Substrate/GLints/dict_16_192_64_0p5_0p02_0045_0001" 5205
"/Engine/EngineMaterials/Substrate/GLints/dict_16_192_64_0p5_0p02_0045_0002" 5206
"/Engine/EngineMaterials/Substrate/GLints/dict_16_192_64_0p5_0p02_0045_0003" 5207
"/Engine/EngineMaterials/Substrate/GLints/dict_16_192_64_0p5_0p02_0045_0004" 5208
"/Engine/EngineMaterials/Substrate/GLints/dict_16_192_64_0p5_0p02_0045_0005" 5209
"/Engine/EngineMaterials/Substrate/GLints/dict_16_192_64_0p5_0p02_0045_0006" 5210
"/Engine/EngineMaterials/Substrate/GLints/dict_16_192_64_0p5_0p02_0045_0007" 5211
"/Engine/EngineMaterials/Substrate/GLints/dict_16_192_64_0p5_0p02_0045_0008" 5212
"/Engine/EngineMaterials/Substrate/GLints/dict_16_192_64_0p5_0p02_0045_0009" 5213
"/Engine/EngineMaterials/Substrate/GLints/dict_16_192_64_0p5_0p02_0045_0010" 5214
"/Engine/EngineMaterials/Substrate/GLints/dict_16_192_64_0p5_0p02_0045_0011" 5215
"../../../Engine/Content/EngineMaterials/Substrate/GLints/dict_16_192_64_0p5_0p02_0043_0011.uasset" 5216
"../../../Engine/Content/EngineMaterials/Substrate/GLints/dict_16_192_64_0p5_0p02_0043_0010.uasset" 5217
"/Engine/EngineMaterials/Substrate/GLints/dict_16_192_64_0p5_0p02_0043_0012" 5218
"../../../Engine/Content/EngineMaterials/Substrate/GLints/dict_16_192_64_0p5_0p02_0043_0009.uasset" 5219
"../../../Engine/Content/EngineMaterials/Substrate/GLints/dict_16_192_64_0p5_0p02_0043_0007.uasset" 5220
"../../../Engine/Content/EngineMaterials/Substrate/GLints/dict_16_192_64_0p5_0p02_0043_0008.uasset" 5221
"../../../Engine/Content/EngineMaterials/Substrate/GLints/dict_16_192_64_0p5_0p02_0043_0006.uasset" 5222
"../../../Engine/Content/EngineMaterials/Substrate/GLints/dict_16_192_64_0p5_0p02_0043_0005.uasset" 5223
"../../../Engine/Content/EngineMaterials/Substrate/GLints/dict_16_192_64_0p5_0p02_0043_0004.uasset" 5224
"/Engine/EngineMaterials/Substrate/GLints/dict_16_192_64_0p5_0p02_0043_0013" 5225
"../../../Engine/Content/EngineMaterials/Substrate/GLints/dict_16_192_64_0p5_0p02_0043_0003.uasset" 5226
"../../../Engine/Content/EngineMaterials/Substrate/GLints/dict_16_192_64_0p5_0p02_0043_0002.uasset" 5227
"../../../Engine/Content/EngineMaterials/Substrate/GLints/dict_16_192_64_0p5_0p02_0043_0001.uasset" 5228
"../../../Engine/Content/EngineMaterials/Substrate/GLints/dict_16_192_64_0p5_0p02_0043_0000.uasset" 5229
"../../../Engine/Content/EngineMaterials/Substrate/GLints/dict_16_192_64_0p5_0p02_0042_0015.uasset" 5230
"../../../Engine/Content/EngineMaterials/Substrate/GLints/dict_16_192_64_0p5_0p02_0042_0014.uasset" 5231
"../../../Engine/Content/EngineMaterials/Substrate/GLints/dict_16_192_64_0p5_0p02_0042_0013.uasset" 5232
"/Engine/EngineMaterials/Substrate/GLints/dict_16_192_64_0p5_0p02_0043_0014" 5233
"../../../Engine/Content/EngineMaterials/Substrate/GLints/dict_16_192_64_0p5_0p02_0042_0012.uasset" 5234
"../../../Engine/Content/EngineMaterials/Substrate/GLints/dict_16_192_64_0p5_0p02_0042_0011.uasset" 5235
"../../../Engine/Content/EngineMaterials/Substrate/GLints/dict_16_192_64_0p5_0p02_0042_0010.uasset" 5236
"../../../Engine/Content/EngineMaterials/Substrate/GLints/dict_16_192_64_0p5_0p02_0042_0009.uasset" 5237
"/Engine/EngineMaterials/Substrate/GLints/dict_16_192_64_0p5_0p02_0043_0015" 5238
"../../../Engine/Content/EngineMaterials/Substrate/GLints/dict_16_192_64_0p5_0p02_0042_0007.uasset" 5239
"../../../Engine/Content/EngineMaterials/Substrate/GLints/dict_16_192_64_0p5_0p02_0042_0006.uasset" 5240
"../../../Engine/Content/EngineMaterials/Substrate/GLints/dict_16_192_64_0p5_0p02_0042_0008.uasset" 5241
"../../../Engine/Content/EngineMaterials/Substrate/GLints/dict_16_192_64_0p5_0p02_0042_0005.uasset" 5242
"../../../Engine/Content/EngineMaterials/Substrate/GLints/dict_16_192_64_0p5_0p02_0042_0004.uasset" 5243
"/Engine/EngineMaterials/Substrate/GLints/dict_16_192_64_0p5_0p02_0044_0000" 5244
"../../../Engine/Content/EngineMaterials/Substrate/GLints/dict_16_192_64_0p5_0p02_0042_0003.uasset" 5245
"/Engine/EngineMaterials/Substrate/GLints/dict_16_192_64_0p5_0p02_0044_0001" 5246
"/Engine/EngineMaterials/Substrate/GLints/dict_16_192_64_0p5_0p02_0044_0002" 5247
"/Engine/EngineMaterials/Substrate/GLints/dict_16_192_64_0p5_0p02_0042_0003" 5248
"../../../Engine/Content/EngineMaterials/Substrate/GLints/dict_16_192_64_0p5_0p02_0042_0001.uasset" 5249
"../../../Engine/Content/EngineMaterials/Substrate/GLints/dict_16_192_64_0p5_0p02_0042_0000.uasset" 5250
"../../../Engine/Content/EngineMaterials/Substrate/GLints/dict_16_192_64_0p5_0p02_0041_0014.uasset" 5251
"../../../Engine/Content/EngineMaterials/Substrate/GLints/dict_16_192_64_0p5_0p02_0042_0002.uasset" 5252
"../../../Engine/Content/EngineMaterials/Substrate/GLints/dict_16_192_64_0p5_0p02_0041_0015.uasset" 5253
"../../../Engine/Content/EngineMaterials/Substrate/GLints/dict_16_192_64_0p5_0p02_0041_0013.uasset" 5254
"../../../Engine/Content/EngineMaterials/Substrate/GLints/dict_16_192_64_0p5_0p02_0041_0012.uasset" 5255
"/Engine/EngineMaterials/Substrate/GLints/dict_16_192_64_0p5_0p02_0042_0004" 5256
"/Engine/EngineMaterials/Substrate/GLints/dict_16_192_64_0p5_0p02_0042_0005" 5257
"/Engine/EngineMaterials/Substrate/GLints/dict_16_192_64_0p5_0p02_0042_0006" 5258
"/Engine/EngineMaterials/Substrate/GLints/dict_16_192_64_0p5_0p02_0042_0007" 5259
"/Engine/EngineMaterials/Substrate/GLints/dict_16_192_64_0p5_0p02_0042_0008" 5260
"/Engine/EngineMaterials/Substrate/GLints/dict_16_192_64_0p5_0p02_0042_0009" 5261
"/Engine/EngineMaterials/Substrate/GLints/dict_16_192_64_0p5_0p02_0042_0010" 5262
"/Engine/EngineMaterials/Substrate/GLints/dict_16_192_64_0p5_0p02_0042_0011" 5263
"/Engine/EngineMaterials/Substrate/GLints/dict_16_192_64_0p5_0p02_0042_0012" 5264
"/Engine/EngineMaterials/Substrate/GLints/dict_16_192_64_0p5_0p02_0042_0013" 5265
"/Engine/EngineMaterials/Substrate/GLints/dict_16_192_64_0p5_0p02_0042_0014" 5266
"/Engine/EngineMaterials/Substrate/GLints/dict_16_192_64_0p5_0p02_0042_0015" 5267
"/Engine/EngineMaterials/Substrate/GLints/dict_16_192_64_0p5_0p02_0043_0000" 5268
"/Engine/EngineMaterials/Substrate/GLints/dict_16_192_64_0p5_0p02_0043_0001" 5269
"/Engine/EngineMaterials/Substrate/GLints/dict_16_192_64_0p5_0p02_0043_0002" 5270
"/Engine/EngineMaterials/Substrate/GLints/dict_16_192_64_0p5_0p02_0043_0003" 5271
"/Engine/EngineMaterials/Substrate/GLints/dict_16_192_64_0p5_0p02_0043_0004" 5272
"/Engine/EngineMaterials/Substrate/GLints/dict_16_192_64_0p5_0p02_0043_0005" 5273
"/Engine/EngineMaterials/Substrate/GLints/dict_16_192_64_0p5_0p02_0043_0006" 5274
"/Engine/EngineMaterials/Substrate/GLints/dict_16_192_64_0p5_0p02_0043_0007" 5275
"/Engine/EngineMaterials/Substrate/GLints/dict_16_192_64_0p5_0p02_0043_0008" 5276
"/Engine/EngineMaterials/Substrate/GLints/dict_16_192_64_0p5_0p02_0043_0009" 5277
"/Engine/EngineMaterials/Substrate/GLints/dict_16_192_64_0p5_0p02_0043_0010" 5278
"/Engine/EngineMaterials/Substrate/GLints/dict_16_192_64_0p5_0p02_0043_0011" 5279
"/Engine/EngineMaterials/Substrate/GLints/dict_16_192_64_0p5_0p02_0041_0012" 5280
"../../../Engine/Content/EngineMaterials/Substrate/GLints/dict_16_192_64_0p5_0p02_0041_0011.uasset" 5281
"../../../Engine/Content/EngineMaterials/Substrate/GLints/dict_16_192_64_0p5_0p02_0041_0009.uasset" 5282
"../../../Engine/Content/EngineMaterials/Substrate/GLints/dict_16_192_64_0p5_0p02_0041_0007.uasset" 5283
"../../../Engine/Content/EngineMaterials/Substrate/GLints/dict_16_192_64_0p5_0p02_0041_0010.uasset" 5284
"../../../Engine/Content/EngineMaterials/Substrate/GLints/dict_16_192_64_0p5_0p02_0041_0006.uasset" 5285
"../../../Engine/Content/EngineMaterials/Substrate/GLints/dict_16_192_64_0p5_0p02_0041_0008.uasset" 5286
"../../../Engine/Content/EngineMaterials/Substrate/GLints/dict_16_192_64_0p5_0p02_0041_0005.uasset" 5287
"/Engine/EngineMaterials/Substrate/GLints/dict_16_192_64_0p5_0p02_0041_0013" 5288
"../../../Engine/Content/EngineMaterials/Substrate/GLints/dict_16_192_64_0p5_0p02_0041_0003.uasset" 5289
"../../../Engine/Content/EngineMaterials/Substrate/GLints/dict_16_192_64_0p5_0p02_0041_0004.uasset" 5290
"../../../Engine/Content/EngineMaterials/Substrate/GLints/dict_16_192_64_0p5_0p02_0041_0001.uasset" 5291
"../../../Engine/Content/EngineMaterials/Substrate/GLints/dict_16_192_64_0p5_0p02_0041_0000.uasset" 5292
"../../../Engine/Content/EngineMaterials/Substrate/GLints/dict_16_192_64_0p5_0p02_0040_0014.uasset" 5293
"../../../Engine/Content/EngineMaterials/Substrate/GLints/dict_16_192_64_0p5_0p02_0040_0015.uasset" 5294
"../../../Engine/Content/EngineMaterials/Substrate/GLints/dict_16_192_64_0p5_0p02_0041_0002.uasset" 5295
"../../../Engine/Content/EngineMaterials/Substrate/GLints/dict_16_192_64_0p5_0p02_0040_0013.uasset" 5296
"../../../Engine/Content/EngineMaterials/Substrate/GLints/dict_16_192_64_0p5_0p02_0040_0012.uasset" 5297
"/Engine/EngineMaterials/Substrate/GLints/dict_16_192_64_0p5_0p02_0041_0014" 5298
"../../../Engine/Content/EngineMaterials/Substrate/GLints/dict_16_192_64_0p5_0p02_0040_0011.uasset" 5299
"../../../Engine/Content/EngineMaterials/Substrate/GLints/dict_16_192_64_0p5_0p02_0040_0010.uasset" 5300
"../../../Engine/Content/EngineMaterials/Substrate/GLints/dict_16_192_64_0p5_0p02_0040_0009.uasset" 5301
"../../../Engine/Content/EngineMaterials/Substrate/GLints/dict_16_192_64_0p5_0p02_0040_0008.uasset" 5302
"../../../Engine/Content/EngineMaterials/Substrate/GLints/dict_16_192_64_0p5_0p02_0040_0006.uasset" 5303
"../../../Engine/Content/EngineMaterials/Substrate/GLints/dict_16_192_64_0p5_0p02_0040_0005.uasset" 5304
"../../../Engine/Content/EngineMaterials/Substrate/GLints/dict_16_192_64_0p5_0p02_0040_0007.uasset" 5305
"../../../Engine/Content/EngineMaterials/Substrate/GLints/dict_16_192_64_0p5_0p02_0040_0003.uasset" 5306
"../../../Engine/Content/EngineMaterials/Substrate/GLints/dict_16_192_64_0p5_0p02_0040_0004.uasset" 5307
"/Engine/EngineMaterials/Substrate/GLints/dict_16_192_64_0p5_0p02_0041_0015" 5308
"/Engine/EngineMaterials/Substrate/GLints/dict_16_192_64_0p5_0p02_0042_0000" 5309
"/Engine/EngineMaterials/Substrate/GLints/dict_16_192_64_0p5_0p02_0042_0001" 5310
"/Engine/EngineMaterials/Substrate/GLints/dict_16_192_64_0p5_0p02_0042_0002" 5311
"/Engine/EngineMaterials/Substrate/GLints/dict_16_192_64_0p5_0p02_0040_0003" 5312
"../../../Engine/Content/EngineMaterials/Substrate/GLints/dict_16_192_64_0p5_0p02_0040_0002.uasset" 5313
"../../../Engine/Content/EngineMaterials/Substrate/GLints/dict_16_192_64_0p5_0p02_0040_0001.uasset" 5314
"../../../Engine/Content/EngineMaterials/Substrate/GLints/dict_16_192_64_0p5_0p02_0040_0000.uasset" 5315
"../../../Engine/Content/EngineMaterials/Substrate/GLints/dict_16_192_64_0p5_0p02_0039_0015.uasset" 5316
"../../../Engine/Content/EngineMaterials/Substrate/GLints/dict_16_192_64_0p5_0p02_0039_0014.uasset" 5317
"../../../Engine/Content/EngineMaterials/Substrate/GLints/dict_16_192_64_0p5_0p02_0039_0012.uasset" 5318
"../../../Engine/Content/EngineMaterials/Substrate/GLints/dict_16_192_64_0p5_0p02_0039_0013.uasset" 5319
"/Engine/EngineMaterials/Substrate/GLints/dict_16_192_64_0p5_0p02_0040_0004" 5320
"/Engine/EngineMaterials/Substrate/GLints/dict_16_192_64_0p5_0p02_0040_0005" 5321
"/Engine/EngineMaterials/Substrate/GLints/dict_16_192_64_0p5_0p02_0040_0006" 5322
"/Engine/EngineMaterials/Substrate/GLints/dict_16_192_64_0p5_0p02_0040_0007" 5323
"/Engine/EngineMaterials/Substrate/GLints/dict_16_192_64_0p5_0p02_0040_0008" 5324
"/Engine/EngineMaterials/Substrate/GLints/dict_16_192_64_0p5_0p02_0040_0009" 5325
"/Engine/EngineMaterials/Substrate/GLints/dict_16_192_64_0p5_0p02_0040_0010" 5326
"/Engine/EngineMaterials/Substrate/GLints/dict_16_192_64_0p5_0p02_0040_0011" 5327
"/Engine/EngineMaterials/Substrate/GLints/dict_16_192_64_0p5_0p02_0040_0012" 5328
"/Engine/EngineMaterials/Substrate/GLints/dict_16_192_64_0p5_0p02_0040_0013" 5329
"/Engine/EngineMaterials/Substrate/GLints/dict_16_192_64_0p5_0p02_0040_0014" 5330
"/Engine/EngineMaterials/Substrate/GLints/dict_16_192_64_0p5_0p02_0040_0015" 5331
"/Engine/EngineMaterials/Substrate/GLints/dict_16_192_64_0p5_0p02_0041_0000" 5332
"/Engine/EngineMaterials/Substrate/GLints/dict_16_192_64_0p5_0p02_0041_0001" 5333
"/Engine/EngineMaterials/Substrate/GLints/dict_16_192_64_0p5_0p02_0041_0002" 5334
"/Engine/EngineMaterials/Substrate/GLints/dict_16_192_64_0p5_0p02_0041_0003" 5335
"/Engine/EngineMaterials/Substrate/GLints/dict_16_192_64_0p5_0p02_0041_0004" 5336
"/Engine/EngineMaterials/Substrate/GLints/dict_16_192_64_0p5_0p02_0041_0005" 5337
"/Engine/EngineMaterials/Substrate/GLints/dict_16_192_64_0p5_0p02_0041_0006" 5338
"/Engine/EngineMaterials/Substrate/GLints/dict_16_192_64_0p5_0p02_0041_0007" 5339
"/Engine/EngineMaterials/Substrate/GLints/dict_16_192_64_0p5_0p02_0041_0008" 5340
"/Engine/EngineMaterials/Substrate/GLints/dict_16_192_64_0p5_0p02_0041_0009" 5341
"/Engine/EngineMaterials/Substrate/GLints/dict_16_192_64_0p5_0p02_0041_0010" 5342
"/Engine/EngineMaterials/Substrate/GLints/dict_16_192_64_0p5_0p02_0041_0011" 5343
"/Engine/EngineMaterials/Substrate/GLints/dict_16_192_64_0p5_0p02_0039_0012" 5344
"../../../Engine/Content/EngineMaterials/Substrate/GLints/dict_16_192_64_0p5_0p02_0039_0009.uasset" 5345
"../../../Engine/Content/EngineMaterials/Substrate/GLints/dict_16_192_64_0p5_0p02_0039_0010.uasset" 5346
"../../../Engine/Content/EngineMaterials/Substrate/GLints/dict_16_192_64_0p5_0p02_0039_0011.uasset" 5347
"../../../Engine/Content/EngineMaterials/Substrate/GLints/dict_16_192_64_0p5_0p02_0039_0008.uasset" 5348
"../../../Engine/Content/EngineMaterials/Substrate/GLints/dict_16_192_64_0p5_0p02_0039_0007.uasset" 5349
"../../../Engine/Content/EngineMaterials/Substrate/GLints/dict_16_192_64_0p5_0p02_0039_0005.uasset" 5350
"../../../Engine/Content/EngineMaterials/Substrate/GLints/dict_16_192_64_0p5_0p02_0039_0004.uasset" 5351
"../../../Engine/Content/EngineMaterials/Substrate/GLints/dict_16_192_64_0p5_0p02_0039_0003.uasset" 5352
"../../../Engine/Content/EngineMaterials/Substrate/GLints/dict_16_192_64_0p5_0p02_0039_0002.uasset" 5353
"/Engine/EngineMaterials/Substrate/GLints/dict_16_192_64_0p5_0p02_0039_0013" 5354
"../../../Engine/Content/EngineMaterials/Substrate/GLints/dict_16_192_64_0p5_0p02_0039_0000.uasset" 5355
"../../../Engine/Content/EngineMaterials/Substrate/GLints/dict_16_192_64_0p5_0p02_0039_0001.uasset" 5356
"../../../Engine/Content/EngineMaterials/Substrate/GLints/dict_16_192_64_0p5_0p02_0038_0015.uasset" 5357
"../../../Engine/Content/EngineMaterials/Substrate/GLints/dict_16_192_64_0p5_0p02_0038_0012.uasset" 5358
"../../../Engine/Content/EngineMaterials/Substrate/GLints/dict_16_192_64_0p5_0p02_0038_0014.uasset" 5359
"../../../Engine/Content/EngineMaterials/Substrate/GLints/dict_16_192_64_0p5_0p02_0038_0011.uasset" 5360
"../../../Engine/Content/EngineMaterials/Substrate/GLints/dict_16_192_64_0p5_0p02_0038_0013.uasset" 5361
"../../../Engine/Content/EngineMaterials/Substrate/GLints/dict_16_192_64_0p5_0p02_0039_0006.uasset" 5362
"/Engine/EngineMaterials/Substrate/GLints/dict_16_192_64_0p5_0p02_0039_0014" 5363
"../../../Engine/Content/EngineMaterials/Substrate/GLints/dict_16_192_64_0p5_0p02_0038_0010.uasset" 5364
"../../../Engine/Content/EngineMaterials/Substrate/GLints/dict_16_192_64_0p5_0p02_0038_0009.uasset" 5365
"../../../Engine/Content/EngineMaterials/Substrate/GLints/dict_16_192_64_0p5_0p02_0038_0006.uasset" 5366
"../../../Engine/Content/EngineMaterials/Substrate/GLints/dict_16_192_64_0p5_0p02_0038_0007.uasset" 5367
"../../../Engine/Content/EngineMaterials/Substrate/GLints/dict_16_192_64_0p5_0p02_0038_0005.uasset" 5368
"../../../Engine/Content/EngineMaterials/Substrate/GLints/dict_16_192_64_0p5_0p02_0038_0004.uasset" 5369
"../../../Engine/Content/EngineMaterials/Substrate/GLints/dict_16_192_64_0p5_0p02_0038_0008.uasset" 5370
"../../../Engine/Content/EngineMaterials/Substrate/GLints/dict_16_192_64_0p5_0p02_0038_0003.uasset" 5371
"/Engine/EngineMaterials/Substrate/GLints/dict_16_192_64_0p5_0p02_0039_0015" 5372
"/Engine/EngineMaterials/Substrate/GLints/dict_16_192_64_0p5_0p02_0040_0000" 5373
"/Engine/EngineMaterials/Substrate/GLints/dict_16_192_64_0p5_0p02_0040_0001" 5374
"/Engine/EngineMaterials/Substrate/GLints/dict_16_192_64_0p5_0p02_0040_0002" 5375
"/Engine/EngineMaterials/Substrate/GLints/dict_16_192_64_0p5_0p02_0038_0003" 5376
"../../../Engine/Content/EngineMaterials/Substrate/GLints/dict_16_192_64_0p5_0p02_0038_0002.uasset" 5377
"../../../Engine/Content/EngineMaterials/Substrate/GLints/dict_16_192_64_0p5_0p02_0038_0001.uasset" 5378
"../../../Engine/Content/EngineMaterials/Substrate/GLints/dict_16_192_64_0p5_0p02_0038_0000.uasset" 5379
"../../../Engine/Content/EngineMaterials/Substrate/GLints/dict_16_192_64_0p5_0p02_0037_0015.uasset" 5380
"../../../Engine/Content/EngineMaterials/Substrate/GLints/dict_16_192_64_0p5_0p02_0037_0014.uasset" 5381
"../../../Engine/Content/EngineMaterials/Substrate/GLints/dict_16_192_64_0p5_0p02_0037_0013.uasset" 5382
"../../../Engine/Content/EngineMaterials/Substrate/GLints/dict_16_192_64_0p5_0p02_0037_0012.uasset" 5383
"/Engine/EngineMaterials/Substrate/GLints/dict_16_192_64_0p5_0p02_0038_0004" 5384
"/Engine/EngineMaterials/Substrate/GLints/dict_16_192_64_0p5_0p02_0038_0005" 5385
"/Engine/EngineMaterials/Substrate/GLints/dict_16_192_64_0p5_0p02_0038_0006" 5386
"/Engine/EngineMaterials/Substrate/GLints/dict_16_192_64_0p5_0p02_0038_0007" 5387
"/Engine/EngineMaterials/Substrate/GLints/dict_16_192_64_0p5_0p02_0038_0008" 5388
"/Engine/EngineMaterials/Substrate/GLints/dict_16_192_64_0p5_0p02_0038_0009" 5389
"/Engine/EngineMaterials/Substrate/GLints/dict_16_192_64_0p5_0p02_0038_0010" 5390
"/Engine/EngineMaterials/Substrate/GLints/dict_16_192_64_0p5_0p02_0038_0011" 5391
"/Engine/EngineMaterials/Substrate/GLints/dict_16_192_64_0p5_0p02_0038_0012" 5392
"/Engine/EngineMaterials/Substrate/GLints/dict_16_192_64_0p5_0p02_0038_0013" 5393
"/Engine/EngineMaterials/Substrate/GLints/dict_16_192_64_0p5_0p02_0038_0014" 5394
"/Engine/EngineMaterials/Substrate/GLints/dict_16_192_64_0p5_0p02_0038_0015" 5395
"/Engine/EngineMaterials/Substrate/GLints/dict_16_192_64_0p5_0p02_0039_0000" 5396
"/Engine/EngineMaterials/Substrate/GLints/dict_16_192_64_0p5_0p02_0039_0001" 5397
"/Engine/EngineMaterials/Substrate/GLints/dict_16_192_64_0p5_0p02_0039_0002" 5398
"/Engine/EngineMaterials/Substrate/GLints/dict_16_192_64_0p5_0p02_0039_0003" 5399
"/Engine/EngineMaterials/Substrate/GLints/dict_16_192_64_0p5_0p02_0039_0004" 5400
"/Engine/EngineMaterials/Substrate/GLints/dict_16_192_64_0p5_0p02_0039_0005" 5401
"/Engine/EngineMaterials/Substrate/GLints/dict_16_192_64_0p5_0p02_0039_0006" 5402
"/Engine/EngineMaterials/Substrate/GLints/dict_16_192_64_0p5_0p02_0039_0007" 5403
"/Engine/EngineMaterials/Substrate/GLints/dict_16_192_64_0p5_0p02_0039_0008" 5404
"/Engine/EngineMaterials/Substrate/GLints/dict_16_192_64_0p5_0p02_0039_0009" 5405
"/Engine/EngineMaterials/Substrate/GLints/dict_16_192_64_0p5_0p02_0039_0010" 5406
"/Engine/EngineMaterials/Substrate/GLints/dict_16_192_64_0p5_0p02_0039_0011" 5407
"/Engine/EngineMaterials/Substrate/GLints/dict_16_192_64_0p5_0p02_0037_0012" 5408
"../../../Engine/Content/EngineMaterials/Substrate/GLints/dict_16_192_64_0p5_0p02_0037_0008.uasset" 5409
"../../../Engine/Content/EngineMaterials/Substrate/GLints/dict_16_192_64_0p5_0p02_0037_0011.uasset" 5410
"../../../Engine/Content/EngineMaterials/Substrate/GLints/dict_16_192_64_0p5_0p02_0037_0007.uasset" 5411
"../../../Engine/Content/EngineMaterials/Substrate/GLints/dict_16_192_64_0p5_0p02_0037_0010.uasset" 5412
"../../../Engine/Content/EngineMaterials/Substrate/GLints/dict_16_192_64_0p5_0p02_0037_0005.uasset" 5413
"../../../Engine/Content/EngineMaterials/Substrate/GLints/dict_16_192_64_0p5_0p02_0037_0006.uasset" 5414
"../../../Engine/Content/EngineMaterials/Substrate/GLints/dict_16_192_64_0p5_0p02_0037_0009.uasset" 5415
"/Engine/EngineMaterials/Substrate/GLints/dict_16_192_64_0p5_0p02_0037_0013" 5416
"../../../Engine/Content/EngineMaterials/Substrate/GLints/dict_16_192_64_0p5_0p02_0037_0004.uasset" 5417
"../../../Engine/Content/EngineMaterials/Substrate/GLints/dict_16_192_64_0p5_0p02_0037_0003.uasset" 5418
"../../../Engine/Content/EngineMaterials/Substrate/GLints/dict_16_192_64_0p5_0p02_0037_0001.uasset" 5419
"../../../Engine/Content/EngineMaterials/Substrate/GLints/dict_16_192_64_0p5_0p02_0037_0002.uasset" 5420
"../../../Engine/Content/EngineMaterials/Substrate/GLints/dict_16_192_64_0p5_0p02_0036_0015.uasset" 5421
"../../../Engine/Content/EngineMaterials/Substrate/GLints/dict_16_192_64_0p5_0p02_0037_0000.uasset" 5422
"../../../Engine/Content/EngineMaterials/Substrate/GLints/dict_16_192_64_0p5_0p02_0036_0013.uasset" 5423
"../../../Engine/Content/EngineMaterials/Substrate/GLints/dict_16_192_64_0p5_0p02_0036_0012.uasset" 5424
"../../../Engine/Content/EngineMaterials/Substrate/GLints/dict_16_192_64_0p5_0p02_0036_0014.uasset" 5425
"../../../Engine/Content/EngineMaterials/Substrate/GLints/dict_16_192_64_0p5_0p02_0036_0010.uasset" 5426
"../../../Engine/Content/EngineMaterials/Substrate/GLints/dict_16_192_64_0p5_0p02_0036_0011.uasset" 5427
"/Engine/EngineMaterials/Substrate/GLints/dict_16_192_64_0p5_0p02_0037_0014" 5428
"../../../Engine/Content/EngineMaterials/Substrate/GLints/dict_16_192_64_0p5_0p02_0036_0009.uasset" 5429
"../../../Engine/Content/EngineMaterials/Substrate/GLints/dict_16_192_64_0p5_0p02_0036_0008.uasset" 5430
"../../../Engine/Content/EngineMaterials/Substrate/GLints/dict_16_192_64_0p5_0p02_0036_0007.uasset" 5431
"../../../Engine/Content/EngineMaterials/Substrate/GLints/dict_16_192_64_0p5_0p02_0036_0006.uasset" 5432
"../../../Engine/Content/EngineMaterials/Substrate/GLints/dict_16_192_64_0p5_0p02_0036_0005.uasset" 5433
"../../../Engine/Content/EngineMaterials/Substrate/GLints/dict_16_192_64_0p5_0p02_0036_0004.uasset" 5434
"../../../Engine/Content/EngineMaterials/Substrate/GLints/dict_16_192_64_0p5_0p02_0036_0003.uasset" 5435
"/Engine/EngineMaterials/Substrate/GLints/dict_16_192_64_0p5_0p02_0037_0015" 5436
"/Engine/EngineMaterials/Substrate/GLints/dict_16_192_64_0p5_0p02_0038_0000" 5437
"/Engine/EngineMaterials/Substrate/GLints/dict_16_192_64_0p5_0p02_0038_0001" 5438
"/Engine/EngineMaterials/Substrate/GLints/dict_16_192_64_0p5_0p02_0038_0002" 5439
"/Engine/EngineMaterials/Substrate/GLints/dict_16_192_64_0p5_0p02_0036_0003" 5440
"../../../Engine/Content/EngineMaterials/Substrate/GLints/dict_16_192_64_0p5_0p02_0036_0002.uasset" 5441
"../../../Engine/Content/EngineMaterials/Substrate/GLints/dict_16_192_64_0p5_0p02_0036_0001.uasset" 5442
"../../../Engine/Content/EngineMaterials/Substrate/GLints/dict_16_192_64_0p5_0p02_0035_0014.uasset" 5443
"../../../Engine/Content/EngineMaterials/Substrate/GLints/dict_16_192_64_0p5_0p02_0035_0013.uasset" 5444
"../../../Engine/Content/EngineMaterials/Substrate/GLints/dict_16_192_64_0p5_0p02_0035_0015.uasset" 5445
"../../../Engine/Content/EngineMaterials/Substrate/GLints/dict_16_192_64_0p5_0p02_0036_0000.uasset" 5446
"../../../Engine/Content/EngineMaterials/Substrate/GLints/dict_16_192_64_0p5_0p02_0035_0012.uasset" 5447
"/Engine/EngineMaterials/Substrate/GLints/dict_16_192_64_0p5_0p02_0036_0004" 5448
"/Engine/EngineMaterials/Substrate/GLints/dict_16_192_64_0p5_0p02_0036_0005" 5449
"/Engine/EngineMaterials/Substrate/GLints/dict_16_192_64_0p5_0p02_0036_0006" 5450
"/Engine/EngineMaterials/Substrate/GLints/dict_16_192_64_0p5_0p02_0036_0007" 5451
"/Engine/EngineMaterials/Substrate/GLints/dict_16_192_64_0p5_0p02_0036_0008" 5452
"/Engine/EngineMaterials/Substrate/GLints/dict_16_192_64_0p5_0p02_0036_0009" 5453
"/Engine/EngineMaterials/Substrate/GLints/dict_16_192_64_0p5_0p02_0036_0010" 5454
"/Engine/EngineMaterials/Substrate/GLints/dict_16_192_64_0p5_0p02_0036_0011" 5455
"/Engine/EngineMaterials/Substrate/GLints/dict_16_192_64_0p5_0p02_0036_0012" 5456
"/Engine/EngineMaterials/Substrate/GLints/dict_16_192_64_0p5_0p02_0036_0013" 5457
"/Engine/EngineMaterials/Substrate/GLints/dict_16_192_64_0p5_0p02_0036_0014" 5458
"/Engine/EngineMaterials/Substrate/GLints/dict_16_192_64_0p5_0p02_0036_0015" 5459
"/Engine/EngineMaterials/Substrate/GLints/dict_16_192_64_0p5_0p02_0037_0000" 5460
"/Engine/EngineMaterials/Substrate/GLints/dict_16_192_64_0p5_0p02_0037_0001" 5461
"/Engine/EngineMaterials/Substrate/GLints/dict_16_192_64_0p5_0p02_0037_0002" 5462
"/Engine/EngineMaterials/Substrate/GLints/dict_16_192_64_0p5_0p02_0037_0003" 5463
"/Engine/EngineMaterials/Substrate/GLints/dict_16_192_64_0p5_0p02_0037_0004" 5464
"/Engine/EngineMaterials/Substrate/GLints/dict_16_192_64_0p5_0p02_0037_0005" 5465
"/Engine/EngineMaterials/Substrate/GLints/dict_16_192_64_0p5_0p02_0037_0006" 5466
"/Engine/EngineMaterials/Substrate/GLints/dict_16_192_64_0p5_0p02_0037_0007" 5467
"/Engine/EngineMaterials/Substrate/GLints/dict_16_192_64_0p5_0p02_0037_0008" 5468
"/Engine/EngineMaterials/Substrate/GLints/dict_16_192_64_0p5_0p02_0037_0009" 5469
"/Engine/EngineMaterials/Substrate/GLints/dict_16_192_64_0p5_0p02_0037_0010" 5470
"/Engine/EngineMaterials/Substrate/GLints/dict_16_192_64_0p5_0p02_0037_0011" 5471
"/Engine/EngineMaterials/Substrate/GLints/dict_16_192_64_0p5_0p02_0035_0012" 5472
"../../../Engine/Content/EngineMaterials/Substrate/GLints/dict_16_192_64_0p5_0p02_0035_0011.uasset" 5473
"../../../Engine/Content/EngineMaterials/Substrate/GLints/dict_16_192_64_0p5_0p02_0035_0010.uasset" 5474
"../../../Engine/Content/EngineMaterials/Substrate/GLints/dict_16_192_64_0p5_0p02_0035_0008.uasset" 5475
"../../../Engine/Content/EngineMaterials/Substrate/GLints/dict_16_192_64_0p5_0p02_0035_0007.uasset" 5476
"../../../Engine/Content/EngineMaterials/Substrate/GLints/dict_16_192_64_0p5_0p02_0035_0005.uasset" 5477
"../../../Engine/Content/EngineMaterials/Substrate/GLints/dict_16_192_64_0p5_0p02_0035_0009.uasset" 5478
"../../../Engine/Content/EngineMaterials/Substrate/GLints/dict_16_192_64_0p5_0p02_0035_0006.uasset" 5479
"../../../Engine/Content/EngineMaterials/Substrate/GLints/dict_16_192_64_0p5_0p02_0035_0004.uasset" 5480
"../../../Engine/Content/EngineMaterials/Substrate/GLints/dict_16_192_64_0p5_0p02_0035_0003.uasset" 5481
"/Engine/EngineMaterials/Substrate/GLints/dict_16_192_64_0p5_0p02_0035_0013" 5482
"../../../Engine/Content/EngineMaterials/Substrate/GLints/dict_16_192_64_0p5_0p02_0035_0000.uasset" 5483
"../../../Engine/Content/EngineMaterials/Substrate/GLints/dict_16_192_64_0p5_0p02_0035_0002.uasset" 5484
"../../../Engine/Content/EngineMaterials/Substrate/GLints/dict_16_192_64_0p5_0p02_0034_0013.uasset" 5485
"../../../Engine/Content/EngineMaterials/Substrate/GLints/dict_16_192_64_0p5_0p02_0034_0014.uasset" 5486
"../../../Engine/Content/EngineMaterials/Substrate/GLints/dict_16_192_64_0p5_0p02_0034_0015.uasset" 5487
"../../../Engine/Content/EngineMaterials/Substrate/GLints/dict_16_192_64_0p5_0p02_0035_0001.uasset" 5488
"../../../Engine/Content/EngineMaterials/Substrate/GLints/dict_16_192_64_0p5_0p02_0034_0012.uasset" 5489
"../../../Engine/Content/EngineMaterials/Substrate/GLints/dict_16_192_64_0p5_0p02_0034_0009.uasset" 5490
"../../../Engine/Content/EngineMaterials/Substrate/GLints/dict_16_192_64_0p5_0p02_0034_0011.uasset" 5491
"../../../Engine/Content/EngineMaterials/Substrate/GLints/dict_16_192_64_0p5_0p02_0034_0010.uasset" 5492
"../../../Engine/Content/EngineMaterials/Substrate/GLints/dict_16_192_64_0p5_0p02_0034_0008.uasset" 5493
"/Engine/EngineMaterials/Substrate/GLints/dict_16_192_64_0p5_0p02_0035_0014" 5494
"../../../Engine/Content/EngineMaterials/Substrate/GLints/dict_16_192_64_0p5_0p02_0034_0006.uasset" 5495
"../../../Engine/Content/EngineMaterials/Substrate/GLints/dict_16_192_64_0p5_0p02_0034_0005.uasset" 5496
"../../../Engine/Content/EngineMaterials/Substrate/GLints/dict_16_192_64_0p5_0p02_0034_0007.uasset" 5497
"../../../Engine/Content/EngineMaterials/Substrate/GLints/dict_16_192_64_0p5_0p02_0034_0003.uasset" 5498
"../../../Engine/Content/EngineMaterials/Substrate/GLints/dict_16_192_64_0p5_0p02_0034_0004.uasset" 5499
"/Engine/EngineMaterials/Substrate/GLints/dict_16_192_64_0p5_0p02_0035_0015" 5500
"/Engine/EngineMaterials/Substrate/GLints/dict_16_192_64_0p5_0p02_0036_0000" 5501
"/Engine/EngineMaterials/Substrate/GLints/dict_16_192_64_0p5_0p02_0036_0001" 5502
"/Engine/EngineMaterials/Substrate/GLints/dict_16_192_64_0p5_0p02_0036_0002" 5503
"/Engine/EngineMaterials/Substrate/GLints/dict_16_192_64_0p5_0p02_0034_0003" 5504
"../../../Engine/Content/EngineMaterials/Substrate/GLints/dict_16_192_64_0p5_0p02_0034_0002.uasset" 5505
"../../../Engine/Content/EngineMaterials/Substrate/GLints/dict_16_192_64_0p5_0p02_0034_0001.uasset" 5506
"../../../Engine/Content/EngineMaterials/Substrate/GLints/dict_16_192_64_0p5_0p02_0033_0015.uasset" 5507
"../../../Engine/Content/EngineMaterials/Substrate/GLints/dict_16_192_64_0p5_0p02_0034_0000.uasset" 5508
"../../../Engine/Content/EngineMaterials/Substrate/GLints/dict_16_192_64_0p5_0p02_0033_0012.uasset" 5509
"../../../Engine/Content/EngineMaterials/Substrate/GLints/dict_16_192_64_0p5_0p02_0033_0014.uasset" 5510
"../../../Engine/Content/EngineMaterials/Substrate/GLints/dict_16_192_64_0p5_0p02_0033_0013.uasset" 5511
"/Engine/EngineMaterials/Substrate/GLints/dict_16_192_64_0p5_0p02_0034_0004" 5512
"/Engine/EngineMaterials/Substrate/GLints/dict_16_192_64_0p5_0p02_0034_0005" 5513
"/Engine/EngineMaterials/Substrate/GLints/dict_16_192_64_0p5_0p02_0034_0006" 5514
"/Engine/EngineMaterials/Substrate/GLints/dict_16_192_64_0p5_0p02_0034_0007" 5515
"/Engine/EngineMaterials/Substrate/GLints/dict_16_192_64_0p5_0p02_0034_0008" 5516
"/Engine/EngineMaterials/Substrate/GLints/dict_16_192_64_0p5_0p02_0034_0009" 5517
"/Engine/EngineMaterials/Substrate/GLints/dict_16_192_64_0p5_0p02_0034_0010" 5518
"/Engine/EngineMaterials/Substrate/GLints/dict_16_192_64_0p5_0p02_0034_0011" 5519
"/Engine/EngineMaterials/Substrate/GLints/dict_16_192_64_0p5_0p02_0034_0012" 5520
"/Engine/EngineMaterials/Substrate/GLints/dict_16_192_64_0p5_0p02_0034_0013" 5521
"/Engine/EngineMaterials/Substrate/GLints/dict_16_192_64_0p5_0p02_0034_0014" 5522
"/Engine/EngineMaterials/Substrate/GLints/dict_16_192_64_0p5_0p02_0034_0015" 5523
"/Engine/EngineMaterials/Substrate/GLints/dict_16_192_64_0p5_0p02_0035_0000" 5524
"/Engine/EngineMaterials/Substrate/GLints/dict_16_192_64_0p5_0p02_0035_0001" 5525
"/Engine/EngineMaterials/Substrate/GLints/dict_16_192_64_0p5_0p02_0035_0002" 5526
"/Engine/EngineMaterials/Substrate/GLints/dict_16_192_64_0p5_0p02_0035_0003" 5527
"/Engine/EngineMaterials/Substrate/GLints/dict_16_192_64_0p5_0p02_0035_0004" 5528
"/Engine/EngineMaterials/Substrate/GLints/dict_16_192_64_0p5_0p02_0035_0005" 5529
"/Engine/EngineMaterials/Substrate/GLints/dict_16_192_64_0p5_0p02_0035_0006" 5530
"/Engine/EngineMaterials/Substrate/GLints/dict_16_192_64_0p5_0p02_0035_0007" 5531
"/Engine/EngineMaterials/Substrate/GLints/dict_16_192_64_0p5_0p02_0035_0008" 5532
"/Engine/EngineMaterials/Substrate/GLints/dict_16_192_64_0p5_0p02_0035_0009" 5533
"/Engine/EngineMaterials/Substrate/GLints/dict_16_192_64_0p5_0p02_0035_0010" 5534
"/Engine/EngineMaterials/Substrate/GLints/dict_16_192_64_0p5_0p02_0035_0011" 5535
"/Engine/EngineMaterials/Substrate/GLints/dict_16_192_64_0p5_0p02_0033_0012" 5536
"../../../Engine/Content/EngineMaterials/Substrate/GLints/dict_16_192_64_0p5_0p02_0033_0009.uasset" 5537
"../../../Engine/Content/EngineMaterials/Substrate/GLints/dict_16_192_64_0p5_0p02_0033_0010.uasset" 5538
"../../../Engine/Content/EngineMaterials/Substrate/GLints/dict_16_192_64_0p5_0p02_0033_0008.uasset" 5539
"../../../Engine/Content/EngineMaterials/Substrate/GLints/dict_16_192_64_0p5_0p02_0033_0011.uasset" 5540
"../../../Engine/Content/EngineMaterials/Substrate/GLints/dict_16_192_64_0p5_0p02_0033_0005.uasset" 5541
"../../../Engine/Content/EngineMaterials/Substrate/GLints/dict_16_192_64_0p5_0p02_0033_0006.uasset" 5542
"../../../Engine/Content/EngineMaterials/Substrate/GLints/dict_16_192_64_0p5_0p02_0033_0007.uasset" 5543
"../../../Engine/Content/EngineMaterials/Substrate/GLints/dict_16_192_64_0p5_0p02_0033_0004.uasset" 5544
"../../../Engine/Content/EngineMaterials/Substrate/GLints/dict_16_192_64_0p5_0p02_0033_0003.uasset" 5545
"/Engine/EngineMaterials/Substrate/GLints/dict_16_192_64_0p5_0p02_0033_0013" 5546
"../../../Engine/Content/EngineMaterials/Substrate/GLints/dict_16_192_64_0p5_0p02_0033_0001.uasset" 5547
"../../../Engine/Content/EngineMaterials/Substrate/GLints/dict_16_192_64_0p5_0p02_0033_0002.uasset" 5548
"../../../Engine/Content/EngineMaterials/Substrate/GLints/dict_16_192_64_0p5_0p02_0032_0015.uasset" 5549
"../../../Engine/Content/EngineMaterials/Substrate/GLints/dict_16_192_64_0p5_0p02_0033_0000.uasset" 5550
"../../../Engine/Content/EngineMaterials/Substrate/GLints/dict_16_192_64_0p5_0p02_0032_0013.uasset" 5551
"../../../Engine/Content/EngineMaterials/Substrate/GLints/dict_16_192_64_0p5_0p02_0032_0012.uasset" 5552
"../../../Engine/Content/EngineMaterials/Substrate/GLints/dict_16_192_64_0p5_0p02_0032_0011.uasset" 5553
"/Engine/EngineMaterials/Substrate/GLints/dict_16_192_64_0p5_0p02_0033_0014" 5554
"../../../Engine/Content/EngineMaterials/Substrate/GLints/dict_16_192_64_0p5_0p02_0032_0014.uasset" 5555
"../../../Engine/Content/EngineMaterials/Substrate/GLints/dict_16_192_64_0p5_0p02_0032_0009.uasset" 5556
"../../../Engine/Content/EngineMaterials/Substrate/GLints/dict_16_192_64_0p5_0p02_0032_0010.uasset" 5557
"../../../Engine/Content/EngineMaterials/Substrate/GLints/dict_16_192_64_0p5_0p02_0032_0008.uasset" 5558
"../../../Engine/Content/EngineMaterials/Substrate/GLints/dict_16_192_64_0p5_0p02_0032_0007.uasset" 5559
"../../../Engine/Content/EngineMaterials/Substrate/GLints/dict_16_192_64_0p5_0p02_0032_0006.uasset" 5560
"../../../Engine/Content/EngineMaterials/Substrate/GLints/dict_16_192_64_0p5_0p02_0032_0005.uasset" 5561
"../../../Engine/Content/EngineMaterials/Substrate/GLints/dict_16_192_64_0p5_0p02_0032_0004.uasset" 5562
"../../../Engine/Content/EngineMaterials/Substrate/GLints/dict_16_192_64_0p5_0p02_0032_0003.uasset" 5563
"/Engine/EngineMaterials/Substrate/GLints/dict_16_192_64_0p5_0p02_0033_0015" 5564
"/Engine/EngineMaterials/Substrate/GLints/dict_16_192_64_0p5_0p02_0034_0000" 5565
"/Engine/EngineMaterials/Substrate/GLints/dict_16_192_64_0p5_0p02_0034_0001" 5566
"/Engine/EngineMaterials/Substrate/GLints/dict_16_192_64_0p5_0p02_0034_0002" 5567
"/Engine/EngineMaterials/Substrate/GLints/dict_16_192_64_0p5_0p02_0032_0003" 5568
"../../../Engine/Content/EngineMaterials/Substrate/GLints/dict_16_192_64_0p5_0p02_0032_0002.uasset" 5569
"../../../Engine/Content/EngineMaterials/Substrate/GLints/dict_16_192_64_0p5_0p02_0032_0000.uasset" 5570
"../../../Engine/Content/EngineMaterials/Substrate/GLints/dict_16_192_64_0p5_0p02_0031_0012.uasset" 5571
"../../../Engine/Content/EngineMaterials/Substrate/GLints/dict_16_192_64_0p5_0p02_0031_0015.uasset" 5572
"../../../Engine/Content/EngineMaterials/Substrate/GLints/dict_16_192_64_0p5_0p02_0031_0014.uasset" 5573
"../../../Engine/Content/EngineMaterials/Substrate/GLints/dict_16_192_64_0p5_0p02_0031_0013.uasset" 5574
"../../../Engine/Content/EngineMaterials/Substrate/GLints/dict_16_192_64_0p5_0p02_0032_0001.uasset" 5575
"/Engine/EngineMaterials/Substrate/GLints/dict_16_192_64_0p5_0p02_0032_0004" 5576
"/Engine/EngineMaterials/Substrate/GLints/dict_16_192_64_0p5_0p02_0032_0005" 5577
"/Engine/EngineMaterials/Substrate/GLints/dict_16_192_64_0p5_0p02_0032_0006" 5578
"/Engine/EngineMaterials/Substrate/GLints/dict_16_192_64_0p5_0p02_0032_0007" 5579
"/Engine/EngineMaterials/Substrate/GLints/dict_16_192_64_0p5_0p02_0032_0008" 5580
"/Engine/EngineMaterials/Substrate/GLints/dict_16_192_64_0p5_0p02_0032_0009" 5581
"/Engine/EngineMaterials/Substrate/GLints/dict_16_192_64_0p5_0p02_0032_0010" 5582
"/Engine/EngineMaterials/Substrate/GLints/dict_16_192_64_0p5_0p02_0032_0011" 5583
"/Engine/EngineMaterials/Substrate/GLints/dict_16_192_64_0p5_0p02_0032_0012" 5584
"/Engine/EngineMaterials/Substrate/GLints/dict_16_192_64_0p5_0p02_0032_0013" 5585
"/Engine/EngineMaterials/Substrate/GLints/dict_16_192_64_0p5_0p02_0032_0014" 5586
"/Engine/EngineMaterials/Substrate/GLints/dict_16_192_64_0p5_0p02_0032_0015" 5587
"/Engine/EngineMaterials/Substrate/GLints/dict_16_192_64_0p5_0p02_0033_0000" 5588
"/Engine/EngineMaterials/Substrate/GLints/dict_16_192_64_0p5_0p02_0033_0001" 5589
"/Engine/EngineMaterials/Substrate/GLints/dict_16_192_64_0p5_0p02_0033_0002" 5590
"/Engine/EngineMaterials/Substrate/GLints/dict_16_192_64_0p5_0p02_0033_0003" 5591
"/Engine/EngineMaterials/Substrate/GLints/dict_16_192_64_0p5_0p02_0033_0004" 5592
"/Engine/EngineMaterials/Substrate/GLints/dict_16_192_64_0p5_0p02_0033_0005" 5593
"/Engine/EngineMaterials/Substrate/GLints/dict_16_192_64_0p5_0p02_0033_0006" 5594
"/Engine/EngineMaterials/Substrate/GLints/dict_16_192_64_0p5_0p02_0033_0007" 5595
"/Engine/EngineMaterials/Substrate/GLints/dict_16_192_64_0p5_0p02_0033_0008" 5596
"/Engine/EngineMaterials/Substrate/GLints/dict_16_192_64_0p5_0p02_0033_0009" 5597
"/Engine/EngineMaterials/Substrate/GLints/dict_16_192_64_0p5_0p02_0033_0010" 5598
"/Engine/EngineMaterials/Substrate/GLints/dict_16_192_64_0p5_0p02_0033_0011" 5599
"/Engine/EngineMaterials/Substrate/GLints/dict_16_192_64_0p5_0p02_0031_0012" 5600
"../../../Engine/Content/EngineMaterials/Substrate/GLints/dict_16_192_64_0p5_0p02_0031_0011.uasset" 5601
"../../../Engine/Content/EngineMaterials/Substrate/GLints/dict_16_192_64_0p5_0p02_0031_0010.uasset" 5602
"../../../Engine/Content/EngineMaterials/Substrate/GLints/dict_16_192_64_0p5_0p02_0031_0009.uasset" 5603
"../../../Engine/Content/EngineMaterials/Substrate/GLints/dict_16_192_64_0p5_0p02_0031_0008.uasset" 5604
"../../../Engine/Content/EngineMaterials/Substrate/GLints/dict_16_192_64_0p5_0p02_0031_0005.uasset" 5605
"../../../Engine/Content/EngineMaterials/Substrate/GLints/dict_16_192_64_0p5_0p02_0031_0006.uasset" 5606
"../../../Engine/Content/EngineMaterials/Substrate/GLints/dict_16_192_64_0p5_0p02_0031_0007.uasset" 5607
"../../../Engine/Content/EngineMaterials/Substrate/GLints/dict_16_192_64_0p5_0p02_0031_0004.uasset" 5608
"/Engine/EngineMaterials/Substrate/GLints/dict_16_192_64_0p5_0p02_0031_0013" 5609
"../../../Engine/Content/EngineMaterials/Substrate/GLints/dict_16_192_64_0p5_0p02_0031_0003.uasset" 5610
"../../../Engine/Content/EngineMaterials/Substrate/GLints/dict_16_192_64_0p5_0p02_0031_0001.uasset" 5611
"../../../Engine/Content/EngineMaterials/Substrate/GLints/dict_16_192_64_0p5_0p02_0031_0002.uasset" 5612
"../../../Engine/Content/EngineMaterials/Substrate/GLints/dict_16_192_64_0p5_0p02_0030_0015.uasset" 5613
"../../../Engine/Content/EngineMaterials/Substrate/GLints/dict_16_192_64_0p5_0p02_0030_0014.uasset" 5614
"../../../Engine/Content/EngineMaterials/Substrate/GLints/dict_16_192_64_0p5_0p02_0031_0000.uasset" 5615
"../../../Engine/Content/EngineMaterials/Substrate/GLints/dict_16_192_64_0p5_0p02_0030_0013.uasset" 5616
"../../../Engine/Content/EngineMaterials/Substrate/GLints/dict_16_192_64_0p5_0p02_0030_0012.uasset" 5617
"/Engine/EngineMaterials/Substrate/GLints/dict_16_192_64_0p5_0p02_0031_0014" 5618
"../../../Engine/Content/EngineMaterials/Substrate/GLints/dict_16_192_64_0p5_0p02_0030_0011.uasset" 5619
"../../../Engine/Content/EngineMaterials/Substrate/GLints/dict_16_192_64_0p5_0p02_0030_0010.uasset" 5620
"../../../Engine/Content/EngineMaterials/Substrate/GLints/dict_16_192_64_0p5_0p02_0030_0009.uasset" 5621
"../../../Engine/Content/EngineMaterials/Substrate/GLints/dict_16_192_64_0p5_0p02_0030_0006.uasset" 5622
"../../../Engine/Content/EngineMaterials/Substrate/GLints/dict_16_192_64_0p5_0p02_0030_0008.uasset" 5623
"../../../Engine/Content/EngineMaterials/Substrate/GLints/dict_16_192_64_0p5_0p02_0030_0007.uasset" 5624
"../../../Engine/Content/EngineMaterials/Substrate/GLints/dict_16_192_64_0p5_0p02_0030_0005.uasset" 5625
"../../../Engine/Content/EngineMaterials/Substrate/GLints/dict_16_192_64_0p5_0p02_0030_0003.uasset" 5626
"../../../Engine/Content/EngineMaterials/Substrate/GLints/dict_16_192_64_0p5_0p02_0030_0004.uasset" 5627
"/Engine/EngineMaterials/Substrate/GLints/dict_16_192_64_0p5_0p02_0031_0015" 5628
"/Engine/EngineMaterials/Substrate/GLints/dict_16_192_64_0p5_0p02_0032_0000" 5629
"/Engine/EngineMaterials/Substrate/GLints/dict_16_192_64_0p5_0p02_0032_0001" 5630
"/Engine/EngineMaterials/Substrate/GLints/dict_16_192_64_0p5_0p02_0032_0002" 5631
"/Engine/EngineMaterials/Substrate/GLints/dict_16_192_64_0p5_0p02_0030_0003" 5632
"../../../Engine/Content/EngineMaterials/Substrate/GLints/dict_16_192_64_0p5_0p02_0030_0002.uasset" 5633
"../../../Engine/Content/EngineMaterials/Substrate/GLints/dict_16_192_64_0p5_0p02_0030_0001.uasset" 5634
"../../../Engine/Content/EngineMaterials/Substrate/GLints/dict_16_192_64_0p5_0p02_0030_0000.uasset" 5635
"../../../Engine/Content/EngineMaterials/Substrate/GLints/dict_16_192_64_0p5_0p02_0029_0015.uasset" 5636
"../../../Engine/Content/EngineMaterials/Substrate/GLints/dict_16_192_64_0p5_0p02_0029_0012.uasset" 5637
"../../../Engine/Content/EngineMaterials/Substrate/GLints/dict_16_192_64_0p5_0p02_0029_0014.uasset" 5638
"../../../Engine/Content/EngineMaterials/Substrate/GLints/dict_16_192_64_0p5_0p02_0029_0013.uasset" 5639
"/Engine/EngineMaterials/Substrate/GLints/dict_16_192_64_0p5_0p02_0030_0004" 5640
"/Engine/EngineMaterials/Substrate/GLints/dict_16_192_64_0p5_0p02_0030_0005" 5641
"/Engine/EngineMaterials/Substrate/GLints/dict_16_192_64_0p5_0p02_0030_0006" 5642
"/Engine/EngineMaterials/Substrate/GLints/dict_16_192_64_0p5_0p02_0030_0007" 5643
"/Engine/EngineMaterials/Substrate/GLints/dict_16_192_64_0p5_0p02_0030_0008" 5644
"/Engine/EngineMaterials/Substrate/GLints/dict_16_192_64_0p5_0p02_0030_0009" 5645
"/Engine/EngineMaterials/Substrate/GLints/dict_16_192_64_0p5_0p02_0030_0010" 5646
"/Engine/EngineMaterials/Substrate/GLints/dict_16_192_64_0p5_0p02_0030_0011" 5647
"/Engine/EngineMaterials/Substrate/GLints/dict_16_192_64_0p5_0p02_0030_0012" 5648
"/Engine/EngineMaterials/Substrate/GLints/dict_16_192_64_0p5_0p02_0030_0013" 5649
"/Engine/EngineMaterials/Substrate/GLints/dict_16_192_64_0p5_0p02_0030_0014" 5650
"/Engine/EngineMaterials/Substrate/GLints/dict_16_192_64_0p5_0p02_0030_0015" 5651
"/Engine/EngineMaterials/Substrate/GLints/dict_16_192_64_0p5_0p02_0031_0000" 5652
"/Engine/EngineMaterials/Substrate/GLints/dict_16_192_64_0p5_0p02_0031_0001" 5653
"/Engine/EngineMaterials/Substrate/GLints/dict_16_192_64_0p5_0p02_0031_0002" 5654
"/Engine/EngineMaterials/Substrate/GLints/dict_16_192_64_0p5_0p02_0031_0003" 5655
"/Engine/EngineMaterials/Substrate/GLints/dict_16_192_64_0p5_0p02_0031_0004" 5656
"/Engine/EngineMaterials/Substrate/GLints/dict_16_192_64_0p5_0p02_0031_0005" 5657
"/Engine/EngineMaterials/Substrate/GLints/dict_16_192_64_0p5_0p02_0031_0006" 5658
"/Engine/EngineMaterials/Substrate/GLints/dict_16_192_64_0p5_0p02_0031_0007" 5659
"/Engine/EngineMaterials/Substrate/GLints/dict_16_192_64_0p5_0p02_0031_0008" 5660
"/Engine/EngineMaterials/Substrate/GLints/dict_16_192_64_0p5_0p02_0031_0009" 5661
"/Engine/EngineMaterials/Substrate/GLints/dict_16_192_64_0p5_0p02_0031_0010" 5662
"/Engine/EngineMaterials/Substrate/GLints/dict_16_192_64_0p5_0p02_0031_0011" 5663
"/Engine/EngineMaterials/Substrate/GLints/dict_16_192_64_0p5_0p02_0029_0012" 5664
"../../../Engine/Content/EngineMaterials/Substrate/GLints/dict_16_192_64_0p5_0p02_0029_0011.uasset" 5665
"../../../Engine/Content/EngineMaterials/Substrate/GLints/dict_16_192_64_0p5_0p02_0029_0010.uasset" 5666
"../../../Engine/Content/EngineMaterials/Substrate/GLints/dict_16_192_64_0p5_0p02_0029_0007.uasset" 5667
"../../../Engine/Content/EngineMaterials/Substrate/GLints/dict_16_192_64_0p5_0p02_0029_0008.uasset" 5668
"../../../Engine/Content/EngineMaterials/Substrate/GLints/dict_16_192_64_0p5_0p02_0029_0006.uasset" 5669
"../../../Engine/Content/EngineMaterials/Substrate/GLints/dict_16_192_64_0p5_0p02_0029_0009.uasset" 5670
"../../../Engine/Content/EngineMaterials/Substrate/GLints/dict_16_192_64_0p5_0p02_0029_0005.uasset" 5671
"/Engine/EngineMaterials/Substrate/GLints/dict_16_192_64_0p5_0p02_0029_0013" 5672
"../../../Engine/Content/EngineMaterials/Substrate/GLints/dict_16_192_64_0p5_0p02_0029_0004.uasset" 5673
"../../../Engine/Content/EngineMaterials/Substrate/GLints/dict_16_192_64_0p5_0p02_0029_0000.uasset" 5674
"../../../Engine/Content/EngineMaterials/Substrate/GLints/dict_16_192_64_0p5_0p02_0029_0003.uasset" 5675
"../../../Engine/Content/EngineMaterials/Substrate/GLints/dict_16_192_64_0p5_0p02_0029_0002.uasset" 5676
"../../../Engine/Content/EngineMaterials/Substrate/GLints/dict_16_192_64_0p5_0p02_0028_0015.uasset" 5677
"../../../Engine/Content/EngineMaterials/Substrate/GLints/dict_16_192_64_0p5_0p02_0029_0001.uasset" 5678
"../../../Engine/Content/EngineMaterials/Substrate/GLints/dict_16_192_64_0p5_0p02_0028_0013.uasset" 5679
"../../../Engine/Content/EngineMaterials/Substrate/GLints/dict_16_192_64_0p5_0p02_0028_0014.uasset" 5680
"../../../Engine/Content/EngineMaterials/Substrate/GLints/dict_16_192_64_0p5_0p02_0028_0011.uasset" 5681
"../../../Engine/Content/EngineMaterials/Substrate/GLints/dict_16_192_64_0p5_0p02_0028_0010.uasset" 5682
"../../../Engine/Content/EngineMaterials/Substrate/GLints/dict_16_192_64_0p5_0p02_0028_0012.uasset" 5683
"/Engine/EngineMaterials/Substrate/GLints/dict_16_192_64_0p5_0p02_0029_0014" 5684
"../../../Engine/Content/EngineMaterials/Substrate/GLints/dict_16_192_64_0p5_0p02_0028_0008.uasset" 5685
"../../../Engine/Content/EngineMaterials/Substrate/GLints/dict_16_192_64_0p5_0p02_0028_0007.uasset" 5686
"../../../Engine/Content/EngineMaterials/Substrate/GLints/dict_16_192_64_0p5_0p02_0028_0009.uasset" 5687
"../../../Engine/Content/EngineMaterials/Substrate/GLints/dict_16_192_64_0p5_0p02_0028_0006.uasset" 5688
"../../../Engine/Content/EngineMaterials/Substrate/GLints/dict_16_192_64_0p5_0p02_0028_0005.uasset" 5689
"../../../Engine/Content/EngineMaterials/Substrate/GLints/dict_16_192_64_0p5_0p02_0028_0004.uasset" 5690
"../../../Engine/Content/EngineMaterials/Substrate/GLints/dict_16_192_64_0p5_0p02_0028_0003.uasset" 5691
"/Engine/EngineMaterials/Substrate/GLints/dict_16_192_64_0p5_0p02_0029_0015" 5692
"/Engine/EngineMaterials/Substrate/GLints/dict_16_192_64_0p5_0p02_0030_0000" 5693
"/Engine/EngineMaterials/Substrate/GLints/dict_16_192_64_0p5_0p02_0030_0001" 5694
"/Engine/EngineMaterials/Substrate/GLints/dict_16_192_64_0p5_0p02_0030_0002" 5695
"/Engine/EngineMaterials/Substrate/GLints/dict_16_192_64_0p5_0p02_0028_0003" 5696
"../../../Engine/Content/EngineMaterials/Substrate/GLints/dict_16_192_64_0p5_0p02_0028_0002.uasset" 5697
"../../../Engine/Content/EngineMaterials/Substrate/GLints/dict_16_192_64_0p5_0p02_0028_0001.uasset" 5698
"../../../Engine/Content/EngineMaterials/Substrate/GLints/dict_16_192_64_0p5_0p02_0028_0000.uasset" 5699
"../../../Engine/Content/EngineMaterials/Substrate/GLints/dict_16_192_64_0p5_0p02_0027_0014.uasset" 5700
"../../../Engine/Content/EngineMaterials/Substrate/GLints/dict_16_192_64_0p5_0p02_0027_0013.uasset" 5701
"../../../Engine/Content/EngineMaterials/Substrate/GLints/dict_16_192_64_0p5_0p02_0027_0012.uasset" 5702
"../../../Engine/Content/EngineMaterials/Substrate/GLints/dict_16_192_64_0p5_0p02_0027_0015.uasset" 5703
"/Engine/EngineMaterials/Substrate/GLints/dict_16_192_64_0p5_0p02_0028_0004" 5704
"/Engine/EngineMaterials/Substrate/GLints/dict_16_192_64_0p5_0p02_0028_0005" 5705
"/Engine/EngineMaterials/Substrate/GLints/dict_16_192_64_0p5_0p02_0028_0006" 5706
"/Engine/EngineMaterials/Substrate/GLints/dict_16_192_64_0p5_0p02_0028_0007" 5707
"/Engine/EngineMaterials/Substrate/GLints/dict_16_192_64_0p5_0p02_0028_0008" 5708
"/Engine/EngineMaterials/Substrate/GLints/dict_16_192_64_0p5_0p02_0028_0009" 5709
"/Engine/EngineMaterials/Substrate/GLints/dict_16_192_64_0p5_0p02_0028_0010" 5710
"/Engine/EngineMaterials/Substrate/GLints/dict_16_192_64_0p5_0p02_0028_0011" 5711
"/Engine/EngineMaterials/Substrate/GLints/dict_16_192_64_0p5_0p02_0028_0012" 5712
"/Engine/EngineMaterials/Substrate/GLints/dict_16_192_64_0p5_0p02_0028_0013" 5713
"/Engine/EngineMaterials/Substrate/GLints/dict_16_192_64_0p5_0p02_0028_0014" 5714
"/Engine/EngineMaterials/Substrate/GLints/dict_16_192_64_0p5_0p02_0028_0015" 5715
"/Engine/EngineMaterials/Substrate/GLints/dict_16_192_64_0p5_0p02_0029_0000" 5716
"/Engine/EngineMaterials/Substrate/GLints/dict_16_192_64_0p5_0p02_0029_0001" 5717
"/Engine/EngineMaterials/Substrate/GLints/dict_16_192_64_0p5_0p02_0029_0002" 5718
"/Engine/EngineMaterials/Substrate/GLints/dict_16_192_64_0p5_0p02_0029_0003" 5719
"/Engine/EngineMaterials/Substrate/GLints/dict_16_192_64_0p5_0p02_0029_0004" 5720
"/Engine/EngineMaterials/Substrate/GLints/dict_16_192_64_0p5_0p02_0029_0005" 5721
"/Engine/EngineMaterials/Substrate/GLints/dict_16_192_64_0p5_0p02_0029_0006" 5722
"/Engine/EngineMaterials/Substrate/GLints/dict_16_192_64_0p5_0p02_0029_0007" 5723
"/Engine/EngineMaterials/Substrate/GLints/dict_16_192_64_0p5_0p02_0029_0008" 5724
"/Engine/EngineMaterials/Substrate/GLints/dict_16_192_64_0p5_0p02_0029_0009" 5725
"/Engine/EngineMaterials/Substrate/GLints/dict_16_192_64_0p5_0p02_0029_0010" 5726
"/Engine/EngineMaterials/Substrate/GLints/dict_16_192_64_0p5_0p02_0029_0011" 5727
"/Engine/EngineMaterials/Substrate/GLints/dict_16_192_64_0p5_0p02_0027_0012" 5728
"../../../Engine/Content/EngineMaterials/Substrate/GLints/dict_16_192_64_0p5_0p02_0027_0010.uasset" 5729
"/Engine/EngineMaterials/Substrate/GLints/dict_16_192_64_0p5_0p02_0027_0013" 5730
"../../../Engine/Content/EngineMaterials/Substrate/GLints/dict_16_192_64_0p5_0p02_0027_0011.uasset" 5731
"../../../Engine/Content/EngineMaterials/Substrate/GLints/dict_16_192_64_0p5_0p02_0027_0009.uasset" 5732
"../../../Engine/Content/EngineMaterials/Substrate/GLints/dict_16_192_64_0p5_0p02_0027_0005.uasset" 5733
"../../../Engine/Content/EngineMaterials/Substrate/GLints/dict_16_192_64_0p5_0p02_0027_0007.uasset" 5734
"/Engine/EngineMaterials/Substrate/GLints/dict_16_192_64_0p5_0p02_0027_0014" 5735
"../../../Engine/Content/EngineMaterials/Substrate/GLints/dict_16_192_64_0p5_0p02_0027_0004.uasset" 5736
"../../../Engine/Content/EngineMaterials/Substrate/GLints/dict_16_192_64_0p5_0p02_0027_0003.uasset" 5737
"../../../Engine/Content/EngineMaterials/Substrate/GLints/dict_16_192_64_0p5_0p02_0027_0006.uasset" 5738
"../../../Engine/Content/EngineMaterials/Substrate/GLints/dict_16_192_64_0p5_0p02_0027_0002.uasset" 5739
"../../../Engine/Content/EngineMaterials/Substrate/GLints/dict_16_192_64_0p5_0p02_0027_0008.uasset" 5740
"../../../Engine/Content/EngineMaterials/Substrate/GLints/dict_16_192_64_0p5_0p02_0027_0001.uasset" 5741
"../../../Engine/Content/EngineMaterials/Substrate/GLints/dict_16_192_64_0p5_0p02_0026_0015.uasset" 5742
"../../../Engine/Content/EngineMaterials/Substrate/GLints/dict_16_192_64_0p5_0p02_0027_0000.uasset" 5743
"../../../Engine/Content/EngineMaterials/Substrate/GLints/dict_16_192_64_0p5_0p02_0026_0014.uasset" 5744
"../../../Engine/Content/EngineMaterials/Substrate/GLints/dict_16_192_64_0p5_0p02_0026_0013.uasset" 5745
"/Engine/EngineMaterials/Substrate/GLints/dict_16_192_64_0p5_0p02_0027_0015" 5746
"../../../Engine/Content/EngineMaterials/Substrate/GLints/dict_16_192_64_0p5_0p02_0026_0012.uasset" 5747
"../../../Engine/Content/EngineMaterials/Substrate/GLints/dict_16_192_64_0p5_0p02_0026_0011.uasset" 5748
"../../../Engine/Content/EngineMaterials/Substrate/GLints/dict_16_192_64_0p5_0p02_0026_0010.uasset" 5749
"../../../Engine/Content/EngineMaterials/Substrate/GLints/dict_16_192_64_0p5_0p02_0026_0008.uasset" 5750
"../../../Engine/Content/EngineMaterials/Substrate/GLints/dict_16_192_64_0p5_0p02_0026_0007.uasset" 5751
"../../../Engine/Content/EngineMaterials/Substrate/GLints/dict_16_192_64_0p5_0p02_0026_0009.uasset" 5752
"../../../Engine/Content/EngineMaterials/Substrate/GLints/dict_16_192_64_0p5_0p02_0026_0006.uasset" 5753
"../../../Engine/Content/EngineMaterials/Substrate/GLints/dict_16_192_64_0p5_0p02_0026_0005.uasset" 5754
"../../../Engine/Content/EngineMaterials/Substrate/GLints/dict_16_192_64_0p5_0p02_0026_0003.uasset" 5755
"/Engine/EngineMaterials/Substrate/GLints/dict_16_192_64_0p5_0p02_0028_0000" 5756
"../../../Engine/Content/EngineMaterials/Substrate/GLints/dict_16_192_64_0p5_0p02_0026_0004.uasset" 5757
"/Engine/EngineMaterials/Substrate/GLints/dict_16_192_64_0p5_0p02_0028_0001" 5758
"/Engine/EngineMaterials/Substrate/GLints/dict_16_192_64_0p5_0p02_0028_0002" 5759
"../../../Engine/Content/EngineMaterials/Substrate/GLints/dict_16_192_64_0p5_0p02_0026_0002.uasset" 5760
"/Engine/EngineMaterials/Substrate/GLints/dict_16_192_64_0p5_0p02_0026_0003" 5761
"../../../Engine/Content/EngineMaterials/Substrate/GLints/dict_16_192_64_0p5_0p02_0026_0001.uasset" 5762
"/Engine/EngineMaterials/Substrate/GLints/dict_16_192_64_0p5_0p02_0026_0004" 5763
"../../../Engine/Content/EngineMaterials/Substrate/GLints/dict_16_192_64_0p5_0p02_0026_0000.uasset" 5764
"../../../Engine/Content/EngineMaterials/Substrate/GLints/dict_16_192_64_0p5_0p02_0025_0014.uasset" 5765
"../../../Engine/Content/EngineMaterials/Substrate/GLints/dict_16_192_64_0p5_0p02_0025_0015.uasset" 5766
"../../../Engine/Content/EngineMaterials/Substrate/GLints/dict_16_192_64_0p5_0p02_0025_0013.uasset" 5767
"../../../Engine/Content/EngineMaterials/Substrate/GLints/dict_16_192_64_0p5_0p02_0025_0012.uasset" 5768
"/Engine/EngineMaterials/Substrate/GLints/dict_16_192_64_0p5_0p02_0026_0005" 5769
"/Engine/EngineMaterials/Substrate/GLints/dict_16_192_64_0p5_0p02_0026_0006" 5770
"/Engine/EngineMaterials/Substrate/GLints/dict_16_192_64_0p5_0p02_0026_0007" 5771
"/Engine/EngineMaterials/Substrate/GLints/dict_16_192_64_0p5_0p02_0026_0008" 5772
"/Engine/EngineMaterials/Substrate/GLints/dict_16_192_64_0p5_0p02_0026_0009" 5773
"/Engine/EngineMaterials/Substrate/GLints/dict_16_192_64_0p5_0p02_0026_0010" 5774
"/Engine/EngineMaterials/Substrate/GLints/dict_16_192_64_0p5_0p02_0026_0011" 5775
"/Engine/EngineMaterials/Substrate/GLints/dict_16_192_64_0p5_0p02_0026_0012" 5776
"/Engine/EngineMaterials/Substrate/GLints/dict_16_192_64_0p5_0p02_0026_0013" 5777
"/Engine/EngineMaterials/Substrate/GLints/dict_16_192_64_0p5_0p02_0026_0014" 5778
"/Engine/EngineMaterials/Substrate/GLints/dict_16_192_64_0p5_0p02_0026_0015" 5779
"/Engine/EngineMaterials/Substrate/GLints/dict_16_192_64_0p5_0p02_0027_0000" 5780
"/Engine/EngineMaterials/Substrate/GLints/dict_16_192_64_0p5_0p02_0027_0001" 5781
"/Engine/EngineMaterials/Substrate/GLints/dict_16_192_64_0p5_0p02_0027_0002" 5782
"/Engine/EngineMaterials/Substrate/GLints/dict_16_192_64_0p5_0p02_0027_0003" 5783
"/Engine/EngineMaterials/Substrate/GLints/dict_16_192_64_0p5_0p02_0027_0004" 5784
"/Engine/EngineMaterials/Substrate/GLints/dict_16_192_64_0p5_0p02_0027_0005" 5785
"/Engine/EngineMaterials/Substrate/GLints/dict_16_192_64_0p5_0p02_0027_0006" 5786
"/Engine/EngineMaterials/Substrate/GLints/dict_16_192_64_0p5_0p02_0027_0007" 5787
"/Engine/EngineMaterials/Substrate/GLints/dict_16_192_64_0p5_0p02_0027_0008" 5788
"/Engine/EngineMaterials/Substrate/GLints/dict_16_192_64_0p5_0p02_0027_0009" 5789
"/Engine/EngineMaterials/Substrate/GLints/dict_16_192_64_0p5_0p02_0027_0010" 5790
"/Engine/EngineMaterials/Substrate/GLints/dict_16_192_64_0p5_0p02_0027_0011" 5791
"/Engine/EngineMaterials/Substrate/GLints/dict_16_192_64_0p5_0p02_0025_0012" 5792
"/Engine/EngineMaterials/Substrate/GLints/dict_16_192_64_0p5_0p02_0025_0013" 5793
"../../../Engine/Content/EngineMaterials/Substrate/GLints/dict_16_192_64_0p5_0p02_0025_0009.uasset" 5794
"../../../Engine/Content/EngineMaterials/Substrate/GLints/dict_16_192_64_0p5_0p02_0025_0011.uasset" 5795
"../../../Engine/Content/EngineMaterials/Substrate/GLints/dict_16_192_64_0p5_0p02_0025_0010.uasset" 5796
"../../../Engine/Content/EngineMaterials/Substrate/GLints/dict_16_192_64_0p5_0p02_0025_0007.uasset" 5797
"../../../Engine/Content/EngineMaterials/Substrate/GLints/dict_16_192_64_0p5_0p02_0025_0006.uasset" 5798
"../../../Engine/Content/EngineMaterials/Substrate/GLints/dict_16_192_64_0p5_0p02_0025_0004.uasset" 5799
"../../../Engine/Content/EngineMaterials/Substrate/GLints/dict_16_192_64_0p5_0p02_0025_0005.uasset" 5800
"../../../Engine/Content/EngineMaterials/Substrate/GLints/dict_16_192_64_0p5_0p02_0025_0008.uasset" 5801
"/Engine/EngineMaterials/Substrate/GLints/dict_16_192_64_0p5_0p02_0025_0014" 5802
"../../../Engine/Content/EngineMaterials/Substrate/GLints/dict_16_192_64_0p5_0p02_0025_0000.uasset" 5803
"../../../Engine/Content/EngineMaterials/Substrate/GLints/dict_16_192_64_0p5_0p02_0025_0003.uasset" 5804
"../../../Engine/Content/EngineMaterials/Substrate/GLints/dict_16_192_64_0p5_0p02_0025_0002.uasset" 5805
"../../../Engine/Content/EngineMaterials/Substrate/GLints/dict_16_192_64_0p5_0p02_0024_0014.uasset" 5806
"../../../Engine/Content/EngineMaterials/Substrate/GLints/dict_16_192_64_0p5_0p02_0025_0001.uasset" 5807
"../../../Engine/Content/EngineMaterials/Substrate/GLints/dict_16_192_64_0p5_0p02_0024_0015.uasset" 5808
"../../../Engine/Content/EngineMaterials/Substrate/GLints/dict_16_192_64_0p5_0p02_0024_0013.uasset" 5809
"../../../Engine/Content/EngineMaterials/Substrate/GLints/dict_16_192_64_0p5_0p02_0024_0012.uasset" 5810
"../../../Engine/Content/EngineMaterials/Substrate/GLints/dict_16_192_64_0p5_0p02_0024_0010.uasset" 5811
"/Engine/EngineMaterials/Substrate/GLints/dict_16_192_64_0p5_0p02_0025_0015" 5812
"../../../Engine/Content/EngineMaterials/Substrate/GLints/dict_16_192_64_0p5_0p02_0024_0009.uasset" 5813
"../../../Engine/Content/EngineMaterials/Substrate/GLints/dict_16_192_64_0p5_0p02_0024_0008.uasset" 5814
"../../../Engine/Content/EngineMaterials/Substrate/GLints/dict_16_192_64_0p5_0p02_0024_0007.uasset" 5815
"../../../Engine/Content/EngineMaterials/Substrate/GLints/dict_16_192_64_0p5_0p02_0024_0005.uasset" 5816
"../../../Engine/Content/EngineMaterials/Substrate/GLints/dict_16_192_64_0p5_0p02_0024_0011.uasset" 5817
"../../../Engine/Content/EngineMaterials/Substrate/GLints/dict_16_192_64_0p5_0p02_0024_0006.uasset" 5818
"../../../Engine/Content/EngineMaterials/Substrate/GLints/dict_16_192_64_0p5_0p02_0024_0004.uasset" 5819
"../../../Engine/Content/EngineMaterials/Substrate/GLints/dict_16_192_64_0p5_0p02_0024_0003.uasset" 5820
"/Engine/EngineMaterials/Substrate/GLints/dict_16_192_64_0p5_0p02_0026_0000" 5821
"/Engine/EngineMaterials/Substrate/GLints/dict_16_192_64_0p5_0p02_0026_0001" 5822
"/Engine/EngineMaterials/Substrate/GLints/dict_16_192_64_0p5_0p02_0026_0002" 5823
"/Engine/EngineMaterials/Substrate/GLints/dict_16_192_64_0p5_0p02_0024_0003" 5824
"../../../Engine/Content/EngineMaterials/Substrate/GLints/dict_16_192_64_0p5_0p02_0024_0002.uasset" 5825
"../../../Engine/Content/EngineMaterials/Substrate/GLints/dict_16_192_64_0p5_0p02_0024_0001.uasset" 5826
"../../../Engine/Content/EngineMaterials/Substrate/GLints/dict_16_192_64_0p5_0p02_0024_0000.uasset" 5827
"../../../Engine/Content/EngineMaterials/Substrate/GLints/dict_16_192_64_0p5_0p02_0023_0015.uasset" 5828
"../../../Engine/Content/EngineMaterials/Substrate/GLints/dict_16_192_64_0p5_0p02_0023_0014.uasset" 5829
"../../../Engine/Content/EngineMaterials/Substrate/GLints/dict_16_192_64_0p5_0p02_0023_0013.uasset" 5830
"../../../Engine/Content/EngineMaterials/Substrate/GLints/dict_16_192_64_0p5_0p02_0023_0012.uasset" 5831
"/Engine/EngineMaterials/Substrate/GLints/dict_16_192_64_0p5_0p02_0024_0004" 5832
"/Engine/EngineMaterials/Substrate/GLints/dict_16_192_64_0p5_0p02_0024_0005" 5833
"/Engine/EngineMaterials/Substrate/GLints/dict_16_192_64_0p5_0p02_0024_0006" 5834
"/Engine/EngineMaterials/Substrate/GLints/dict_16_192_64_0p5_0p02_0024_0007" 5835
"/Engine/EngineMaterials/Substrate/GLints/dict_16_192_64_0p5_0p02_0024_0008" 5836
"/Engine/EngineMaterials/Substrate/GLints/dict_16_192_64_0p5_0p02_0024_0009" 5837
"/Engine/EngineMaterials/Substrate/GLints/dict_16_192_64_0p5_0p02_0024_0010" 5838
"/Engine/EngineMaterials/Substrate/GLints/dict_16_192_64_0p5_0p02_0024_0011" 5839
"/Engine/EngineMaterials/Substrate/GLints/dict_16_192_64_0p5_0p02_0024_0012" 5840
"/Engine/EngineMaterials/Substrate/GLints/dict_16_192_64_0p5_0p02_0024_0013" 5841
"/Engine/EngineMaterials/Substrate/GLints/dict_16_192_64_0p5_0p02_0024_0014" 5842
"/Engine/EngineMaterials/Substrate/GLints/dict_16_192_64_0p5_0p02_0024_0015" 5843
"/Engine/EngineMaterials/Substrate/GLints/dict_16_192_64_0p5_0p02_0025_0000" 5844
"/Engine/EngineMaterials/Substrate/GLints/dict_16_192_64_0p5_0p02_0025_0001" 5845
"/Engine/EngineMaterials/Substrate/GLints/dict_16_192_64_0p5_0p02_0025_0002" 5846
"/Engine/EngineMaterials/Substrate/GLints/dict_16_192_64_0p5_0p02_0025_0003" 5847
"/Engine/EngineMaterials/Substrate/GLints/dict_16_192_64_0p5_0p02_0025_0004" 5848
"/Engine/EngineMaterials/Substrate/GLints/dict_16_192_64_0p5_0p02_0025_0005" 5849
"/Engine/EngineMaterials/Substrate/GLints/dict_16_192_64_0p5_0p02_0025_0006" 5850
"/Engine/EngineMaterials/Substrate/GLints/dict_16_192_64_0p5_0p02_0025_0007" 5851
"/Engine/EngineMaterials/Substrate/GLints/dict_16_192_64_0p5_0p02_0025_0008" 5852
"/Engine/EngineMaterials/Substrate/GLints/dict_16_192_64_0p5_0p02_0025_0009" 5853
"/Engine/EngineMaterials/Substrate/GLints/dict_16_192_64_0p5_0p02_0025_0010" 5854
"/Engine/EngineMaterials/Substrate/GLints/dict_16_192_64_0p5_0p02_0025_0011" 5855
"/Engine/EngineMaterials/Substrate/GLints/dict_16_192_64_0p5_0p02_0023_0012" 5856
"/Engine/EngineMaterials/Substrate/GLints/dict_16_192_64_0p5_0p02_0023_0013" 5857
"../../../Engine/Content/EngineMaterials/Substrate/GLints/dict_16_192_64_0p5_0p02_0023_0009.uasset" 5858
"../../../Engine/Content/EngineMaterials/Substrate/GLints/dict_16_192_64_0p5_0p02_0023_0010.uasset" 5859
"../../../Engine/Content/EngineMaterials/Substrate/GLints/dict_16_192_64_0p5_0p02_0023_0011.uasset" 5860
"../../../Engine/Content/EngineMaterials/Substrate/GLints/dict_16_192_64_0p5_0p02_0023_0008.uasset" 5861
"../../../Engine/Content/EngineMaterials/Substrate/GLints/dict_16_192_64_0p5_0p02_0023_0005.uasset" 5862
"../../../Engine/Content/EngineMaterials/Substrate/GLints/dict_16_192_64_0p5_0p02_0023_0007.uasset" 5863
"../../../Engine/Content/EngineMaterials/Substrate/GLints/dict_16_192_64_0p5_0p02_0023_0006.uasset" 5864
"/Engine/EngineMaterials/Substrate/GLints/dict_16_192_64_0p5_0p02_0023_0014" 5865
"../../../Engine/Content/EngineMaterials/Substrate/GLints/dict_16_192_64_0p5_0p02_0023_0002.uasset" 5866
"../../../Engine/Content/EngineMaterials/Substrate/GLints/dict_16_192_64_0p5_0p02_0023_0004.uasset" 5867
"../../../Engine/Content/EngineMaterials/Substrate/GLints/dict_16_192_64_0p5_0p02_0023_0003.uasset" 5868
"../../../Engine/Content/EngineMaterials/Substrate/GLints/dict_16_192_64_0p5_0p02_0023_0001.uasset" 5869
"../../../Engine/Content/EngineMaterials/Substrate/GLints/dict_16_192_64_0p5_0p02_0022_0014.uasset" 5870
"../../../Engine/Content/EngineMaterials/Substrate/GLints/dict_16_192_64_0p5_0p02_0023_0000.uasset" 5871
"../../../Engine/Content/EngineMaterials/Substrate/GLints/dict_16_192_64_0p5_0p02_0022_0015.uasset" 5872
"../../../Engine/Content/EngineMaterials/Substrate/GLints/dict_16_192_64_0p5_0p02_0022_0013.uasset" 5873
"../../../Engine/Content/EngineMaterials/Substrate/GLints/dict_16_192_64_0p5_0p02_0022_0011.uasset" 5874
"../../../Engine/Content/EngineMaterials/Substrate/GLints/dict_16_192_64_0p5_0p02_0022_0012.uasset" 5875
"../../../Engine/Content/EngineMaterials/Substrate/GLints/dict_16_192_64_0p5_0p02_0022_0010.uasset" 5876
"../../../Engine/Content/EngineMaterials/Substrate/GLints/dict_16_192_64_0p5_0p02_0022_0009.uasset" 5877
"/Engine/EngineMaterials/Substrate/GLints/dict_16_192_64_0p5_0p02_0023_0015" 5878
"../../../Engine/Content/EngineMaterials/Substrate/GLints/dict_16_192_64_0p5_0p02_0022_0008.uasset" 5879
"../../../Engine/Content/EngineMaterials/Substrate/GLints/dict_16_192_64_0p5_0p02_0022_0007.uasset" 5880
"../../../Engine/Content/EngineMaterials/Substrate/GLints/dict_16_192_64_0p5_0p02_0022_0006.uasset" 5881
"../../../Engine/Content/EngineMaterials/Substrate/GLints/dict_16_192_64_0p5_0p02_0022_0005.uasset" 5882
"../../../Engine/Content/EngineMaterials/Substrate/GLints/dict_16_192_64_0p5_0p02_0022_0004.uasset" 5883
"../../../Engine/Content/EngineMaterials/Substrate/GLints/dict_16_192_64_0p5_0p02_0022_0003.uasset" 5884
"/Engine/EngineMaterials/Substrate/GLints/dict_16_192_64_0p5_0p02_0024_0000" 5885
"/Engine/EngineMaterials/Substrate/GLints/dict_16_192_64_0p5_0p02_0024_0001" 5886
"/Engine/EngineMaterials/Substrate/GLints/dict_16_192_64_0p5_0p02_0024_0002" 5887
"/Engine/EngineMaterials/Substrate/GLints/dict_16_192_64_0p5_0p02_0022_0003" 5888
"../../../Engine/Content/EngineMaterials/Substrate/GLints/dict_16_192_64_0p5_0p02_0022_0001.uasset" 5889
"/Engine/EngineMaterials/Substrate/GLints/dict_16_192_64_0p5_0p02_0022_0004" 5890
"../../../Engine/Content/EngineMaterials/Substrate/GLints/dict_16_192_64_0p5_0p02_0022_0002.uasset" 5891
"../../../Engine/Content/EngineMaterials/Substrate/GLints/dict_16_192_64_0p5_0p02_0022_0000.uasset" 5892
"../../../Engine/Content/EngineMaterials/Substrate/GLints/dict_16_192_64_0p5_0p02_0021_0015.uasset" 5893
"../../../Engine/Content/EngineMaterials/Substrate/GLints/dict_16_192_64_0p5_0p02_0021_0014.uasset" 5894
"../../../Engine/Content/EngineMaterials/Substrate/GLints/dict_16_192_64_0p5_0p02_0021_0012.uasset" 5895
"../../../Engine/Content/EngineMaterials/Substrate/GLints/dict_16_192_64_0p5_0p02_0021_0013.uasset" 5896
"/Engine/EngineMaterials/Substrate/GLints/dict_16_192_64_0p5_0p02_0022_0005" 5897
"/Engine/EngineMaterials/Substrate/GLints/dict_16_192_64_0p5_0p02_0022_0006" 5898
"/Engine/EngineMaterials/Substrate/GLints/dict_16_192_64_0p5_0p02_0022_0007" 5899
"/Engine/EngineMaterials/Substrate/GLints/dict_16_192_64_0p5_0p02_0022_0008" 5900
"/Engine/EngineMaterials/Substrate/GLints/dict_16_192_64_0p5_0p02_0022_0009" 5901
"/Engine/EngineMaterials/Substrate/GLints/dict_16_192_64_0p5_0p02_0022_0010" 5902
"/Engine/EngineMaterials/Substrate/GLints/dict_16_192_64_0p5_0p02_0022_0011" 5903
"/Engine/EngineMaterials/Substrate/GLints/dict_16_192_64_0p5_0p02_0022_0012" 5904
"/Engine/EngineMaterials/Substrate/GLints/dict_16_192_64_0p5_0p02_0022_0013" 5905
"/Engine/EngineMaterials/Substrate/GLints/dict_16_192_64_0p5_0p02_0022_0014" 5906
"/Engine/EngineMaterials/Substrate/GLints/dict_16_192_64_0p5_0p02_0022_0015" 5907
"/Engine/EngineMaterials/Substrate/GLints/dict_16_192_64_0p5_0p02_0023_0000" 5908
"/Engine/EngineMaterials/Substrate/GLints/dict_16_192_64_0p5_0p02_0023_0001" 5909
"/Engine/EngineMaterials/Substrate/GLints/dict_16_192_64_0p5_0p02_0023_0002" 5910
"/Engine/EngineMaterials/Substrate/GLints/dict_16_192_64_0p5_0p02_0023_0003" 5911
"/Engine/EngineMaterials/Substrate/GLints/dict_16_192_64_0p5_0p02_0023_0004" 5912
"/Engine/EngineMaterials/Substrate/GLints/dict_16_192_64_0p5_0p02_0023_0005" 5913
"/Engine/EngineMaterials/Substrate/GLints/dict_16_192_64_0p5_0p02_0023_0006" 5914
"/Engine/EngineMaterials/Substrate/GLints/dict_16_192_64_0p5_0p02_0023_0007" 5915
"/Engine/EngineMaterials/Substrate/GLints/dict_16_192_64_0p5_0p02_0023_0008" 5916
"/Engine/EngineMaterials/Substrate/GLints/dict_16_192_64_0p5_0p02_0023_0009" 5917
"/Engine/EngineMaterials/Substrate/GLints/dict_16_192_64_0p5_0p02_0023_0010" 5918
"/Engine/EngineMaterials/Substrate/GLints/dict_16_192_64_0p5_0p02_0023_0011" 5919
"/Engine/EngineMaterials/Substrate/GLints/dict_16_192_64_0p5_0p02_0021_0012" 5920
"../../../Engine/Content/EngineMaterials/Substrate/GLints/dict_16_192_64_0p5_0p02_0021_0010.uasset" 5921
"../../../Engine/Content/EngineMaterials/Substrate/GLints/dict_16_192_64_0p5_0p02_0021_0008.uasset" 5922
"../../../Engine/Content/EngineMaterials/Substrate/GLints/dict_16_192_64_0p5_0p02_0021_0011.uasset" 5923
"../../../Engine/Content/EngineMaterials/Substrate/GLints/dict_16_192_64_0p5_0p02_0021_0009.uasset" 5924
"../../../Engine/Content/EngineMaterials/Substrate/GLints/dict_16_192_64_0p5_0p02_0021_0007.uasset" 5925
"../../../Engine/Content/EngineMaterials/Substrate/GLints/dict_16_192_64_0p5_0p02_0021_0005.uasset" 5926
"../../../Engine/Content/EngineMaterials/Substrate/GLints/dict_16_192_64_0p5_0p02_0021_0006.uasset" 5927
"/Engine/EngineMaterials/Substrate/GLints/dict_16_192_64_0p5_0p02_0021_0013" 5928
"../../../Engine/Content/EngineMaterials/Substrate/GLints/dict_16_192_64_0p5_0p02_0021_0004.uasset" 5929
"../../../Engine/Content/EngineMaterials/Substrate/GLints/dict_16_192_64_0p5_0p02_0021_0003.uasset" 5930
"../../../Engine/Content/EngineMaterials/Substrate/GLints/dict_16_192_64_0p5_0p02_0021_0002.uasset" 5931
"../../../Engine/Content/EngineMaterials/Substrate/GLints/dict_16_192_64_0p5_0p02_0021_0001.uasset" 5932
"../../../Engine/Content/EngineMaterials/Substrate/GLints/dict_16_192_64_0p5_0p02_0020_0012.uasset" 5933
"../../../Engine/Content/EngineMaterials/Substrate/GLints/dict_16_192_64_0p5_0p02_0020_0014.uasset" 5934
"../../../Engine/Content/EngineMaterials/Substrate/GLints/dict_16_192_64_0p5_0p02_0020_0011.uasset" 5935
"../../../Engine/Content/EngineMaterials/Substrate/GLints/dict_16_192_64_0p5_0p02_0021_0000.uasset" 5936
"/Engine/EngineMaterials/Substrate/GLints/dict_16_192_64_0p5_0p02_0021_0014" 5937
"../../../Engine/Content/EngineMaterials/Substrate/GLints/dict_16_192_64_0p5_0p02_0020_0013.uasset" 5938
"../../../Engine/Content/EngineMaterials/Substrate/GLints/dict_16_192_64_0p5_0p02_0020_0010.uasset" 5939
"../../../Engine/Content/EngineMaterials/Substrate/GLints/dict_16_192_64_0p5_0p02_0020_0009.uasset" 5940
"../../../Engine/Content/EngineMaterials/Substrate/GLints/dict_16_192_64_0p5_0p02_0020_0015.uasset" 5941
"../../../Engine/Content/EngineMaterials/Substrate/GLints/dict_16_192_64_0p5_0p02_0020_0007.uasset" 5942
"../../../Engine/Content/EngineMaterials/Substrate/GLints/dict_16_192_64_0p5_0p02_0020_0008.uasset" 5943
"../../../Engine/Content/EngineMaterials/Substrate/GLints/dict_16_192_64_0p5_0p02_0020_0006.uasset" 5944
"../../../Engine/Content/EngineMaterials/Substrate/GLints/dict_16_192_64_0p5_0p02_0020_0005.uasset" 5945
"../../../Engine/Content/EngineMaterials/Substrate/GLints/dict_16_192_64_0p5_0p02_0020_0004.uasset" 5946
"/Engine/EngineMaterials/Substrate/GLints/dict_16_192_64_0p5_0p02_0021_0015" 5947
"../../../Engine/Content/EngineMaterials/Substrate/GLints/dict_16_192_64_0p5_0p02_0020_0003.uasset" 5948
"/Engine/EngineMaterials/Substrate/GLints/dict_16_192_64_0p5_0p02_0022_0000" 5949
"/Engine/EngineMaterials/Substrate/GLints/dict_16_192_64_0p5_0p02_0022_0001" 5950
"/Engine/EngineMaterials/Substrate/GLints/dict_16_192_64_0p5_0p02_0022_0002" 5951
"../../../Engine/Content/EngineMaterials/Substrate/GLints/dict_16_192_64_0p5_0p02_0020_0002.uasset" 5952
"/Engine/EngineMaterials/Substrate/GLints/dict_16_192_64_0p5_0p02_0020_0003" 5953
"../../../Engine/Content/EngineMaterials/Substrate/GLints/dict_16_192_64_0p5_0p02_0020_0001.uasset" 5954
"/Engine/EngineMaterials/Substrate/GLints/dict_16_192_64_0p5_0p02_0020_0004" 5955
"../../../Engine/Content/EngineMaterials/Substrate/GLints/dict_16_192_64_0p5_0p02_0020_0000.uasset" 5956
"../../../Engine/Content/EngineMaterials/Substrate/GLints/dict_16_192_64_0p5_0p02_0019_0015.uasset" 5957
"../../../Engine/Content/EngineMaterials/Substrate/GLints/dict_16_192_64_0p5_0p02_0019_0014.uasset" 5958
"../../../Engine/Content/EngineMaterials/Substrate/GLints/dict_16_192_64_0p5_0p02_0019_0013.uasset" 5959
"../../../Engine/Content/EngineMaterials/Substrate/GLints/dict_16_192_64_0p5_0p02_0019_0012.uasset" 5960
"/Engine/EngineMaterials/Substrate/GLints/dict_16_192_64_0p5_0p02_0020_0005" 5961
"/Engine/EngineMaterials/Substrate/GLints/dict_16_192_64_0p5_0p02_0020_0006" 5962
"/Engine/EngineMaterials/Substrate/GLints/dict_16_192_64_0p5_0p02_0020_0007" 5963
"/Engine/EngineMaterials/Substrate/GLints/dict_16_192_64_0p5_0p02_0020_0008" 5964
"/Engine/EngineMaterials/Substrate/GLints/dict_16_192_64_0p5_0p02_0020_0009" 5965
"/Engine/EngineMaterials/Substrate/GLints/dict_16_192_64_0p5_0p02_0020_0010" 5966
"/Engine/EngineMaterials/Substrate/GLints/dict_16_192_64_0p5_0p02_0020_0011" 5967
"/Engine/EngineMaterials/Substrate/GLints/dict_16_192_64_0p5_0p02_0020_0012" 5968
"/Engine/EngineMaterials/Substrate/GLints/dict_16_192_64_0p5_0p02_0020_0013" 5969
"/Engine/EngineMaterials/Substrate/GLints/dict_16_192_64_0p5_0p02_0020_0014" 5970
"/Engine/EngineMaterials/Substrate/GLints/dict_16_192_64_0p5_0p02_0020_0015" 5971
"/Engine/EngineMaterials/Substrate/GLints/dict_16_192_64_0p5_0p02_0021_0000" 5972
"/Engine/EngineMaterials/Substrate/GLints/dict_16_192_64_0p5_0p02_0021_0001" 5973
"/Engine/EngineMaterials/Substrate/GLints/dict_16_192_64_0p5_0p02_0021_0002" 5974
"/Engine/EngineMaterials/Substrate/GLints/dict_16_192_64_0p5_0p02_0021_0003" 5975
"/Engine/EngineMaterials/Substrate/GLints/dict_16_192_64_0p5_0p02_0021_0004" 5976
"/Engine/EngineMaterials/Substrate/GLints/dict_16_192_64_0p5_0p02_0021_0005" 5977
"/Engine/EngineMaterials/Substrate/GLints/dict_16_192_64_0p5_0p02_0021_0006" 5978
"/Engine/EngineMaterials/Substrate/GLints/dict_16_192_64_0p5_0p02_0021_0007" 5979
"/Engine/EngineMaterials/Substrate/GLints/dict_16_192_64_0p5_0p02_0021_0008" 5980
"/Engine/EngineMaterials/Substrate/GLints/dict_16_192_64_0p5_0p02_0021_0009" 5981
"/Engine/EngineMaterials/Substrate/GLints/dict_16_192_64_0p5_0p02_0021_0010" 5982
"/Engine/EngineMaterials/Substrate/GLints/dict_16_192_64_0p5_0p02_0021_0011" 5983
"/Engine/EngineMaterials/Substrate/GLints/dict_16_192_64_0p5_0p02_0019_0012" 5984
"/Engine/EngineMaterials/Substrate/GLints/dict_16_192_64_0p5_0p02_0019_0013" 5985
"../../../Engine/Content/EngineMaterials/Substrate/GLints/dict_16_192_64_0p5_0p02_0019_0010.uasset" 5986
"../../../Engine/Content/EngineMaterials/Substrate/GLints/dict_16_192_64_0p5_0p02_0019_0011.uasset" 5987
"../../../Engine/Content/EngineMaterials/Substrate/GLints/dict_16_192_64_0p5_0p02_0019_0009.uasset" 5988
"../../../Engine/Content/EngineMaterials/Substrate/GLints/dict_16_192_64_0p5_0p02_0019_0008.uasset" 5989
"../../../Engine/Content/EngineMaterials/Substrate/GLints/dict_16_192_64_0p5_0p02_0019_0007.uasset" 5990
"../../../Engine/Content/EngineMaterials/Substrate/GLints/dict_16_192_64_0p5_0p02_0019_0006.uasset" 5991
"../../../Engine/Content/EngineMaterials/Substrate/GLints/dict_16_192_64_0p5_0p02_0019_0004.uasset" 5992
"../../../Engine/Content/EngineMaterials/Substrate/GLints/dict_16_192_64_0p5_0p02_0019_0005.uasset" 5993
"../../../Engine/Content/EngineMaterials/Substrate/GLints/dict_16_192_64_0p5_0p02_0019_0003.uasset" 5994
"/Engine/EngineMaterials/Substrate/GLints/dict_16_192_64_0p5_0p02_0019_0014" 5995
"../../../Engine/Content/EngineMaterials/Substrate/GLints/dict_16_192_64_0p5_0p02_0019_0002.uasset" 5996
"../../../Engine/Content/EngineMaterials/Substrate/GLints/dict_16_192_64_0p5_0p02_0019_0001.uasset" 5997
"../../../Engine/Content/EngineMaterials/Substrate/GLints/dict_16_192_64_0p5_0p02_0018_0015.uasset" 5998
"../../../Engine/Content/EngineMaterials/Substrate/GLints/dict_16_192_64_0p5_0p02_0019_0000.uasset" 5999
"/Engine/EngineMaterials/Substrate/GLints/dict_16_192_64_0p5_0p02_0019_0015" 6000
"../../../Engine/Content/EngineMaterials/Substrate/GLints/dict_16_192_64_0p5_0p02_0018_0014.uasset" 6001
"../../../Engine/Content/EngineMaterials/Substrate/GLints/dict_16_192_64_0p5_0p02_0018_0013.uasset" 6002
"../../../Engine/Content/EngineMaterials/Substrate/GLints/dict_16_192_64_0p5_0p02_0018_0012.uasset" 6003
"../../../Engine/Content/EngineMaterials/Substrate/GLints/dict_16_192_64_0p5_0p02_0018_0011.uasset" 6004
"../../../Engine/Content/EngineMaterials/Substrate/GLints/dict_16_192_64_0p5_0p02_0018_0010.uasset" 6005
"/Engine/EngineMaterials/Substrate/GLints/dict_16_192_64_0p5_0p02_0020_0000" 6006
"../../../Engine/Content/EngineMaterials/Substrate/GLints/dict_16_192_64_0p5_0p02_0018_0009.uasset" 6007
"../../../Engine/Content/EngineMaterials/Substrate/GLints/dict_16_192_64_0p5_0p02_0018_0008.uasset" 6008
"../../../Engine/Content/EngineMaterials/Substrate/GLints/dict_16_192_64_0p5_0p02_0018_0006.uasset" 6009
"../../../Engine/Content/EngineMaterials/Substrate/GLints/dict_16_192_64_0p5_0p02_0018_0005.uasset" 6010
"../../../Engine/Content/EngineMaterials/Substrate/GLints/dict_16_192_64_0p5_0p02_0018_0007.uasset" 6011
"../../../Engine/Content/EngineMaterials/Substrate/GLints/dict_16_192_64_0p5_0p02_0018_0004.uasset" 6012
"../../../Engine/Content/EngineMaterials/Substrate/GLints/dict_16_192_64_0p5_0p02_0018_0003.uasset" 6013
"/Engine/EngineMaterials/Substrate/GLints/dict_16_192_64_0p5_0p02_0020_0001" 6014
"/Engine/EngineMaterials/Substrate/GLints/dict_16_192_64_0p5_0p02_0020_0002" 6015
"../../../Engine/Content/EngineMaterials/Substrate/GLints/dict_16_192_64_0p5_0p02_0018_0002.uasset" 6016
"/Engine/EngineMaterials/Substrate/GLints/dict_16_192_64_0p5_0p02_0018_0003" 6017
"../../../Engine/Content/EngineMaterials/Substrate/GLints/dict_16_192_64_0p5_0p02_0018_0001.uasset" 6018
"../../../Engine/Content/EngineMaterials/Substrate/GLints/dict_16_192_64_0p5_0p02_0018_0000.uasset" 6019
"../../../Engine/Content/EngineMaterials/Substrate/GLints/dict_16_192_64_0p5_0p02_0017_0015.uasset" 6020
"../../../Engine/Content/EngineMaterials/Substrate/GLints/dict_16_192_64_0p5_0p02_0017_0012.uasset" 6021
"/Engine/EngineMaterials/Substrate/GLints/dict_16_192_64_0p5_0p02_0018_0004" 6022
"../../../Engine/Content/EngineMaterials/Substrate/GLints/dict_16_192_64_0p5_0p02_0017_0014.uasset" 6023
"../../../Engine/Content/EngineMaterials/Substrate/GLints/dict_16_192_64_0p5_0p02_0017_0013.uasset" 6024
"/Engine/EngineMaterials/Substrate/GLints/dict_16_192_64_0p5_0p02_0018_0005" 6025
"/Engine/EngineMaterials/Substrate/GLints/dict_16_192_64_0p5_0p02_0018_0006" 6026
"/Engine/EngineMaterials/Substrate/GLints/dict_16_192_64_0p5_0p02_0018_0007" 6027
"/Engine/EngineMaterials/Substrate/GLints/dict_16_192_64_0p5_0p02_0018_0008" 6028
"/Engine/EngineMaterials/Substrate/GLints/dict_16_192_64_0p5_0p02_0018_0009" 6029
"/Engine/EngineMaterials/Substrate/GLints/dict_16_192_64_0p5_0p02_0018_0010" 6030
"/Engine/EngineMaterials/Substrate/GLints/dict_16_192_64_0p5_0p02_0018_0011" 6031
"/Engine/EngineMaterials/Substrate/GLints/dict_16_192_64_0p5_0p02_0018_0012" 6032
"/Engine/EngineMaterials/Substrate/GLints/dict_16_192_64_0p5_0p02_0018_0013" 6033
"/Engine/EngineMaterials/Substrate/GLints/dict_16_192_64_0p5_0p02_0018_0014" 6034
"/Engine/EngineMaterials/Substrate/GLints/dict_16_192_64_0p5_0p02_0018_0015" 6035
"/Engine/EngineMaterials/Substrate/GLints/dict_16_192_64_0p5_0p02_0019_0000" 6036
"/Engine/EngineMaterials/Substrate/GLints/dict_16_192_64_0p5_0p02_0019_0001" 6037
"/Engine/EngineMaterials/Substrate/GLints/dict_16_192_64_0p5_0p02_0019_0002" 6038
"/Engine/EngineMaterials/Substrate/GLints/dict_16_192_64_0p5_0p02_0019_0003" 6039
"/Engine/EngineMaterials/Substrate/GLints/dict_16_192_64_0p5_0p02_0019_0004" 6040
"/Engine/EngineMaterials/Substrate/GLints/dict_16_192_64_0p5_0p02_0019_0005" 6041
"/Engine/EngineMaterials/Substrate/GLints/dict_16_192_64_0p5_0p02_0019_0006" 6042
"/Engine/EngineMaterials/Substrate/GLints/dict_16_192_64_0p5_0p02_0019_0007" 6043
"/Engine/EngineMaterials/Substrate/GLints/dict_16_192_64_0p5_0p02_0019_0008" 6044
"/Engine/EngineMaterials/Substrate/GLints/dict_16_192_64_0p5_0p02_0019_0009" 6045
"/Engine/EngineMaterials/Substrate/GLints/dict_16_192_64_0p5_0p02_0019_0010" 6046
"/Engine/EngineMaterials/Substrate/GLints/dict_16_192_64_0p5_0p02_0019_0011" 6047
"/Engine/EngineMaterials/Substrate/GLints/dict_16_192_64_0p5_0p02_0017_0012" 6048
"/Engine/EngineMaterials/Substrate/GLints/dict_16_192_64_0p5_0p02_0017_0013" 6049
"../../../Engine/Content/EngineMaterials/Substrate/GLints/dict_16_192_64_0p5_0p02_0017_0011.uasset" 6050
"../../../Engine/Content/EngineMaterials/Substrate/GLints/dict_16_192_64_0p5_0p02_0017_0010.uasset" 6051
"../../../Engine/Content/EngineMaterials/Substrate/GLints/dict_16_192_64_0p5_0p02_0017_0009.uasset" 6052
"../../../Engine/Content/EngineMaterials/Substrate/GLints/dict_16_192_64_0p5_0p02_0017_0007.uasset" 6053
"../../../Engine/Content/EngineMaterials/Substrate/GLints/dict_16_192_64_0p5_0p02_0017_0005.uasset" 6054
"../../../Engine/Content/EngineMaterials/Substrate/GLints/dict_16_192_64_0p5_0p02_0017_0008.uasset" 6055
"../../../Engine/Content/EngineMaterials/Substrate/GLints/dict_16_192_64_0p5_0p02_0017_0006.uasset" 6056
"../../../Engine/Content/EngineMaterials/Substrate/GLints/dict_16_192_64_0p5_0p02_0017_0004.uasset" 6057
"/Engine/EngineMaterials/Substrate/GLints/dict_16_192_64_0p5_0p02_0017_0014" 6058
"../../../Engine/Content/EngineMaterials/Substrate/GLints/dict_16_192_64_0p5_0p02_0017_0003.uasset" 6059
"../../../Engine/Content/EngineMaterials/Substrate/GLints/dict_16_192_64_0p5_0p02_0017_0002.uasset" 6060
"../../../Engine/Content/EngineMaterials/Substrate/GLints/dict_16_192_64_0p5_0p02_0017_0001.uasset" 6061
"../../../Engine/Content/EngineMaterials/Substrate/GLints/dict_16_192_64_0p5_0p02_0017_0000.uasset" 6062
"../../../Engine/Content/EngineMaterials/Substrate/GLints/dict_16_192_64_0p5_0p02_0016_0013.uasset" 6063
"../../../Engine/Content/EngineMaterials/Substrate/GLints/dict_16_192_64_0p5_0p02_0016_0014.uasset" 6064
"../../../Engine/Content/EngineMaterials/Substrate/GLints/dict_16_192_64_0p5_0p02_0016_0015.uasset" 6065
"../../../Engine/Content/EngineMaterials/Substrate/GLints/dict_16_192_64_0p5_0p02_0016_0012.uasset" 6066
"/Engine/EngineMaterials/Substrate/GLints/dict_16_192_64_0p5_0p02_0017_0015" 6067
"../../../Engine/Content/EngineMaterials/Substrate/GLints/dict_16_192_64_0p5_0p02_0016_0011.uasset" 6068
"../../../Engine/Content/EngineMaterials/Substrate/GLints/dict_16_192_64_0p5_0p02_0016_0010.uasset" 6069
"../../../Engine/Content/EngineMaterials/Substrate/GLints/dict_16_192_64_0p5_0p02_0016_0009.uasset" 6070
"../../../Engine/Content/EngineMaterials/Substrate/GLints/dict_16_192_64_0p5_0p02_0016_0008.uasset" 6071
"../../../Engine/Content/EngineMaterials/Substrate/GLints/dict_16_192_64_0p5_0p02_0016_0005.uasset" 6072
"/Engine/EngineMaterials/Substrate/GLints/dict_16_192_64_0p5_0p02_0018_0000" 6073
"../../../Engine/Content/EngineMaterials/Substrate/GLints/dict_16_192_64_0p5_0p02_0016_0004.uasset" 6074
"../../../Engine/Content/EngineMaterials/Substrate/GLints/dict_16_192_64_0p5_0p02_0016_0003.uasset" 6075
"../../../Engine/Content/EngineMaterials/Substrate/GLints/dict_16_192_64_0p5_0p02_0016_0007.uasset" 6076
"../../../Engine/Content/EngineMaterials/Substrate/GLints/dict_16_192_64_0p5_0p02_0016_0006.uasset" 6077
"/Engine/EngineMaterials/Substrate/GLints/dict_16_192_64_0p5_0p02_0018_0001" 6078
"/Engine/EngineMaterials/Substrate/GLints/dict_16_192_64_0p5_0p02_0018_0002" 6079
"/Engine/EngineMaterials/Substrate/GLints/dict_16_192_64_0p5_0p02_0016_0003" 6080
"../../../Engine/Content/EngineMaterials/Substrate/GLints/dict_16_192_64_0p5_0p02_0016_0001.uasset" 6081
"../../../Engine/Content/EngineMaterials/Substrate/GLints/dict_16_192_64_0p5_0p02_0016_0000.uasset" 6082
"../../../Engine/Content/EngineMaterials/Substrate/GLints/dict_16_192_64_0p5_0p02_0015_0015.uasset" 6083
"../../../Engine/Content/EngineMaterials/Substrate/GLints/dict_16_192_64_0p5_0p02_0016_0002.uasset" 6084
"../../../Engine/Content/EngineMaterials/Substrate/GLints/dict_16_192_64_0p5_0p02_0015_0014.uasset" 6085
"../../../Engine/Content/EngineMaterials/Substrate/GLints/dict_16_192_64_0p5_0p02_0015_0012.uasset" 6086
"../../../Engine/Content/EngineMaterials/Substrate/GLints/dict_16_192_64_0p5_0p02_0015_0013.uasset" 6087
"/Engine/EngineMaterials/Substrate/GLints/dict_16_192_64_0p5_0p02_0016_0004" 6088
"/Engine/EngineMaterials/Substrate/GLints/dict_16_192_64_0p5_0p02_0016_0005" 6089
"/Engine/EngineMaterials/Substrate/GLints/dict_16_192_64_0p5_0p02_0016_0006" 6090
"/Engine/EngineMaterials/Substrate/GLints/dict_16_192_64_0p5_0p02_0016_0007" 6091
"/Engine/EngineMaterials/Substrate/GLints/dict_16_192_64_0p5_0p02_0016_0008" 6092
"/Engine/EngineMaterials/Substrate/GLints/dict_16_192_64_0p5_0p02_0016_0009" 6093
"/Engine/EngineMaterials/Substrate/GLints/dict_16_192_64_0p5_0p02_0016_0010" 6094
"/Engine/EngineMaterials/Substrate/GLints/dict_16_192_64_0p5_0p02_0016_0011" 6095
"/Engine/EngineMaterials/Substrate/GLints/dict_16_192_64_0p5_0p02_0016_0012" 6096
"/Engine/EngineMaterials/Substrate/GLints/dict_16_192_64_0p5_0p02_0016_0013" 6097
"/Engine/EngineMaterials/Substrate/GLints/dict_16_192_64_0p5_0p02_0016_0014" 6098
"/Engine/EngineMaterials/Substrate/GLints/dict_16_192_64_0p5_0p02_0016_0015" 6099
"/Engine/EngineMaterials/Substrate/GLints/dict_16_192_64_0p5_0p02_0017_0000" 6100
"/Engine/EngineMaterials/Substrate/GLints/dict_16_192_64_0p5_0p02_0017_0001" 6101
"/Engine/EngineMaterials/Substrate/GLints/dict_16_192_64_0p5_0p02_0017_0002" 6102
"/Engine/EngineMaterials/Substrate/GLints/dict_16_192_64_0p5_0p02_0017_0003" 6103
"/Engine/EngineMaterials/Substrate/GLints/dict_16_192_64_0p5_0p02_0017_0004" 6104
"/Engine/EngineMaterials/Substrate/GLints/dict_16_192_64_0p5_0p02_0017_0005" 6105
"/Engine/EngineMaterials/Substrate/GLints/dict_16_192_64_0p5_0p02_0017_0006" 6106
"/Engine/EngineMaterials/Substrate/GLints/dict_16_192_64_0p5_0p02_0017_0007" 6107
"/Engine/EngineMaterials/Substrate/GLints/dict_16_192_64_0p5_0p02_0017_0008" 6108
"/Engine/EngineMaterials/Substrate/GLints/dict_16_192_64_0p5_0p02_0017_0009" 6109
"/Engine/EngineMaterials/Substrate/GLints/dict_16_192_64_0p5_0p02_0017_0010" 6110
"/Engine/EngineMaterials/Substrate/GLints/dict_16_192_64_0p5_0p02_0017_0011" 6111
"/Engine/EngineMaterials/Substrate/GLints/dict_16_192_64_0p5_0p02_0015_0012" 6112
"../../../Engine/Content/EngineMaterials/Substrate/GLints/dict_16_192_64_0p5_0p02_0015_0009.uasset" 6113
"../../../Engine/Content/EngineMaterials/Substrate/GLints/dict_16_192_64_0p5_0p02_0015_0010.uasset" 6114
"../../../Engine/Content/EngineMaterials/Substrate/GLints/dict_16_192_64_0p5_0p02_0015_0011.uasset" 6115
"../../../Engine/Content/EngineMaterials/Substrate/GLints/dict_16_192_64_0p5_0p02_0015_0007.uasset" 6116
"../../../Engine/Content/EngineMaterials/Substrate/GLints/dict_16_192_64_0p5_0p02_0015_0008.uasset" 6117
"../../../Engine/Content/EngineMaterials/Substrate/GLints/dict_16_192_64_0p5_0p02_0015_0006.uasset" 6118
"../../../Engine/Content/EngineMaterials/Substrate/GLints/dict_16_192_64_0p5_0p02_0015_0005.uasset" 6119
"../../../Engine/Content/EngineMaterials/Substrate/GLints/dict_16_192_64_0p5_0p02_0015_0004.uasset" 6120
"/Engine/EngineMaterials/Substrate/GLints/dict_16_192_64_0p5_0p02_0015_0013" 6121
"../../../Engine/Content/EngineMaterials/Substrate/GLints/dict_16_192_64_0p5_0p02_0015_0003.uasset" 6122
"../../../Engine/Content/EngineMaterials/Substrate/GLints/dict_16_192_64_0p5_0p02_0015_0002.uasset" 6123
"../../../Engine/Content/EngineMaterials/Substrate/GLints/dict_16_192_64_0p5_0p02_0015_0001.uasset" 6124
"../../../Engine/Content/EngineMaterials/Substrate/GLints/dict_16_192_64_0p5_0p02_0015_0000.uasset" 6125
"../../../Engine/Content/EngineMaterials/Substrate/GLints/dict_16_192_64_0p5_0p02_0014_0015.uasset" 6126
"../../../Engine/Content/EngineMaterials/Substrate/GLints/dict_16_192_64_0p5_0p02_0014_0014.uasset" 6127
"../../../Engine/Content/EngineMaterials/Substrate/GLints/dict_16_192_64_0p5_0p02_0014_0013.uasset" 6128
"../../../Engine/Content/EngineMaterials/Substrate/GLints/dict_16_192_64_0p5_0p02_0014_0012.uasset" 6129
"/Engine/EngineMaterials/Substrate/GLints/dict_16_192_64_0p5_0p02_0015_0014" 6130
"../../../Engine/Content/EngineMaterials/Substrate/GLints/dict_16_192_64_0p5_0p02_0014_0011.uasset" 6131
"../../../Engine/Content/EngineMaterials/Substrate/GLints/dict_16_192_64_0p5_0p02_0014_0010.uasset" 6132
"../../../Engine/Content/EngineMaterials/Substrate/GLints/dict_16_192_64_0p5_0p02_0014_0009.uasset" 6133
"../../../Engine/Content/EngineMaterials/Substrate/GLints/dict_16_192_64_0p5_0p02_0014_0008.uasset" 6134
"../../../Engine/Content/EngineMaterials/Substrate/GLints/dict_16_192_64_0p5_0p02_0014_0007.uasset" 6135
"../../../Engine/Content/EngineMaterials/Substrate/GLints/dict_16_192_64_0p5_0p02_0014_0004.uasset" 6136
"../../../Engine/Content/EngineMaterials/Substrate/GLints/dict_16_192_64_0p5_0p02_0014_0006.uasset" 6137
"../../../Engine/Content/EngineMaterials/Substrate/GLints/dict_16_192_64_0p5_0p02_0014_0003.uasset" 6138
"/Engine/EngineMaterials/Substrate/GLints/dict_16_192_64_0p5_0p02_0015_0015" 6139
"../../../Engine/Content/EngineMaterials/Substrate/GLints/dict_16_192_64_0p5_0p02_0014_0005.uasset" 6140
"/Engine/EngineMaterials/Substrate/GLints/dict_16_192_64_0p5_0p02_0016_0000" 6141
"/Engine/EngineMaterials/Substrate/GLints/dict_16_192_64_0p5_0p02_0016_0001" 6142
"/Engine/EngineMaterials/Substrate/GLints/dict_16_192_64_0p5_0p02_0016_0002" 6143
"/Engine/EngineMaterials/Substrate/GLints/dict_16_192_64_0p5_0p02_0014_0003" 6144
"../../../Engine/Content/EngineMaterials/Substrate/GLints/dict_16_192_64_0p5_0p02_0014_0002.uasset" 6145
"../../../Engine/Content/EngineMaterials/Substrate/GLints/dict_16_192_64_0p5_0p02_0014_0001.uasset" 6146
"../../../Engine/Content/EngineMaterials/Substrate/GLints/dict_16_192_64_0p5_0p02_0014_0000.uasset" 6147
"../../../Engine/Content/EngineMaterials/Substrate/GLints/dict_16_192_64_0p5_0p02_0013_0015.uasset" 6148
"../../../Engine/Content/EngineMaterials/Substrate/GLints/dict_16_192_64_0p5_0p02_0013_0014.uasset" 6149
"../../../Engine/Content/EngineMaterials/Substrate/GLints/dict_16_192_64_0p5_0p02_0013_0013.uasset" 6150
"../../../Engine/Content/EngineMaterials/Substrate/GLints/dict_16_192_64_0p5_0p02_0013_0012.uasset" 6151
"/Engine/EngineMaterials/Substrate/GLints/dict_16_192_64_0p5_0p02_0014_0004" 6152
"/Engine/EngineMaterials/Substrate/GLints/dict_16_192_64_0p5_0p02_0014_0005" 6153
"/Engine/EngineMaterials/Substrate/GLints/dict_16_192_64_0p5_0p02_0014_0006" 6154
"/Engine/EngineMaterials/Substrate/GLints/dict_16_192_64_0p5_0p02_0014_0007" 6155
"/Engine/EngineMaterials/Substrate/GLints/dict_16_192_64_0p5_0p02_0014_0008" 6156
"/Engine/EngineMaterials/Substrate/GLints/dict_16_192_64_0p5_0p02_0014_0009" 6157
"/Engine/EngineMaterials/Substrate/GLints/dict_16_192_64_0p5_0p02_0014_0010" 6158
"/Engine/EngineMaterials/Substrate/GLints/dict_16_192_64_0p5_0p02_0014_0011" 6159
"/Engine/EngineMaterials/Substrate/GLints/dict_16_192_64_0p5_0p02_0014_0012" 6160
"/Engine/EngineMaterials/Substrate/GLints/dict_16_192_64_0p5_0p02_0014_0013" 6161
"/Engine/EngineMaterials/Substrate/GLints/dict_16_192_64_0p5_0p02_0014_0014" 6162
"/Engine/EngineMaterials/Substrate/GLints/dict_16_192_64_0p5_0p02_0014_0015" 6163
"/Engine/EngineMaterials/Substrate/GLints/dict_16_192_64_0p5_0p02_0015_0000" 6164
"/Engine/EngineMaterials/Substrate/GLints/dict_16_192_64_0p5_0p02_0015_0001" 6165
"/Engine/EngineMaterials/Substrate/GLints/dict_16_192_64_0p5_0p02_0015_0002" 6166
"/Engine/EngineMaterials/Substrate/GLints/dict_16_192_64_0p5_0p02_0015_0003" 6167
"/Engine/EngineMaterials/Substrate/GLints/dict_16_192_64_0p5_0p02_0015_0004" 6168
"/Engine/EngineMaterials/Substrate/GLints/dict_16_192_64_0p5_0p02_0015_0005" 6169
"/Engine/EngineMaterials/Substrate/GLints/dict_16_192_64_0p5_0p02_0015_0006" 6170
"/Engine/EngineMaterials/Substrate/GLints/dict_16_192_64_0p5_0p02_0015_0007" 6171
"/Engine/EngineMaterials/Substrate/GLints/dict_16_192_64_0p5_0p02_0015_0008" 6172
"/Engine/EngineMaterials/Substrate/GLints/dict_16_192_64_0p5_0p02_0015_0009" 6173
"/Engine/EngineMaterials/Substrate/GLints/dict_16_192_64_0p5_0p02_0015_0010" 6174
"/Engine/EngineMaterials/Substrate/GLints/dict_16_192_64_0p5_0p02_0015_0011" 6175
"/Engine/EngineMaterials/Substrate/GLints/dict_16_192_64_0p5_0p02_0013_0012" 6176
"/Engine/EngineMaterials/Substrate/GLints/dict_16_192_64_0p5_0p02_0013_0013" 6177
"../../../Engine/Content/EngineMaterials/Substrate/GLints/dict_16_192_64_0p5_0p02_0013_0011.uasset" 6178
"../../../Engine/Content/EngineMaterials/Substrate/GLints/dict_16_192_64_0p5_0p02_0013_0010.uasset" 6179
"../../../Engine/Content/EngineMaterials/Substrate/GLints/dict_16_192_64_0p5_0p02_0013_0009.uasset" 6180
"../../../Engine/Content/EngineMaterials/Substrate/GLints/dict_16_192_64_0p5_0p02_0013_0007.uasset" 6181
"../../../Engine/Content/EngineMaterials/Substrate/GLints/dict_16_192_64_0p5_0p02_0013_0008.uasset" 6182
"../../../Engine/Content/EngineMaterials/Substrate/GLints/dict_16_192_64_0p5_0p02_0013_0006.uasset" 6183
"../../../Engine/Content/EngineMaterials/Substrate/GLints/dict_16_192_64_0p5_0p02_0013_0005.uasset" 6184
"/Engine/EngineMaterials/Substrate/GLints/dict_16_192_64_0p5_0p02_0013_0014" 6185
"../../../Engine/Content/EngineMaterials/Substrate/GLints/dict_16_192_64_0p5_0p02_0013_0002.uasset" 6186
"../../../Engine/Content/EngineMaterials/Substrate/GLints/dict_16_192_64_0p5_0p02_0013_0004.uasset" 6187
"../../../Engine/Content/EngineMaterials/Substrate/GLints/dict_16_192_64_0p5_0p02_0013_0003.uasset" 6188
"../../../Engine/Content/EngineMaterials/Substrate/GLints/dict_16_192_64_0p5_0p02_0013_0000.uasset" 6189
"../../../Engine/Content/EngineMaterials/Substrate/GLints/dict_16_192_64_0p5_0p02_0012_0015.uasset" 6190
"../../../Engine/Content/EngineMaterials/Substrate/GLints/dict_16_192_64_0p5_0p02_0012_0014.uasset" 6191
"../../../Engine/Content/EngineMaterials/Substrate/GLints/dict_16_192_64_0p5_0p02_0012_0013.uasset" 6192
"../../../Engine/Content/EngineMaterials/Substrate/GLints/dict_16_192_64_0p5_0p02_0013_0001.uasset" 6193
"/Engine/EngineMaterials/Substrate/GLints/dict_16_192_64_0p5_0p02_0013_0015" 6194
"../../../Engine/Content/EngineMaterials/Substrate/GLints/dict_16_192_64_0p5_0p02_0012_0012.uasset" 6195
"../../../Engine/Content/EngineMaterials/Substrate/GLints/dict_16_192_64_0p5_0p02_0012_0010.uasset" 6196
"../../../Engine/Content/EngineMaterials/Substrate/GLints/dict_16_192_64_0p5_0p02_0012_0008.uasset" 6197
"../../../Engine/Content/EngineMaterials/Substrate/GLints/dict_16_192_64_0p5_0p02_0012_0009.uasset" 6198
"../../../Engine/Content/EngineMaterials/Substrate/GLints/dict_16_192_64_0p5_0p02_0012_0007.uasset" 6199
"/Engine/EngineMaterials/Substrate/GLints/dict_16_192_64_0p5_0p02_0014_0000" 6200
"../../../Engine/Content/EngineMaterials/Substrate/GLints/dict_16_192_64_0p5_0p02_0012_0011.uasset" 6201
"../../../Engine/Content/EngineMaterials/Substrate/GLints/dict_16_192_64_0p5_0p02_0012_0006.uasset" 6202
"../../../Engine/Content/EngineMaterials/Substrate/GLints/dict_16_192_64_0p5_0p02_0012_0005.uasset" 6203
"../../../Engine/Content/EngineMaterials/Substrate/GLints/dict_16_192_64_0p5_0p02_0012_0004.uasset" 6204
"../../../Engine/Content/EngineMaterials/Substrate/GLints/dict_16_192_64_0p5_0p02_0012_0003.uasset" 6205
"/Engine/EngineMaterials/Substrate/GLints/dict_16_192_64_0p5_0p02_0014_0001" 6206
"/Engine/EngineMaterials/Substrate/GLints/dict_16_192_64_0p5_0p02_0014_0002" 6207
"/Engine/EngineMaterials/Substrate/GLints/dict_16_192_64_0p5_0p02_0012_0003" 6208
"../../../Engine/Content/EngineMaterials/Substrate/GLints/dict_16_192_64_0p5_0p02_0012_0002.uasset" 6209
"../../../Engine/Content/EngineMaterials/Substrate/GLints/dict_16_192_64_0p5_0p02_0012_0001.uasset" 6210
"../../../Engine/Content/EngineMaterials/Substrate/GLints/dict_16_192_64_0p5_0p02_0012_0000.uasset" 6211
"../../../Engine/Content/EngineMaterials/Substrate/GLints/dict_16_192_64_0p5_0p02_0011_0015.uasset" 6212
"../../../Engine/Content/EngineMaterials/Substrate/GLints/dict_16_192_64_0p5_0p02_0011_0014.uasset" 6213
"../../../Engine/Content/EngineMaterials/Substrate/GLints/dict_16_192_64_0p5_0p02_0011_0013.uasset" 6214
"../../../Engine/Content/EngineMaterials/Substrate/GLints/dict_16_192_64_0p5_0p02_0011_0012.uasset" 6215
"/Engine/EngineMaterials/Substrate/GLints/dict_16_192_64_0p5_0p02_0012_0004" 6216
"/Engine/EngineMaterials/Substrate/GLints/dict_16_192_64_0p5_0p02_0012_0005" 6217
"/Engine/EngineMaterials/Substrate/GLints/dict_16_192_64_0p5_0p02_0012_0006" 6218
"/Engine/EngineMaterials/Substrate/GLints/dict_16_192_64_0p5_0p02_0012_0007" 6219
"/Engine/EngineMaterials/Substrate/GLints/dict_16_192_64_0p5_0p02_0012_0008" 6220
"/Engine/EngineMaterials/Substrate/GLints/dict_16_192_64_0p5_0p02_0012_0009" 6221
"/Engine/EngineMaterials/Substrate/GLints/dict_16_192_64_0p5_0p02_0012_0010" 6222
"/Engine/EngineMaterials/Substrate/GLints/dict_16_192_64_0p5_0p02_0012_0011" 6223
"/Engine/EngineMaterials/Substrate/GLints/dict_16_192_64_0p5_0p02_0012_0012" 6224
"/Engine/EngineMaterials/Substrate/GLints/dict_16_192_64_0p5_0p02_0012_0013" 6225
"/Engine/EngineMaterials/Substrate/GLints/dict_16_192_64_0p5_0p02_0012_0014" 6226
"/Engine/EngineMaterials/Substrate/GLints/dict_16_192_64_0p5_0p02_0012_0015" 6227
"/Engine/EngineMaterials/Substrate/GLints/dict_16_192_64_0p5_0p02_0013_0000" 6228
"/Engine/EngineMaterials/Substrate/GLints/dict_16_192_64_0p5_0p02_0013_0001" 6229
"/Engine/EngineMaterials/Substrate/GLints/dict_16_192_64_0p5_0p02_0013_0002" 6230
"/Engine/EngineMaterials/Substrate/GLints/dict_16_192_64_0p5_0p02_0013_0003" 6231
"/Engine/EngineMaterials/Substrate/GLints/dict_16_192_64_0p5_0p02_0013_0004" 6232
"/Engine/EngineMaterials/Substrate/GLints/dict_16_192_64_0p5_0p02_0013_0005" 6233
"/Engine/EngineMaterials/Substrate/GLints/dict_16_192_64_0p5_0p02_0013_0006" 6234
"/Engine/EngineMaterials/Substrate/GLints/dict_16_192_64_0p5_0p02_0013_0007" 6235
"/Engine/EngineMaterials/Substrate/GLints/dict_16_192_64_0p5_0p02_0013_0008" 6236
"/Engine/EngineMaterials/Substrate/GLints/dict_16_192_64_0p5_0p02_0013_0009" 6237
"/Engine/EngineMaterials/Substrate/GLints/dict_16_192_64_0p5_0p02_0013_0010" 6238
"/Engine/EngineMaterials/Substrate/GLints/dict_16_192_64_0p5_0p02_0013_0011" 6239
"/Engine/EngineMaterials/Substrate/GLints/dict_16_192_64_0p5_0p02_0011_0012" 6240
"../../../Engine/Content/EngineMaterials/Substrate/GLints/dict_16_192_64_0p5_0p02_0011_0009.uasset" 6241
"../../../Engine/Content/EngineMaterials/Substrate/GLints/dict_16_192_64_0p5_0p02_0011_0010.uasset" 6242
"../../../Engine/Content/EngineMaterials/Substrate/GLints/dict_16_192_64_0p5_0p02_0011_0008.uasset" 6243
"/Engine/EngineMaterials/Substrate/GLints/dict_16_192_64_0p5_0p02_0011_0013" 6244
"../../../Engine/Content/EngineMaterials/Substrate/GLints/dict_16_192_64_0p5_0p02_0011_0006.uasset" 6245
"../../../Engine/Content/EngineMaterials/Substrate/GLints/dict_16_192_64_0p5_0p02_0011_0007.uasset" 6246
"../../../Engine/Content/EngineMaterials/Substrate/GLints/dict_16_192_64_0p5_0p02_0011_0005.uasset" 6247
"../../../Engine/Content/EngineMaterials/Substrate/GLints/dict_16_192_64_0p5_0p02_0011_0011.uasset" 6248
"../../../Engine/Content/EngineMaterials/Substrate/GLints/dict_16_192_64_0p5_0p02_0011_0004.uasset" 6249
"../../../Engine/Content/EngineMaterials/Substrate/GLints/dict_16_192_64_0p5_0p02_0011_0003.uasset" 6250
"/Engine/EngineMaterials/Substrate/GLints/dict_16_192_64_0p5_0p02_0011_0014" 6251
"../../../Engine/Content/EngineMaterials/Substrate/GLints/dict_16_192_64_0p5_0p02_0011_0002.uasset" 6252
"../../../Engine/Content/EngineMaterials/Substrate/GLints/dict_16_192_64_0p5_0p02_0011_0001.uasset" 6253
"../../../Engine/Content/EngineMaterials/Substrate/GLints/dict_16_192_64_0p5_0p02_0010_0014.uasset" 6254
"../../../Engine/Content/EngineMaterials/Substrate/GLints/dict_16_192_64_0p5_0p02_0010_0015.uasset" 6255
"../../../Engine/Content/EngineMaterials/Substrate/GLints/dict_16_192_64_0p5_0p02_0010_0012.uasset" 6256
"../../../Engine/Content/EngineMaterials/Substrate/GLints/dict_16_192_64_0p5_0p02_0010_0013.uasset" 6257
"../../../Engine/Content/EngineMaterials/Substrate/GLints/dict_16_192_64_0p5_0p02_0010_0010.uasset" 6258
"../../../Engine/Content/EngineMaterials/Substrate/GLints/dict_16_192_64_0p5_0p02_0010_0011.uasset" 6259
"../../../Engine/Content/EngineMaterials/Substrate/GLints/dict_16_192_64_0p5_0p02_0010_0009.uasset" 6260
"/Engine/EngineMaterials/Substrate/GLints/dict_16_192_64_0p5_0p02_0011_0015" 6261
"../../../Engine/Content/EngineMaterials/Substrate/GLints/dict_16_192_64_0p5_0p02_0011_0000.uasset" 6262
"../../../Engine/Content/EngineMaterials/Substrate/GLints/dict_16_192_64_0p5_0p02_0010_0008.uasset" 6263
"../../../Engine/Content/EngineMaterials/Substrate/GLints/dict_16_192_64_0p5_0p02_0010_0004.uasset" 6264
"../../../Engine/Content/EngineMaterials/Substrate/GLints/dict_16_192_64_0p5_0p02_0010_0006.uasset" 6265
"../../../Engine/Content/EngineMaterials/Substrate/GLints/dict_16_192_64_0p5_0p02_0010_0003.uasset" 6266
"../../../Engine/Content/EngineMaterials/Substrate/GLints/dict_16_192_64_0p5_0p02_0010_0005.uasset" 6267
"../../../Engine/Content/EngineMaterials/Substrate/GLints/dict_16_192_64_0p5_0p02_0010_0007.uasset" 6268
"/Engine/EngineMaterials/Substrate/GLints/dict_16_192_64_0p5_0p02_0012_0000" 6269
"/Engine/EngineMaterials/Substrate/GLints/dict_16_192_64_0p5_0p02_0012_0001" 6270
"/Engine/EngineMaterials/Substrate/GLints/dict_16_192_64_0p5_0p02_0012_0002" 6271
"/Engine/EngineMaterials/Substrate/GLints/dict_16_192_64_0p5_0p02_0010_0003" 6272
"../../../Engine/Content/EngineMaterials/Substrate/GLints/dict_16_192_64_0p5_0p02_0010_0002.uasset" 6273
"../../../Engine/Content/EngineMaterials/Substrate/GLints/dict_16_192_64_0p5_0p02_0010_0001.uasset" 6274
"/Engine/EngineMaterials/Substrate/GLints/dict_16_192_64_0p5_0p02_0010_0004" 6275
"../../../Engine/Content/EngineMaterials/Substrate/GLints/dict_16_192_64_0p5_0p02_0009_0015.uasset" 6276
"../../../Engine/Content/EngineMaterials/Substrate/GLints/dict_16_192_64_0p5_0p02_0010_0000.uasset" 6277
"../../../Engine/Content/EngineMaterials/Substrate/GLints/dict_16_192_64_0p5_0p02_0009_0012.uasset" 6278
"../../../Engine/Content/EngineMaterials/Substrate/GLints/dict_16_192_64_0p5_0p02_0009_0013.uasset" 6279
"../../../Engine/Content/EngineMaterials/Substrate/GLints/dict_16_192_64_0p5_0p02_0009_0014.uasset" 6280
"/Engine/EngineMaterials/Substrate/GLints/dict_16_192_64_0p5_0p02_0010_0005" 6281
"/Engine/EngineMaterials/Substrate/GLints/dict_16_192_64_0p5_0p02_0010_0006" 6282
"/Engine/EngineMaterials/Substrate/GLints/dict_16_192_64_0p5_0p02_0010_0007" 6283
"/Engine/EngineMaterials/Substrate/GLints/dict_16_192_64_0p5_0p02_0010_0008" 6284
"/Engine/EngineMaterials/Substrate/GLints/dict_16_192_64_0p5_0p02_0010_0009" 6285
"/Engine/EngineMaterials/Substrate/GLints/dict_16_192_64_0p5_0p02_0010_0010" 6286
"/Engine/EngineMaterials/Substrate/GLints/dict_16_192_64_0p5_0p02_0010_0011" 6287
"/Engine/EngineMaterials/Substrate/GLints/dict_16_192_64_0p5_0p02_0010_0012" 6288
"/Engine/EngineMaterials/Substrate/GLints/dict_16_192_64_0p5_0p02_0010_0013" 6289
"/Engine/EngineMaterials/Substrate/GLints/dict_16_192_64_0p5_0p02_0010_0014" 6290
"/Engine/EngineMaterials/Substrate/GLints/dict_16_192_64_0p5_0p02_0010_0015" 6291
"/Engine/EngineMaterials/Substrate/GLints/dict_16_192_64_0p5_0p02_0011_0000" 6292
"/Engine/EngineMaterials/Substrate/GLints/dict_16_192_64_0p5_0p02_0011_0001" 6293
"/Engine/EngineMaterials/Substrate/GLints/dict_16_192_64_0p5_0p02_0011_0002" 6294
"/Engine/EngineMaterials/Substrate/GLints/dict_16_192_64_0p5_0p02_0011_0003" 6295
"/Engine/EngineMaterials/Substrate/GLints/dict_16_192_64_0p5_0p02_0011_0004" 6296
"/Engine/EngineMaterials/Substrate/GLints/dict_16_192_64_0p5_0p02_0011_0005" 6297
"/Engine/EngineMaterials/Substrate/GLints/dict_16_192_64_0p5_0p02_0011_0006" 6298
"/Engine/EngineMaterials/Substrate/GLints/dict_16_192_64_0p5_0p02_0011_0007" 6299
"/Engine/EngineMaterials/Substrate/GLints/dict_16_192_64_0p5_0p02_0011_0008" 6300
"/Engine/EngineMaterials/Substrate/GLints/dict_16_192_64_0p5_0p02_0011_0009" 6301
"/Engine/EngineMaterials/Substrate/GLints/dict_16_192_64_0p5_0p02_0011_0010" 6302
"/Engine/EngineMaterials/Substrate/GLints/dict_16_192_64_0p5_0p02_0011_0011" 6303
"/Engine/EngineMaterials/Substrate/GLints/dict_16_192_64_0p5_0p02_0009_0012" 6304
"../../../Engine/Content/EngineMaterials/Substrate/GLints/dict_16_192_64_0p5_0p02_0009_0010.uasset" 6305
"../../../Engine/Content/EngineMaterials/Substrate/GLints/dict_16_192_64_0p5_0p02_0009_0011.uasset" 6306
"../../../Engine/Content/EngineMaterials/Substrate/GLints/dict_16_192_64_0p5_0p02_0009_0009.uasset" 6307
"../../../Engine/Content/EngineMaterials/Substrate/GLints/dict_16_192_64_0p5_0p02_0009_0008.uasset" 6308
"../../../Engine/Content/EngineMaterials/Substrate/GLints/dict_16_192_64_0p5_0p02_0009_0006.uasset" 6309
"../../../Engine/Content/EngineMaterials/Substrate/GLints/dict_16_192_64_0p5_0p02_0009_0007.uasset" 6310
"../../../Engine/Content/EngineMaterials/Substrate/GLints/dict_16_192_64_0p5_0p02_0009_0005.uasset" 6311
"../../../Engine/Content/EngineMaterials/Substrate/GLints/dict_16_192_64_0p5_0p02_0009_0004.uasset" 6312
"/Engine/EngineMaterials/Substrate/GLints/dict_16_192_64_0p5_0p02_0009_0013" 6313
"../../../Engine/Content/EngineMaterials/Substrate/GLints/dict_16_192_64_0p5_0p02_0009_0003.uasset" 6314
"../../../Engine/Content/EngineMaterials/Substrate/GLints/dict_16_192_64_0p5_0p02_0009_0000.uasset" 6315
"../../../Engine/Content/EngineMaterials/Substrate/GLints/dict_16_192_64_0p5_0p02_0008_0015.uasset" 6316
"../../../Engine/Content/EngineMaterials/Substrate/GLints/dict_16_192_64_0p5_0p02_0008_0013.uasset" 6317
"../../../Engine/Content/EngineMaterials/Substrate/GLints/dict_16_192_64_0p5_0p02_0008_0014.uasset" 6318
"../../../Engine/Content/EngineMaterials/Substrate/GLints/dict_16_192_64_0p5_0p02_0008_0012.uasset" 6319
"/Engine/EngineMaterials/Substrate/GLints/dict_16_192_64_0p5_0p02_0009_0014" 6320
"../../../Engine/Content/EngineMaterials/Substrate/GLints/dict_16_192_64_0p5_0p02_0009_0002.uasset" 6321
"../../../Engine/Content/EngineMaterials/Substrate/GLints/dict_16_192_64_0p5_0p02_0009_0001.uasset" 6322
"../../../Engine/Content/EngineMaterials/Substrate/GLints/dict_16_192_64_0p5_0p02_0008_0011.uasset" 6323
"../../../Engine/Content/EngineMaterials/Substrate/GLints/dict_16_192_64_0p5_0p02_0008_0010.uasset" 6324
"../../../Engine/Content/EngineMaterials/Substrate/GLints/dict_16_192_64_0p5_0p02_0008_0008.uasset" 6325
"../../../Engine/Content/EngineMaterials/Substrate/GLints/dict_16_192_64_0p5_0p02_0008_0009.uasset" 6326
"../../../Engine/Content/EngineMaterials/Substrate/GLints/dict_16_192_64_0p5_0p02_0008_0007.uasset" 6327
"../../../Engine/Content/EngineMaterials/Substrate/GLints/dict_16_192_64_0p5_0p02_0008_0006.uasset" 6328
"../../../Engine/Content/EngineMaterials/Substrate/GLints/dict_16_192_64_0p5_0p02_0008_0004.uasset" 6329
"../../../Engine/Content/EngineMaterials/Substrate/GLints/dict_16_192_64_0p5_0p02_0008_0005.uasset" 6330
"../../../Engine/Content/EngineMaterials/Substrate/GLints/dict_16_192_64_0p5_0p02_0008_0003.uasset" 6331
"/Engine/EngineMaterials/Substrate/GLints/dict_16_192_64_0p5_0p02_0009_0015" 6332
"/Engine/EngineMaterials/Substrate/GLints/dict_16_192_64_0p5_0p02_0010_0000" 6333
"/Engine/EngineMaterials/Substrate/GLints/dict_16_192_64_0p5_0p02_0010_0001" 6334
"/Engine/EngineMaterials/Substrate/GLints/dict_16_192_64_0p5_0p02_0010_0002" 6335
"/Engine/EngineMaterials/Substrate/GLints/dict_16_192_64_0p5_0p02_0008_0003" 6336
"../../../Engine/Content/EngineMaterials/Substrate/GLints/dict_16_192_64_0p5_0p02_0008_0002.uasset" 6337
"../../../Engine/Content/EngineMaterials/Substrate/GLints/dict_16_192_64_0p5_0p02_0008_0001.uasset" 6338
"../../../Engine/Content/EngineMaterials/Substrate/GLints/dict_16_192_64_0p5_0p02_0008_0000.uasset" 6339
"../../../Engine/Content/EngineMaterials/Substrate/GLints/dict_16_192_64_0p5_0p02_0007_0015.uasset" 6340
"../../../Engine/Content/EngineMaterials/Substrate/GLints/dict_16_192_64_0p5_0p02_0007_0014.uasset" 6341
"../../../Engine/Content/EngineMaterials/Substrate/GLints/dict_16_192_64_0p5_0p02_0007_0012.uasset" 6342
"../../../Engine/Content/EngineMaterials/Substrate/GLints/dict_16_192_64_0p5_0p02_0007_0013.uasset" 6343
"/Engine/EngineMaterials/Substrate/GLints/dict_16_192_64_0p5_0p02_0008_0004" 6344
"/Engine/EngineMaterials/Substrate/GLints/dict_16_192_64_0p5_0p02_0008_0005" 6345
"/Engine/EngineMaterials/Substrate/GLints/dict_16_192_64_0p5_0p02_0008_0006" 6346
"/Engine/EngineMaterials/Substrate/GLints/dict_16_192_64_0p5_0p02_0008_0007" 6347
"/Engine/EngineMaterials/Substrate/GLints/dict_16_192_64_0p5_0p02_0008_0008" 6348
"/Engine/EngineMaterials/Substrate/GLints/dict_16_192_64_0p5_0p02_0008_0009" 6349
"/Engine/EngineMaterials/Substrate/GLints/dict_16_192_64_0p5_0p02_0008_0010" 6350
"/Engine/EngineMaterials/Substrate/GLints/dict_16_192_64_0p5_0p02_0008_0011" 6351
"/Engine/EngineMaterials/Substrate/GLints/dict_16_192_64_0p5_0p02_0008_0012" 6352
"/Engine/EngineMaterials/Substrate/GLints/dict_16_192_64_0p5_0p02_0008_0013" 6353
"/Engine/EngineMaterials/Substrate/GLints/dict_16_192_64_0p5_0p02_0008_0014" 6354
"/Engine/EngineMaterials/Substrate/GLints/dict_16_192_64_0p5_0p02_0008_0015" 6355
"/Engine/EngineMaterials/Substrate/GLints/dict_16_192_64_0p5_0p02_0009_0000" 6356
"/Engine/EngineMaterials/Substrate/GLints/dict_16_192_64_0p5_0p02_0009_0001" 6357
"/Engine/EngineMaterials/Substrate/GLints/dict_16_192_64_0p5_0p02_0009_0002" 6358
"/Engine/EngineMaterials/Substrate/GLints/dict_16_192_64_0p5_0p02_0009_0003" 6359
"/Engine/EngineMaterials/Substrate/GLints/dict_16_192_64_0p5_0p02_0009_0004" 6360
"/Engine/EngineMaterials/Substrate/GLints/dict_16_192_64_0p5_0p02_0009_0005" 6361
"/Engine/EngineMaterials/Substrate/GLints/dict_16_192_64_0p5_0p02_0009_0006" 6362
"/Engine/EngineMaterials/Substrate/GLints/dict_16_192_64_0p5_0p02_0009_0007" 6363
"/Engine/EngineMaterials/Substrate/GLints/dict_16_192_64_0p5_0p02_0009_0008" 6364
"/Engine/EngineMaterials/Substrate/GLints/dict_16_192_64_0p5_0p02_0009_0009" 6365
"/Engine/EngineMaterials/Substrate/GLints/dict_16_192_64_0p5_0p02_0009_0010" 6366
"/Engine/EngineMaterials/Substrate/GLints/dict_16_192_64_0p5_0p02_0009_0011" 6367
"/Engine/EngineMaterials/Substrate/GLints/dict_16_192_64_0p5_0p02_0007_0012" 6368
"../../../Engine/Content/EngineMaterials/Substrate/GLints/dict_16_192_64_0p5_0p02_0007_0010.uasset" 6369
"../../../Engine/Content/EngineMaterials/Substrate/GLints/dict_16_192_64_0p5_0p02_0007_0011.uasset" 6370
"../../../Engine/Content/EngineMaterials/Substrate/GLints/dict_16_192_64_0p5_0p02_0007_0009.uasset" 6371
"/Engine/EngineMaterials/Substrate/GLints/dict_16_192_64_0p5_0p02_0007_0013" 6372
"../../../Engine/Content/EngineMaterials/Substrate/GLints/dict_16_192_64_0p5_0p02_0007_0007.uasset" 6373
"../../../Engine/Content/EngineMaterials/Substrate/GLints/dict_16_192_64_0p5_0p02_0007_0008.uasset" 6374
"../../../Engine/Content/EngineMaterials/Substrate/GLints/dict_16_192_64_0p5_0p02_0007_0005.uasset" 6375
"../../../Engine/Content/EngineMaterials/Substrate/GLints/dict_16_192_64_0p5_0p02_0007_0004.uasset" 6376
"../../../Engine/Content/EngineMaterials/Substrate/GLints/dict_16_192_64_0p5_0p02_0007_0003.uasset" 6377
"../../../Engine/Content/EngineMaterials/Substrate/GLints/dict_16_192_64_0p5_0p02_0007_0002.uasset" 6378
"../../../Engine/Content/EngineMaterials/Substrate/GLints/dict_16_192_64_0p5_0p02_0007_0001.uasset" 6379
"/Engine/EngineMaterials/Substrate/GLints/dict_16_192_64_0p5_0p02_0007_0014" 6380
"../../../Engine/Content/EngineMaterials/Substrate/GLints/dict_16_192_64_0p5_0p02_0006_0015.uasset" 6381
"../../../Engine/Content/EngineMaterials/Substrate/GLints/dict_16_192_64_0p5_0p02_0006_0014.uasset" 6382
"../../../Engine/Content/EngineMaterials/Substrate/GLints/dict_16_192_64_0p5_0p02_0006_0013.uasset" 6383
"../../../Engine/Content/EngineMaterials/Substrate/GLints/dict_16_192_64_0p5_0p02_0006_0012.uasset" 6384
"../../../Engine/Content/EngineMaterials/Substrate/GLints/dict_16_192_64_0p5_0p02_0007_0000.uasset" 6385
"../../../Engine/Content/EngineMaterials/Substrate/GLints/dict_16_192_64_0p5_0p02_0006_0010.uasset" 6386
"../../../Engine/Content/EngineMaterials/Substrate/GLints/dict_16_192_64_0p5_0p02_0006_0011.uasset" 6387
"../../../Engine/Content/EngineMaterials/Substrate/GLints/dict_16_192_64_0p5_0p02_0007_0006.uasset" 6388
"../../../Engine/Content/EngineMaterials/Substrate/GLints/dict_16_192_64_0p5_0p02_0006_0009.uasset" 6389
"/Engine/EngineMaterials/Substrate/GLints/dict_16_192_64_0p5_0p02_0007_0015" 6390
"../../../Engine/Content/EngineMaterials/Substrate/GLints/dict_16_192_64_0p5_0p02_0006_0008.uasset" 6391
"../../../Engine/Content/EngineMaterials/Substrate/GLints/dict_16_192_64_0p5_0p02_0006_0007.uasset" 6392
"../../../Engine/Content/EngineMaterials/Substrate/GLints/dict_16_192_64_0p5_0p02_0006_0006.uasset" 6393
"../../../Engine/Content/EngineMaterials/Substrate/GLints/dict_16_192_64_0p5_0p02_0006_0005.uasset" 6394
"/Engine/EngineMaterials/Substrate/GLints/dict_16_192_64_0p5_0p02_0008_0000" 6395
"../../../Engine/Content/EngineMaterials/Substrate/GLints/dict_16_192_64_0p5_0p02_0006_0004.uasset" 6396
"../../../Engine/Content/EngineMaterials/Substrate/GLints/dict_16_192_64_0p5_0p02_0006_0003.uasset" 6397
"/Engine/EngineMaterials/Substrate/GLints/dict_16_192_64_0p5_0p02_0008_0001" 6398
"/Engine/EngineMaterials/Substrate/GLints/dict_16_192_64_0p5_0p02_0008_0002" 6399
"../../../Engine/Content/EngineMaterials/Substrate/GLints/dict_16_192_64_0p5_0p02_0006_0002.uasset" 6400
"/Engine/EngineMaterials/Substrate/GLints/dict_16_192_64_0p5_0p02_0006_0003" 6401
"../../../Engine/Content/EngineMaterials/Substrate/GLints/dict_16_192_64_0p5_0p02_0006_0000.uasset" 6402
"../../../Engine/Content/EngineMaterials/Substrate/GLints/dict_16_192_64_0p5_0p02_0006_0001.uasset" 6403
"../../../Engine/Content/EngineMaterials/Substrate/GLints/dict_16_192_64_0p5_0p02_0005_0014.uasset" 6404
"../../../Engine/Content/EngineMaterials/Substrate/GLints/dict_16_192_64_0p5_0p02_0005_0015.uasset" 6405
"/Engine/EngineMaterials/Substrate/GLints/dict_16_192_64_0p5_0p02_0006_0004" 6406
"../../../Engine/Content/EngineMaterials/Substrate/GLints/dict_16_192_64_0p5_0p02_0005_0013.uasset" 6407
"../../../Engine/Content/EngineMaterials/Substrate/GLints/dict_16_192_64_0p5_0p02_0005_0012.uasset" 6408
"/Engine/EngineMaterials/Substrate/GLints/dict_16_192_64_0p5_0p02_0006_0005" 6409
"/Engine/EngineMaterials/Substrate/GLints/dict_16_192_64_0p5_0p02_0006_0006" 6410
"/Engine/EngineMaterials/Substrate/GLints/dict_16_192_64_0p5_0p02_0006_0007" 6411
"/Engine/EngineMaterials/Substrate/GLints/dict_16_192_64_0p5_0p02_0006_0008" 6412
"/Engine/EngineMaterials/Substrate/GLints/dict_16_192_64_0p5_0p02_0006_0009" 6413
"/Engine/EngineMaterials/Substrate/GLints/dict_16_192_64_0p5_0p02_0006_0010" 6414
"/Engine/EngineMaterials/Substrate/GLints/dict_16_192_64_0p5_0p02_0006_0011" 6415
"/Engine/EngineMaterials/Substrate/GLints/dict_16_192_64_0p5_0p02_0006_0012" 6416
"/Engine/EngineMaterials/Substrate/GLints/dict_16_192_64_0p5_0p02_0006_0013" 6417
"/Engine/EngineMaterials/Substrate/GLints/dict_16_192_64_0p5_0p02_0006_0014" 6418
"/Engine/EngineMaterials/Substrate/GLints/dict_16_192_64_0p5_0p02_0006_0015" 6419
"/Engine/EngineMaterials/Substrate/GLints/dict_16_192_64_0p5_0p02_0007_0000" 6420
"/Engine/EngineMaterials/Substrate/GLints/dict_16_192_64_0p5_0p02_0007_0001" 6421
"/Engine/EngineMaterials/Substrate/GLints/dict_16_192_64_0p5_0p02_0007_0002" 6422
"/Engine/EngineMaterials/Substrate/GLints/dict_16_192_64_0p5_0p02_0007_0003" 6423
"/Engine/EngineMaterials/Substrate/GLints/dict_16_192_64_0p5_0p02_0007_0004" 6424
"/Engine/EngineMaterials/Substrate/GLints/dict_16_192_64_0p5_0p02_0007_0005" 6425
"/Engine/EngineMaterials/Substrate/GLints/dict_16_192_64_0p5_0p02_0007_0006" 6426
"/Engine/EngineMaterials/Substrate/GLints/dict_16_192_64_0p5_0p02_0007_0007" 6427
"/Engine/EngineMaterials/Substrate/GLints/dict_16_192_64_0p5_0p02_0007_0008" 6428
"/Engine/EngineMaterials/Substrate/GLints/dict_16_192_64_0p5_0p02_0007_0009" 6429
"/Engine/EngineMaterials/Substrate/GLints/dict_16_192_64_0p5_0p02_0007_0010" 6430
"/Engine/EngineMaterials/Substrate/GLints/dict_16_192_64_0p5_0p02_0007_0011" 6431
"/Engine/EngineMaterials/Substrate/GLints/dict_16_192_64_0p5_0p02_0005_0012" 6432
"/Engine/EngineMaterials/Substrate/GLints/dict_16_192_64_0p5_0p02_0005_0013" 6433
"../../../Engine/Content/EngineMaterials/Substrate/GLints/dict_16_192_64_0p5_0p02_0005_0011.uasset" 6434
"../../../Engine/Content/EngineMaterials/Substrate/GLints/dict_16_192_64_0p5_0p02_0005_0010.uasset" 6435
"../../../Engine/Content/EngineMaterials/Substrate/GLints/dict_16_192_64_0p5_0p02_0005_0009.uasset" 6436
"/Engine/EngineMaterials/Substrate/GLints/dict_16_192_64_0p5_0p02_0005_0014" 6437
"../../../Engine/Content/EngineMaterials/Substrate/GLints/dict_16_192_64_0p5_0p02_0005_0008.uasset" 6438
"../../../Engine/Content/EngineMaterials/Substrate/GLints/dict_16_192_64_0p5_0p02_0005_0007.uasset" 6439
"../../../Engine/Content/EngineMaterials/Substrate/GLints/dict_16_192_64_0p5_0p02_0005_0006.uasset" 6440
"../../../Engine/Content/EngineMaterials/Substrate/GLints/dict_16_192_64_0p5_0p02_0005_0005.uasset" 6441
"../../../Engine/Content/EngineMaterials/Substrate/GLints/dict_16_192_64_0p5_0p02_0005_0004.uasset" 6442
"../../../Engine/Content/EngineMaterials/Substrate/GLints/dict_16_192_64_0p5_0p02_0005_0003.uasset" 6443
"/Engine/EngineMaterials/Substrate/GLints/dict_16_192_64_0p5_0p02_0005_0015" 6444
"../../../Engine/Content/EngineMaterials/Substrate/GLints/dict_16_192_64_0p5_0p02_0005_0002.uasset" 6445
"../../../Engine/Content/EngineMaterials/Substrate/GLints/dict_16_192_64_0p5_0p02_0005_0000.uasset" 6446
"../../../Engine/Content/EngineMaterials/Substrate/GLints/dict_16_192_64_0p5_0p02_0005_0001.uasset" 6447
"/Engine/EngineMaterials/Substrate/GLints/dict_16_192_64_0p5_0p02_0006_0000" 6448
"../../../Engine/Content/EngineMaterials/Substrate/GLints/dict_16_192_64_0p5_0p02_0004_0015.uasset" 6449
"../../../Engine/Content/EngineMaterials/Substrate/GLints/dict_16_192_64_0p5_0p02_0004_0013.uasset" 6450
"../../../Engine/Content/EngineMaterials/Substrate/GLints/dict_16_192_64_0p5_0p02_0004_0014.uasset" 6451
"../../../Engine/Content/EngineMaterials/Substrate/GLints/dict_16_192_64_0p5_0p02_0004_0012.uasset" 6452
"../../../Engine/Content/EngineMaterials/Substrate/GLints/dict_16_192_64_0p5_0p02_0004_0011.uasset" 6453
"../../../Engine/Content/EngineMaterials/Substrate/GLints/dict_16_192_64_0p5_0p02_0004_0010.uasset" 6454
"../../../Engine/Content/EngineMaterials/Substrate/GLints/dict_16_192_64_0p5_0p02_0004_0009.uasset" 6455
"/Engine/EngineMaterials/Substrate/GLints/dict_16_192_64_0p5_0p02_0006_0001" 6456
"../../../Engine/Content/EngineMaterials/Substrate/GLints/dict_16_192_64_0p5_0p02_0004_0008.uasset" 6457
"../../../Engine/Content/EngineMaterials/Substrate/GLints/dict_16_192_64_0p5_0p02_0004_0006.uasset" 6458
"../../../Engine/Content/EngineMaterials/Substrate/GLints/dict_16_192_64_0p5_0p02_0004_0005.uasset" 6459
"../../../Engine/Content/EngineMaterials/Substrate/GLints/dict_16_192_64_0p5_0p02_0004_0007.uasset" 6460
"../../../Engine/Content/EngineMaterials/Substrate/GLints/dict_16_192_64_0p5_0p02_0004_0003.uasset" 6461
"../../../Engine/Content/EngineMaterials/Substrate/GLints/dict_16_192_64_0p5_0p02_0004_0004.uasset" 6462
"/Engine/EngineMaterials/Substrate/GLints/dict_16_192_64_0p5_0p02_0006_0002" 6463
"/Engine/EngineMaterials/Substrate/GLints/dict_16_192_64_0p5_0p02_0004_0003" 6464
"../../../Engine/Content/EngineMaterials/Substrate/GLints/dict_16_192_64_0p5_0p02_0004_0002.uasset" 6465
"../../../Engine/Content/EngineMaterials/Substrate/GLints/dict_16_192_64_0p5_0p02_0004_0001.uasset" 6466
"../../../Engine/Content/EngineMaterials/Substrate/GLints/dict_16_192_64_0p5_0p02_0004_0000.uasset" 6467
"../../../Engine/Content/EngineMaterials/Substrate/GLints/dict_16_192_64_0p5_0p02_0003_0015.uasset" 6468
"../../../Engine/Content/EngineMaterials/Substrate/GLints/dict_16_192_64_0p5_0p02_0003_0014.uasset" 6469
"../../../Engine/Content/EngineMaterials/Substrate/GLints/dict_16_192_64_0p5_0p02_0003_0012.uasset" 6470
"../../../Engine/Content/EngineMaterials/Substrate/GLints/dict_16_192_64_0p5_0p02_0003_0013.uasset" 6471
"/Engine/EngineMaterials/Substrate/GLints/dict_16_192_64_0p5_0p02_0004_0004" 6472
"/Engine/EngineMaterials/Substrate/GLints/dict_16_192_64_0p5_0p02_0004_0005" 6473
"/Engine/EngineMaterials/Substrate/GLints/dict_16_192_64_0p5_0p02_0004_0006" 6474
"/Engine/EngineMaterials/Substrate/GLints/dict_16_192_64_0p5_0p02_0004_0007" 6475
"/Engine/EngineMaterials/Substrate/GLints/dict_16_192_64_0p5_0p02_0004_0008" 6476
"/Engine/EngineMaterials/Substrate/GLints/dict_16_192_64_0p5_0p02_0004_0009" 6477
"/Engine/EngineMaterials/Substrate/GLints/dict_16_192_64_0p5_0p02_0004_0010" 6478
"/Engine/EngineMaterials/Substrate/GLints/dict_16_192_64_0p5_0p02_0004_0011" 6479
"/Engine/EngineMaterials/Substrate/GLints/dict_16_192_64_0p5_0p02_0004_0012" 6480
"/Engine/EngineMaterials/Substrate/GLints/dict_16_192_64_0p5_0p02_0004_0013" 6481
"/Engine/EngineMaterials/Substrate/GLints/dict_16_192_64_0p5_0p02_0004_0014" 6482
"/Engine/EngineMaterials/Substrate/GLints/dict_16_192_64_0p5_0p02_0004_0015" 6483
"/Engine/EngineMaterials/Substrate/GLints/dict_16_192_64_0p5_0p02_0005_0000" 6484
"/Engine/EngineMaterials/Substrate/GLints/dict_16_192_64_0p5_0p02_0005_0001" 6485
"/Engine/EngineMaterials/Substrate/GLints/dict_16_192_64_0p5_0p02_0005_0002" 6486
"/Engine/EngineMaterials/Substrate/GLints/dict_16_192_64_0p5_0p02_0005_0003" 6487
"/Engine/EngineMaterials/Substrate/GLints/dict_16_192_64_0p5_0p02_0005_0004" 6488
"/Engine/EngineMaterials/Substrate/GLints/dict_16_192_64_0p5_0p02_0005_0005" 6489
"/Engine/EngineMaterials/Substrate/GLints/dict_16_192_64_0p5_0p02_0005_0006" 6490
"/Engine/EngineMaterials/Substrate/GLints/dict_16_192_64_0p5_0p02_0005_0007" 6491
"/Engine/EngineMaterials/Substrate/GLints/dict_16_192_64_0p5_0p02_0005_0008" 6492
"/Engine/EngineMaterials/Substrate/GLints/dict_16_192_64_0p5_0p02_0005_0009" 6493
"/Engine/EngineMaterials/Substrate/GLints/dict_16_192_64_0p5_0p02_0005_0010" 6494
"/Engine/EngineMaterials/Substrate/GLints/dict_16_192_64_0p5_0p02_0005_0011" 6495
"/Engine/EngineMaterials/Substrate/GLints/dict_16_192_64_0p5_0p02_0003_0012" 6496
"/Engine/EngineMaterials/Substrate/GLints/dict_16_192_64_0p5_0p02_0003_0013" 6497
"../../../Engine/Content/EngineMaterials/Substrate/GLints/dict_16_192_64_0p5_0p02_0003_0009.uasset" 6498
"../../../Engine/Content/EngineMaterials/Substrate/GLints/dict_16_192_64_0p5_0p02_0003_0011.uasset" 6499
"../../../Engine/Content/EngineMaterials/Substrate/GLints/dict_16_192_64_0p5_0p02_0003_0010.uasset" 6500
"../../../Engine/Content/EngineMaterials/Substrate/GLints/dict_16_192_64_0p5_0p02_0003_0007.uasset" 6501
"../../../Engine/Content/EngineMaterials/Substrate/GLints/dict_16_192_64_0p5_0p02_0003_0005.uasset" 6502
"../../../Engine/Content/EngineMaterials/Substrate/GLints/dict_16_192_64_0p5_0p02_0003_0006.uasset" 6503
"../../../Engine/Content/EngineMaterials/Substrate/GLints/dict_16_192_64_0p5_0p02_0003_0008.uasset" 6504
"/Engine/EngineMaterials/Substrate/GLints/dict_16_192_64_0p5_0p02_0003_0014" 6505
"../../../Engine/Content/EngineMaterials/Substrate/GLints/dict_16_192_64_0p5_0p02_0003_0002.uasset" 6506
"../../../Engine/Content/EngineMaterials/Substrate/GLints/dict_16_192_64_0p5_0p02_0003_0003.uasset" 6507
"../../../Engine/Content/EngineMaterials/Substrate/GLints/dict_16_192_64_0p5_0p02_0003_0004.uasset" 6508
"../../../Engine/Content/EngineMaterials/Substrate/GLints/dict_16_192_64_0p5_0p02_0003_0000.uasset" 6509
"../../../Engine/Content/EngineMaterials/Substrate/GLints/dict_16_192_64_0p5_0p02_0003_0001.uasset" 6510
"/Engine/EngineMaterials/Substrate/GLints/dict_16_192_64_0p5_0p02_0003_0015" 6511
"../../../Engine/Content/EngineMaterials/Substrate/GLints/dict_16_192_64_0p5_0p02_0002_0012.uasset" 6512
"../../../Engine/Content/EngineMaterials/Substrate/GLints/dict_16_192_64_0p5_0p02_0002_0010.uasset" 6513
"../../../Engine/Content/EngineMaterials/Substrate/GLints/dict_16_192_64_0p5_0p02_0002_0015.uasset" 6514
"../../../Engine/Content/EngineMaterials/Substrate/GLints/dict_16_192_64_0p5_0p02_0002_0011.uasset" 6515
"../../../Engine/Content/EngineMaterials/Substrate/GLints/dict_16_192_64_0p5_0p02_0002_0014.uasset" 6516
"../../../Engine/Content/EngineMaterials/Substrate/GLints/dict_16_192_64_0p5_0p02_0002_0009.uasset" 6517
"../../../Engine/Content/EngineMaterials/Substrate/GLints/dict_16_192_64_0p5_0p02_0002_0008.uasset" 6518
"../../../Engine/Content/EngineMaterials/Substrate/GLints/dict_16_192_64_0p5_0p02_0002_0013.uasset" 6519
"../../../Engine/Content/EngineMaterials/Substrate/GLints/dict_16_192_64_0p5_0p02_0002_0007.uasset" 6520
"../../../Engine/Content/EngineMaterials/Substrate/GLints/dict_16_192_64_0p5_0p02_0002_0006.uasset" 6521
"/Engine/EngineMaterials/Substrate/GLints/dict_16_192_64_0p5_0p02_0004_0000" 6522
"../../../Engine/Content/EngineMaterials/Substrate/GLints/dict_16_192_64_0p5_0p02_0002_0004.uasset" 6523
"../../../Engine/Content/EngineMaterials/Substrate/GLints/dict_16_192_64_0p5_0p02_0002_0003.uasset" 6524
"../../../Engine/Content/EngineMaterials/Substrate/GLints/dict_16_192_64_0p5_0p02_0002_0005.uasset" 6525
"/Engine/EngineMaterials/Substrate/GLints/dict_16_192_64_0p5_0p02_0004_0001" 6526
"/Engine/EngineMaterials/Substrate/GLints/dict_16_192_64_0p5_0p02_0004_0002" 6527
"/Engine/EngineMaterials/Substrate/GLints/dict_16_192_64_0p5_0p02_0002_0003" 6528
"../../../Engine/Content/EngineMaterials/Substrate/GLints/dict_16_192_64_0p5_0p02_0002_0002.uasset" 6529
"../../../Engine/Content/EngineMaterials/Substrate/GLints/dict_16_192_64_0p5_0p02_0002_0001.uasset" 6530
"../../../Engine/Content/EngineMaterials/Substrate/GLints/dict_16_192_64_0p5_0p02_0002_0000.uasset" 6531
"../../../Engine/Content/EngineMaterials/Substrate/GLints/dict_16_192_64_0p5_0p02_0001_0015.uasset" 6532
"../../../Engine/Content/EngineMaterials/Substrate/GLints/dict_16_192_64_0p5_0p02_0001_0014.uasset" 6533
"../../../Engine/Content/EngineMaterials/Substrate/GLints/dict_16_192_64_0p5_0p02_0001_0013.uasset" 6534
"../../../Engine/Content/EngineMaterials/Substrate/GLints/dict_16_192_64_0p5_0p02_0001_0012.uasset" 6535
"/Engine/EngineMaterials/Substrate/GLints/dict_16_192_64_0p5_0p02_0002_0004" 6536
"/Engine/EngineMaterials/Substrate/GLints/dict_16_192_64_0p5_0p02_0002_0005" 6537
"/Engine/EngineMaterials/Substrate/GLints/dict_16_192_64_0p5_0p02_0002_0006" 6538
"/Engine/EngineMaterials/Substrate/GLints/dict_16_192_64_0p5_0p02_0002_0007" 6539
"/Engine/EngineMaterials/Substrate/GLints/dict_16_192_64_0p5_0p02_0002_0008" 6540
"/Engine/EngineMaterials/Substrate/GLints/dict_16_192_64_0p5_0p02_0002_0009" 6541
"/Engine/EngineMaterials/Substrate/GLints/dict_16_192_64_0p5_0p02_0002_0010" 6542
"/Engine/EngineMaterials/Substrate/GLints/dict_16_192_64_0p5_0p02_0002_0011" 6543
"/Engine/EngineMaterials/Substrate/GLints/dict_16_192_64_0p5_0p02_0002_0012" 6544
"/Engine/EngineMaterials/Substrate/GLints/dict_16_192_64_0p5_0p02_0002_0013" 6545
"/Engine/EngineMaterials/Substrate/GLints/dict_16_192_64_0p5_0p02_0002_0014" 6546
"/Engine/EngineMaterials/Substrate/GLints/dict_16_192_64_0p5_0p02_0002_0015" 6547
"/Engine/EngineMaterials/Substrate/GLints/dict_16_192_64_0p5_0p02_0003_0000" 6548
"/Engine/EngineMaterials/Substrate/GLints/dict_16_192_64_0p5_0p02_0003_0001" 6549
"/Engine/EngineMaterials/Substrate/GLints/dict_16_192_64_0p5_0p02_0003_0002" 6550
"/Engine/EngineMaterials/Substrate/GLints/dict_16_192_64_0p5_0p02_0003_0003" 6551
"/Engine/EngineMaterials/Substrate/GLints/dict_16_192_64_0p5_0p02_0003_0004" 6552
"/Engine/EngineMaterials/Substrate/GLints/dict_16_192_64_0p5_0p02_0003_0005" 6553
"/Engine/EngineMaterials/Substrate/GLints/dict_16_192_64_0p5_0p02_0003_0006" 6554
"/Engine/EngineMaterials/Substrate/GLints/dict_16_192_64_0p5_0p02_0003_0007" 6555
"/Engine/EngineMaterials/Substrate/GLints/dict_16_192_64_0p5_0p02_0003_0008" 6556
"/Engine/EngineMaterials/Substrate/GLints/dict_16_192_64_0p5_0p02_0003_0009" 6557
"/Engine/EngineMaterials/Substrate/GLints/dict_16_192_64_0p5_0p02_0003_0010" 6558
"/Engine/EngineMaterials/Substrate/GLints/dict_16_192_64_0p5_0p02_0003_0011" 6559
"/Engine/EngineMaterials/Substrate/GLints/dict_16_192_64_0p5_0p02_0001_0012" 6560
"../../../Engine/Content/EngineMaterials/Substrate/GLints/dict_16_192_64_0p5_0p02_0001_0011.uasset" 6561
"../../../Engine/Content/EngineMaterials/Substrate/GLints/dict_16_192_64_0p5_0p02_0001_0009.uasset" 6562
"../../../Engine/Content/EngineMaterials/Substrate/GLints/dict_16_192_64_0p5_0p02_0001_0010.uasset" 6563
"../../../Engine/Content/EngineMaterials/Substrate/GLints/dict_16_192_64_0p5_0p02_0001_0008.uasset" 6564
"../../../Engine/Content/EngineMaterials/Substrate/GLints/dict_16_192_64_0p5_0p02_0001_0007.uasset" 6565
"../../../Engine/Content/EngineMaterials/Substrate/GLints/dict_16_192_64_0p5_0p02_0001_0005.uasset" 6566
"/Engine/EngineMaterials/Substrate/GLints/dict_16_192_64_0p5_0p02_0001_0013" 6567
"../../../Engine/Content/EngineMaterials/Substrate/GLints/dict_16_192_64_0p5_0p02_0001_0006.uasset" 6568
"../../../Engine/Content/EngineMaterials/Substrate/GLints/dict_16_192_64_0p5_0p02_0001_0004.uasset" 6569
"../../../Engine/Content/EngineMaterials/Substrate/GLints/dict_16_192_64_0p5_0p02_0001_0003.uasset" 6570
"../../../Engine/Content/EngineMaterials/Substrate/GLints/dict_16_192_64_0p5_0p02_0001_0002.uasset" 6571
"../../../Engine/Content/EngineMaterials/Substrate/GLints/dict_16_192_64_0p5_0p02_0001_0001.uasset" 6572
"../../../Engine/Content/EngineMaterials/Substrate/GLints/dict_16_192_64_0p5_0p02_0000_0015.uasset" 6573
"../../../Engine/Content/EngineMaterials/Substrate/GLints/dict_16_192_64_0p5_0p02_0001_0000.uasset" 6574
"../../../Engine/Content/EngineMaterials/Substrate/GLints/dict_16_192_64_0p5_0p02_0000_0013.uasset" 6575
"../../../Engine/Content/EngineMaterials/Substrate/GLints/dict_16_192_64_0p5_0p02_0000_0014.uasset" 6576
"/Engine/EngineMaterials/Substrate/GLints/dict_16_192_64_0p5_0p02_0001_0014" 6577
"../../../Engine/Content/EngineMaterials/Substrate/GLints/dict_16_192_64_0p5_0p02_0000_0012.uasset" 6578
"../../../Engine/Content/EngineMaterials/Substrate/GLints/dict_16_192_64_0p5_0p02_0000_0008.uasset" 6579
"../../../Engine/Content/EngineMaterials/Substrate/GLints/dict_16_192_64_0p5_0p02_0000_0011.uasset" 6580
"../../../Engine/Content/EngineMaterials/Substrate/GLints/dict_16_192_64_0p5_0p02_0000_0009.uasset" 6581
"../../../Engine/Content/EngineMaterials/Substrate/GLints/dict_16_192_64_0p5_0p02_0000_0007.uasset" 6582
"../../../Engine/Content/EngineMaterials/Substrate/GLints/dict_16_192_64_0p5_0p02_0000_0010.uasset" 6583
"../../../Engine/Content/EngineMaterials/Substrate/GLints/dict_16_192_64_0p5_0p02_0000_0005.uasset" 6584
"../../../Engine/Content/EngineMaterials/Substrate/GLints/dict_16_192_64_0p5_0p02_0000_0006.uasset" 6585
"/Engine/EngineMaterials/Substrate/GLints/dict_16_192_64_0p5_0p02_0001_0015" 6586
"../../../Engine/Content/EngineMaterials/Substrate/GLints/dict_16_192_64_0p5_0p02_0000_0003.uasset" 6587
"../../../Engine/Content/EngineMaterials/Substrate/GLints/dict_16_192_64_0p5_0p02_0000_0004.uasset" 6588
"/Engine/EngineMaterials/Substrate/GLints/dict_16_192_64_0p5_0p02_0002_0000" 6589
"/Engine/EngineMaterials/Substrate/GLints/dict_16_192_64_0p5_0p02_0002_0001" 6590
"/Engine/EngineMaterials/Substrate/GLints/dict_16_192_64_0p5_0p02_0002_0002" 6591
"/Engine/EngineMaterials/Substrate/GLints/dict_16_192_64_0p5_0p02_0000_0003" 6592
"../../../Engine/Content/EngineMaterials/Substrate/GLints/dict_16_192_64_0p5_0p02_0000_0002.uasset" 6593
"../../../Engine/Content/EngineMaterials/Substrate/GLints/dict_16_192_64_0p5_0p02_0000_0000.uasset" 6594
"../../../Engine/Content/EngineMaterials/Substrate/GLints/AGlintTex2dArray.uasset" 6595
"../../../Engine/Content/EngineMaterials/Substrate/GLints/dict_16_192_64_0p5_0p02_0000_0001.uasset" 6596
"../../../Engine/Content/EngineMaterials/Substrate/Glints2/dict_0007_0255.uasset" 6597
"../../../Engine/Content/EngineMaterials/Substrate/Glints2/dict_0007_0254.uasset" 6598
"../../../Engine/Content/EngineMaterials/Substrate/Glints2/dict_0007_0253.uasset" 6599
"/Engine/EngineMaterials/Substrate/GLints/dict_16_192_64_0p5_0p02_0000_0004" 6600
"/Engine/EngineMaterials/Substrate/GLints/dict_16_192_64_0p5_0p02_0000_0005" 6601
"/Engine/EngineMaterials/Substrate/GLints/dict_16_192_64_0p5_0p02_0000_0006" 6602
"/Engine/EngineMaterials/Substrate/GLints/dict_16_192_64_0p5_0p02_0000_0007" 6603
"/Engine/EngineMaterials/Substrate/GLints/dict_16_192_64_0p5_0p02_0000_0008" 6604
"/Engine/EngineMaterials/Substrate/GLints/dict_16_192_64_0p5_0p02_0000_0009" 6605
"/Engine/EngineMaterials/Substrate/GLints/dict_16_192_64_0p5_0p02_0000_0010" 6606
"/Engine/EngineMaterials/Substrate/GLints/dict_16_192_64_0p5_0p02_0000_0011" 6607
"/Engine/EngineMaterials/Substrate/GLints/dict_16_192_64_0p5_0p02_0000_0012" 6608
"/Engine/EngineMaterials/Substrate/GLints/dict_16_192_64_0p5_0p02_0000_0013" 6609
"/Engine/EngineMaterials/Substrate/GLints/dict_16_192_64_0p5_0p02_0000_0014" 6610
"/Engine/EngineMaterials/Substrate/GLints/dict_16_192_64_0p5_0p02_0000_0015" 6611
"/Engine/EngineMaterials/Substrate/GLints/dict_16_192_64_0p5_0p02_0001_0000" 6612
"/Engine/EngineMaterials/Substrate/GLints/dict_16_192_64_0p5_0p02_0001_0001" 6613
"/Engine/EngineMaterials/Substrate/GLints/dict_16_192_64_0p5_0p02_0001_0002" 6614
"/Engine/EngineMaterials/Substrate/GLints/dict_16_192_64_0p5_0p02_0001_0003" 6615
"/Engine/EngineMaterials/Substrate/GLints/dict_16_192_64_0p5_0p02_0001_0004" 6616
"/Engine/EngineMaterials/Substrate/GLints/dict_16_192_64_0p5_0p02_0001_0005" 6617
"/Engine/EngineMaterials/Substrate/GLints/dict_16_192_64_0p5_0p02_0001_0006" 6618
"/Engine/EngineMaterials/Substrate/GLints/dict_16_192_64_0p5_0p02_0001_0007" 6619
"/Engine/EngineMaterials/Substrate/GLints/dict_16_192_64_0p5_0p02_0001_0008" 6620
"/Engine/EngineMaterials/Substrate/GLints/dict_16_192_64_0p5_0p02_0001_0009" 6621
"/Engine/EngineMaterials/Substrate/GLints/dict_16_192_64_0p5_0p02_0001_0010" 6622
"/Engine/EngineMaterials/Substrate/GLints/dict_16_192_64_0p5_0p02_0001_0011" 6623
"/Engine/EngineMaterials/Substrate/Glints2/dict_0007_0253" 6624
"../../../Engine/Content/EngineMaterials/Substrate/Glints2/dict_0007_0252.uasset" 6625
"../../../Engine/Content/EngineMaterials/Substrate/Glints2/dict_0007_0250.uasset" 6626
"../../../Engine/Content/EngineMaterials/Substrate/Glints2/dict_0007_0251.uasset" 6627
"../../../Engine/Content/EngineMaterials/Substrate/Glints2/dict_0007_0249.uasset" 6628
"../../../Engine/Content/EngineMaterials/Substrate/Glints2/dict_0007_0247.uasset" 6629
"/Engine/EngineMaterials/Substrate/Glints2/dict_0007_0254" 6630
"../../../Engine/Content/EngineMaterials/Substrate/Glints2/dict_0007_0248.uasset" 6631
"../../../Engine/Content/EngineMaterials/Substrate/Glints2/dict_0007_0246.uasset" 6632
"../../../Engine/Content/EngineMaterials/Substrate/Glints2/dict_0007_0244.uasset" 6633
"../../../Engine/Content/EngineMaterials/Substrate/Glints2/dict_0007_0245.uasset" 6634
"../../../Engine/Content/EngineMaterials/Substrate/Glints2/dict_0007_0241.uasset" 6635
"../../../Engine/Content/EngineMaterials/Substrate/Glints2/dict_0007_0243.uasset" 6636
"../../../Engine/Content/EngineMaterials/Substrate/Glints2/dict_0007_0242.uasset" 6637
"../../../Engine/Content/EngineMaterials/Substrate/Glints2/dict_0007_0240.uasset" 6638
"../../../Engine/Content/EngineMaterials/Substrate/Glints2/dict_0007_0239.uasset" 6639
"../../../Engine/Content/EngineMaterials/Substrate/Glints2/dict_0007_0238.uasset" 6640
"/Engine/EngineMaterials/Substrate/Glints2/dict_0007_0255" 6641
"../../../Engine/Content/EngineMaterials/Substrate/Glints2/dict_0007_0237.uasset" 6642
"../../../Engine/Content/EngineMaterials/Substrate/Glints2/dict_0007_0236.uasset" 6643
"../../../Engine/Content/EngineMaterials/Substrate/Glints2/dict_0007_0235.uasset" 6644
"../../../Engine/Content/EngineMaterials/Substrate/Glints2/dict_0007_0234.uasset" 6645
"../../../Engine/Content/EngineMaterials/Substrate/Glints2/dict_0007_0233.uasset" 6646
"../../../Engine/Content/EngineMaterials/Substrate/Glints2/dict_0007_0232.uasset" 6647
"../../../Engine/Content/EngineMaterials/Substrate/Glints2/dict_0007_0231.uasset" 6648
"../../../Engine/Content/EngineMaterials/Substrate/Glints2/dict_0007_0228.uasset" 6649
"../../../Engine/Content/EngineMaterials/Substrate/Glints2/dict_0007_0229.uasset" 6650
"/Engine/EngineMaterials/Substrate/GLints/AGlintTex2dArray" 6651
"../../../Engine/Content/EngineMaterials/Substrate/Glints2/dict_0007_0230.uasset" 6652
"../../../Engine/Content/EngineMaterials/Substrate/Glints2/dict_0007_0227.uasset" 6653
"../../../Engine/Content/EngineMaterials/Substrate/Glints2/dict_0007_0226.uasset" 6654
"../../../Engine/Content/EngineMaterials/Substrate/Glints2/dict_0007_0225.uasset" 6655
"../../../Engine/Content/EngineMaterials/Substrate/Glints2/dict_0007_0224.uasset" 6656
"../../../Engine/Content/EngineMaterials/Substrate/Glints2/dict_0007_0222.uasset" 6657
"../../../Engine/Content/EngineMaterials/Substrate/Glints2/dict_0007_0223.uasset" 6658
"../../../Engine/Content/EngineMaterials/Substrate/Glints2/dict_0007_0221.uasset" 6659
"/Engine/EngineMaterials/Substrate/Glints2/dict_0007_0228" 6660
"/Engine/EngineMaterials/Substrate/Glints2/dict_0007_0229" 6661
"/Engine/EngineMaterials/Substrate/Glints2/dict_0007_0230" 6662
"/Engine/EngineMaterials/Substrate/Glints2/dict_0007_0231" 6663
"/Engine/EngineMaterials/Substrate/Glints2/dict_0007_0232" 6664
"/Engine/EngineMaterials/Substrate/Glints2/dict_0007_0233" 6665
"/Engine/EngineMaterials/Substrate/Glints2/dict_0007_0234" 6666
"/Engine/EngineMaterials/Substrate/Glints2/dict_0007_0235" 6667
"/Engine/EngineMaterials/Substrate/Glints2/dict_0007_0236" 6668
"/Engine/EngineMaterials/Substrate/Glints2/dict_0007_0237" 6669
"/Engine/EngineMaterials/Substrate/Glints2/dict_0007_0238" 6670
"/Engine/EngineMaterials/Substrate/Glints2/dict_0007_0239" 6671
"/Engine/EngineMaterials/Substrate/Glints2/dict_0007_0240" 6672
"/Engine/EngineMaterials/Substrate/Glints2/dict_0007_0241" 6673
"/Engine/EngineMaterials/Substrate/Glints2/dict_0007_0242" 6674
"/Engine/EngineMaterials/Substrate/Glints2/dict_0007_0243" 6675
"/Engine/EngineMaterials/Substrate/Glints2/dict_0007_0244" 6676
"/Engine/EngineMaterials/Substrate/Glints2/dict_0007_0245" 6677
"/Engine/EngineMaterials/Substrate/Glints2/dict_0007_0246" 6678
"/Engine/EngineMaterials/Substrate/Glints2/dict_0007_0247" 6679
"/Engine/EngineMaterials/Substrate/Glints2/dict_0007_0248" 6680
"/Engine/EngineMaterials/Substrate/Glints2/dict_0007_0249" 6681
"/Engine/EngineMaterials/Substrate/Glints2/dict_0007_0250" 6682
"/Engine/EngineMaterials/Substrate/Glints2/dict_0007_0251" 6683
"/Engine/EngineMaterials/Substrate/Glints2/dict_0007_0252" 6684
"../../../Engine/Content/EngineMaterials/Substrate/Glints2/dict_0007_0220.uasset" 6685
"../../../Engine/Content/EngineMaterials/Substrate/Glints2/dict_0007_0219.uasset" 6686
"../../../Engine/Content/EngineMaterials/Substrate/Glints2/dict_0007_0218.uasset" 6687
"../../../Engine/Content/EngineMaterials/Substrate/Glints2/dict_0007_0217.uasset" 6688
"../../../Engine/Content/EngineMaterials/Substrate/Glints2/dict_0007_0216.uasset" 6689
"../../../Engine/Content/EngineMaterials/Substrate/Glints2/dict_0007_0215.uasset" 6690
"../../../Engine/Content/EngineMaterials/Substrate/Glints2/dict_0007_0214.uasset" 6691
"../../../Engine/Content/EngineMaterials/Substrate/Glints2/dict_0007_0213.uasset" 6692
"../../../Engine/Content/EngineMaterials/Substrate/Glints2/dict_0007_0211.uasset" 6693
"../../../Engine/Content/EngineMaterials/Substrate/Glints2/dict_0007_0212.uasset" 6694
"../../../Engine/Content/EngineMaterials/Substrate/Glints2/dict_0007_0210.uasset" 6695
"../../../Engine/Content/EngineMaterials/Substrate/Glints2/dict_0007_0208.uasset" 6696
"../../../Engine/Content/EngineMaterials/Substrate/Glints2/dict_0007_0207.uasset" 6697
"../../../Engine/Content/EngineMaterials/Substrate/Glints2/dict_0007_0209.uasset" 6698
"../../../Engine/Content/EngineMaterials/Substrate/Glints2/dict_0007_0206.uasset" 6699
"../../../Engine/Content/EngineMaterials/Substrate/Glints2/dict_0007_0205.uasset" 6700
"../../../Engine/Content/EngineMaterials/Substrate/Glints2/dict_0007_0204.uasset" 6701
"../../../Engine/Content/EngineMaterials/Substrate/Glints2/dict_0007_0203.uasset" 6702
"../../../Engine/Content/EngineMaterials/Substrate/Glints2/dict_0007_0202.uasset" 6703
"../../../Engine/Content/EngineMaterials/Substrate/Glints2/dict_0007_0200.uasset" 6704
"../../../Engine/Content/EngineMaterials/Substrate/Glints2/dict_0007_0201.uasset" 6705
"../../../Engine/Content/EngineMaterials/Substrate/Glints2/dict_0007_0199.uasset" 6706
"../../../Engine/Content/EngineMaterials/Substrate/Glints2/dict_0007_0198.uasset" 6707
"../../../Engine/Content/EngineMaterials/Substrate/Glints2/dict_0007_0196.uasset" 6708
"../../../Engine/Content/EngineMaterials/Substrate/Glints2/dict_0007_0197.uasset" 6709
"/Engine/EngineMaterials/Substrate/Glints2/dict_0007_0221" 6710
"/Engine/EngineMaterials/Substrate/Glints2/dict_0007_0222" 6711
"/Engine/EngineMaterials/Substrate/Glints2/dict_0007_0223" 6712
"/Engine/EngineMaterials/Substrate/Glints2/dict_0007_0224" 6713
"/Engine/EngineMaterials/Substrate/Glints2/dict_0007_0225" 6714
"/Engine/EngineMaterials/Substrate/Glints2/dict_0007_0226" 6715
"/Engine/EngineMaterials/Substrate/Glints2/dict_0007_0227" 6716
"../../../Engine/Content/EngineMaterials/Substrate/Glints2/dict_0007_0193.uasset" 6717
"../../../Engine/Content/EngineMaterials/Substrate/Glints2/dict_0007_0195.uasset" 6718
"../../../Engine/Content/EngineMaterials/Substrate/Glints2/dict_0007_0194.uasset" 6719
"../../../Engine/Content/EngineMaterials/Substrate/Glints2/dict_0007_0192.uasset" 6720
"../../../Engine/Content/EngineMaterials/Substrate/Glints2/dict_0007_0191.uasset" 6721
"../../../Engine/Content/EngineMaterials/Substrate/Glints2/dict_0007_0189.uasset" 6722
"../../../Engine/Content/EngineMaterials/Substrate/Glints2/dict_0007_0190.uasset" 6723
"/Engine/EngineMaterials/Substrate/Glints2/dict_0007_0196" 6724
"/Engine/EngineMaterials/Substrate/Glints2/dict_0007_0197" 6725
"/Engine/EngineMaterials/Substrate/Glints2/dict_0007_0198" 6726
"/Engine/EngineMaterials/Substrate/Glints2/dict_0007_0199" 6727
"/Engine/EngineMaterials/Substrate/Glints2/dict_0007_0200" 6728
"/Engine/EngineMaterials/Substrate/Glints2/dict_0007_0201" 6729
"/Engine/EngineMaterials/Substrate/Glints2/dict_0007_0202" 6730
"/Engine/EngineMaterials/Substrate/Glints2/dict_0007_0203" 6731
"/Engine/EngineMaterials/Substrate/Glints2/dict_0007_0204" 6732
"/Engine/EngineMaterials/Substrate/Glints2/dict_0007_0205" 6733
"/Engine/EngineMaterials/Substrate/Glints2/dict_0007_0206" 6734
"/Engine/EngineMaterials/Substrate/Glints2/dict_0007_0207" 6735
"/Engine/EngineMaterials/Substrate/Glints2/dict_0007_0208" 6736
"/Engine/EngineMaterials/Substrate/Glints2/dict_0007_0209" 6737
"/Engine/EngineMaterials/Substrate/Glints2/dict_0007_0210" 6738
"/Engine/EngineMaterials/Substrate/Glints2/dict_0007_0211" 6739
"/Engine/EngineMaterials/Substrate/Glints2/dict_0007_0212" 6740
"/Engine/EngineMaterials/Substrate/Glints2/dict_0007_0213" 6741
"/Engine/EngineMaterials/Substrate/Glints2/dict_0007_0214" 6742
"/Engine/EngineMaterials/Substrate/Glints2/dict_0007_0215" 6743
"/Engine/EngineMaterials/Substrate/Glints2/dict_0007_0216" 6744
"/Engine/EngineMaterials/Substrate/Glints2/dict_0007_0217" 6745
"/Engine/EngineMaterials/Substrate/Glints2/dict_0007_0218" 6746
"/Engine/EngineMaterials/Substrate/Glints2/dict_0007_0219" 6747
"/Engine/EngineMaterials/Substrate/Glints2/dict_0007_0220" 6748
"../../../Engine/Content/EngineMaterials/Substrate/Glints2/dict_0007_0186.uasset" 6749
"../../../Engine/Content/EngineMaterials/Substrate/Glints2/dict_0007_0187.uasset" 6750
"../../../Engine/Content/EngineMaterials/Substrate/Glints2/dict_0007_0183.uasset" 6751
"../../../Engine/Content/EngineMaterials/Substrate/Glints2/dict_0007_0184.uasset" 6752
"../../../Engine/Content/EngineMaterials/Substrate/Glints2/dict_0007_0188.uasset" 6753
"../../../Engine/Content/EngineMaterials/Substrate/Glints2/dict_0007_0185.uasset" 6754
"../../../Engine/Content/EngineMaterials/Substrate/Glints2/dict_0007_0182.uasset" 6755
"../../../Engine/Content/EngineMaterials/Substrate/Glints2/dict_0007_0181.uasset" 6756
"../../../Engine/Content/EngineMaterials/Substrate/Glints2/dict_0007_0180.uasset" 6757
"../../../Engine/Content/EngineMaterials/Substrate/Glints2/dict_0007_0179.uasset" 6758
"../../../Engine/Content/EngineMaterials/Substrate/Glints2/dict_0007_0178.uasset" 6759
"../../../Engine/Content/EngineMaterials/Substrate/Glints2/dict_0007_0177.uasset" 6760
"../../../Engine/Content/EngineMaterials/Substrate/Glints2/dict_0007_0176.uasset" 6761
"../../../Engine/Content/EngineMaterials/Substrate/Glints2/dict_0007_0175.uasset" 6762
"../../../Engine/Content/EngineMaterials/Substrate/Glints2/dict_0007_0174.uasset" 6763
"../../../Engine/Content/EngineMaterials/Substrate/Glints2/dict_0007_0172.uasset" 6764
"../../../Engine/Content/EngineMaterials/Substrate/Glints2/dict_0007_0173.uasset" 6765
"../../../Engine/Content/EngineMaterials/Substrate/Glints2/dict_0007_0171.uasset" 6766
"../../../Engine/Content/EngineMaterials/Substrate/Glints2/dict_0007_0170.uasset" 6767
"../../../Engine/Content/EngineMaterials/Substrate/Glints2/dict_0007_0169.uasset" 6768
"../../../Engine/Content/EngineMaterials/Substrate/Glints2/dict_0007_0168.uasset" 6769
"../../../Engine/Content/EngineMaterials/Substrate/Glints2/dict_0007_0167.uasset" 6770
"../../../Engine/Content/EngineMaterials/Substrate/Glints2/dict_0007_0166.uasset" 6771
"../../../Engine/Content/EngineMaterials/Substrate/Glints2/dict_0007_0165.uasset" 6772
"../../../Engine/Content/EngineMaterials/Substrate/Glints2/dict_0007_0164.uasset" 6773
"/Engine/EngineMaterials/Substrate/Glints2/dict_0007_0189" 6774
"/Engine/EngineMaterials/Substrate/Glints2/dict_0007_0190" 6775
"/Engine/EngineMaterials/Substrate/Glints2/dict_0007_0191" 6776
"/Engine/EngineMaterials/Substrate/Glints2/dict_0007_0192" 6777
"/Engine/EngineMaterials/Substrate/Glints2/dict_0007_0193" 6778
"/Engine/EngineMaterials/Substrate/Glints2/dict_0007_0194" 6779
"/Engine/EngineMaterials/Substrate/Glints2/dict_0007_0195" 6780
"../../../Engine/Content/EngineMaterials/Substrate/Glints2/dict_0007_0163.uasset" 6781
"../../../Engine/Content/EngineMaterials/Substrate/Glints2/dict_0007_0162.uasset" 6782
"../../../Engine/Content/EngineMaterials/Substrate/Glints2/dict_0007_0161.uasset" 6783
"../../../Engine/Content/EngineMaterials/Substrate/Glints2/dict_0007_0160.uasset" 6784
"../../../Engine/Content/EngineMaterials/Substrate/Glints2/dict_0007_0159.uasset" 6785
"../../../Engine/Content/EngineMaterials/Substrate/Glints2/dict_0007_0158.uasset" 6786
"../../../Engine/Content/EngineMaterials/Substrate/Glints2/dict_0007_0157.uasset" 6787
"/Engine/EngineMaterials/Substrate/Glints2/dict_0007_0164" 6788
"/Engine/EngineMaterials/Substrate/Glints2/dict_0007_0165" 6789
"/Engine/EngineMaterials/Substrate/Glints2/dict_0007_0166" 6790
"/Engine/EngineMaterials/Substrate/Glints2/dict_0007_0167" 6791
"/Engine/EngineMaterials/Substrate/Glints2/dict_0007_0168" 6792
"/Engine/EngineMaterials/Substrate/Glints2/dict_0007_0169" 6793
"/Engine/EngineMaterials/Substrate/Glints2/dict_0007_0170" 6794
"/Engine/EngineMaterials/Substrate/Glints2/dict_0007_0171" 6795
"/Engine/EngineMaterials/Substrate/Glints2/dict_0007_0172" 6796
"/Engine/EngineMaterials/Substrate/Glints2/dict_0007_0173" 6797
"/Engine/EngineMaterials/Substrate/Glints2/dict_0007_0174" 6798
"/Engine/EngineMaterials/Substrate/Glints2/dict_0007_0175" 6799
"/Engine/EngineMaterials/Substrate/Glints2/dict_0007_0176" 6800
"/Engine/EngineMaterials/Substrate/Glints2/dict_0007_0177" 6801
"/Engine/EngineMaterials/Substrate/Glints2/dict_0007_0178" 6802
"/Engine/EngineMaterials/Substrate/Glints2/dict_0007_0179" 6803
"/Engine/EngineMaterials/Substrate/Glints2/dict_0007_0180" 6804
"/Engine/EngineMaterials/Substrate/Glints2/dict_0007_0181" 6805
"/Engine/EngineMaterials/Substrate/Glints2/dict_0007_0182" 6806
"/Engine/EngineMaterials/Substrate/Glints2/dict_0007_0183" 6807
"/Engine/EngineMaterials/Substrate/Glints2/dict_0007_0184" 6808
"/Engine/EngineMaterials/Substrate/Glints2/dict_0007_0185" 6809
"/Engine/EngineMaterials/Substrate/Glints2/dict_0007_0186" 6810
"/Engine/EngineMaterials/Substrate/Glints2/dict_0007_0187" 6811
"/Engine/EngineMaterials/Substrate/Glints2/dict_0007_0188" 6812
"../../../Engine/Content/EngineMaterials/Substrate/Glints2/dict_0007_0156.uasset" 6813
"../../../Engine/Content/EngineMaterials/Substrate/Glints2/dict_0007_0155.uasset" 6814
"../../../Engine/Content/EngineMaterials/Substrate/Glints2/dict_0007_0154.uasset" 6815
"../../../Engine/Content/EngineMaterials/Substrate/Glints2/dict_0007_0153.uasset" 6816
"../../../Engine/Content/EngineMaterials/Substrate/Glints2/dict_0007_0152.uasset" 6817
"../../../Engine/Content/EngineMaterials/Substrate/Glints2/dict_0007_0150.uasset" 6818
"../../../Engine/Content/EngineMaterials/Substrate/Glints2/dict_0007_0151.uasset" 6819
"../../../Engine/Content/EngineMaterials/Substrate/Glints2/dict_0007_0149.uasset" 6820
"../../../Engine/Content/EngineMaterials/Substrate/Glints2/dict_0007_0148.uasset" 6821
"../../../Engine/Content/EngineMaterials/Substrate/Glints2/dict_0007_0147.uasset" 6822
"../../../Engine/Content/EngineMaterials/Substrate/Glints2/dict_0007_0146.uasset" 6823
"../../../Engine/Content/EngineMaterials/Substrate/Glints2/dict_0007_0145.uasset" 6824
"../../../Engine/Content/EngineMaterials/Substrate/Glints2/dict_0007_0144.uasset" 6825
"../../../Engine/Content/EngineMaterials/Substrate/Glints2/dict_0007_0143.uasset" 6826
"../../../Engine/Content/EngineMaterials/Substrate/Glints2/dict_0007_0142.uasset" 6827
"../../../Engine/Content/EngineMaterials/Substrate/Glints2/dict_0007_0141.uasset" 6828
"../../../Engine/Content/EngineMaterials/Substrate/Glints2/dict_0007_0140.uasset" 6829
"../../../Engine/Content/EngineMaterials/Substrate/Glints2/dict_0007_0139.uasset" 6830
"../../../Engine/Content/EngineMaterials/Substrate/Glints2/dict_0007_0138.uasset" 6831
"../../../Engine/Content/EngineMaterials/Substrate/Glints2/dict_0007_0137.uasset" 6832
"../../../Engine/Content/EngineMaterials/Substrate/Glints2/dict_0007_0136.uasset" 6833
"../../../Engine/Content/EngineMaterials/Substrate/Glints2/dict_0007_0135.uasset" 6834
"../../../Engine/Content/EngineMaterials/Substrate/Glints2/dict_0007_0134.uasset" 6835
"../../../Engine/Content/EngineMaterials/Substrate/Glints2/dict_0007_0133.uasset" 6836
"../../../Engine/Content/EngineMaterials/Substrate/Glints2/dict_0007_0132.uasset" 6837
"/Engine/EngineMaterials/Substrate/Glints2/dict_0007_0157" 6838
"/Engine/EngineMaterials/Substrate/Glints2/dict_0007_0158" 6839
"/Engine/EngineMaterials/Substrate/Glints2/dict_0007_0159" 6840
"/Engine/EngineMaterials/Substrate/Glints2/dict_0007_0160" 6841
"/Engine/EngineMaterials/Substrate/Glints2/dict_0007_0161" 6842
"/Engine/EngineMaterials/Substrate/Glints2/dict_0007_0162" 6843
"/Engine/EngineMaterials/Substrate/Glints2/dict_0007_0163" 6844
"../../../Engine/Content/EngineMaterials/Substrate/Glints2/dict_0007_0131.uasset" 6845
"../../../Engine/Content/EngineMaterials/Substrate/Glints2/dict_0007_0130.uasset" 6846
"../../../Engine/Content/EngineMaterials/Substrate/Glints2/dict_0007_0129.uasset" 6847
"../../../Engine/Content/EngineMaterials/Substrate/Glints2/dict_0007_0128.uasset" 6848
"../../../Engine/Content/EngineMaterials/Substrate/Glints2/dict_0007_0127.uasset" 6849
"../../../Engine/Content/EngineMaterials/Substrate/Glints2/dict_0007_0126.uasset" 6850
"../../../Engine/Content/EngineMaterials/Substrate/Glints2/dict_0007_0125.uasset" 6851
"/Engine/EngineMaterials/Substrate/Glints2/dict_0007_0132" 6852
"/Engine/EngineMaterials/Substrate/Glints2/dict_0007_0133" 6853
"/Engine/EngineMaterials/Substrate/Glints2/dict_0007_0134" 6854
"/Engine/EngineMaterials/Substrate/Glints2/dict_0007_0135" 6855
"/Engine/EngineMaterials/Substrate/Glints2/dict_0007_0136" 6856
"/Engine/EngineMaterials/Substrate/Glints2/dict_0007_0137" 6857
"/Engine/EngineMaterials/Substrate/Glints2/dict_0007_0138" 6858
"/Engine/EngineMaterials/Substrate/Glints2/dict_0007_0139" 6859
"/Engine/EngineMaterials/Substrate/Glints2/dict_0007_0140" 6860
"/Engine/EngineMaterials/Substrate/Glints2/dict_0007_0141" 6861
"/Engine/EngineMaterials/Substrate/Glints2/dict_0007_0142" 6862
"/Engine/EngineMaterials/Substrate/Glints2/dict_0007_0143" 6863
"/Engine/EngineMaterials/Substrate/Glints2/dict_0007_0144" 6864
"/Engine/EngineMaterials/Substrate/Glints2/dict_0007_0145" 6865
"/Engine/EngineMaterials/Substrate/Glints2/dict_0007_0146" 6866
"/Engine/EngineMaterials/Substrate/Glints2/dict_0007_0147" 6867
"/Engine/EngineMaterials/Substrate/Glints2/dict_0007_0148" 6868
"/Engine/EngineMaterials/Substrate/Glints2/dict_0007_0149" 6869
"/Engine/EngineMaterials/Substrate/Glints2/dict_0007_0150" 6870
"/Engine/EngineMaterials/Substrate/Glints2/dict_0007_0151" 6871
"/Engine/EngineMaterials/Substrate/Glints2/dict_0007_0152" 6872
"/Engine/EngineMaterials/Substrate/Glints2/dict_0007_0153" 6873
"/Engine/EngineMaterials/Substrate/Glints2/dict_0007_0154" 6874
"/Engine/EngineMaterials/Substrate/Glints2/dict_0007_0155" 6875
"/Engine/EngineMaterials/Substrate/Glints2/dict_0007_0156" 6876
"../../../Engine/Content/EngineMaterials/Substrate/Glints2/dict_0007_0124.uasset" 6877
"../../../Engine/Content/EngineMaterials/Substrate/Glints2/dict_0007_0123.uasset" 6878
"../../../Engine/Content/EngineMaterials/Substrate/Glints2/dict_0007_0122.uasset" 6879
"../../../Engine/Content/EngineMaterials/Substrate/Glints2/dict_0007_0121.uasset" 6880
"../../../Engine/Content/EngineMaterials/Substrate/Glints2/dict_0007_0120.uasset" 6881
"../../../Engine/Content/EngineMaterials/Substrate/Glints2/dict_0007_0119.uasset" 6882
"../../../Engine/Content/EngineMaterials/Substrate/Glints2/dict_0007_0118.uasset" 6883
"../../../Engine/Content/EngineMaterials/Substrate/Glints2/dict_0007_0117.uasset" 6884
"../../../Engine/Content/EngineMaterials/Substrate/Glints2/dict_0007_0116.uasset" 6885
"../../../Engine/Content/EngineMaterials/Substrate/Glints2/dict_0007_0115.uasset" 6886
"../../../Engine/Content/EngineMaterials/Substrate/Glints2/dict_0007_0114.uasset" 6887
"../../../Engine/Content/EngineMaterials/Substrate/Glints2/dict_0007_0113.uasset" 6888
"../../../Engine/Content/EngineMaterials/Substrate/Glints2/dict_0007_0112.uasset" 6889
"../../../Engine/Content/EngineMaterials/Substrate/Glints2/dict_0007_0111.uasset" 6890
"../../../Engine/Content/EngineMaterials/Substrate/Glints2/dict_0007_0110.uasset" 6891
"../../../Engine/Content/EngineMaterials/Substrate/Glints2/dict_0007_0109.uasset" 6892
"../../../Engine/Content/EngineMaterials/Substrate/Glints2/dict_0007_0108.uasset" 6893
"../../../Engine/Content/EngineMaterials/Substrate/Glints2/dict_0007_0107.uasset" 6894
"../../../Engine/Content/EngineMaterials/Substrate/Glints2/dict_0007_0106.uasset" 6895
"../../../Engine/Content/EngineMaterials/Substrate/Glints2/dict_0007_0105.uasset" 6896
"../../../Engine/Content/EngineMaterials/Substrate/Glints2/dict_0007_0104.uasset" 6897
"../../../Engine/Content/EngineMaterials/Substrate/Glints2/dict_0007_0103.uasset" 6898
"../../../Engine/Content/EngineMaterials/Substrate/Glints2/dict_0007_0102.uasset" 6899
"../../../Engine/Content/EngineMaterials/Substrate/Glints2/dict_0007_0101.uasset" 6900
"../../../Engine/Content/EngineMaterials/Substrate/Glints2/dict_0007_0100.uasset" 6901
"/Engine/EngineMaterials/Substrate/Glints2/dict_0007_0125" 6902
"/Engine/EngineMaterials/Substrate/Glints2/dict_0007_0126" 6903
"/Engine/EngineMaterials/Substrate/Glints2/dict_0007_0127" 6904
"/Engine/EngineMaterials/Substrate/Glints2/dict_0007_0128" 6905
"/Engine/EngineMaterials/Substrate/Glints2/dict_0007_0129" 6906
"/Engine/EngineMaterials/Substrate/Glints2/dict_0007_0130" 6907
"/Engine/EngineMaterials/Substrate/Glints2/dict_0007_0131" 6908
"../../../Engine/Content/EngineMaterials/Substrate/Glints2/dict_0007_0098.uasset" 6909
"../../../Engine/Content/EngineMaterials/Substrate/Glints2/dict_0007_0099.uasset" 6910
"/Engine/EngineMaterials/Substrate/Glints2/dict_0007_0100" 6911
"../../../Engine/Content/EngineMaterials/Substrate/Glints2/dict_0007_0096.uasset" 6912
"../../../Engine/Content/EngineMaterials/Substrate/Glints2/dict_0007_0097.uasset" 6913
"../../../Engine/Content/EngineMaterials/Substrate/Glints2/dict_0007_0095.uasset" 6914
"../../../Engine/Content/EngineMaterials/Substrate/Glints2/dict_0007_0094.uasset" 6915
"/Engine/EngineMaterials/Substrate/Glints2/dict_0007_0101" 6916
"../../../Engine/Content/EngineMaterials/Substrate/Glints2/dict_0007_0093.uasset" 6917
"/Engine/EngineMaterials/Substrate/Glints2/dict_0007_0102" 6918
"/Engine/EngineMaterials/Substrate/Glints2/dict_0007_0103" 6919
"/Engine/EngineMaterials/Substrate/Glints2/dict_0007_0104" 6920
"/Engine/EngineMaterials/Substrate/Glints2/dict_0007_0105" 6921
"/Engine/EngineMaterials/Substrate/Glints2/dict_0007_0106" 6922
"/Engine/EngineMaterials/Substrate/Glints2/dict_0007_0107" 6923
"/Engine/EngineMaterials/Substrate/Glints2/dict_0007_0108" 6924
"/Engine/EngineMaterials/Substrate/Glints2/dict_0007_0109" 6925
"/Engine/EngineMaterials/Substrate/Glints2/dict_0007_0110" 6926
"/Engine/EngineMaterials/Substrate/Glints2/dict_0007_0111" 6927
"/Engine/EngineMaterials/Substrate/Glints2/dict_0007_0112" 6928
"/Engine/EngineMaterials/Substrate/Glints2/dict_0007_0113" 6929
"/Engine/EngineMaterials/Substrate/Glints2/dict_0007_0114" 6930
"/Engine/EngineMaterials/Substrate/Glints2/dict_0007_0115" 6931
"/Engine/EngineMaterials/Substrate/Glints2/dict_0007_0116" 6932
"/Engine/EngineMaterials/Substrate/Glints2/dict_0007_0117" 6933
"/Engine/EngineMaterials/Substrate/Glints2/dict_0007_0118" 6934
"/Engine/EngineMaterials/Substrate/Glints2/dict_0007_0119" 6935
"/Engine/EngineMaterials/Substrate/Glints2/dict_0007_0120" 6936
"/Engine/EngineMaterials/Substrate/Glints2/dict_0007_0121" 6937
"/Engine/EngineMaterials/Substrate/Glints2/dict_0007_0122" 6938
"/Engine/EngineMaterials/Substrate/Glints2/dict_0007_0123" 6939
"/Engine/EngineMaterials/Substrate/Glints2/dict_0007_0124" 6940
"../../../Engine/Content/EngineMaterials/Substrate/Glints2/dict_0007_0091.uasset" 6941
"../../../Engine/Content/EngineMaterials/Substrate/Glints2/dict_0007_0092.uasset" 6942
"/Engine/EngineMaterials/Substrate/Glints2/dict_0007_0093" 6943
"../../../Engine/Content/EngineMaterials/Substrate/Glints2/dict_0007_0090.uasset" 6944
"../../../Engine/Content/EngineMaterials/Substrate/Glints2/dict_0007_0089.uasset" 6945
"../../../Engine/Content/EngineMaterials/Substrate/Glints2/dict_0007_0088.uasset" 6946
"../../../Engine/Content/EngineMaterials/Substrate/Glints2/dict_0007_0086.uasset" 6947
"/Engine/EngineMaterials/Substrate/Glints2/dict_0007_0094" 6948
"../../../Engine/Content/EngineMaterials/Substrate/Glints2/dict_0007_0087.uasset" 6949
"../../../Engine/Content/EngineMaterials/Substrate/Glints2/dict_0007_0085.uasset" 6950
"../../../Engine/Content/EngineMaterials/Substrate/Glints2/dict_0007_0084.uasset" 6951
"../../../Engine/Content/EngineMaterials/Substrate/Glints2/dict_0007_0083.uasset" 6952
"../../../Engine/Content/EngineMaterials/Substrate/Glints2/dict_0007_0082.uasset" 6953
"../../../Engine/Content/EngineMaterials/Substrate/Glints2/dict_0007_0081.uasset" 6954
"/Engine/EngineMaterials/Substrate/Glints2/dict_0007_0095" 6955
"../../../Engine/Content/EngineMaterials/Substrate/Glints2/dict_0007_0080.uasset" 6956
"../../../Engine/Content/EngineMaterials/Substrate/Glints2/dict_0007_0079.uasset" 6957
"../../../Engine/Content/EngineMaterials/Substrate/Glints2/dict_0007_0078.uasset" 6958
"../../../Engine/Content/EngineMaterials/Substrate/Glints2/dict_0007_0077.uasset" 6959
"../../../Engine/Content/EngineMaterials/Substrate/Glints2/dict_0007_0075.uasset" 6960
"../../../Engine/Content/EngineMaterials/Substrate/Glints2/dict_0007_0076.uasset" 6961
"/Engine/EngineMaterials/Substrate/Glints2/dict_0007_0096" 6962
"../../../Engine/Content/EngineMaterials/Substrate/Glints2/dict_0007_0074.uasset" 6963
"../../../Engine/Content/EngineMaterials/Substrate/Glints2/dict_0007_0073.uasset" 6964
"../../../Engine/Content/EngineMaterials/Substrate/Glints2/dict_0007_0072.uasset" 6965
"../../../Engine/Content/EngineMaterials/Substrate/Glints2/dict_0007_0070.uasset" 6966
"../../../Engine/Content/EngineMaterials/Substrate/Glints2/dict_0007_0069.uasset" 6967
"../../../Engine/Content/EngineMaterials/Substrate/Glints2/dict_0007_0071.uasset" 6968
"/Engine/EngineMaterials/Substrate/Glints2/dict_0007_0097" 6969
"../../../Engine/Content/EngineMaterials/Substrate/Glints2/dict_0007_0068.uasset" 6970
"/Engine/EngineMaterials/Substrate/Glints2/dict_0007_0098" 6971
"/Engine/EngineMaterials/Substrate/Glints2/dict_0007_0099" 6972
"../../../Engine/Content/EngineMaterials/Substrate/Glints2/dict_0007_0067.uasset" 6973
"../../../Engine/Content/EngineMaterials/Substrate/Glints2/dict_0007_0066.uasset" 6974
"/Engine/EngineMaterials/Substrate/Glints2/dict_0007_0068" 6975
"../../../Engine/Content/EngineMaterials/Substrate/Glints2/dict_0007_0065.uasset" 6976
"../../../Engine/Content/EngineMaterials/Substrate/Glints2/dict_0007_0064.uasset" 6977
"../../../Engine/Content/EngineMaterials/Substrate/Glints2/dict_0007_0063.uasset" 6978
"../../../Engine/Content/EngineMaterials/Substrate/Glints2/dict_0007_0062.uasset" 6979
"/Engine/EngineMaterials/Substrate/Glints2/dict_0007_0069" 6980
"../../../Engine/Content/EngineMaterials/Substrate/Glints2/dict_0007_0061.uasset" 6981
"/Engine/EngineMaterials/Substrate/Glints2/dict_0007_0070" 6982
"/Engine/EngineMaterials/Substrate/Glints2/dict_0007_0071" 6983
"/Engine/EngineMaterials/Substrate/Glints2/dict_0007_0072" 6984
"/Engine/EngineMaterials/Substrate/Glints2/dict_0007_0073" 6985
"/Engine/EngineMaterials/Substrate/Glints2/dict_0007_0074" 6986
"/Engine/EngineMaterials/Substrate/Glints2/dict_0007_0075" 6987
"/Engine/EngineMaterials/Substrate/Glints2/dict_0007_0076" 6988
"/Engine/EngineMaterials/Substrate/Glints2/dict_0007_0077" 6989
"/Engine/EngineMaterials/Substrate/Glints2/dict_0007_0078" 6990
"/Engine/EngineMaterials/Substrate/Glints2/dict_0007_0079" 6991
"/Engine/EngineMaterials/Substrate/Glints2/dict_0007_0080" 6992
"/Engine/EngineMaterials/Substrate/Glints2/dict_0007_0081" 6993
"/Engine/EngineMaterials/Substrate/Glints2/dict_0007_0082" 6994
"/Engine/EngineMaterials/Substrate/Glints2/dict_0007_0083" 6995
"/Engine/EngineMaterials/Substrate/Glints2/dict_0007_0084" 6996
"/Engine/EngineMaterials/Substrate/Glints2/dict_0007_0085" 6997
"/Engine/EngineMaterials/Substrate/Glints2/dict_0007_0086" 6998
"/Engine/EngineMaterials/Substrate/Glints2/dict_0007_0087" 6999
"/Engine/EngineMaterials/Substrate/Glints2/dict_0007_0088" 7000
"/Engine/EngineMaterials/Substrate/Glints2/dict_0007_0089" 7001
"/Engine/EngineMaterials/Substrate/Glints2/dict_0007_0090" 7002
"/Engine/EngineMaterials/Substrate/Glints2/dict_0007_0091" 7003
"/Engine/EngineMaterials/Substrate/Glints2/dict_0007_0092" 7004
"../../../Engine/Content/EngineMaterials/Substrate/Glints2/dict_0007_0059.uasset" 7005
"/Engine/EngineMaterials/Substrate/Glints2/dict_0007_0061" 7006
"../../../Engine/Content/EngineMaterials/Substrate/Glints2/dict_0007_0060.uasset" 7007
"../../../Engine/Content/EngineMaterials/Substrate/Glints2/dict_0007_0058.uasset" 7008
"../../../Engine/Content/EngineMaterials/Substrate/Glints2/dict_0007_0057.uasset" 7009
"../../../Engine/Content/EngineMaterials/Substrate/Glints2/dict_0007_0056.uasset" 7010
"../../../Engine/Content/EngineMaterials/Substrate/Glints2/dict_0007_0055.uasset" 7011
"/Engine/EngineMaterials/Substrate/Glints2/dict_0007_0062" 7012
"../../../Engine/Content/EngineMaterials/Substrate/Glints2/dict_0007_0054.uasset" 7013
"../../../Engine/Content/EngineMaterials/Substrate/Glints2/dict_0007_0053.uasset" 7014
"../../../Engine/Content/EngineMaterials/Substrate/Glints2/dict_0007_0052.uasset" 7015
"../../../Engine/Content/EngineMaterials/Substrate/Glints2/dict_0007_0051.uasset" 7016
"../../../Engine/Content/EngineMaterials/Substrate/Glints2/dict_0007_0050.uasset" 7017
"../../../Engine/Content/EngineMaterials/Substrate/Glints2/dict_0007_0049.uasset" 7018
"/Engine/EngineMaterials/Substrate/Glints2/dict_0007_0063" 7019
"../../../Engine/Content/EngineMaterials/Substrate/Glints2/dict_0007_0048.uasset" 7020
"../../../Engine/Content/EngineMaterials/Substrate/Glints2/dict_0007_0047.uasset" 7021
"../../../Engine/Content/EngineMaterials/Substrate/Glints2/dict_0007_0046.uasset" 7022
"../../../Engine/Content/EngineMaterials/Substrate/Glints2/dict_0007_0045.uasset" 7023
"../../../Engine/Content/EngineMaterials/Substrate/Glints2/dict_0007_0044.uasset" 7024
"../../../Engine/Content/EngineMaterials/Substrate/Glints2/dict_0007_0043.uasset" 7025
"/Engine/EngineMaterials/Substrate/Glints2/dict_0007_0064" 7026
"../../../Engine/Content/EngineMaterials/Substrate/Glints2/dict_0007_0042.uasset" 7027
"../../../Engine/Content/EngineMaterials/Substrate/Glints2/dict_0007_0041.uasset" 7028
"../../../Engine/Content/EngineMaterials/Substrate/Glints2/dict_0007_0040.uasset" 7029
"../../../Engine/Content/EngineMaterials/Substrate/Glints2/dict_0007_0039.uasset" 7030
"../../../Engine/Content/EngineMaterials/Substrate/Glints2/dict_0007_0038.uasset" 7031
"/Engine/EngineMaterials/Substrate/Glints2/dict_0007_0065" 7032
"../../../Engine/Content/EngineMaterials/Substrate/Glints2/dict_0007_0037.uasset" 7033
"../../../Engine/Content/EngineMaterials/Substrate/Glints2/dict_0007_0036.uasset" 7034
"/Engine/EngineMaterials/Substrate/Glints2/dict_0007_0066" 7035
"/Engine/EngineMaterials/Substrate/Glints2/dict_0007_0067" 7036
"/Engine/EngineMaterials/Substrate/Glints2/dict_0007_0036" 7037
"../../../Engine/Content/EngineMaterials/Substrate/Glints2/dict_0007_0034.uasset" 7038
"../../../Engine/Content/EngineMaterials/Substrate/Glints2/dict_0007_0033.uasset" 7039
"../../../Engine/Content/EngineMaterials/Substrate/Glints2/dict_0007_0032.uasset" 7040
"../../../Engine/Content/EngineMaterials/Substrate/Glints2/dict_0007_0031.uasset" 7041
"../../../Engine/Content/EngineMaterials/Substrate/Glints2/dict_0007_0030.uasset" 7042
"../../../Engine/Content/EngineMaterials/Substrate/Glints2/dict_0007_0029.uasset" 7043
"/Engine/EngineMaterials/Substrate/Glints2/dict_0007_0037" 7044
"../../../Engine/Content/EngineMaterials/Substrate/Glints2/dict_0007_0035.uasset" 7045
"/Engine/EngineMaterials/Substrate/Glints2/dict_0007_0038" 7046
"/Engine/EngineMaterials/Substrate/Glints2/dict_0007_0039" 7047
"/Engine/EngineMaterials/Substrate/Glints2/dict_0007_0040" 7048
"/Engine/EngineMaterials/Substrate/Glints2/dict_0007_0041" 7049
"/Engine/EngineMaterials/Substrate/Glints2/dict_0007_0042" 7050
"/Engine/EngineMaterials/Substrate/Glints2/dict_0007_0043" 7051
"/Engine/EngineMaterials/Substrate/Glints2/dict_0007_0044" 7052
"/Engine/EngineMaterials/Substrate/Glints2/dict_0007_0045" 7053
"/Engine/EngineMaterials/Substrate/Glints2/dict_0007_0046" 7054
"/Engine/EngineMaterials/Substrate/Glints2/dict_0007_0047" 7055
"/Engine/EngineMaterials/Substrate/Glints2/dict_0007_0048" 7056
"/Engine/EngineMaterials/Substrate/Glints2/dict_0007_0049" 7057
"/Engine/EngineMaterials/Substrate/Glints2/dict_0007_0050" 7058
"/Engine/EngineMaterials/Substrate/Glints2/dict_0007_0051" 7059
"/Engine/EngineMaterials/Substrate/Glints2/dict_0007_0052" 7060
"/Engine/EngineMaterials/Substrate/Glints2/dict_0007_0053" 7061
"/Engine/EngineMaterials/Substrate/Glints2/dict_0007_0054" 7062
"/Engine/EngineMaterials/Substrate/Glints2/dict_0007_0055" 7063
"/Engine/EngineMaterials/Substrate/Glints2/dict_0007_0056" 7064
"/Engine/EngineMaterials/Substrate/Glints2/dict_0007_0057" 7065
"/Engine/EngineMaterials/Substrate/Glints2/dict_0007_0058" 7066
"/Engine/EngineMaterials/Substrate/Glints2/dict_0007_0059" 7067
"/Engine/EngineMaterials/Substrate/Glints2/dict_0007_0060" 7068
"../../../Engine/Content/EngineMaterials/Substrate/Glints2/dict_0007_0028.uasset" 7069
"../../../Engine/Content/EngineMaterials/Substrate/Glints2/dict_0007_0027.uasset" 7070
"/Engine/EngineMaterials/Substrate/Glints2/dict_0007_0029" 7071
"../../../Engine/Content/EngineMaterials/Substrate/Glints2/dict_0007_0026.uasset" 7072
"../../../Engine/Content/EngineMaterials/Substrate/Glints2/dict_0007_0025.uasset" 7073
"../../../Engine/Content/EngineMaterials/Substrate/Glints2/dict_0007_0024.uasset" 7074
"../../../Engine/Content/EngineMaterials/Substrate/Glints2/dict_0007_0023.uasset" 7075
"../../../Engine/Content/EngineMaterials/Substrate/Glints2/dict_0007_0022.uasset" 7076
"/Engine/EngineMaterials/Substrate/Glints2/dict_0007_0030" 7077
"../../../Engine/Content/EngineMaterials/Substrate/Glints2/dict_0007_0021.uasset" 7078
"../../../Engine/Content/EngineMaterials/Substrate/Glints2/dict_0007_0020.uasset" 7079
"../../../Engine/Content/EngineMaterials/Substrate/Glints2/dict_0007_0019.uasset" 7080
"../../../Engine/Content/EngineMaterials/Substrate/Glints2/dict_0007_0018.uasset" 7081
"../../../Engine/Content/EngineMaterials/Substrate/Glints2/dict_0007_0017.uasset" 7082
"../../../Engine/Content/EngineMaterials/Substrate/Glints2/dict_0007_0016.uasset" 7083
"/Engine/EngineMaterials/Substrate/Glints2/dict_0007_0031" 7084
"../../../Engine/Content/EngineMaterials/Substrate/Glints2/dict_0007_0015.uasset" 7085
"../../../Engine/Content/EngineMaterials/Substrate/Glints2/dict_0007_0014.uasset" 7086
"../../../Engine/Content/EngineMaterials/Substrate/Glints2/dict_0007_0013.uasset" 7087
"/Engine/EngineMaterials/Substrate/Glints2/dict_0007_0032" 7088
"../../../Engine/Content/EngineMaterials/Substrate/Glints2/dict_0007_0010.uasset" 7089
"../../../Engine/Content/EngineMaterials/Substrate/Glints2/dict_0007_0009.uasset" 7090
"../../../Engine/Content/EngineMaterials/Substrate/Glints2/dict_0007_0012.uasset" 7091
"../../../Engine/Content/EngineMaterials/Substrate/Glints2/dict_0007_0011.uasset" 7092
"../../../Engine/Content/EngineMaterials/Substrate/Glints2/dict_0007_0008.uasset" 7093
"/Engine/EngineMaterials/Substrate/Glints2/dict_0007_0033" 7094
"../../../Engine/Content/EngineMaterials/Substrate/Glints2/dict_0007_0007.uasset" 7095
"../../../Engine/Content/EngineMaterials/Substrate/Glints2/dict_0007_0006.uasset" 7096
"../../../Engine/Content/EngineMaterials/Substrate/Glints2/dict_0007_0005.uasset" 7097
"../../../Engine/Content/EngineMaterials/Substrate/Glints2/dict_0007_0004.uasset" 7098
"/Engine/EngineMaterials/Substrate/Glints2/dict_0007_0034" 7099
"/Engine/EngineMaterials/Substrate/Glints2/dict_0007_0035" 7100
"/Engine/EngineMaterials/Substrate/Glints2/dict_0007_0004" 7101
"../../../Engine/Content/EngineMaterials/Substrate/Glints2/dict_0007_0003.uasset" 7102
"../../../Engine/Content/EngineMaterials/Substrate/Glints2/dict_0007_0002.uasset" 7103
"../../../Engine/Content/EngineMaterials/Substrate/Glints2/dict_0007_0001.uasset" 7104
"../../../Engine/Content/EngineMaterials/Substrate/Glints2/dict_0007_0000.uasset" 7105
"../../../Engine/Content/EngineMaterials/Substrate/Glints2/dict_0006_0255.uasset" 7106
"/Engine/EngineMaterials/Substrate/Glints2/dict_0007_0005" 7107
"../../../Engine/Content/EngineMaterials/Substrate/Glints2/dict_0006_0254.uasset" 7108
"../../../Engine/Content/EngineMaterials/Substrate/Glints2/dict_0006_0253.uasset" 7109
"/Engine/EngineMaterials/Substrate/Glints2/dict_0007_0006" 7110
"/Engine/EngineMaterials/Substrate/Glints2/dict_0007_0007" 7111
"/Engine/EngineMaterials/Substrate/Glints2/dict_0007_0008" 7112
"/Engine/EngineMaterials/Substrate/Glints2/dict_0007_0009" 7113
"/Engine/EngineMaterials/Substrate/Glints2/dict_0007_0010" 7114
"/Engine/EngineMaterials/Substrate/Glints2/dict_0007_0011" 7115
"/Engine/EngineMaterials/Substrate/Glints2/dict_0007_0012" 7116
"/Engine/EngineMaterials/Substrate/Glints2/dict_0007_0013" 7117
"/Engine/EngineMaterials/Substrate/Glints2/dict_0007_0014" 7118
"/Engine/EngineMaterials/Substrate/Glints2/dict_0007_0015" 7119
"/Engine/EngineMaterials/Substrate/Glints2/dict_0007_0016" 7120
"/Engine/EngineMaterials/Substrate/Glints2/dict_0007_0017" 7121
"/Engine/EngineMaterials/Substrate/Glints2/dict_0007_0018" 7122
"/Engine/EngineMaterials/Substrate/Glints2/dict_0007_0019" 7123
"/Engine/EngineMaterials/Substrate/Glints2/dict_0007_0020" 7124
"/Engine/EngineMaterials/Substrate/Glints2/dict_0007_0021" 7125
"/Engine/EngineMaterials/Substrate/Glints2/dict_0007_0022" 7126
"/Engine/EngineMaterials/Substrate/Glints2/dict_0007_0023" 7127
"/Engine/EngineMaterials/Substrate/Glints2/dict_0007_0024" 7128
"/Engine/EngineMaterials/Substrate/Glints2/dict_0007_0025" 7129
"/Engine/EngineMaterials/Substrate/Glints2/dict_0007_0026" 7130
"/Engine/EngineMaterials/Substrate/Glints2/dict_0007_0027" 7131
"/Engine/EngineMaterials/Substrate/Glints2/dict_0007_0028" 7132
"../../../Engine/Content/EngineMaterials/Substrate/Glints2/dict_0006_0252.uasset" 7133
"../../../Engine/Content/EngineMaterials/Substrate/Glints2/dict_0006_0251.uasset" 7134
"/Engine/EngineMaterials/Substrate/Glints2/dict_0006_0253" 7135
"../../../Engine/Content/EngineMaterials/Substrate/Glints2/dict_0006_0250.uasset" 7136
"../../../Engine/Content/EngineMaterials/Substrate/Glints2/dict_0006_0249.uasset" 7137
"../../../Engine/Content/EngineMaterials/Substrate/Glints2/dict_0006_0248.uasset" 7138
"/Engine/EngineMaterials/Substrate/Glints2/dict_0006_0254" 7139
"../../../Engine/Content/EngineMaterials/Substrate/Glints2/dict_0006_0247.uasset" 7140
"../../../Engine/Content/EngineMaterials/Substrate/Glints2/dict_0006_0246.uasset" 7141
"../../../Engine/Content/EngineMaterials/Substrate/Glints2/dict_0006_0245.uasset" 7142
"/Engine/EngineMaterials/Substrate/Glints2/dict_0006_0255" 7143
"../../../Engine/Content/EngineMaterials/Substrate/Glints2/dict_0006_0244.uasset" 7144
"../../../Engine/Content/EngineMaterials/Substrate/Glints2/dict_0006_0243.uasset" 7145
"../../../Engine/Content/EngineMaterials/Substrate/Glints2/dict_0006_0242.uasset" 7146
"/Engine/EngineMaterials/Substrate/Glints2/dict_0007_0000" 7147
"../../../Engine/Content/EngineMaterials/Substrate/Glints2/dict_0006_0241.uasset" 7148
"../../../Engine/Content/EngineMaterials/Substrate/Glints2/dict_0006_0240.uasset" 7149
"../../../Engine/Content/EngineMaterials/Substrate/Glints2/dict_0006_0239.uasset" 7150
"../../../Engine/Content/EngineMaterials/Substrate/Glints2/dict_0006_0238.uasset" 7151
"../../../Engine/Content/EngineMaterials/Substrate/Glints2/dict_0006_0237.uasset" 7152
"/Engine/EngineMaterials/Substrate/Glints2/dict_0007_0001" 7153
"../../../Engine/Content/EngineMaterials/Substrate/Glints2/dict_0006_0236.uasset" 7154
"../../../Engine/Content/EngineMaterials/Substrate/Glints2/dict_0006_0235.uasset" 7155
"../../../Engine/Content/EngineMaterials/Substrate/Glints2/dict_0006_0234.uasset" 7156
"../../../Engine/Content/EngineMaterials/Substrate/Glints2/dict_0006_0233.uasset" 7157
"../../../Engine/Content/EngineMaterials/Substrate/Glints2/dict_0006_0232.uasset" 7158
"../../../Engine/Content/EngineMaterials/Substrate/Glints2/dict_0006_0231.uasset" 7159
"/Engine/EngineMaterials/Substrate/Glints2/dict_0007_0002" 7160
"../../../Engine/Content/EngineMaterials/Substrate/Glints2/dict_0006_0230.uasset" 7161
"../../../Engine/Content/EngineMaterials/Substrate/Glints2/dict_0006_0229.uasset" 7162
"../../../Engine/Content/EngineMaterials/Substrate/Glints2/dict_0006_0228.uasset" 7163
"/Engine/EngineMaterials/Substrate/Glints2/dict_0007_0003" 7164
"../../../Engine/Content/EngineMaterials/Substrate/Glints2/dict_0006_0227.uasset" 7165
"../../../Engine/Content/EngineMaterials/Substrate/Glints2/dict_0006_0226.uasset" 7166
"/Engine/EngineMaterials/Substrate/Glints2/dict_0006_0228" 7167
"../../../Engine/Content/EngineMaterials/Substrate/Glints2/dict_0006_0225.uasset" 7168
"../../../Engine/Content/EngineMaterials/Substrate/Glints2/dict_0006_0224.uasset" 7169
"../../../Engine/Content/EngineMaterials/Substrate/Glints2/dict_0006_0223.uasset" 7170
"../../../Engine/Content/EngineMaterials/Substrate/Glints2/dict_0006_0222.uasset" 7171
"../../../Engine/Content/EngineMaterials/Substrate/Glints2/dict_0006_0221.uasset" 7172
"/Engine/EngineMaterials/Substrate/Glints2/dict_0006_0229" 7173
"/Engine/EngineMaterials/Substrate/Glints2/dict_0006_0230" 7174
"/Engine/EngineMaterials/Substrate/Glints2/dict_0006_0231" 7175
"/Engine/EngineMaterials/Substrate/Glints2/dict_0006_0232" 7176
"/Engine/EngineMaterials/Substrate/Glints2/dict_0006_0233" 7177
"/Engine/EngineMaterials/Substrate/Glints2/dict_0006_0234" 7178
"/Engine/EngineMaterials/Substrate/Glints2/dict_0006_0235" 7179
"/Engine/EngineMaterials/Substrate/Glints2/dict_0006_0236" 7180
"/Engine/EngineMaterials/Substrate/Glints2/dict_0006_0237" 7181
"/Engine/EngineMaterials/Substrate/Glints2/dict_0006_0238" 7182
"/Engine/EngineMaterials/Substrate/Glints2/dict_0006_0239" 7183
"/Engine/EngineMaterials/Substrate/Glints2/dict_0006_0240" 7184
"/Engine/EngineMaterials/Substrate/Glints2/dict_0006_0241" 7185
"/Engine/EngineMaterials/Substrate/Glints2/dict_0006_0242" 7186
"/Engine/EngineMaterials/Substrate/Glints2/dict_0006_0243" 7187
"/Engine/EngineMaterials/Substrate/Glints2/dict_0006_0244" 7188
"/Engine/EngineMaterials/Substrate/Glints2/dict_0006_0245" 7189
"/Engine/EngineMaterials/Substrate/Glints2/dict_0006_0246" 7190
"/Engine/EngineMaterials/Substrate/Glints2/dict_0006_0247" 7191
"/Engine/EngineMaterials/Substrate/Glints2/dict_0006_0248" 7192
"/Engine/EngineMaterials/Substrate/Glints2/dict_0006_0249" 7193
"/Engine/EngineMaterials/Substrate/Glints2/dict_0006_0250" 7194
"/Engine/EngineMaterials/Substrate/Glints2/dict_0006_0251" 7195
"/Engine/EngineMaterials/Substrate/Glints2/dict_0006_0252" 7196
"/Engine/EngineMaterials/Substrate/Glints2/dict_0006_0221" 7197
"../../../Engine/Content/EngineMaterials/Substrate/Glints2/dict_0006_0219.uasset" 7198
"../../../Engine/Content/EngineMaterials/Substrate/Glints2/dict_0006_0220.uasset" 7199
"../../../Engine/Content/EngineMaterials/Substrate/Glints2/dict_0006_0218.uasset" 7200
"../../../Engine/Content/EngineMaterials/Substrate/Glints2/dict_0006_0217.uasset" 7201
"/Engine/EngineMaterials/Substrate/Glints2/dict_0006_0222" 7202
"../../../Engine/Content/EngineMaterials/Substrate/Glints2/dict_0006_0216.uasset" 7203
"../../../Engine/Content/EngineMaterials/Substrate/Glints2/dict_0006_0215.uasset" 7204
"../../../Engine/Content/EngineMaterials/Substrate/Glints2/dict_0006_0214.uasset" 7205
"../../../Engine/Content/EngineMaterials/Substrate/Glints2/dict_0006_0213.uasset" 7206
"../../../Engine/Content/EngineMaterials/Substrate/Glints2/dict_0006_0212.uasset" 7207
"../../../Engine/Content/EngineMaterials/Substrate/Glints2/dict_0006_0211.uasset" 7208
"../../../Engine/Content/EngineMaterials/Substrate/Glints2/dict_0006_0210.uasset" 7209
"/Engine/EngineMaterials/Substrate/Glints2/dict_0006_0223" 7210
"../../../Engine/Content/EngineMaterials/Substrate/Glints2/dict_0006_0209.uasset" 7211
"../../../Engine/Content/EngineMaterials/Substrate/Glints2/dict_0006_0208.uasset" 7212
"../../../Engine/Content/EngineMaterials/Substrate/Glints2/dict_0006_0207.uasset" 7213
"../../../Engine/Content/EngineMaterials/Substrate/Glints2/dict_0006_0206.uasset" 7214
"../../../Engine/Content/EngineMaterials/Substrate/Glints2/dict_0006_0205.uasset" 7215
"../../../Engine/Content/EngineMaterials/Substrate/Glints2/dict_0006_0204.uasset" 7216
"/Engine/EngineMaterials/Substrate/Glints2/dict_0006_0224" 7217
"../../../Engine/Content/EngineMaterials/Substrate/Glints2/dict_0006_0202.uasset" 7218
"../../../Engine/Content/EngineMaterials/Substrate/Glints2/dict_0006_0203.uasset" 7219
"../../../Engine/Content/EngineMaterials/Substrate/Glints2/dict_0006_0201.uasset" 7220
"../../../Engine/Content/EngineMaterials/Substrate/Glints2/dict_0006_0200.uasset" 7221
"/Engine/EngineMaterials/Substrate/Glints2/dict_0006_0225" 7222
"../../../Engine/Content/EngineMaterials/Substrate/Glints2/dict_0006_0198.uasset" 7223
"../../../Engine/Content/EngineMaterials/Substrate/Glints2/dict_0006_0199.uasset" 7224
"../../../Engine/Content/EngineMaterials/Substrate/Glints2/dict_0006_0196.uasset" 7225
"../../../Engine/Content/EngineMaterials/Substrate/Glints2/dict_0006_0197.uasset" 7226
"/Engine/EngineMaterials/Substrate/Glints2/dict_0006_0226" 7227
"/Engine/EngineMaterials/Substrate/Glints2/dict_0006_0227" 7228
"../../../Engine/Content/EngineMaterials/Substrate/Glints2/dict_0006_0194.uasset" 7229
"../../../Engine/Content/EngineMaterials/Substrate/Glints2/dict_0006_0195.uasset" 7230
"/Engine/EngineMaterials/Substrate/Glints2/dict_0006_0196" 7231
"../../../Engine/Content/EngineMaterials/Substrate/Glints2/dict_0006_0193.uasset" 7232
"../../../Engine/Content/EngineMaterials/Substrate/Glints2/dict_0006_0192.uasset" 7233
"../../../Engine/Content/EngineMaterials/Substrate/Glints2/dict_0006_0191.uasset" 7234
"../../../Engine/Content/EngineMaterials/Substrate/Glints2/dict_0006_0190.uasset" 7235
"/Engine/EngineMaterials/Substrate/Glints2/dict_0006_0197" 7236
"../../../Engine/Content/EngineMaterials/Substrate/Glints2/dict_0006_0189.uasset" 7237
"/Engine/EngineMaterials/Substrate/Glints2/dict_0006_0198" 7238
"/Engine/EngineMaterials/Substrate/Glints2/dict_0006_0199" 7239
"/Engine/EngineMaterials/Substrate/Glints2/dict_0006_0200" 7240
"/Engine/EngineMaterials/Substrate/Glints2/dict_0006_0201" 7241
"/Engine/EngineMaterials/Substrate/Glints2/dict_0006_0202" 7242
"/Engine/EngineMaterials/Substrate/Glints2/dict_0006_0203" 7243
"/Engine/EngineMaterials/Substrate/Glints2/dict_0006_0204" 7244
"/Engine/EngineMaterials/Substrate/Glints2/dict_0006_0205" 7245
"/Engine/EngineMaterials/Substrate/Glints2/dict_0006_0206" 7246
"/Engine/EngineMaterials/Substrate/Glints2/dict_0006_0207" 7247
"/Engine/EngineMaterials/Substrate/Glints2/dict_0006_0208" 7248
"/Engine/EngineMaterials/Substrate/Glints2/dict_0006_0209" 7249
"/Engine/EngineMaterials/Substrate/Glints2/dict_0006_0210" 7250
"/Engine/EngineMaterials/Substrate/Glints2/dict_0006_0211" 7251
"/Engine/EngineMaterials/Substrate/Glints2/dict_0006_0212" 7252
"/Engine/EngineMaterials/Substrate/Glints2/dict_0006_0213" 7253
"/Engine/EngineMaterials/Substrate/Glints2/dict_0006_0214" 7254
"/Engine/EngineMaterials/Substrate/Glints2/dict_0006_0215" 7255
"/Engine/EngineMaterials/Substrate/Glints2/dict_0006_0216" 7256
"/Engine/EngineMaterials/Substrate/Glints2/dict_0006_0217" 7257
"/Engine/EngineMaterials/Substrate/Glints2/dict_0006_0218" 7258
"/Engine/EngineMaterials/Substrate/Glints2/dict_0006_0219" 7259
"/Engine/EngineMaterials/Substrate/Glints2/dict_0006_0220" 7260
"/Engine/EngineMaterials/Substrate/Glints2/dict_0006_0189" 7261
"../../../Engine/Content/EngineMaterials/Substrate/Glints2/dict_0006_0188.uasset" 7262
"../../../Engine/Content/EngineMaterials/Substrate/Glints2/dict_0006_0187.uasset" 7263
"../../../Engine/Content/EngineMaterials/Substrate/Glints2/dict_0006_0186.uasset" 7264
"/Engine/EngineMaterials/Substrate/Glints2/dict_0006_0190" 7265
"../../../Engine/Content/EngineMaterials/Substrate/Glints2/dict_0006_0185.uasset" 7266
"../../../Engine/Content/EngineMaterials/Substrate/Glints2/dict_0006_0184.uasset" 7267
"../../../Engine/Content/EngineMaterials/Substrate/Glints2/dict_0006_0183.uasset" 7268
"../../../Engine/Content/EngineMaterials/Substrate/Glints2/dict_0006_0182.uasset" 7269
"/Engine/EngineMaterials/Substrate/Glints2/dict_0006_0191" 7270
"../../../Engine/Content/EngineMaterials/Substrate/Glints2/dict_0006_0181.uasset" 7271
"../../../Engine/Content/EngineMaterials/Substrate/Glints2/dict_0006_0180.uasset" 7272
"../../../Engine/Content/EngineMaterials/Substrate/Glints2/dict_0006_0179.uasset" 7273
"../../../Engine/Content/EngineMaterials/Substrate/Glints2/dict_0006_0178.uasset" 7274
"../../../Engine/Content/EngineMaterials/Substrate/Glints2/dict_0006_0177.uasset" 7275
"../../../Engine/Content/EngineMaterials/Substrate/Glints2/dict_0006_0176.uasset" 7276
"/Engine/EngineMaterials/Substrate/Glints2/dict_0006_0192" 7277
"../../../Engine/Content/EngineMaterials/Substrate/Glints2/dict_0006_0175.uasset" 7278
"../../../Engine/Content/EngineMaterials/Substrate/Glints2/dict_0006_0174.uasset" 7279
"../../../Engine/Content/EngineMaterials/Substrate/Glints2/dict_0006_0173.uasset" 7280
"../../../Engine/Content/EngineMaterials/Substrate/Glints2/dict_0006_0172.uasset" 7281
"/Engine/EngineMaterials/Substrate/Glints2/dict_0006_0193" 7282
"../../../Engine/Content/EngineMaterials/Substrate/Glints2/dict_0006_0171.uasset" 7283
"../../../Engine/Content/EngineMaterials/Substrate/Glints2/dict_0006_0170.uasset" 7284
"../../../Engine/Content/EngineMaterials/Substrate/Glints2/dict_0006_0169.uasset" 7285
"../../../Engine/Content/EngineMaterials/Substrate/Glints2/dict_0006_0168.uasset" 7286
"../../../Engine/Content/EngineMaterials/Substrate/Glints2/dict_0006_0167.uasset" 7287
"/Engine/EngineMaterials/Substrate/Glints2/dict_0006_0194" 7288
"../../../Engine/Content/EngineMaterials/Substrate/Glints2/dict_0006_0166.uasset" 7289
"../../../Engine/Content/EngineMaterials/Substrate/Glints2/dict_0006_0165.uasset" 7290
"../../../Engine/Content/EngineMaterials/Substrate/Glints2/dict_0006_0164.uasset" 7291
"/Engine/EngineMaterials/Substrate/Glints2/dict_0006_0195" 7292
"../../../Engine/Content/EngineMaterials/Substrate/Glints2/dict_0006_0163.uasset" 7293
"/Engine/EngineMaterials/Substrate/Glints2/dict_0006_0164" 7294
"../../../Engine/Content/EngineMaterials/Substrate/Glints2/dict_0006_0162.uasset" 7295
"../../../Engine/Content/EngineMaterials/Substrate/Glints2/dict_0006_0161.uasset" 7296
"../../../Engine/Content/EngineMaterials/Substrate/Glints2/dict_0006_0160.uasset" 7297
"/Engine/EngineMaterials/Substrate/Glints2/dict_0006_0165" 7298
"../../../Engine/Content/EngineMaterials/Substrate/Glints2/dict_0006_0159.uasset" 7299
"../../../Engine/Content/EngineMaterials/Substrate/Glints2/dict_0006_0158.uasset" 7300
"../../../Engine/Content/EngineMaterials/Substrate/Glints2/dict_0006_0157.uasset" 7301
"/Engine/EngineMaterials/Substrate/Glints2/dict_0006_0166" 7302
"/Engine/EngineMaterials/Substrate/Glints2/dict_0006_0167" 7303
"/Engine/EngineMaterials/Substrate/Glints2/dict_0006_0168" 7304
"/Engine/EngineMaterials/Substrate/Glints2/dict_0006_0169" 7305
"/Engine/EngineMaterials/Substrate/Glints2/dict_0006_0170" 7306
"/Engine/EngineMaterials/Substrate/Glints2/dict_0006_0171" 7307
"/Engine/EngineMaterials/Substrate/Glints2/dict_0006_0172" 7308
"/Engine/EngineMaterials/Substrate/Glints2/dict_0006_0173" 7309
"/Engine/EngineMaterials/Substrate/Glints2/dict_0006_0174" 7310
"/Engine/EngineMaterials/Substrate/Glints2/dict_0006_0175" 7311
"/Engine/EngineMaterials/Substrate/Glints2/dict_0006_0176" 7312
"/Engine/EngineMaterials/Substrate/Glints2/dict_0006_0177" 7313
"/Engine/EngineMaterials/Substrate/Glints2/dict_0006_0178" 7314
"/Engine/EngineMaterials/Substrate/Glints2/dict_0006_0179" 7315
"/Engine/EngineMaterials/Substrate/Glints2/dict_0006_0180" 7316
"/Engine/EngineMaterials/Substrate/Glints2/dict_0006_0181" 7317
"/Engine/EngineMaterials/Substrate/Glints2/dict_0006_0182" 7318
"/Engine/EngineMaterials/Substrate/Glints2/dict_0006_0183" 7319
"/Engine/EngineMaterials/Substrate/Glints2/dict_0006_0184" 7320
"/Engine/EngineMaterials/Substrate/Glints2/dict_0006_0185" 7321
"/Engine/EngineMaterials/Substrate/Glints2/dict_0006_0186" 7322
"/Engine/EngineMaterials/Substrate/Glints2/dict_0006_0187" 7323
"/Engine/EngineMaterials/Substrate/Glints2/dict_0006_0188" 7324
"../../../Engine/Content/EngineMaterials/Substrate/Glints2/dict_0006_0156.uasset" 7325
"../../../Engine/Content/EngineMaterials/Substrate/Glints2/dict_0006_0155.uasset" 7326
"/Engine/EngineMaterials/Substrate/Glints2/dict_0006_0157" 7327
"../../../Engine/Content/EngineMaterials/Substrate/Glints2/dict_0006_0154.uasset" 7328
"../../../Engine/Content/EngineMaterials/Substrate/Glints2/dict_0006_0153.uasset" 7329
"../../../Engine/Content/EngineMaterials/Substrate/Glints2/dict_0006_0152.uasset" 7330
"../../../Engine/Content/EngineMaterials/Substrate/Glints2/dict_0006_0151.uasset" 7331
"/Engine/EngineMaterials/Substrate/Glints2/dict_0006_0158" 7332
"../../../Engine/Content/EngineMaterials/Substrate/Glints2/dict_0006_0150.uasset" 7333
"../../../Engine/Content/EngineMaterials/Substrate/Glints2/dict_0006_0149.uasset" 7334
"../../../Engine/Content/EngineMaterials/Substrate/Glints2/dict_0006_0148.uasset" 7335
"../../../Engine/Content/EngineMaterials/Substrate/Glints2/dict_0006_0147.uasset" 7336
"/Engine/EngineMaterials/Substrate/Glints2/dict_0006_0159" 7337
"../../../Engine/Content/EngineMaterials/Substrate/Glints2/dict_0006_0146.uasset" 7338
"../../../Engine/Content/EngineMaterials/Substrate/Glints2/dict_0006_0145.uasset" 7339
"../../../Engine/Content/EngineMaterials/Substrate/Glints2/dict_0006_0144.uasset" 7340
"../../../Engine/Content/EngineMaterials/Substrate/Glints2/dict_0006_0143.uasset" 7341
"../../../Engine/Content/EngineMaterials/Substrate/Glints2/dict_0006_0142.uasset" 7342
"../../../Engine/Content/EngineMaterials/Substrate/Glints2/dict_0006_0141.uasset" 7343
"/Engine/EngineMaterials/Substrate/Glints2/dict_0006_0160" 7344
"../../../Engine/Content/EngineMaterials/Substrate/Glints2/dict_0006_0140.uasset" 7345
"../../../Engine/Content/EngineMaterials/Substrate/Glints2/dict_0006_0139.uasset" 7346
"../../../Engine/Content/EngineMaterials/Substrate/Glints2/dict_0006_0138.uasset" 7347
"../../../Engine/Content/EngineMaterials/Substrate/Glints2/dict_0006_0137.uasset" 7348
"../../../Engine/Content/EngineMaterials/Substrate/Glints2/dict_0006_0136.uasset" 7349
"/Engine/EngineMaterials/Substrate/Glints2/dict_0006_0161" 7350
"../../../Engine/Content/EngineMaterials/Substrate/Glints2/dict_0006_0135.uasset" 7351
"../../../Engine/Content/EngineMaterials/Substrate/Glints2/dict_0006_0134.uasset" 7352
"../../../Engine/Content/EngineMaterials/Substrate/Glints2/dict_0006_0133.uasset" 7353
"../../../Engine/Content/EngineMaterials/Substrate/Glints2/dict_0006_0132.uasset" 7354
"/Engine/EngineMaterials/Substrate/Glints2/dict_0006_0162" 7355
"/Engine/EngineMaterials/Substrate/Glints2/dict_0006_0163" 7356
"../../../Engine/Content/EngineMaterials/Substrate/Glints2/dict_0006_0131.uasset" 7357
"/Engine/EngineMaterials/Substrate/Glints2/dict_0006_0132" 7358
"../../../Engine/Content/EngineMaterials/Substrate/Glints2/dict_0006_0130.uasset" 7359
"../../../Engine/Content/EngineMaterials/Substrate/Glints2/dict_0006_0129.uasset" 7360
"/Engine/EngineMaterials/Substrate/Glints2/dict_0006_0133" 7361
"/Engine/EngineMaterials/Substrate/Glints2/dict_0006_0134" 7362
"../../../Engine/Content/EngineMaterials/Substrate/Glints2/dict_0006_0128.uasset" 7363
"/Engine/EngineMaterials/Substrate/Glints2/dict_0006_0135" 7364
"../../../Engine/Content/EngineMaterials/Substrate/Glints2/dict_0006_0127.uasset" 7365
"../../../Engine/Content/EngineMaterials/Substrate/Glints2/dict_0006_0126.uasset" 7366
"../../../Engine/Content/EngineMaterials/Substrate/Glints2/dict_0006_0125.uasset" 7367
"/Engine/EngineMaterials/Substrate/Glints2/dict_0006_0136" 7368
"/Engine/EngineMaterials/Substrate/Glints2/dict_0006_0137" 7369
"/Engine/EngineMaterials/Substrate/Glints2/dict_0006_0138" 7370
"/Engine/EngineMaterials/Substrate/Glints2/dict_0006_0139" 7371
"/Engine/EngineMaterials/Substrate/Glints2/dict_0006_0140" 7372
"/Engine/EngineMaterials/Substrate/Glints2/dict_0006_0141" 7373
"/Engine/EngineMaterials/Substrate/Glints2/dict_0006_0142" 7374
"/Engine/EngineMaterials/Substrate/Glints2/dict_0006_0143" 7375
"/Engine/EngineMaterials/Substrate/Glints2/dict_0006_0144" 7376
"/Engine/EngineMaterials/Substrate/Glints2/dict_0006_0145" 7377
"/Engine/EngineMaterials/Substrate/Glints2/dict_0006_0146" 7378
"/Engine/EngineMaterials/Substrate/Glints2/dict_0006_0147" 7379
"/Engine/EngineMaterials/Substrate/Glints2/dict_0006_0148" 7380
"/Engine/EngineMaterials/Substrate/Glints2/dict_0006_0149" 7381
"/Engine/EngineMaterials/Substrate/Glints2/dict_0006_0150" 7382
"/Engine/EngineMaterials/Substrate/Glints2/dict_0006_0151" 7383
"/Engine/EngineMaterials/Substrate/Glints2/dict_0006_0152" 7384
"/Engine/EngineMaterials/Substrate/Glints2/dict_0006_0153" 7385
"/Engine/EngineMaterials/Substrate/Glints2/dict_0006_0154" 7386
"/Engine/EngineMaterials/Substrate/Glints2/dict_0006_0155" 7387
"/Engine/EngineMaterials/Substrate/Glints2/dict_0006_0156" 7388
"../../../Engine/Content/EngineMaterials/Substrate/Glints2/dict_0006_0124.uasset" 7389
"../../../Engine/Content/EngineMaterials/Substrate/Glints2/dict_0006_0123.uasset" 7390
"/Engine/EngineMaterials/Substrate/Glints2/dict_0006_0125" 7391
"../../../Engine/Content/EngineMaterials/Substrate/Glints2/dict_0006_0122.uasset" 7392
"../../../Engine/Content/EngineMaterials/Substrate/Glints2/dict_0006_0121.uasset" 7393
"../../../Engine/Content/EngineMaterials/Substrate/Glints2/dict_0006_0120.uasset" 7394
"../../../Engine/Content/EngineMaterials/Substrate/Glints2/dict_0006_0119.uasset" 7395
"/Engine/EngineMaterials/Substrate/Glints2/dict_0006_0126" 7396
"../../../Engine/Content/EngineMaterials/Substrate/Glints2/dict_0006_0118.uasset" 7397
"../../../Engine/Content/EngineMaterials/Substrate/Glints2/dict_0006_0117.uasset" 7398
"../../../Engine/Content/EngineMaterials/Substrate/Glints2/dict_0006_0116.uasset" 7399
"../../../Engine/Content/EngineMaterials/Substrate/Glints2/dict_0006_0115.uasset" 7400
"/Engine/EngineMaterials/Substrate/Glints2/dict_0006_0127" 7401
"../../../Engine/Content/EngineMaterials/Substrate/Glints2/dict_0006_0114.uasset" 7402
"../../../Engine/Content/EngineMaterials/Substrate/Glints2/dict_0006_0113.uasset" 7403
"../../../Engine/Content/EngineMaterials/Substrate/Glints2/dict_0006_0112.uasset" 7404
"../../../Engine/Content/EngineMaterials/Substrate/Glints2/dict_0006_0111.uasset" 7405
"/Engine/EngineMaterials/Substrate/Glints2/dict_0006_0128" 7406
"../../../Engine/Content/EngineMaterials/Substrate/Glints2/dict_0006_0110.uasset" 7407
"../../../Engine/Content/EngineMaterials/Substrate/Glints2/dict_0006_0109.uasset" 7408
"../../../Engine/Content/EngineMaterials/Substrate/Glints2/dict_0006_0108.uasset" 7409
"../../../Engine/Content/EngineMaterials/Substrate/Glints2/dict_0006_0107.uasset" 7410
"../../../Engine/Content/EngineMaterials/Substrate/Glints2/dict_0006_0106.uasset" 7411
"/Engine/EngineMaterials/Substrate/Glints2/dict_0006_0129" 7412
"../../../Engine/Content/EngineMaterials/Substrate/Glints2/dict_0006_0105.uasset" 7413
"../../../Engine/Content/EngineMaterials/Substrate/Glints2/dict_0006_0104.uasset" 7414
"../../../Engine/Content/EngineMaterials/Substrate/Glints2/dict_0006_0103.uasset" 7415
"../../../Engine/Content/EngineMaterials/Substrate/Glints2/dict_0006_0102.uasset" 7416
"../../../Engine/Content/EngineMaterials/Substrate/Glints2/dict_0006_0101.uasset" 7417
"../../../Engine/Content/EngineMaterials/Substrate/Glints2/dict_0006_0100.uasset" 7418
"/Engine/EngineMaterials/Substrate/Glints2/dict_0006_0130" 7419
"/Engine/EngineMaterials/Substrate/Glints2/dict_0006_0131" 7420
"../../../Engine/Content/EngineMaterials/Substrate/Glints2/dict_0006_0098.uasset" 7421
"/Engine/EngineMaterials/Substrate/Glints2/dict_0006_0100" 7422
"../../../Engine/Content/EngineMaterials/Substrate/Glints2/dict_0006_0099.uasset" 7423
"../../../Engine/Content/EngineMaterials/Substrate/Glints2/dict_0006_0097.uasset" 7424
"../../../Engine/Content/EngineMaterials/Substrate/Glints2/dict_0006_0096.uasset" 7425
"../../../Engine/Content/EngineMaterials/Substrate/Glints2/dict_0006_0095.uasset" 7426
"../../../Engine/Content/EngineMaterials/Substrate/Glints2/dict_0006_0094.uasset" 7427
"../../../Engine/Content/EngineMaterials/Substrate/Glints2/dict_0006_0093.uasset" 7428
"/Engine/EngineMaterials/Substrate/Glints2/dict_0006_0101" 7429
"/Engine/EngineMaterials/Substrate/Glints2/dict_0006_0102" 7430
"/Engine/EngineMaterials/Substrate/Glints2/dict_0006_0103" 7431
"/Engine/EngineMaterials/Substrate/Glints2/dict_0006_0104" 7432
"/Engine/EngineMaterials/Substrate/Glints2/dict_0006_0105" 7433
"/Engine/EngineMaterials/Substrate/Glints2/dict_0006_0106" 7434
"/Engine/EngineMaterials/Substrate/Glints2/dict_0006_0107" 7435
"/Engine/EngineMaterials/Substrate/Glints2/dict_0006_0108" 7436
"/Engine/EngineMaterials/Substrate/Glints2/dict_0006_0109" 7437
"/Engine/EngineMaterials/Substrate/Glints2/dict_0006_0110" 7438
"/Engine/EngineMaterials/Substrate/Glints2/dict_0006_0111" 7439
"/Engine/EngineMaterials/Substrate/Glints2/dict_0006_0112" 7440
"/Engine/EngineMaterials/Substrate/Glints2/dict_0006_0113" 7441
"/Engine/EngineMaterials/Substrate/Glints2/dict_0006_0114" 7442
"/Engine/EngineMaterials/Substrate/Glints2/dict_0006_0115" 7443
"/Engine/EngineMaterials/Substrate/Glints2/dict_0006_0116" 7444
"/Engine/EngineMaterials/Substrate/Glints2/dict_0006_0117" 7445
"/Engine/EngineMaterials/Substrate/Glints2/dict_0006_0118" 7446
"/Engine/EngineMaterials/Substrate/Glints2/dict_0006_0119" 7447
"/Engine/EngineMaterials/Substrate/Glints2/dict_0006_0120" 7448
"/Engine/EngineMaterials/Substrate/Glints2/dict_0006_0121" 7449
"/Engine/EngineMaterials/Substrate/Glints2/dict_0006_0122" 7450
"/Engine/EngineMaterials/Substrate/Glints2/dict_0006_0123" 7451
"/Engine/EngineMaterials/Substrate/Glints2/dict_0006_0124" 7452
"../../../Engine/Content/EngineMaterials/Substrate/Glints2/dict_0006_0092.uasset" 7453
"/Engine/EngineMaterials/Substrate/Glints2/dict_0006_0093" 7454
"../../../Engine/Content/EngineMaterials/Substrate/Glints2/dict_0006_0091.uasset" 7455
"../../../Engine/Content/EngineMaterials/Substrate/Glints2/dict_0006_0090.uasset" 7456
"../../../Engine/Content/EngineMaterials/Substrate/Glints2/dict_0006_0089.uasset" 7457
"../../../Engine/Content/EngineMaterials/Substrate/Glints2/dict_0006_0088.uasset" 7458
"../../../Engine/Content/EngineMaterials/Substrate/Glints2/dict_0006_0087.uasset" 7459
"../../../Engine/Content/EngineMaterials/Substrate/Glints2/dict_0006_0086.uasset" 7460
"/Engine/EngineMaterials/Substrate/Glints2/dict_0006_0094" 7461
"../../../Engine/Content/EngineMaterials/Substrate/Glints2/dict_0006_0085.uasset" 7462
"../../../Engine/Content/EngineMaterials/Substrate/Glints2/dict_0006_0084.uasset" 7463
"../../../Engine/Content/EngineMaterials/Substrate/Glints2/dict_0006_0083.uasset" 7464
"../../../Engine/Content/EngineMaterials/Substrate/Glints2/dict_0006_0082.uasset" 7465
"/Engine/EngineMaterials/Substrate/Glints2/dict_0006_0095" 7466
"../../../Engine/Content/EngineMaterials/Substrate/Glints2/dict_0006_0081.uasset" 7467
"../../../Engine/Content/EngineMaterials/Substrate/Glints2/dict_0006_0080.uasset" 7468
"../../../Engine/Content/EngineMaterials/Substrate/Glints2/dict_0006_0079.uasset" 7469
"../../../Engine/Content/EngineMaterials/Substrate/Glints2/dict_0006_0078.uasset" 7470
"../../../Engine/Content/EngineMaterials/Substrate/Glints2/dict_0006_0077.uasset" 7471
"../../../Engine/Content/EngineMaterials/Substrate/Glints2/dict_0006_0076.uasset" 7472
"/Engine/EngineMaterials/Substrate/Glints2/dict_0006_0096" 7473
"../../../Engine/Content/EngineMaterials/Substrate/Glints2/dict_0006_0075.uasset" 7474
"../../../Engine/Content/EngineMaterials/Substrate/Glints2/dict_0006_0074.uasset" 7475
"../../../Engine/Content/EngineMaterials/Substrate/Glints2/dict_0006_0073.uasset" 7476
"../../../Engine/Content/EngineMaterials/Substrate/Glints2/dict_0006_0072.uasset" 7477
"/Engine/EngineMaterials/Substrate/Glints2/dict_0006_0097" 7478
"../../../Engine/Content/EngineMaterials/Substrate/Glints2/dict_0006_0071.uasset" 7479
"../../../Engine/Content/EngineMaterials/Substrate/Glints2/dict_0006_0070.uasset" 7480
"../../../Engine/Content/EngineMaterials/Substrate/Glints2/dict_0006_0069.uasset" 7481
"../../../Engine/Content/EngineMaterials/Substrate/Glints2/dict_0006_0068.uasset" 7482
"/Engine/EngineMaterials/Substrate/Glints2/dict_0006_0098" 7483
"/Engine/EngineMaterials/Substrate/Glints2/dict_0006_0099" 7484
"/Engine/EngineMaterials/Substrate/Glints2/dict_0006_0068" 7485
"../../../Engine/Content/EngineMaterials/Substrate/Glints2/dict_0006_0066.uasset" 7486
"../../../Engine/Content/EngineMaterials/Substrate/Glints2/dict_0006_0067.uasset" 7487
"../../../Engine/Content/EngineMaterials/Substrate/Glints2/dict_0006_0065.uasset" 7488
"../../../Engine/Content/EngineMaterials/Substrate/Glints2/dict_0006_0064.uasset" 7489
"../../../Engine/Content/EngineMaterials/Substrate/Glints2/dict_0006_0063.uasset" 7490
"/Engine/EngineMaterials/Substrate/Glints2/dict_0006_0069" 7491
"../../../Engine/Content/EngineMaterials/Substrate/Glints2/dict_0006_0061.uasset" 7492
"../../../Engine/Content/EngineMaterials/Substrate/Glints2/dict_0006_0062.uasset" 7493
"/Engine/EngineMaterials/Substrate/Glints2/dict_0006_0070" 7494
"/Engine/EngineMaterials/Substrate/Glints2/dict_0006_0071" 7495
"/Engine/EngineMaterials/Substrate/Glints2/dict_0006_0072" 7496
"/Engine/EngineMaterials/Substrate/Glints2/dict_0006_0073" 7497
"/Engine/EngineMaterials/Substrate/Glints2/dict_0006_0074" 7498
"/Engine/EngineMaterials/Substrate/Glints2/dict_0006_0075" 7499
"/Engine/EngineMaterials/Substrate/Glints2/dict_0006_0076" 7500
"/Engine/EngineMaterials/Substrate/Glints2/dict_0006_0077" 7501
"/Engine/EngineMaterials/Substrate/Glints2/dict_0006_0078" 7502
"/Engine/EngineMaterials/Substrate/Glints2/dict_0006_0079" 7503
"/Engine/EngineMaterials/Substrate/Glints2/dict_0006_0080" 7504
"/Engine/EngineMaterials/Substrate/Glints2/dict_0006_0081" 7505
"/Engine/EngineMaterials/Substrate/Glints2/dict_0006_0082" 7506
"/Engine/EngineMaterials/Substrate/Glints2/dict_0006_0083" 7507
"/Engine/EngineMaterials/Substrate/Glints2/dict_0006_0084" 7508
"/Engine/EngineMaterials/Substrate/Glints2/dict_0006_0085" 7509
"/Engine/EngineMaterials/Substrate/Glints2/dict_0006_0086" 7510
"/Engine/EngineMaterials/Substrate/Glints2/dict_0006_0087" 7511
"/Engine/EngineMaterials/Substrate/Glints2/dict_0006_0088" 7512
"/Engine/EngineMaterials/Substrate/Glints2/dict_0006_0089" 7513
"/Engine/EngineMaterials/Substrate/Glints2/dict_0006_0090" 7514
"/Engine/EngineMaterials/Substrate/Glints2/dict_0006_0091" 7515
"/Engine/EngineMaterials/Substrate/Glints2/dict_0006_0092" 7516
"/Engine/EngineMaterials/Substrate/Glints2/dict_0006_0061" 7517
"../../../Engine/Content/EngineMaterials/Substrate/Glints2/dict_0006_0060.uasset" 7518
"../../../Engine/Content/EngineMaterials/Substrate/Glints2/dict_0006_0059.uasset" 7519
"../../../Engine/Content/EngineMaterials/Substrate/Glints2/dict_0006_0058.uasset" 7520
"../../../Engine/Content/EngineMaterials/Substrate/Glints2/dict_0006_0057.uasset" 7521
"../../../Engine/Content/EngineMaterials/Substrate/Glints2/dict_0006_0056.uasset" 7522
"../../../Engine/Content/EngineMaterials/Substrate/Glints2/dict_0006_0055.uasset" 7523
"/Engine/EngineMaterials/Substrate/Glints2/dict_0006_0062" 7524
"../../../Engine/Content/EngineMaterials/Substrate/Glints2/dict_0006_0054.uasset" 7525
"../../../Engine/Content/EngineMaterials/Substrate/Glints2/dict_0006_0053.uasset" 7526
"../../../Engine/Content/EngineMaterials/Substrate/Glints2/dict_0006_0052.uasset" 7527
"../../../Engine/Content/EngineMaterials/Substrate/Glints2/dict_0006_0051.uasset" 7528
"/Engine/EngineMaterials/Substrate/Glints2/dict_0006_0063" 7529
"../../../Engine/Content/EngineMaterials/Substrate/Glints2/dict_0006_0050.uasset" 7530
"../../../Engine/Content/EngineMaterials/Substrate/Glints2/dict_0006_0049.uasset" 7531
"../../../Engine/Content/EngineMaterials/Substrate/Glints2/dict_0006_0048.uasset" 7532
"../../../Engine/Content/EngineMaterials/Substrate/Glints2/dict_0006_0047.uasset" 7533
"/Engine/EngineMaterials/Substrate/Glints2/dict_0006_0064" 7534
"../../../Engine/Content/EngineMaterials/Substrate/Glints2/dict_0006_0046.uasset" 7535
"../../../Engine/Content/EngineMaterials/Substrate/Glints2/dict_0006_0045.uasset" 7536
"../../../Engine/Content/EngineMaterials/Substrate/Glints2/dict_0006_0044.uasset" 7537
"../../../Engine/Content/EngineMaterials/Substrate/Glints2/dict_0006_0043.uasset" 7538
"/Engine/EngineMaterials/Substrate/Glints2/dict_0006_0065" 7539
"../../../Engine/Content/EngineMaterials/Substrate/Glints2/dict_0006_0042.uasset" 7540
"../../../Engine/Content/EngineMaterials/Substrate/Glints2/dict_0006_0041.uasset" 7541
"../../../Engine/Content/EngineMaterials/Substrate/Glints2/dict_0006_0040.uasset" 7542
"../../../Engine/Content/EngineMaterials/Substrate/Glints2/dict_0006_0039.uasset" 7543
"../../../Engine/Content/EngineMaterials/Substrate/Glints2/dict_0006_0038.uasset" 7544
"../../../Engine/Content/EngineMaterials/Substrate/Glints2/dict_0006_0037.uasset" 7545
"/Engine/EngineMaterials/Substrate/Glints2/dict_0006_0066" 7546
"../../../Engine/Content/EngineMaterials/Substrate/Glints2/dict_0006_0036.uasset" 7547
"/Engine/EngineMaterials/Substrate/Glints2/dict_0006_0067" 7548
"../../../Engine/Content/EngineMaterials/Substrate/Glints2/dict_0006_0035.uasset" 7549
"../../../Engine/Content/EngineMaterials/Substrate/Glints2/dict_0006_0034.uasset" 7550
"/Engine/EngineMaterials/Substrate/Glints2/dict_0006_0036" 7551
"../../../Engine/Content/EngineMaterials/Substrate/Glints2/dict_0006_0032.uasset" 7552
"../../../Engine/Content/EngineMaterials/Substrate/Glints2/dict_0006_0033.uasset" 7553
"/Engine/EngineMaterials/Substrate/Glints2/dict_0006_0037" 7554
"../../../Engine/Content/EngineMaterials/Substrate/Glints2/dict_0006_0031.uasset" 7555
"../../../Engine/Content/EngineMaterials/Substrate/Glints2/dict_0006_0030.uasset" 7556
"../../../Engine/Content/EngineMaterials/Substrate/Glints2/dict_0006_0029.uasset" 7557
"/Engine/EngineMaterials/Substrate/Glints2/dict_0006_0038" 7558
"/Engine/EngineMaterials/Substrate/Glints2/dict_0006_0039" 7559
"/Engine/EngineMaterials/Substrate/Glints2/dict_0006_0040" 7560
"/Engine/EngineMaterials/Substrate/Glints2/dict_0006_0041" 7561
"/Engine/EngineMaterials/Substrate/Glints2/dict_0006_0042" 7562
"/Engine/EngineMaterials/Substrate/Glints2/dict_0006_0043" 7563
"/Engine/EngineMaterials/Substrate/Glints2/dict_0006_0044" 7564
"/Engine/EngineMaterials/Substrate/Glints2/dict_0006_0045" 7565
"/Engine/EngineMaterials/Substrate/Glints2/dict_0006_0046" 7566
"/Engine/EngineMaterials/Substrate/Glints2/dict_0006_0047" 7567
"/Engine/EngineMaterials/Substrate/Glints2/dict_0006_0048" 7568
"/Engine/EngineMaterials/Substrate/Glints2/dict_0006_0049" 7569
"/Engine/EngineMaterials/Substrate/Glints2/dict_0006_0050" 7570
"/Engine/EngineMaterials/Substrate/Glints2/dict_0006_0051" 7571
"/Engine/EngineMaterials/Substrate/Glints2/dict_0006_0052" 7572
"/Engine/EngineMaterials/Substrate/Glints2/dict_0006_0053" 7573
"/Engine/EngineMaterials/Substrate/Glints2/dict_0006_0054" 7574
"/Engine/EngineMaterials/Substrate/Glints2/dict_0006_0055" 7575
"/Engine/EngineMaterials/Substrate/Glints2/dict_0006_0056" 7576
"/Engine/EngineMaterials/Substrate/Glints2/dict_0006_0057" 7577
"/Engine/EngineMaterials/Substrate/Glints2/dict_0006_0058" 7578
"/Engine/EngineMaterials/Substrate/Glints2/dict_0006_0059" 7579
"/Engine/EngineMaterials/Substrate/Glints2/dict_0006_0060" 7580
"/Engine/EngineMaterials/Substrate/Glints2/dict_0006_0029" 7581
"../../../Engine/Content/EngineMaterials/Substrate/Glints2/dict_0006_0028.uasset" 7582
"../../../Engine/Content/EngineMaterials/Substrate/Glints2/dict_0006_0027.uasset" 7583
"../../../Engine/Content/EngineMaterials/Substrate/Glints2/dict_0006_0026.uasset" 7584
"../../../Engine/Content/EngineMaterials/Substrate/Glints2/dict_0006_0025.uasset" 7585
"../../../Engine/Content/EngineMaterials/Substrate/Glints2/dict_0006_0024.uasset" 7586
"/Engine/EngineMaterials/Substrate/Glints2/dict_0006_0030" 7587
"../../../Engine/Content/EngineMaterials/Substrate/Glints2/dict_0006_0023.uasset" 7588
"../../../Engine/Content/EngineMaterials/Substrate/Glints2/dict_0006_0022.uasset" 7589
"../../../Engine/Content/EngineMaterials/Substrate/Glints2/dict_0006_0021.uasset" 7590
"../../../Engine/Content/EngineMaterials/Substrate/Glints2/dict_0006_0020.uasset" 7591
"/Engine/EngineMaterials/Substrate/Glints2/dict_0006_0031" 7592
"../../../Engine/Content/EngineMaterials/Substrate/Glints2/dict_0006_0019.uasset" 7593
"../../../Engine/Content/EngineMaterials/Substrate/Glints2/dict_0006_0017.uasset" 7594
"/Engine/EngineMaterials/Substrate/Glints2/dict_0006_0032" 7595
"../../../Engine/Content/EngineMaterials/Substrate/Glints2/dict_0006_0016.uasset" 7596
"../../../Engine/Content/EngineMaterials/Substrate/Glints2/dict_0006_0015.uasset" 7597
"/Engine/EngineMaterials/Substrate/Glints2/dict_0006_0033" 7598
"../../../Engine/Content/EngineMaterials/Substrate/Glints2/dict_0006_0014.uasset" 7599
"../../../Engine/Content/EngineMaterials/Substrate/Glints2/dict_0006_0013.uasset" 7600
"/Engine/EngineMaterials/Substrate/Glints2/dict_0006_0034" 7601
"../../../Engine/Content/EngineMaterials/Substrate/Glints2/dict_0006_0012.uasset" 7602
"../../../Engine/Content/EngineMaterials/Substrate/Glints2/dict_0006_0011.uasset" 7603
"../../../Engine/Content/EngineMaterials/Substrate/Glints2/dict_0006_0010.uasset" 7604
"/Engine/EngineMaterials/Substrate/Glints2/dict_0006_0035" 7605
"../../../Engine/Content/EngineMaterials/Substrate/Glints2/dict_0006_0009.uasset" 7606
"../../../Engine/Content/EngineMaterials/Substrate/Glints2/dict_0006_0008.uasset" 7607
"../../../Engine/Content/EngineMaterials/Substrate/Glints2/dict_0006_0007.uasset" 7608
"/Engine/EngineMaterials/Substrate/Glints2/dict_0006_0008" 7609
"../../../Engine/Content/EngineMaterials/Substrate/Glints2/dict_0006_0006.uasset" 7610
"../../../Engine/Content/EngineMaterials/Substrate/Glints2/dict_0006_0005.uasset" 7611
"/Engine/EngineMaterials/Substrate/Glints2/dict_0006_0009" 7612
"../../../Engine/Content/EngineMaterials/Substrate/Glints2/dict_0006_0004.uasset" 7613
"../../../Engine/Content/EngineMaterials/Substrate/Glints2/dict_0006_0003.uasset" 7614
"../../../Engine/Content/EngineMaterials/Substrate/Glints2/dict_0006_0002.uasset" 7615
"/Engine/EngineMaterials/Substrate/Glints2/dict_0006_0010" 7616
"../../../Engine/Content/EngineMaterials/Substrate/Glints2/dict_0006_0001.uasset" 7617
"../../../Engine/Content/EngineMaterials/Substrate/Glints2/dict_0006_0000.uasset" 7618
"/Engine/EngineMaterials/Substrate/Glints2/dict_0006_0011" 7619
"../../../Engine/Content/EngineMaterials/Substrate/Glints2/dict_0005_0255.uasset" 7620
"../../../Engine/Content/EngineMaterials/Substrate/Glints2/dict_0005_0254.uasset" 7621
"/Engine/EngineMaterials/Substrate/Glints2/dict_0006_0012" 7622
"../../../Engine/Content/EngineMaterials/Substrate/Glints2/dict_0005_0253.uasset" 7623
"/Engine/EngineMaterials/Substrate/Glints2/dict_0006_0013" 7624
"/Engine/EngineMaterials/Substrate/Glints2/dict_0006_0014" 7625
"/Engine/EngineMaterials/Substrate/Glints2/dict_0006_0015" 7626
"/Engine/EngineMaterials/Substrate/Glints2/dict_0006_0016" 7627
"/Engine/EngineMaterials/Substrate/Glints2/dict_0006_0017" 7628
"/Engine/EngineMaterials/Substrate/Glints2/dict_0006_0019" 7629
"../../../Engine/Content/EngineMaterials/Substrate/Glints2/dict_0006_0018.uasset" 7630
"/Engine/EngineMaterials/Substrate/Glints2/dict_0006_0020" 7631
"/Engine/EngineMaterials/Substrate/Glints2/dict_0006_0021" 7632
"/Engine/EngineMaterials/Substrate/Glints2/dict_0006_0022" 7633
"/Engine/EngineMaterials/Substrate/Glints2/dict_0006_0023" 7634
"/Engine/EngineMaterials/Substrate/Glints2/dict_0006_0024" 7635
"/Engine/EngineMaterials/Substrate/Glints2/dict_0006_0025" 7636
"/Engine/EngineMaterials/Substrate/Glints2/dict_0006_0026" 7637
"/Engine/EngineMaterials/Substrate/Glints2/dict_0006_0027" 7638
"/Engine/EngineMaterials/Substrate/Glints2/dict_0006_0028" 7639
"../../../Engine/Content/EngineMaterials/Substrate/Glints2/dict_0005_0251.uasset" 7640
"/Engine/EngineMaterials/Substrate/Glints2/dict_0006_0004" 7641
"../../../Engine/Content/EngineMaterials/Substrate/Glints2/dict_0005_0252.uasset" 7642
"../../../Engine/Content/EngineMaterials/Substrate/Glints2/dict_0005_0250.uasset" 7643
"../../../Engine/Content/EngineMaterials/Substrate/Glints2/dict_0005_0249.uasset" 7644
"../../../Engine/Content/EngineMaterials/Substrate/Glints2/dict_0005_0248.uasset" 7645
"../../../Engine/Content/EngineMaterials/Substrate/Glints2/dict_0005_0247.uasset" 7646
"/Engine/EngineMaterials/Substrate/Glints2/dict_0006_0005" 7647
"../../../Engine/Content/EngineMaterials/Substrate/Glints2/dict_0005_0246.uasset" 7648
"../../../Engine/Content/EngineMaterials/Substrate/Glints2/dict_0005_0245.uasset" 7649
"../../../Engine/Content/EngineMaterials/Substrate/Glints2/dict_0005_0244.uasset" 7650
"../../../Engine/Content/EngineMaterials/Substrate/Glints2/dict_0005_0243.uasset" 7651
"../../../Engine/Content/EngineMaterials/Substrate/Glints2/dict_0005_0241.uasset" 7652
"../../../Engine/Content/EngineMaterials/Substrate/Glints2/dict_0005_0242.uasset" 7653
"/Engine/EngineMaterials/Substrate/Glints2/dict_0006_0006" 7654
"../../../Engine/Content/EngineMaterials/Substrate/Glints2/dict_0005_0239.uasset" 7655
"../../../Engine/Content/EngineMaterials/Substrate/Glints2/dict_0005_0240.uasset" 7656
"../../../Engine/Content/EngineMaterials/Substrate/Glints2/dict_0005_0238.uasset" 7657
"../../../Engine/Content/EngineMaterials/Substrate/Glints2/dict_0005_0237.uasset" 7658
"../../../Engine/Content/EngineMaterials/Substrate/Glints2/dict_0005_0236.uasset" 7659
"/Engine/EngineMaterials/Substrate/Glints2/dict_0006_0007" 7660
"../../../Engine/Content/EngineMaterials/Substrate/Glints2/dict_0005_0235.uasset" 7661
"../../../Engine/Content/EngineMaterials/Substrate/Glints2/dict_0005_0234.uasset" 7662
"../../../Engine/Content/EngineMaterials/Substrate/Glints2/dict_0005_0233.uasset" 7663
"/Engine/EngineMaterials/Substrate/Glints2/dict_0006_0018" 7664
"/Engine/EngineMaterials/Substrate/Glints2/dict_0005_0253" 7665
"/Engine/EngineMaterials/Substrate/Glints2/dict_0005_0254" 7666
"/Engine/EngineMaterials/Substrate/Glints2/dict_0005_0255" 7667
"/Engine/EngineMaterials/Substrate/Glints2/dict_0006_0000" 7668
"/Engine/EngineMaterials/Substrate/Glints2/dict_0006_0001" 7669
"/Engine/EngineMaterials/Substrate/Glints2/dict_0006_0002" 7670
"/Engine/EngineMaterials/Substrate/Glints2/dict_0006_0003" 7671
"/Engine/EngineMaterials/Substrate/Glints2/dict_0005_0233" 7672
"../../../Engine/Content/EngineMaterials/Substrate/Glints2/dict_0005_0232.uasset" 7673
"../../../Engine/Content/EngineMaterials/Substrate/Glints2/dict_0005_0231.uasset" 7674
"../../../Engine/Content/EngineMaterials/Substrate/Glints2/dict_0005_0230.uasset" 7675
"../../../Engine/Content/EngineMaterials/Substrate/Glints2/dict_0005_0229.uasset" 7676
"../../../Engine/Content/EngineMaterials/Substrate/Glints2/dict_0005_0228.uasset" 7677
"../../../Engine/Content/EngineMaterials/Substrate/Glints2/dict_0005_0227.uasset" 7678
"/Engine/EngineMaterials/Substrate/Glints2/dict_0005_0234" 7679
"../../../Engine/Content/EngineMaterials/Substrate/Glints2/dict_0005_0226.uasset" 7680
"../../../Engine/Content/EngineMaterials/Substrate/Glints2/dict_0005_0225.uasset" 7681
"../../../Engine/Content/EngineMaterials/Substrate/Glints2/dict_0005_0224.uasset" 7682
"../../../Engine/Content/EngineMaterials/Substrate/Glints2/dict_0005_0223.uasset" 7683
"../../../Engine/Content/EngineMaterials/Substrate/Glints2/dict_0005_0222.uasset" 7684
"/Engine/EngineMaterials/Substrate/Glints2/dict_0005_0235" 7685
"../../../Engine/Content/EngineMaterials/Substrate/Glints2/dict_0005_0221.uasset" 7686
"/Engine/EngineMaterials/Substrate/Glints2/dict_0005_0236" 7687
"/Engine/EngineMaterials/Substrate/Glints2/dict_0005_0237" 7688
"/Engine/EngineMaterials/Substrate/Glints2/dict_0005_0238" 7689
"/Engine/EngineMaterials/Substrate/Glints2/dict_0005_0239" 7690
"/Engine/EngineMaterials/Substrate/Glints2/dict_0005_0240" 7691
"/Engine/EngineMaterials/Substrate/Glints2/dict_0005_0241" 7692
"/Engine/EngineMaterials/Substrate/Glints2/dict_0005_0242" 7693
"/Engine/EngineMaterials/Substrate/Glints2/dict_0005_0243" 7694
"/Engine/EngineMaterials/Substrate/Glints2/dict_0005_0244" 7695
"/Engine/EngineMaterials/Substrate/Glints2/dict_0005_0245" 7696
"/Engine/EngineMaterials/Substrate/Glints2/dict_0005_0246" 7697
"/Engine/EngineMaterials/Substrate/Glints2/dict_0005_0247" 7698
"/Engine/EngineMaterials/Substrate/Glints2/dict_0005_0248" 7699
"/Engine/EngineMaterials/Substrate/Glints2/dict_0005_0249" 7700
"/Engine/EngineMaterials/Substrate/Glints2/dict_0005_0250" 7701
"/Engine/EngineMaterials/Substrate/Glints2/dict_0005_0251" 7702
"/Engine/EngineMaterials/Substrate/Glints2/dict_0005_0252" 7703
"/Engine/EngineMaterials/Substrate/Glints2/dict_0005_0221" 7704
"../../../Engine/Content/EngineMaterials/Substrate/Glints2/dict_0005_0220.uasset" 7705
"../../../Engine/Content/EngineMaterials/Substrate/Glints2/dict_0005_0219.uasset" 7706
"../../../Engine/Content/EngineMaterials/Substrate/Glints2/dict_0005_0218.uasset" 7707
"/Engine/EngineMaterials/Substrate/Glints2/dict_0005_0222" 7708
"../../../Engine/Content/EngineMaterials/Substrate/Glints2/dict_0005_0217.uasset" 7709
"../../../Engine/Content/EngineMaterials/Substrate/Glints2/dict_0005_0216.uasset" 7710
"/Engine/EngineMaterials/Substrate/Glints2/dict_0005_0223" 7711
"../../../Engine/Content/EngineMaterials/Substrate/Glints2/dict_0005_0215.uasset" 7712
"../../../Engine/Content/EngineMaterials/Substrate/Glints2/dict_0005_0214.uasset" 7713
"../../../Engine/Content/EngineMaterials/Substrate/Glints2/dict_0005_0213.uasset" 7714
"../../../Engine/Content/EngineMaterials/Substrate/Glints2/dict_0005_0212.uasset" 7715
"../../../Engine/Content/EngineMaterials/Substrate/Glints2/dict_0005_0211.uasset" 7716
"/Engine/EngineMaterials/Substrate/Glints2/dict_0005_0224" 7717
"../../../Engine/Content/EngineMaterials/Substrate/Glints2/dict_0005_0210.uasset" 7718
"../../../Engine/Content/EngineMaterials/Substrate/Glints2/dict_0005_0209.uasset" 7719
"/Engine/EngineMaterials/Substrate/Glints2/dict_0005_0225" 7720
"../../../Engine/Content/EngineMaterials/Substrate/Glints2/dict_0005_0208.uasset" 7721
"/Engine/EngineMaterials/Substrate/Glints2/dict_0005_0226" 7722
"../../../Engine/Content/EngineMaterials/Substrate/Glints2/dict_0005_0206.uasset" 7723
"../../../Engine/Content/EngineMaterials/Substrate/Glints2/dict_0005_0205.uasset" 7724
"../../../Engine/Content/EngineMaterials/Substrate/Glints2/dict_0005_0207.uasset" 7725
"/Engine/EngineMaterials/Substrate/Glints2/dict_0005_0227" 7726
"../../../Engine/Content/EngineMaterials/Substrate/Glints2/dict_0005_0203.uasset" 7727
"../../../Engine/Content/EngineMaterials/Substrate/Glints2/dict_0005_0204.uasset" 7728
"../../../Engine/Content/EngineMaterials/Substrate/Glints2/dict_0005_0201.uasset" 7729
"/Engine/EngineMaterials/Substrate/Glints2/dict_0005_0228" 7730
"../../../Engine/Content/EngineMaterials/Substrate/Glints2/dict_0005_0202.uasset" 7731
"/Engine/EngineMaterials/Substrate/Glints2/dict_0005_0229" 7732
"/Engine/EngineMaterials/Substrate/Glints2/dict_0005_0230" 7733
"/Engine/EngineMaterials/Substrate/Glints2/dict_0005_0231" 7734
"/Engine/EngineMaterials/Substrate/Glints2/dict_0005_0232" 7735
"../../../Engine/Content/EngineMaterials/Substrate/Glints2/dict_0005_0200.uasset" 7736
"/Engine/EngineMaterials/Substrate/Glints2/dict_0005_0201" 7737
"../../../Engine/Content/EngineMaterials/Substrate/Glints2/dict_0005_0199.uasset" 7738
"../../../Engine/Content/EngineMaterials/Substrate/Glints2/dict_0005_0198.uasset" 7739
"../../../Engine/Content/EngineMaterials/Substrate/Glints2/dict_0005_0197.uasset" 7740
"../../../Engine/Content/EngineMaterials/Substrate/Glints2/dict_0005_0196.uasset" 7741
"../../../Engine/Content/EngineMaterials/Substrate/Glints2/dict_0005_0195.uasset" 7742
"/Engine/EngineMaterials/Substrate/Glints2/dict_0005_0202" 7743
"../../../Engine/Content/EngineMaterials/Substrate/Glints2/dict_0005_0194.uasset" 7744
"../../../Engine/Content/EngineMaterials/Substrate/Glints2/dict_0005_0193.uasset" 7745
"../../../Engine/Content/EngineMaterials/Substrate/Glints2/dict_0005_0192.uasset" 7746
"../../../Engine/Content/EngineMaterials/Substrate/Glints2/dict_0005_0191.uasset" 7747
"../../../Engine/Content/EngineMaterials/Substrate/Glints2/dict_0005_0190.uasset" 7748
"../../../Engine/Content/EngineMaterials/Substrate/Glints2/dict_0005_0189.uasset" 7749
"/Engine/EngineMaterials/Substrate/Glints2/dict_0005_0203" 7750
"/Engine/EngineMaterials/Substrate/Glints2/dict_0005_0204" 7751
"/Engine/EngineMaterials/Substrate/Glints2/dict_0005_0205" 7752
"/Engine/EngineMaterials/Substrate/Glints2/dict_0005_0206" 7753
"/Engine/EngineMaterials/Substrate/Glints2/dict_0005_0207" 7754
"/Engine/EngineMaterials/Substrate/Glints2/dict_0005_0208" 7755
"/Engine/EngineMaterials/Substrate/Glints2/dict_0005_0209" 7756
"/Engine/EngineMaterials/Substrate/Glints2/dict_0005_0210" 7757
"/Engine/EngineMaterials/Substrate/Glints2/dict_0005_0211" 7758
"/Engine/EngineMaterials/Substrate/Glints2/dict_0005_0212" 7759
"/Engine/EngineMaterials/Substrate/Glints2/dict_0005_0213" 7760
"/Engine/EngineMaterials/Substrate/Glints2/dict_0005_0214" 7761
"/Engine/EngineMaterials/Substrate/Glints2/dict_0005_0215" 7762
"/Engine/EngineMaterials/Substrate/Glints2/dict_0005_0216" 7763
"/Engine/EngineMaterials/Substrate/Glints2/dict_0005_0217" 7764
"/Engine/EngineMaterials/Substrate/Glints2/dict_0005_0218" 7765
"/Engine/EngineMaterials/Substrate/Glints2/dict_0005_0219" 7766
"/Engine/EngineMaterials/Substrate/Glints2/dict_0005_0220" 7767
"../../../Engine/Content/EngineMaterials/Substrate/Glints2/dict_0005_0188.uasset" 7768
"../../../Engine/Content/EngineMaterials/Substrate/Glints2/dict_0005_0187.uasset" 7769
"/Engine/EngineMaterials/Substrate/Glints2/dict_0005_0189" 7770
"../../../Engine/Content/EngineMaterials/Substrate/Glints2/dict_0005_0186.uasset" 7771
"../../../Engine/Content/EngineMaterials/Substrate/Glints2/dict_0005_0185.uasset" 7772
"../../../Engine/Content/EngineMaterials/Substrate/Glints2/dict_0005_0184.uasset" 7773
"../../../Engine/Content/EngineMaterials/Substrate/Glints2/dict_0005_0183.uasset" 7774
"/Engine/EngineMaterials/Substrate/Glints2/dict_0005_0190" 7775
"../../../Engine/Content/EngineMaterials/Substrate/Glints2/dict_0005_0182.uasset" 7776
"../../../Engine/Content/EngineMaterials/Substrate/Glints2/dict_0005_0181.uasset" 7777
"../../../Engine/Content/EngineMaterials/Substrate/Glints2/dict_0005_0180.uasset" 7778
"../../../Engine/Content/EngineMaterials/Substrate/Glints2/dict_0005_0179.uasset" 7779
"../../../Engine/Content/EngineMaterials/Substrate/Glints2/dict_0005_0177.uasset" 7780
"../../../Engine/Content/EngineMaterials/Substrate/Glints2/dict_0005_0178.uasset" 7781
"/Engine/EngineMaterials/Substrate/Glints2/dict_0005_0191" 7782
"../../../Engine/Content/EngineMaterials/Substrate/Glints2/dict_0005_0176.uasset" 7783
"../../../Engine/Content/EngineMaterials/Substrate/Glints2/dict_0005_0175.uasset" 7784
"../../../Engine/Content/EngineMaterials/Substrate/Glints2/dict_0005_0174.uasset" 7785
"../../../Engine/Content/EngineMaterials/Substrate/Glints2/dict_0005_0173.uasset" 7786
"../../../Engine/Content/EngineMaterials/Substrate/Glints2/dict_0005_0172.uasset" 7787
"../../../Engine/Content/EngineMaterials/Substrate/Glints2/dict_0005_0171.uasset" 7788
"/Engine/EngineMaterials/Substrate/Glints2/dict_0005_0192" 7789
"../../../Engine/Content/EngineMaterials/Substrate/Glints2/dict_0005_0170.uasset" 7790
"../../../Engine/Content/EngineMaterials/Substrate/Glints2/dict_0005_0169.uasset" 7791
"/Engine/EngineMaterials/Substrate/Glints2/dict_0005_0193" 7792
"/Engine/EngineMaterials/Substrate/Glints2/dict_0005_0194" 7793
"/Engine/EngineMaterials/Substrate/Glints2/dict_0005_0195" 7794
"/Engine/EngineMaterials/Substrate/Glints2/dict_0005_0196" 7795
"/Engine/EngineMaterials/Substrate/Glints2/dict_0005_0197" 7796
"/Engine/EngineMaterials/Substrate/Glints2/dict_0005_0198" 7797
"/Engine/EngineMaterials/Substrate/Glints2/dict_0005_0199" 7798
"/Engine/EngineMaterials/Substrate/Glints2/dict_0005_0200" 7799
"/Engine/EngineMaterials/Substrate/Glints2/dict_0005_0169" 7800
"../../../Engine/Content/EngineMaterials/Substrate/Glints2/dict_0005_0168.uasset" 7801
"../../../Engine/Content/EngineMaterials/Substrate/Glints2/dict_0005_0167.uasset" 7802
"../../../Engine/Content/EngineMaterials/Substrate/Glints2/dict_0005_0165.uasset" 7803
"../../../Engine/Content/EngineMaterials/Substrate/Glints2/dict_0005_0166.uasset" 7804
"/Engine/EngineMaterials/Substrate/Glints2/dict_0005_0170" 7805
"../../../Engine/Content/EngineMaterials/Substrate/Glints2/dict_0005_0164.uasset" 7806
"../../../Engine/Content/EngineMaterials/Substrate/Glints2/dict_0005_0163.uasset" 7807
"../../../Engine/Content/EngineMaterials/Substrate/Glints2/dict_0005_0162.uasset" 7808
"../../../Engine/Content/EngineMaterials/Substrate/Glints2/dict_0005_0161.uasset" 7809
"/Engine/EngineMaterials/Substrate/Glints2/dict_0005_0171" 7810
"../../../Engine/Content/EngineMaterials/Substrate/Glints2/dict_0005_0160.uasset" 7811
"../../../Engine/Content/EngineMaterials/Substrate/Glints2/dict_0005_0159.uasset" 7812
"../../../Engine/Content/EngineMaterials/Substrate/Glints2/dict_0005_0157.uasset" 7813
"../../../Engine/Content/EngineMaterials/Substrate/Glints2/dict_0005_0158.uasset" 7814
"/Engine/EngineMaterials/Substrate/Glints2/dict_0005_0172" 7815
"/Engine/EngineMaterials/Substrate/Glints2/dict_0005_0173" 7816
"/Engine/EngineMaterials/Substrate/Glints2/dict_0005_0174" 7817
"/Engine/EngineMaterials/Substrate/Glints2/dict_0005_0175" 7818
"/Engine/EngineMaterials/Substrate/Glints2/dict_0005_0176" 7819
"/Engine/EngineMaterials/Substrate/Glints2/dict_0005_0177" 7820
"/Engine/EngineMaterials/Substrate/Glints2/dict_0005_0178" 7821
"/Engine/EngineMaterials/Substrate/Glints2/dict_0005_0179" 7822
"/Engine/EngineMaterials/Substrate/Glints2/dict_0005_0180" 7823
"/Engine/EngineMaterials/Substrate/Glints2/dict_0005_0181" 7824
"/Engine/EngineMaterials/Substrate/Glints2/dict_0005_0182" 7825
"/Engine/EngineMaterials/Substrate/Glints2/dict_0005_0183" 7826
"/Engine/EngineMaterials/Substrate/Glints2/dict_0005_0184" 7827
"/Engine/EngineMaterials/Substrate/Glints2/dict_0005_0185" 7828
"/Engine/EngineMaterials/Substrate/Glints2/dict_0005_0186" 7829
"/Engine/EngineMaterials/Substrate/Glints2/dict_0005_0187" 7830
"/Engine/EngineMaterials/Substrate/Glints2/dict_0005_0188" 7831
"/Engine/EngineMaterials/Substrate/Glints2/dict_0005_0157" 7832
"../../../Engine/Content/EngineMaterials/Substrate/Glints2/dict_0005_0156.uasset" 7833
"../../../Engine/Content/EngineMaterials/Substrate/Glints2/dict_0005_0155.uasset" 7834
"../../../Engine/Content/EngineMaterials/Substrate/Glints2/dict_0005_0153.uasset" 7835
"../../../Engine/Content/EngineMaterials/Substrate/Glints2/dict_0005_0154.uasset" 7836
"../../../Engine/Content/EngineMaterials/Substrate/Glints2/dict_0005_0152.uasset" 7837
"../../../Engine/Content/EngineMaterials/Substrate/Glints2/dict_0005_0151.uasset" 7838
"/Engine/EngineMaterials/Substrate/Glints2/dict_0005_0158" 7839
"../../../Engine/Content/EngineMaterials/Substrate/Glints2/dict_0005_0150.uasset" 7840
"../../../Engine/Content/EngineMaterials/Substrate/Glints2/dict_0005_0149.uasset" 7841
"../../../Engine/Content/EngineMaterials/Substrate/Glints2/dict_0005_0148.uasset" 7842
"../../../Engine/Content/EngineMaterials/Substrate/Glints2/dict_0005_0147.uasset" 7843
"../../../Engine/Content/EngineMaterials/Substrate/Glints2/dict_0005_0146.uasset" 7844
"/Engine/EngineMaterials/Substrate/Glints2/dict_0005_0159" 7845
"../../../Engine/Content/EngineMaterials/Substrate/Glints2/dict_0005_0145.uasset" 7846
"../../../Engine/Content/EngineMaterials/Substrate/Glints2/dict_0005_0144.uasset" 7847
"../../../Engine/Content/EngineMaterials/Substrate/Glints2/dict_0005_0143.uasset" 7848
"../../../Engine/Content/EngineMaterials/Substrate/Glints2/dict_0005_0142.uasset" 7849
"/Engine/EngineMaterials/Substrate/Glints2/dict_0005_0160" 7850
"../../../Engine/Content/EngineMaterials/Substrate/Glints2/dict_0005_0140.uasset" 7851
"../../../Engine/Content/EngineMaterials/Substrate/Glints2/dict_0005_0141.uasset" 7852
"../../../Engine/Content/EngineMaterials/Substrate/Glints2/dict_0005_0139.uasset" 7853
"/Engine/EngineMaterials/Substrate/Glints2/dict_0005_0161" 7854
"../../../Engine/Content/EngineMaterials/Substrate/Glints2/dict_0005_0137.uasset" 7855
"../../../Engine/Content/EngineMaterials/Substrate/Glints2/dict_0005_0138.uasset" 7856
"/Engine/EngineMaterials/Substrate/Glints2/dict_0005_0162" 7857
"/Engine/EngineMaterials/Substrate/Glints2/dict_0005_0163" 7858
"/Engine/EngineMaterials/Substrate/Glints2/dict_0005_0164" 7859
"/Engine/EngineMaterials/Substrate/Glints2/dict_0005_0165" 7860
"/Engine/EngineMaterials/Substrate/Glints2/dict_0005_0166" 7861
"/Engine/EngineMaterials/Substrate/Glints2/dict_0005_0167" 7862
"/Engine/EngineMaterials/Substrate/Glints2/dict_0005_0168" 7863
"/Engine/EngineMaterials/Substrate/Glints2/dict_0005_0137" 7864
"../../../Engine/Content/EngineMaterials/Substrate/Glints2/dict_0005_0135.uasset" 7865
"../../../Engine/Content/EngineMaterials/Substrate/Glints2/dict_0005_0136.uasset" 7866
"../../../Engine/Content/EngineMaterials/Substrate/Glints2/dict_0005_0134.uasset" 7867
"../../../Engine/Content/EngineMaterials/Substrate/Glints2/dict_0005_0133.uasset" 7868
"../../../Engine/Content/EngineMaterials/Substrate/Glints2/dict_0005_0131.uasset" 7869
"/Engine/EngineMaterials/Substrate/Glints2/dict_0005_0138" 7870
"../../../Engine/Content/EngineMaterials/Substrate/Glints2/dict_0005_0130.uasset" 7871
"../../../Engine/Content/EngineMaterials/Substrate/Glints2/dict_0005_0132.uasset" 7872
"../../../Engine/Content/EngineMaterials/Substrate/Glints2/dict_0005_0129.uasset" 7873
"../../../Engine/Content/EngineMaterials/Substrate/Glints2/dict_0005_0128.uasset" 7874
"../../../Engine/Content/EngineMaterials/Substrate/Glints2/dict_0005_0127.uasset" 7875
"../../../Engine/Content/EngineMaterials/Substrate/Glints2/dict_0005_0126.uasset" 7876
"/Engine/EngineMaterials/Substrate/Glints2/dict_0005_0139" 7877
"../../../Engine/Content/EngineMaterials/Substrate/Glints2/dict_0005_0125.uasset" 7878
"/Engine/EngineMaterials/Substrate/Glints2/dict_0005_0140" 7879
"/Engine/EngineMaterials/Substrate/Glints2/dict_0005_0141" 7880
"/Engine/EngineMaterials/Substrate/Glints2/dict_0005_0142" 7881
"/Engine/EngineMaterials/Substrate/Glints2/dict_0005_0143" 7882
"/Engine/EngineMaterials/Substrate/Glints2/dict_0005_0144" 7883
"/Engine/EngineMaterials/Substrate/Glints2/dict_0005_0145" 7884
"/Engine/EngineMaterials/Substrate/Glints2/dict_0005_0146" 7885
"/Engine/EngineMaterials/Substrate/Glints2/dict_0005_0147" 7886
"/Engine/EngineMaterials/Substrate/Glints2/dict_0005_0148" 7887
"/Engine/EngineMaterials/Substrate/Glints2/dict_0005_0149" 7888
"/Engine/EngineMaterials/Substrate/Glints2/dict_0005_0150" 7889
"/Engine/EngineMaterials/Substrate/Glints2/dict_0005_0151" 7890
"/Engine/EngineMaterials/Substrate/Glints2/dict_0005_0152" 7891
"/Engine/EngineMaterials/Substrate/Glints2/dict_0005_0153" 7892
"/Engine/EngineMaterials/Substrate/Glints2/dict_0005_0154" 7893
"/Engine/EngineMaterials/Substrate/Glints2/dict_0005_0155" 7894
"/Engine/EngineMaterials/Substrate/Glints2/dict_0005_0156" 7895
"/Engine/EngineMaterials/Substrate/Glints2/dict_0005_0125" 7896
"../../../Engine/Content/EngineMaterials/Substrate/Glints2/dict_0005_0123.uasset" 7897
"../../../Engine/Content/EngineMaterials/Substrate/Glints2/dict_0005_0124.uasset" 7898
"../../../Engine/Content/EngineMaterials/Substrate/Glints2/dict_0005_0122.uasset" 7899
"/Engine/EngineMaterials/Substrate/Glints2/dict_0005_0126" 7900
"../../../Engine/Content/EngineMaterials/Substrate/Glints2/dict_0005_0120.uasset" 7901
"/Engine/EngineMaterials/Substrate/Glints2/dict_0005_0127" 7902
"/Engine/EngineMaterials/Substrate/Glints2/dict_0005_0128" 7903
"../../../Engine/Content/EngineMaterials/Substrate/Glints2/dict_0005_0119.uasset" 7904
"../../../Engine/Content/EngineMaterials/Substrate/Glints2/dict_0005_0118.uasset" 7905
"../../../Engine/Content/EngineMaterials/Substrate/Glints2/dict_0005_0117.uasset" 7906
"/Engine/EngineMaterials/Substrate/Glints2/dict_0005_0129" 7907
"../../../Engine/Content/EngineMaterials/Substrate/Glints2/dict_0005_0121.uasset" 7908
"../../../Engine/Content/EngineMaterials/Substrate/Glints2/dict_0005_0115.uasset" 7909
"../../../Engine/Content/EngineMaterials/Substrate/Glints2/dict_0005_0114.uasset" 7910
"../../../Engine/Content/EngineMaterials/Substrate/Glints2/dict_0005_0116.uasset" 7911
"../../../Engine/Content/EngineMaterials/Substrate/Glints2/dict_0005_0113.uasset" 7912
"/Engine/EngineMaterials/Substrate/Glints2/dict_0005_0130" 7913
"../../../Engine/Content/EngineMaterials/Substrate/Glints2/dict_0005_0111.uasset" 7914
"../../../Engine/Content/EngineMaterials/Substrate/Glints2/dict_0005_0110.uasset" 7915
"../../../Engine/Content/EngineMaterials/Substrate/Glints2/dict_0005_0112.uasset" 7916
"../../../Engine/Content/EngineMaterials/Substrate/Glints2/dict_0005_0108.uasset" 7917
"../../../Engine/Content/EngineMaterials/Substrate/Glints2/dict_0005_0109.uasset" 7918
"../../../Engine/Content/EngineMaterials/Substrate/Glints2/dict_0005_0107.uasset" 7919
"/Engine/EngineMaterials/Substrate/Glints2/dict_0005_0131" 7920
"../../../Engine/Content/EngineMaterials/Substrate/Glints2/dict_0005_0106.uasset" 7921
"../../../Engine/Content/EngineMaterials/Substrate/Glints2/dict_0005_0105.uasset" 7922
"/Engine/EngineMaterials/Substrate/Glints2/dict_0005_0132" 7923
"/Engine/EngineMaterials/Substrate/Glints2/dict_0005_0133" 7924
"/Engine/EngineMaterials/Substrate/Glints2/dict_0005_0134" 7925
"/Engine/EngineMaterials/Substrate/Glints2/dict_0005_0135" 7926
"/Engine/EngineMaterials/Substrate/Glints2/dict_0005_0136" 7927
"/Engine/EngineMaterials/Substrate/Glints2/dict_0005_0105" 7928
"../../../Engine/Content/EngineMaterials/Substrate/Glints2/dict_0005_0104.uasset" 7929
"../../../Engine/Content/EngineMaterials/Substrate/Glints2/dict_0005_0102.uasset" 7930
"../../../Engine/Content/EngineMaterials/Substrate/Glints2/dict_0005_0100.uasset" 7931
"../../../Engine/Content/EngineMaterials/Substrate/Glints2/dict_0005_0101.uasset" 7932
"../../../Engine/Content/EngineMaterials/Substrate/Glints2/dict_0005_0103.uasset" 7933
"../../../Engine/Content/EngineMaterials/Substrate/Glints2/dict_0005_0098.uasset" 7934
"../../../Engine/Content/EngineMaterials/Substrate/Glints2/dict_0005_0099.uasset" 7935
"../../../Engine/Content/EngineMaterials/Substrate/Glints2/dict_0005_0097.uasset" 7936
"../../../Engine/Content/EngineMaterials/Substrate/Glints2/dict_0005_0095.uasset" 7937
"/Engine/EngineMaterials/Substrate/Glints2/dict_0005_0106" 7938
"../../../Engine/Content/EngineMaterials/Substrate/Glints2/dict_0005_0096.uasset" 7939
"../../../Engine/Content/EngineMaterials/Substrate/Glints2/dict_0005_0093.uasset" 7940
"../../../Engine/Content/EngineMaterials/Substrate/Glints2/dict_0005_0094.uasset" 7941
"/Engine/EngineMaterials/Substrate/Glints2/dict_0005_0107" 7942
"/Engine/EngineMaterials/Substrate/Glints2/dict_0005_0108" 7943
"/Engine/EngineMaterials/Substrate/Glints2/dict_0005_0109" 7944
"/Engine/EngineMaterials/Substrate/Glints2/dict_0005_0110" 7945
"/Engine/EngineMaterials/Substrate/Glints2/dict_0005_0111" 7946
"/Engine/EngineMaterials/Substrate/Glints2/dict_0005_0112" 7947
"/Engine/EngineMaterials/Substrate/Glints2/dict_0005_0113" 7948
"/Engine/EngineMaterials/Substrate/Glints2/dict_0005_0114" 7949
"/Engine/EngineMaterials/Substrate/Glints2/dict_0005_0115" 7950
"/Engine/EngineMaterials/Substrate/Glints2/dict_0005_0116" 7951
"/Engine/EngineMaterials/Substrate/Glints2/dict_0005_0117" 7952
"/Engine/EngineMaterials/Substrate/Glints2/dict_0005_0118" 7953
"/Engine/EngineMaterials/Substrate/Glints2/dict_0005_0119" 7954
"/Engine/EngineMaterials/Substrate/Glints2/dict_0005_0120" 7955
"/Engine/EngineMaterials/Substrate/Glints2/dict_0005_0121" 7956
"/Engine/EngineMaterials/Substrate/Glints2/dict_0005_0122" 7957
"/Engine/EngineMaterials/Substrate/Glints2/dict_0005_0123" 7958
"/Engine/EngineMaterials/Substrate/Glints2/dict_0005_0124" 7959
"/Engine/EngineMaterials/Substrate/Glints2/dict_0005_0093" 7960
"../../../Engine/Content/EngineMaterials/Substrate/Glints2/dict_0005_0092.uasset" 7961
"../../../Engine/Content/EngineMaterials/Substrate/Glints2/dict_0005_0091.uasset" 7962
"../../../Engine/Content/EngineMaterials/Substrate/Glints2/dict_0005_0090.uasset" 7963
"../../../Engine/Content/EngineMaterials/Substrate/Glints2/dict_0005_0088.uasset" 7964
"../../../Engine/Content/EngineMaterials/Substrate/Glints2/dict_0005_0089.uasset" 7965
"../../../Engine/Content/EngineMaterials/Substrate/Glints2/dict_0005_0086.uasset" 7966
"../../../Engine/Content/EngineMaterials/Substrate/Glints2/dict_0005_0087.uasset" 7967
"/Engine/EngineMaterials/Substrate/Glints2/dict_0005_0094" 7968
"../../../Engine/Content/EngineMaterials/Substrate/Glints2/dict_0005_0084.uasset" 7969
"../../../Engine/Content/EngineMaterials/Substrate/Glints2/dict_0005_0085.uasset" 7970
"../../../Engine/Content/EngineMaterials/Substrate/Glints2/dict_0005_0083.uasset" 7971
"../../../Engine/Content/EngineMaterials/Substrate/Glints2/dict_0005_0082.uasset" 7972
"../../../Engine/Content/EngineMaterials/Substrate/Glints2/dict_0005_0081.uasset" 7973
"../../../Engine/Content/EngineMaterials/Substrate/Glints2/dict_0005_0078.uasset" 7974
"../../../Engine/Content/EngineMaterials/Substrate/Glints2/dict_0005_0080.uasset" 7975
"../../../Engine/Content/EngineMaterials/Substrate/Glints2/dict_0005_0079.uasset" 7976
"../../../Engine/Content/EngineMaterials/Substrate/Glints2/dict_0005_0077.uasset" 7977
"../../../Engine/Content/EngineMaterials/Substrate/Glints2/dict_0005_0075.uasset" 7978
"/Engine/EngineMaterials/Substrate/Glints2/dict_0005_0095" 7979
"../../../Engine/Content/EngineMaterials/Substrate/Glints2/dict_0005_0074.uasset" 7980
"../../../Engine/Content/EngineMaterials/Substrate/Glints2/dict_0005_0073.uasset" 7981
"../../../Engine/Content/EngineMaterials/Substrate/Glints2/dict_0005_0076.uasset" 7982
"/Engine/EngineMaterials/Substrate/Glints2/dict_0005_0096" 7983
"/Engine/EngineMaterials/Substrate/Glints2/dict_0005_0097" 7984
"/Engine/EngineMaterials/Substrate/Glints2/dict_0005_0098" 7985
"/Engine/EngineMaterials/Substrate/Glints2/dict_0005_0099" 7986
"/Engine/EngineMaterials/Substrate/Glints2/dict_0005_0100" 7987
"/Engine/EngineMaterials/Substrate/Glints2/dict_0005_0101" 7988
"/Engine/EngineMaterials/Substrate/Glints2/dict_0005_0102" 7989
"/Engine/EngineMaterials/Substrate/Glints2/dict_0005_0103" 7990
"/Engine/EngineMaterials/Substrate/Glints2/dict_0005_0104" 7991
"/Engine/EngineMaterials/Substrate/Glints2/dict_0005_0073" 7992
"../../../Engine/Content/EngineMaterials/Substrate/Glints2/dict_0005_0070.uasset" 7993
"../../../Engine/Content/EngineMaterials/Substrate/Glints2/dict_0005_0072.uasset" 7994
"../../../Engine/Content/EngineMaterials/Substrate/Glints2/dict_0005_0071.uasset" 7995
"../../../Engine/Content/EngineMaterials/Substrate/Glints2/dict_0005_0066.uasset" 7996
"../../../Engine/Content/EngineMaterials/Substrate/Glints2/dict_0005_0069.uasset" 7997
"../../../Engine/Content/EngineMaterials/Substrate/Glints2/dict_0005_0067.uasset" 7998
"../../../Engine/Content/EngineMaterials/Substrate/Glints2/dict_0005_0068.uasset" 7999
"/Engine/EngineMaterials/Substrate/Glints2/dict_0005_0074" 8000
"../../../Engine/Content/EngineMaterials/Substrate/Glints2/dict_0005_0065.uasset" 8001
"../../../Engine/Content/EngineMaterials/Substrate/Glints2/dict_0005_0064.uasset" 8002
"../../../Engine/Content/EngineMaterials/Substrate/Glints2/dict_0005_0063.uasset" 8003
"../../../Engine/Content/EngineMaterials/Substrate/Glints2/dict_0005_0062.uasset" 8004
"../../../Engine/Content/EngineMaterials/Substrate/Glints2/dict_0005_0061.uasset" 8005
"/Engine/EngineMaterials/Substrate/Glints2/dict_0005_0075" 8006
"/Engine/EngineMaterials/Substrate/Glints2/dict_0005_0076" 8007
"/Engine/EngineMaterials/Substrate/Glints2/dict_0005_0077" 8008
"/Engine/EngineMaterials/Substrate/Glints2/dict_0005_0078" 8009
"/Engine/EngineMaterials/Substrate/Glints2/dict_0005_0079" 8010
"/Engine/EngineMaterials/Substrate/Glints2/dict_0005_0080" 8011
"/Engine/EngineMaterials/Substrate/Glints2/dict_0005_0081" 8012
"/Engine/EngineMaterials/Substrate/Glints2/dict_0005_0082" 8013
"/Engine/EngineMaterials/Substrate/Glints2/dict_0005_0083" 8014
"/Engine/EngineMaterials/Substrate/Glints2/dict_0005_0084" 8015
"/Engine/EngineMaterials/Substrate/Glints2/dict_0005_0085" 8016
"/Engine/EngineMaterials/Substrate/Glints2/dict_0005_0086" 8017
"/Engine/EngineMaterials/Substrate/Glints2/dict_0005_0087" 8018
"/Engine/EngineMaterials/Substrate/Glints2/dict_0005_0088" 8019
"/Engine/EngineMaterials/Substrate/Glints2/dict_0005_0089" 8020
"/Engine/EngineMaterials/Substrate/Glints2/dict_0005_0090" 8021
"/Engine/EngineMaterials/Substrate/Glints2/dict_0005_0091" 8022
"/Engine/EngineMaterials/Substrate/Glints2/dict_0005_0092" 8023
"/Engine/EngineMaterials/Substrate/Glints2/dict_0005_0061" 8024
"../../../Engine/Content/EngineMaterials/Substrate/Glints2/dict_0005_0059.uasset" 8025
"../../../Engine/Content/EngineMaterials/Substrate/Glints2/dict_0005_0058.uasset" 8026
"../../../Engine/Content/EngineMaterials/Substrate/Glints2/dict_0005_0057.uasset" 8027
"../../../Engine/Content/EngineMaterials/Substrate/Glints2/dict_0005_0056.uasset" 8028
"../../../Engine/Content/EngineMaterials/Substrate/Glints2/dict_0005_0055.uasset" 8029
"../../../Engine/Content/EngineMaterials/Substrate/Glints2/dict_0005_0060.uasset" 8030
"../../../Engine/Content/EngineMaterials/Substrate/Glints2/dict_0005_0054.uasset" 8031
"/Engine/EngineMaterials/Substrate/Glints2/dict_0005_0062" 8032
"../../../Engine/Content/EngineMaterials/Substrate/Glints2/dict_0005_0053.uasset" 8033
"../../../Engine/Content/EngineMaterials/Substrate/Glints2/dict_0005_0051.uasset" 8034
"../../../Engine/Content/EngineMaterials/Substrate/Glints2/dict_0005_0052.uasset" 8035
"../../../Engine/Content/EngineMaterials/Substrate/Glints2/dict_0005_0048.uasset" 8036
"../../../Engine/Content/EngineMaterials/Substrate/Glints2/dict_0005_0050.uasset" 8037
"../../../Engine/Content/EngineMaterials/Substrate/Glints2/dict_0005_0049.uasset" 8038
"../../../Engine/Content/EngineMaterials/Substrate/Glints2/dict_0005_0047.uasset" 8039
"../../../Engine/Content/EngineMaterials/Substrate/Glints2/dict_0005_0046.uasset" 8040
"/Engine/EngineMaterials/Substrate/Glints2/dict_0005_0063" 8041
"../../../Engine/Content/EngineMaterials/Substrate/Glints2/dict_0005_0044.uasset" 8042
"../../../Engine/Content/EngineMaterials/Substrate/Glints2/dict_0005_0045.uasset" 8043
"../../../Engine/Content/EngineMaterials/Substrate/Glints2/dict_0005_0043.uasset" 8044
"../../../Engine/Content/EngineMaterials/Substrate/Glints2/dict_0005_0041.uasset" 8045
"../../../Engine/Content/EngineMaterials/Substrate/Glints2/dict_0005_0042.uasset" 8046
"/Engine/EngineMaterials/Substrate/Glints2/dict_0005_0064" 8047
"/Engine/EngineMaterials/Substrate/Glints2/dict_0005_0065" 8048
"/Engine/EngineMaterials/Substrate/Glints2/dict_0005_0066" 8049
"/Engine/EngineMaterials/Substrate/Glints2/dict_0005_0067" 8050
"/Engine/EngineMaterials/Substrate/Glints2/dict_0005_0068" 8051
"/Engine/EngineMaterials/Substrate/Glints2/dict_0005_0069" 8052
"/Engine/EngineMaterials/Substrate/Glints2/dict_0005_0070" 8053
"/Engine/EngineMaterials/Substrate/Glints2/dict_0005_0071" 8054
"/Engine/EngineMaterials/Substrate/Glints2/dict_0005_0072" 8055
"/Engine/EngineMaterials/Substrate/Glints2/dict_0005_0041" 8056
"../../../Engine/Content/EngineMaterials/Substrate/Glints2/dict_0005_0040.uasset" 8057
"../../../Engine/Content/EngineMaterials/Substrate/Glints2/dict_0005_0039.uasset" 8058
"../../../Engine/Content/EngineMaterials/Substrate/Glints2/dict_0005_0038.uasset" 8059
"../../../Engine/Content/EngineMaterials/Substrate/Glints2/dict_0005_0036.uasset" 8060
"../../../Engine/Content/EngineMaterials/Substrate/Glints2/dict_0005_0035.uasset" 8061
"../../../Engine/Content/EngineMaterials/Substrate/Glints2/dict_0005_0034.uasset" 8062
"../../../Engine/Content/EngineMaterials/Substrate/Glints2/dict_0005_0037.uasset" 8063
"../../../Engine/Content/EngineMaterials/Substrate/Glints2/dict_0005_0033.uasset" 8064
"/Engine/EngineMaterials/Substrate/Glints2/dict_0005_0042" 8065
"../../../Engine/Content/EngineMaterials/Substrate/Glints2/dict_0005_0031.uasset" 8066
"../../../Engine/Content/EngineMaterials/Substrate/Glints2/dict_0005_0029.uasset" 8067
"../../../Engine/Content/EngineMaterials/Substrate/Glints2/dict_0005_0032.uasset" 8068
"../../../Engine/Content/EngineMaterials/Substrate/Glints2/dict_0005_0030.uasset" 8069
"/Engine/EngineMaterials/Substrate/Glints2/dict_0005_0043" 8070
"/Engine/EngineMaterials/Substrate/Glints2/dict_0005_0044" 8071
"/Engine/EngineMaterials/Substrate/Glints2/dict_0005_0045" 8072
"/Engine/EngineMaterials/Substrate/Glints2/dict_0005_0046" 8073
"/Engine/EngineMaterials/Substrate/Glints2/dict_0005_0047" 8074
"/Engine/EngineMaterials/Substrate/Glints2/dict_0005_0048" 8075
"/Engine/EngineMaterials/Substrate/Glints2/dict_0005_0049" 8076
"/Engine/EngineMaterials/Substrate/Glints2/dict_0005_0050" 8077
"/Engine/EngineMaterials/Substrate/Glints2/dict_0005_0051" 8078
"/Engine/EngineMaterials/Substrate/Glints2/dict_0005_0052" 8079
"/Engine/EngineMaterials/Substrate/Glints2/dict_0005_0053" 8080
"/Engine/EngineMaterials/Substrate/Glints2/dict_0005_0054" 8081
"/Engine/EngineMaterials/Substrate/Glints2/dict_0005_0055" 8082
"/Engine/EngineMaterials/Substrate/Glints2/dict_0005_0056" 8083
"/Engine/EngineMaterials/Substrate/Glints2/dict_0005_0057" 8084
"/Engine/EngineMaterials/Substrate/Glints2/dict_0005_0058" 8085
"/Engine/EngineMaterials/Substrate/Glints2/dict_0005_0059" 8086
"/Engine/EngineMaterials/Substrate/Glints2/dict_0005_0060" 8087
"/Engine/EngineMaterials/Substrate/Glints2/dict_0005_0029" 8088
"../../../Engine/Content/EngineMaterials/Substrate/Glints2/dict_0005_0028.uasset" 8089
"../../../Engine/Content/EngineMaterials/Substrate/Glints2/dict_0005_0027.uasset" 8090
"../../../Engine/Content/EngineMaterials/Substrate/Glints2/dict_0005_0025.uasset" 8091
"../../../Engine/Content/EngineMaterials/Substrate/Glints2/dict_0005_0022.uasset" 8092
"../../../Engine/Content/EngineMaterials/Substrate/Glints2/dict_0005_0026.uasset" 8093
"../../../Engine/Content/EngineMaterials/Substrate/Glints2/dict_0005_0024.uasset" 8094
"../../../Engine/Content/EngineMaterials/Substrate/Glints2/dict_0005_0023.uasset" 8095
"../../../Engine/Content/EngineMaterials/Substrate/Glints2/dict_0005_0021.uasset" 8096
"/Engine/EngineMaterials/Substrate/Glints2/dict_0005_0030" 8097
"../../../Engine/Content/EngineMaterials/Substrate/Glints2/dict_0005_0020.uasset" 8098
"../../../Engine/Content/EngineMaterials/Substrate/Glints2/dict_0005_0019.uasset" 8099
"../../../Engine/Content/EngineMaterials/Substrate/Glints2/dict_0005_0018.uasset" 8100
"../../../Engine/Content/EngineMaterials/Substrate/Glints2/dict_0005_0017.uasset" 8101
"../../../Engine/Content/EngineMaterials/Substrate/Glints2/dict_0005_0015.uasset" 8102
"../../../Engine/Content/EngineMaterials/Substrate/Glints2/dict_0005_0016.uasset" 8103
"../../../Engine/Content/EngineMaterials/Substrate/Glints2/dict_0005_0014.uasset" 8104
"../../../Engine/Content/EngineMaterials/Substrate/Glints2/dict_0005_0013.uasset" 8105
"../../../Engine/Content/EngineMaterials/Substrate/Glints2/dict_0005_0012.uasset" 8106
"../../../Engine/Content/EngineMaterials/Substrate/Glints2/dict_0005_0011.uasset" 8107
"/Engine/EngineMaterials/Substrate/Glints2/dict_0005_0031" 8108
"../../../Engine/Content/EngineMaterials/Substrate/Glints2/dict_0005_0009.uasset" 8109
"../../../Engine/Content/EngineMaterials/Substrate/Glints2/dict_0005_0010.uasset" 8110
"/Engine/EngineMaterials/Substrate/Glints2/dict_0005_0032" 8111
"/Engine/EngineMaterials/Substrate/Glints2/dict_0005_0033" 8112
"/Engine/EngineMaterials/Substrate/Glints2/dict_0005_0034" 8113
"/Engine/EngineMaterials/Substrate/Glints2/dict_0005_0035" 8114
"/Engine/EngineMaterials/Substrate/Glints2/dict_0005_0036" 8115
"/Engine/EngineMaterials/Substrate/Glints2/dict_0005_0037" 8116
"/Engine/EngineMaterials/Substrate/Glints2/dict_0005_0038" 8117
"/Engine/EngineMaterials/Substrate/Glints2/dict_0005_0039" 8118
"/Engine/EngineMaterials/Substrate/Glints2/dict_0005_0040" 8119
"/Engine/EngineMaterials/Substrate/Glints2/dict_0005_0009" 8120
"../../../Engine/Content/EngineMaterials/Substrate/Glints2/dict_0005_0007.uasset" 8121
"../../../Engine/Content/EngineMaterials/Substrate/Glints2/dict_0005_0006.uasset" 8122
"../../../Engine/Content/EngineMaterials/Substrate/Glints2/dict_0005_0005.uasset" 8123
"../../../Engine/Content/EngineMaterials/Substrate/Glints2/dict_0005_0002.uasset" 8124
"../../../Engine/Content/EngineMaterials/Substrate/Glints2/dict_0005_0008.uasset" 8125
"../../../Engine/Content/EngineMaterials/Substrate/Glints2/dict_0005_0003.uasset" 8126
"../../../Engine/Content/EngineMaterials/Substrate/Glints2/dict_0005_0004.uasset" 8127
"/Engine/EngineMaterials/Substrate/Glints2/dict_0005_0010" 8128
"../../../Engine/Content/EngineMaterials/Substrate/Glints2/dict_0005_0001.uasset" 8129
"../../../Engine/Content/EngineMaterials/Substrate/Glints2/dict_0005_0000.uasset" 8130
"../../../Engine/Content/EngineMaterials/Substrate/Glints2/dict_0004_0255.uasset" 8131
"../../../Engine/Content/EngineMaterials/Substrate/Glints2/dict_0004_0253.uasset" 8132
"../../../Engine/Content/EngineMaterials/Substrate/Glints2/dict_0004_0254.uasset" 8133
"/Engine/EngineMaterials/Substrate/Glints2/dict_0005_0011" 8134
"/Engine/EngineMaterials/Substrate/Glints2/dict_0005_0012" 8135
"/Engine/EngineMaterials/Substrate/Glints2/dict_0005_0013" 8136
"/Engine/EngineMaterials/Substrate/Glints2/dict_0005_0014" 8137
"/Engine/EngineMaterials/Substrate/Glints2/dict_0005_0015" 8138
"/Engine/EngineMaterials/Substrate/Glints2/dict_0005_0016" 8139
"/Engine/EngineMaterials/Substrate/Glints2/dict_0005_0017" 8140
"/Engine/EngineMaterials/Substrate/Glints2/dict_0005_0018" 8141
"/Engine/EngineMaterials/Substrate/Glints2/dict_0005_0019" 8142
"/Engine/EngineMaterials/Substrate/Glints2/dict_0005_0020" 8143
"/Engine/EngineMaterials/Substrate/Glints2/dict_0005_0021" 8144
"/Engine/EngineMaterials/Substrate/Glints2/dict_0005_0022" 8145
"/Engine/EngineMaterials/Substrate/Glints2/dict_0005_0023" 8146
"/Engine/EngineMaterials/Substrate/Glints2/dict_0005_0024" 8147
"/Engine/EngineMaterials/Substrate/Glints2/dict_0005_0025" 8148
"/Engine/EngineMaterials/Substrate/Glints2/dict_0005_0026" 8149
"/Engine/EngineMaterials/Substrate/Glints2/dict_0005_0027" 8150
"/Engine/EngineMaterials/Substrate/Glints2/dict_0005_0028" 8151
"/Engine/EngineMaterials/Substrate/Glints2/dict_0004_0253" 8152
"../../../Engine/Content/EngineMaterials/Substrate/Glints2/dict_0004_0250.uasset" 8153
"../../../Engine/Content/EngineMaterials/Substrate/Glints2/dict_0004_0251.uasset" 8154
"../../../Engine/Content/EngineMaterials/Substrate/Glints2/dict_0004_0248.uasset" 8155
"../../../Engine/Content/EngineMaterials/Substrate/Glints2/dict_0004_0247.uasset" 8156
"../../../Engine/Content/EngineMaterials/Substrate/Glints2/dict_0004_0249.uasset" 8157
"../../../Engine/Content/EngineMaterials/Substrate/Glints2/dict_0004_0252.uasset" 8158
"../../../Engine/Content/EngineMaterials/Substrate/Glints2/dict_0004_0246.uasset" 8159
"../../../Engine/Content/EngineMaterials/Substrate/Glints2/dict_0004_0245.uasset" 8160
"../../../Engine/Content/EngineMaterials/Substrate/Glints2/dict_0004_0243.uasset" 8161
"../../../Engine/Content/EngineMaterials/Substrate/Glints2/dict_0004_0244.uasset" 8162
"/Engine/EngineMaterials/Substrate/Glints2/dict_0004_0254" 8163
"../../../Engine/Content/EngineMaterials/Substrate/Glints2/dict_0004_0242.uasset" 8164
"../../../Engine/Content/EngineMaterials/Substrate/Glints2/dict_0004_0240.uasset" 8165
"../../../Engine/Content/EngineMaterials/Substrate/Glints2/dict_0004_0239.uasset" 8166
"../../../Engine/Content/EngineMaterials/Substrate/Glints2/dict_0004_0237.uasset" 8167
"../../../Engine/Content/EngineMaterials/Substrate/Glints2/dict_0004_0238.uasset" 8168
"../../../Engine/Content/EngineMaterials/Substrate/Glints2/dict_0004_0241.uasset" 8169
"../../../Engine/Content/EngineMaterials/Substrate/Glints2/dict_0004_0236.uasset" 8170
"../../../Engine/Content/EngineMaterials/Substrate/Glints2/dict_0004_0235.uasset" 8171
"../../../Engine/Content/EngineMaterials/Substrate/Glints2/dict_0004_0234.uasset" 8172
"../../../Engine/Content/EngineMaterials/Substrate/Glints2/dict_0004_0233.uasset" 8173
"/Engine/EngineMaterials/Substrate/Glints2/dict_0004_0255" 8174
"/Engine/EngineMaterials/Substrate/Glints2/dict_0005_0000" 8175
"/Engine/EngineMaterials/Substrate/Glints2/dict_0005_0001" 8176
"/Engine/EngineMaterials/Substrate/Glints2/dict_0005_0002" 8177
"/Engine/EngineMaterials/Substrate/Glints2/dict_0005_0003" 8178
"/Engine/EngineMaterials/Substrate/Glints2/dict_0005_0004" 8179
"/Engine/EngineMaterials/Substrate/Glints2/dict_0005_0005" 8180
"/Engine/EngineMaterials/Substrate/Glints2/dict_0005_0006" 8181
"/Engine/EngineMaterials/Substrate/Glints2/dict_0005_0007" 8182
"/Engine/EngineMaterials/Substrate/Glints2/dict_0005_0008" 8183
"/Engine/EngineMaterials/Substrate/Glints2/dict_0004_0233" 8184
"../../../Engine/Content/EngineMaterials/Substrate/Glints2/dict_0004_0232.uasset" 8185
"../../../Engine/Content/EngineMaterials/Substrate/Glints2/dict_0004_0231.uasset" 8186
"../../../Engine/Content/EngineMaterials/Substrate/Glints2/dict_0004_0230.uasset" 8187
"../../../Engine/Content/EngineMaterials/Substrate/Glints2/dict_0004_0228.uasset" 8188
"../../../Engine/Content/EngineMaterials/Substrate/Glints2/dict_0004_0229.uasset" 8189
"../../../Engine/Content/EngineMaterials/Substrate/Glints2/dict_0004_0227.uasset" 8190
"../../../Engine/Content/EngineMaterials/Substrate/Glints2/dict_0004_0226.uasset" 8191
"../../../Engine/Content/EngineMaterials/Substrate/Glints2/dict_0004_0224.uasset" 8192
"../../../Engine/Content/EngineMaterials/Substrate/Glints2/dict_0004_0225.uasset" 8193
"/Engine/EngineMaterials/Substrate/Glints2/dict_0004_0234" 8194
"../../../Engine/Content/EngineMaterials/Substrate/Glints2/dict_0004_0223.uasset" 8195
"../../../Engine/Content/EngineMaterials/Substrate/Glints2/dict_0004_0222.uasset" 8196
"../../../Engine/Content/EngineMaterials/Substrate/Glints2/dict_0004_0221.uasset" 8197
"/Engine/EngineMaterials/Substrate/Glints2/dict_0004_0235" 8198
"/Engine/EngineMaterials/Substrate/Glints2/dict_0004_0236" 8199
"/Engine/EngineMaterials/Substrate/Glints2/dict_0004_0237" 8200
"/Engine/EngineMaterials/Substrate/Glints2/dict_0004_0238" 8201
"/Engine/EngineMaterials/Substrate/Glints2/dict_0004_0239" 8202
"/Engine/EngineMaterials/Substrate/Glints2/dict_0004_0240" 8203
"/Engine/EngineMaterials/Substrate/Glints2/dict_0004_0241" 8204
"/Engine/EngineMaterials/Substrate/Glints2/dict_0004_0242" 8205
"/Engine/EngineMaterials/Substrate/Glints2/dict_0004_0243" 8206
"/Engine/EngineMaterials/Substrate/Glints2/dict_0004_0244" 8207
"/Engine/EngineMaterials/Substrate/Glints2/dict_0004_0245" 8208
"/Engine/EngineMaterials/Substrate/Glints2/dict_0004_0246" 8209
"/Engine/EngineMaterials/Substrate/Glints2/dict_0004_0247" 8210
"/Engine/EngineMaterials/Substrate/Glints2/dict_0004_0248" 8211
"/Engine/EngineMaterials/Substrate/Glints2/dict_0004_0249" 8212
"/Engine/EngineMaterials/Substrate/Glints2/dict_0004_0250" 8213
"/Engine/EngineMaterials/Substrate/Glints2/dict_0004_0251" 8214
"/Engine/EngineMaterials/Substrate/Glints2/dict_0004_0252" 8215
"/Engine/EngineMaterials/Substrate/Glints2/dict_0004_0221" 8216
"../../../Engine/Content/EngineMaterials/Substrate/Glints2/dict_0004_0219.uasset" 8217
"../../../Engine/Content/EngineMaterials/Substrate/Glints2/dict_0004_0220.uasset" 8218
"../../../Engine/Content/EngineMaterials/Substrate/Glints2/dict_0004_0218.uasset" 8219
"../../../Engine/Content/EngineMaterials/Substrate/Glints2/dict_0004_0217.uasset" 8220
"../../../Engine/Content/EngineMaterials/Substrate/Glints2/dict_0004_0216.uasset" 8221
"../../../Engine/Content/EngineMaterials/Substrate/Glints2/dict_0004_0214.uasset" 8222
"../../../Engine/Content/EngineMaterials/Substrate/Glints2/dict_0004_0215.uasset" 8223
"../../../Engine/Content/EngineMaterials/Substrate/Glints2/dict_0004_0213.uasset" 8224
"/Engine/EngineMaterials/Substrate/Glints2/dict_0004_0222" 8225
"../../../Engine/Content/EngineMaterials/Substrate/Glints2/dict_0004_0212.uasset" 8226
"../../../Engine/Content/EngineMaterials/Substrate/Glints2/dict_0004_0211.uasset" 8227
"../../../Engine/Content/EngineMaterials/Substrate/Glints2/dict_0004_0207.uasset" 8228
"../../../Engine/Content/EngineMaterials/Substrate/Glints2/dict_0004_0209.uasset" 8229
"../../../Engine/Content/EngineMaterials/Substrate/Glints2/dict_0004_0208.uasset" 8230
"../../../Engine/Content/EngineMaterials/Substrate/Glints2/dict_0004_0210.uasset" 8231
"../../../Engine/Content/EngineMaterials/Substrate/Glints2/dict_0004_0205.uasset" 8232
"../../../Engine/Content/EngineMaterials/Substrate/Glints2/dict_0004_0206.uasset" 8233
"../../../Engine/Content/EngineMaterials/Substrate/Glints2/dict_0004_0204.uasset" 8234
"../../../Engine/Content/EngineMaterials/Substrate/Glints2/dict_0004_0203.uasset" 8235
"../../../Engine/Content/EngineMaterials/Substrate/Glints2/dict_0004_0202.uasset" 8236
"/Engine/EngineMaterials/Substrate/Glints2/dict_0004_0223" 8237
"../../../Engine/Content/EngineMaterials/Substrate/Glints2/dict_0004_0201.uasset" 8238
"/Engine/EngineMaterials/Substrate/Glints2/dict_0004_0224" 8239
"/Engine/EngineMaterials/Substrate/Glints2/dict_0004_0225" 8240
"/Engine/EngineMaterials/Substrate/Glints2/dict_0004_0226" 8241
"/Engine/EngineMaterials/Substrate/Glints2/dict_0004_0227" 8242
"/Engine/EngineMaterials/Substrate/Glints2/dict_0004_0228" 8243
"/Engine/EngineMaterials/Substrate/Glints2/dict_0004_0229" 8244
"/Engine/EngineMaterials/Substrate/Glints2/dict_0004_0230" 8245
"/Engine/EngineMaterials/Substrate/Glints2/dict_0004_0231" 8246
"/Engine/EngineMaterials/Substrate/Glints2/dict_0004_0232" 8247
"/Engine/EngineMaterials/Substrate/Glints2/dict_0004_0201" 8248
"../../../Engine/Content/EngineMaterials/Substrate/Glints2/dict_0004_0197.uasset" 8249
"../../../Engine/Content/EngineMaterials/Substrate/Glints2/dict_0004_0195.uasset" 8250
"../../../Engine/Content/EngineMaterials/Substrate/Glints2/dict_0004_0198.uasset" 8251
"../../../Engine/Content/EngineMaterials/Substrate/Glints2/dict_0004_0200.uasset" 8252
"../../../Engine/Content/EngineMaterials/Substrate/Glints2/dict_0004_0196.uasset" 8253
"../../../Engine/Content/EngineMaterials/Substrate/Glints2/dict_0004_0199.uasset" 8254
"../../../Engine/Content/EngineMaterials/Substrate/Glints2/dict_0004_0194.uasset" 8255
"/Engine/EngineMaterials/Substrate/Glints2/dict_0004_0202" 8256
"../../../Engine/Content/EngineMaterials/Substrate/Glints2/dict_0004_0193.uasset" 8257
"../../../Engine/Content/EngineMaterials/Substrate/Glints2/dict_0004_0192.uasset" 8258
"../../../Engine/Content/EngineMaterials/Substrate/Glints2/dict_0004_0191.uasset" 8259
"../../../Engine/Content/EngineMaterials/Substrate/Glints2/dict_0004_0190.uasset" 8260
"../../../Engine/Content/EngineMaterials/Substrate/Glints2/dict_0004_0189.uasset" 8261
"/Engine/EngineMaterials/Substrate/Glints2/dict_0004_0203" 8262
"/Engine/EngineMaterials/Substrate/Glints2/dict_0004_0204" 8263
"/Engine/EngineMaterials/Substrate/Glints2/dict_0004_0205" 8264
"/Engine/EngineMaterials/Substrate/Glints2/dict_0004_0206" 8265
"/Engine/EngineMaterials/Substrate/Glints2/dict_0004_0207" 8266
"/Engine/EngineMaterials/Substrate/Glints2/dict_0004_0208" 8267
"/Engine/EngineMaterials/Substrate/Glints2/dict_0004_0209" 8268
"/Engine/EngineMaterials/Substrate/Glints2/dict_0004_0210" 8269
"/Engine/EngineMaterials/Substrate/Glints2/dict_0004_0211" 8270
"/Engine/EngineMaterials/Substrate/Glints2/dict_0004_0212" 8271
"/Engine/EngineMaterials/Substrate/Glints2/dict_0004_0213" 8272
"/Engine/EngineMaterials/Substrate/Glints2/dict_0004_0214" 8273
"/Engine/EngineMaterials/Substrate/Glints2/dict_0004_0215" 8274
"/Engine/EngineMaterials/Substrate/Glints2/dict_0004_0216" 8275
"/Engine/EngineMaterials/Substrate/Glints2/dict_0004_0217" 8276
"/Engine/EngineMaterials/Substrate/Glints2/dict_0004_0218" 8277
"/Engine/EngineMaterials/Substrate/Glints2/dict_0004_0219" 8278
"/Engine/EngineMaterials/Substrate/Glints2/dict_0004_0220" 8279
"/Engine/EngineMaterials/Substrate/Glints2/dict_0004_0189" 8280
"../../../Engine/Content/EngineMaterials/Substrate/Glints2/dict_0004_0188.uasset" 8281
"../../../Engine/Content/EngineMaterials/Substrate/Glints2/dict_0004_0187.uasset" 8282
"../../../Engine/Content/EngineMaterials/Substrate/Glints2/dict_0004_0186.uasset" 8283
"../../../Engine/Content/EngineMaterials/Substrate/Glints2/dict_0004_0184.uasset" 8284
"../../../Engine/Content/EngineMaterials/Substrate/Glints2/dict_0004_0185.uasset" 8285
"../../../Engine/Content/EngineMaterials/Substrate/Glints2/dict_0004_0182.uasset" 8286
"../../../Engine/Content/EngineMaterials/Substrate/Glints2/dict_0004_0183.uasset" 8287
"../../../Engine/Content/EngineMaterials/Substrate/Glints2/dict_0004_0181.uasset" 8288
"/Engine/EngineMaterials/Substrate/Glints2/dict_0004_0190" 8289
"../../../Engine/Content/EngineMaterials/Substrate/Glints2/dict_0004_0178.uasset" 8290
"../../../Engine/Content/EngineMaterials/Substrate/Glints2/dict_0004_0177.uasset" 8291
"../../../Engine/Content/EngineMaterials/Substrate/Glints2/dict_0004_0176.uasset" 8292
"../../../Engine/Content/EngineMaterials/Substrate/Glints2/dict_0004_0179.uasset" 8293
"../../../Engine/Content/EngineMaterials/Substrate/Glints2/dict_0004_0180.uasset" 8294
"../../../Engine/Content/EngineMaterials/Substrate/Glints2/dict_0004_0175.uasset" 8295
"../../../Engine/Content/EngineMaterials/Substrate/Glints2/dict_0004_0174.uasset" 8296
"../../../Engine/Content/EngineMaterials/Substrate/Glints2/dict_0004_0173.uasset" 8297
"../../../Engine/Content/EngineMaterials/Substrate/Glints2/dict_0004_0172.uasset" 8298
"../../../Engine/Content/EngineMaterials/Substrate/Glints2/dict_0004_0171.uasset" 8299
"../../../Engine/Content/EngineMaterials/Substrate/Glints2/dict_0004_0170.uasset" 8300
"/Engine/EngineMaterials/Substrate/Glints2/dict_0004_0191" 8301
"../../../Engine/Content/EngineMaterials/Substrate/Glints2/dict_0004_0169.uasset" 8302
"/Engine/EngineMaterials/Substrate/Glints2/dict_0004_0192" 8303
"/Engine/EngineMaterials/Substrate/Glints2/dict_0004_0193" 8304
"/Engine/EngineMaterials/Substrate/Glints2/dict_0004_0194" 8305
"/Engine/EngineMaterials/Substrate/Glints2/dict_0004_0195" 8306
"/Engine/EngineMaterials/Substrate/Glints2/dict_0004_0196" 8307
"/Engine/EngineMaterials/Substrate/Glints2/dict_0004_0197" 8308
"/Engine/EngineMaterials/Substrate/Glints2/dict_0004_0198" 8309
"/Engine/EngineMaterials/Substrate/Glints2/dict_0004_0199" 8310
"/Engine/EngineMaterials/Substrate/Glints2/dict_0004_0200" 8311
"/Engine/EngineMaterials/Substrate/Glints2/dict_0004_0169" 8312
"../../../Engine/Content/EngineMaterials/Substrate/Glints2/dict_0004_0168.uasset" 8313
"../../../Engine/Content/EngineMaterials/Substrate/Glints2/dict_0004_0167.uasset" 8314
"../../../Engine/Content/EngineMaterials/Substrate/Glints2/dict_0004_0166.uasset" 8315
"../../../Engine/Content/EngineMaterials/Substrate/Glints2/dict_0004_0164.uasset" 8316
"../../../Engine/Content/EngineMaterials/Substrate/Glints2/dict_0004_0162.uasset" 8317
"../../../Engine/Content/EngineMaterials/Substrate/Glints2/dict_0004_0165.uasset" 8318
"../../../Engine/Content/EngineMaterials/Substrate/Glints2/dict_0004_0163.uasset" 8319
"../../../Engine/Content/EngineMaterials/Substrate/Glints2/dict_0004_0161.uasset" 8320
"../../../Engine/Content/EngineMaterials/Substrate/Glints2/dict_0004_0160.uasset" 8321
"/Engine/EngineMaterials/Substrate/Glints2/dict_0004_0170" 8322
"../../../Engine/Content/EngineMaterials/Substrate/Glints2/dict_0004_0159.uasset" 8323
"../../../Engine/Content/EngineMaterials/Substrate/Glints2/dict_0004_0157.uasset" 8324
"../../../Engine/Content/EngineMaterials/Substrate/Glints2/dict_0004_0158.uasset" 8325
"/Engine/EngineMaterials/Substrate/Glints2/dict_0004_0171" 8326
"/Engine/EngineMaterials/Substrate/Glints2/dict_0004_0172" 8327
"/Engine/EngineMaterials/Substrate/Glints2/dict_0004_0173" 8328
"/Engine/EngineMaterials/Substrate/Glints2/dict_0004_0174" 8329
"/Engine/EngineMaterials/Substrate/Glints2/dict_0004_0175" 8330
"/Engine/EngineMaterials/Substrate/Glints2/dict_0004_0176" 8331
"/Engine/EngineMaterials/Substrate/Glints2/dict_0004_0177" 8332
"/Engine/EngineMaterials/Substrate/Glints2/dict_0004_0178" 8333
"/Engine/EngineMaterials/Substrate/Glints2/dict_0004_0179" 8334
"/Engine/EngineMaterials/Substrate/Glints2/dict_0004_0180" 8335
"/Engine/EngineMaterials/Substrate/Glints2/dict_0004_0181" 8336
"/Engine/EngineMaterials/Substrate/Glints2/dict_0004_0182" 8337
"/Engine/EngineMaterials/Substrate/Glints2/dict_0004_0183" 8338
"/Engine/EngineMaterials/Substrate/Glints2/dict_0004_0184" 8339
"/Engine/EngineMaterials/Substrate/Glints2/dict_0004_0185" 8340
"/Engine/EngineMaterials/Substrate/Glints2/dict_0004_0186" 8341
"/Engine/EngineMaterials/Substrate/Glints2/dict_0004_0187" 8342
"/Engine/EngineMaterials/Substrate/Glints2/dict_0004_0188" 8343
"/Engine/EngineMaterials/Substrate/Glints2/dict_0004_0157" 8344
"../../../Engine/Content/EngineMaterials/Substrate/Glints2/dict_0004_0154.uasset" 8345
"../../../Engine/Content/EngineMaterials/Substrate/Glints2/dict_0004_0153.uasset" 8346
"../../../Engine/Content/EngineMaterials/Substrate/Glints2/dict_0004_0156.uasset" 8347
"../../../Engine/Content/EngineMaterials/Substrate/Glints2/dict_0004_0151.uasset" 8348
"../../../Engine/Content/EngineMaterials/Substrate/Glints2/dict_0004_0155.uasset" 8349
"../../../Engine/Content/EngineMaterials/Substrate/Glints2/dict_0004_0150.uasset" 8350
"../../../Engine/Content/EngineMaterials/Substrate/Glints2/dict_0004_0152.uasset" 8351
"../../../Engine/Content/EngineMaterials/Substrate/Glints2/dict_0004_0149.uasset" 8352
"/Engine/EngineMaterials/Substrate/Glints2/dict_0004_0158" 8353
"../../../Engine/Content/EngineMaterials/Substrate/Glints2/dict_0004_0148.uasset" 8354
"../../../Engine/Content/EngineMaterials/Substrate/Glints2/dict_0004_0147.uasset" 8355
"../../../Engine/Content/EngineMaterials/Substrate/Glints2/dict_0004_0144.uasset" 8356
"../../../Engine/Content/EngineMaterials/Substrate/Glints2/dict_0004_0145.uasset" 8357
"../../../Engine/Content/EngineMaterials/Substrate/Glints2/dict_0004_0146.uasset" 8358
"../../../Engine/Content/EngineMaterials/Substrate/Glints2/dict_0004_0143.uasset" 8359
"../../../Engine/Content/EngineMaterials/Substrate/Glints2/dict_0004_0142.uasset" 8360
"../../../Engine/Content/EngineMaterials/Substrate/Glints2/dict_0004_0141.uasset" 8361
"../../../Engine/Content/EngineMaterials/Substrate/Glints2/dict_0004_0140.uasset" 8362
"../../../Engine/Content/EngineMaterials/Substrate/Glints2/dict_0004_0139.uasset" 8363
"../../../Engine/Content/EngineMaterials/Substrate/Glints2/dict_0004_0137.uasset" 8364
"/Engine/EngineMaterials/Substrate/Glints2/dict_0004_0159" 8365
"../../../Engine/Content/EngineMaterials/Substrate/Glints2/dict_0004_0138.uasset" 8366
"/Engine/EngineMaterials/Substrate/Glints2/dict_0004_0160" 8367
"/Engine/EngineMaterials/Substrate/Glints2/dict_0004_0161" 8368
"/Engine/EngineMaterials/Substrate/Glints2/dict_0004_0162" 8369
"/Engine/EngineMaterials/Substrate/Glints2/dict_0004_0163" 8370
"/Engine/EngineMaterials/Substrate/Glints2/dict_0004_0164" 8371
"/Engine/EngineMaterials/Substrate/Glints2/dict_0004_0165" 8372
"/Engine/EngineMaterials/Substrate/Glints2/dict_0004_0166" 8373
"/Engine/EngineMaterials/Substrate/Glints2/dict_0004_0167" 8374
"/Engine/EngineMaterials/Substrate/Glints2/dict_0004_0168" 8375
"/Engine/EngineMaterials/Substrate/Glints2/dict_0004_0137" 8376
"../../../Engine/Content/EngineMaterials/Substrate/Glints2/dict_0004_0135.uasset" 8377
"../../../Engine/Content/EngineMaterials/Substrate/Glints2/dict_0004_0133.uasset" 8378
"../../../Engine/Content/EngineMaterials/Substrate/Glints2/dict_0004_0132.uasset" 8379
"../../../Engine/Content/EngineMaterials/Substrate/Glints2/dict_0004_0134.uasset" 8380
"../../../Engine/Content/EngineMaterials/Substrate/Glints2/dict_0004_0130.uasset" 8381
"../../../Engine/Content/EngineMaterials/Substrate/Glints2/dict_0004_0131.uasset" 8382
"../../../Engine/Content/EngineMaterials/Substrate/Glints2/dict_0004_0136.uasset" 8383
"../../../Engine/Content/EngineMaterials/Substrate/Glints2/dict_0004_0129.uasset" 8384
"../../../Engine/Content/EngineMaterials/Substrate/Glints2/dict_0004_0128.uasset" 8385
"../../../Engine/Content/EngineMaterials/Substrate/Glints2/dict_0004_0127.uasset" 8386
"../../../Engine/Content/EngineMaterials/Substrate/Glints2/dict_0004_0125.uasset" 8387
"../../../Engine/Content/EngineMaterials/Substrate/Glints2/dict_0004_0126.uasset" 8388
"/Engine/EngineMaterials/Substrate/Glints2/dict_0004_0138" 8389
"/Engine/EngineMaterials/Substrate/Glints2/dict_0004_0139" 8390
"/Engine/EngineMaterials/Substrate/Glints2/dict_0004_0140" 8391
"/Engine/EngineMaterials/Substrate/Glints2/dict_0004_0141" 8392
"/Engine/EngineMaterials/Substrate/Glints2/dict_0004_0142" 8393
"/Engine/EngineMaterials/Substrate/Glints2/dict_0004_0143" 8394
"/Engine/EngineMaterials/Substrate/Glints2/dict_0004_0144" 8395
"/Engine/EngineMaterials/Substrate/Glints2/dict_0004_0145" 8396
"/Engine/EngineMaterials/Substrate/Glints2/dict_0004_0146" 8397
"/Engine/EngineMaterials/Substrate/Glints2/dict_0004_0147" 8398
"/Engine/EngineMaterials/Substrate/Glints2/dict_0004_0148" 8399
"/Engine/EngineMaterials/Substrate/Glints2/dict_0004_0149" 8400
"/Engine/EngineMaterials/Substrate/Glints2/dict_0004_0150" 8401
"/Engine/EngineMaterials/Substrate/Glints2/dict_0004_0151" 8402
"/Engine/EngineMaterials/Substrate/Glints2/dict_0004_0152" 8403
"/Engine/EngineMaterials/Substrate/Glints2/dict_0004_0153" 8404
"/Engine/EngineMaterials/Substrate/Glints2/dict_0004_0154" 8405
"/Engine/EngineMaterials/Substrate/Glints2/dict_0004_0155" 8406
"/Engine/EngineMaterials/Substrate/Glints2/dict_0004_0156" 8407
"/Engine/EngineMaterials/Substrate/Glints2/dict_0004_0125" 8408
"../../../Engine/Content/EngineMaterials/Substrate/Glints2/dict_0004_0124.uasset" 8409
"/Engine/EngineMaterials/Substrate/Glints2/dict_0004_0126" 8410
"../../../Engine/Content/EngineMaterials/Substrate/Glints2/dict_0004_0122.uasset" 8411
"../../../Engine/Content/EngineMaterials/Substrate/Glints2/dict_0004_0123.uasset" 8412
"../../../Engine/Content/EngineMaterials/Substrate/Glints2/dict_0004_0121.uasset" 8413
"/Engine/EngineMaterials/Substrate/Glints2/dict_0004_0127" 8414
"../../../Engine/Content/EngineMaterials/Substrate/Glints2/dict_0004_0119.uasset" 8415
"../../../Engine/Content/EngineMaterials/Substrate/Glints2/dict_0004_0118.uasset" 8416
"../../../Engine/Content/EngineMaterials/Substrate/Glints2/dict_0004_0120.uasset" 8417
"../../../Engine/Content/EngineMaterials/Substrate/Glints2/dict_0004_0117.uasset" 8418
"../../../Engine/Content/EngineMaterials/Substrate/Glints2/dict_0004_0116.uasset" 8419
"../../../Engine/Content/EngineMaterials/Substrate/Glints2/dict_0004_0114.uasset" 8420
"../../../Engine/Content/EngineMaterials/Substrate/Glints2/dict_0004_0115.uasset" 8421
"/Engine/EngineMaterials/Substrate/Glints2/dict_0004_0128" 8422
"../../../Engine/Content/EngineMaterials/Substrate/Glints2/dict_0004_0113.uasset" 8423
"../../../Engine/Content/EngineMaterials/Substrate/Glints2/dict_0004_0111.uasset" 8424
"../../../Engine/Content/EngineMaterials/Substrate/Glints2/dict_0004_0112.uasset" 8425
"../../../Engine/Content/EngineMaterials/Substrate/Glints2/dict_0004_0109.uasset" 8426
"../../../Engine/Content/EngineMaterials/Substrate/Glints2/dict_0004_0110.uasset" 8427
"../../../Engine/Content/EngineMaterials/Substrate/Glints2/dict_0004_0108.uasset" 8428
"../../../Engine/Content/EngineMaterials/Substrate/Glints2/dict_0004_0107.uasset" 8429
"../../../Engine/Content/EngineMaterials/Substrate/Glints2/dict_0004_0106.uasset" 8430
"../../../Engine/Content/EngineMaterials/Substrate/Glints2/dict_0004_0105.uasset" 8431
"/Engine/EngineMaterials/Substrate/Glints2/dict_0004_0129" 8432
"/Engine/EngineMaterials/Substrate/Glints2/dict_0004_0130" 8433
"/Engine/EngineMaterials/Substrate/Glints2/dict_0004_0131" 8434
"/Engine/EngineMaterials/Substrate/Glints2/dict_0004_0132" 8435
"/Engine/EngineMaterials/Substrate/Glints2/dict_0004_0133" 8436
"/Engine/EngineMaterials/Substrate/Glints2/dict_0004_0134" 8437
"/Engine/EngineMaterials/Substrate/Glints2/dict_0004_0135" 8438
"/Engine/EngineMaterials/Substrate/Glints2/dict_0004_0136" 8439
"/Engine/EngineMaterials/Substrate/Glints2/dict_0004_0105" 8440
"/Engine/EngineMaterials/Substrate/Glints2/dict_0004_0106" 8441
"../../../Engine/Content/EngineMaterials/Substrate/Glints2/dict_0004_0104.uasset" 8442
"../../../Engine/Content/EngineMaterials/Substrate/Glints2/dict_0004_0103.uasset" 8443
"../../../Engine/Content/EngineMaterials/Substrate/Glints2/dict_0004_0102.uasset" 8444
"../../../Engine/Content/EngineMaterials/Substrate/Glints2/dict_0004_0101.uasset" 8445
"/Engine/EngineMaterials/Substrate/Glints2/dict_0004_0107" 8446
"../../../Engine/Content/EngineMaterials/Substrate/Glints2/dict_0004_0100.uasset" 8447
"../../../Engine/Content/EngineMaterials/Substrate/Glints2/dict_0004_0098.uasset" 8448
"../../../Engine/Content/EngineMaterials/Substrate/Glints2/dict_0004_0099.uasset" 8449
"../../../Engine/Content/EngineMaterials/Substrate/Glints2/dict_0004_0097.uasset" 8450
"/Engine/EngineMaterials/Substrate/Glints2/dict_0004_0108" 8451
"../../../Engine/Content/EngineMaterials/Substrate/Glints2/dict_0004_0095.uasset" 8452
"../../../Engine/Content/EngineMaterials/Substrate/Glints2/dict_0004_0096.uasset" 8453
"../../../Engine/Content/EngineMaterials/Substrate/Glints2/dict_0004_0094.uasset" 8454
"../../../Engine/Content/EngineMaterials/Substrate/Glints2/dict_0004_0093.uasset" 8455
"/Engine/EngineMaterials/Substrate/Glints2/dict_0004_0109" 8456
"/Engine/EngineMaterials/Substrate/Glints2/dict_0004_0110" 8457
"/Engine/EngineMaterials/Substrate/Glints2/dict_0004_0111" 8458
"/Engine/EngineMaterials/Substrate/Glints2/dict_0004_0112" 8459
"/Engine/EngineMaterials/Substrate/Glints2/dict_0004_0113" 8460
"/Engine/EngineMaterials/Substrate/Glints2/dict_0004_0114" 8461
"/Engine/EngineMaterials/Substrate/Glints2/dict_0004_0115" 8462
"/Engine/EngineMaterials/Substrate/Glints2/dict_0004_0116" 8463
"/Engine/EngineMaterials/Substrate/Glints2/dict_0004_0117" 8464
"/Engine/EngineMaterials/Substrate/Glints2/dict_0004_0118" 8465
"/Engine/EngineMaterials/Substrate/Glints2/dict_0004_0119" 8466
"/Engine/EngineMaterials/Substrate/Glints2/dict_0004_0120" 8467
"/Engine/EngineMaterials/Substrate/Glints2/dict_0004_0121" 8468
"/Engine/EngineMaterials/Substrate/Glints2/dict_0004_0122" 8469
"/Engine/EngineMaterials/Substrate/Glints2/dict_0004_0123" 8470
"/Engine/EngineMaterials/Substrate/Glints2/dict_0004_0124" 8471
"/Engine/EngineMaterials/Substrate/Glints2/dict_0004_0093" 8472
"/Engine/EngineMaterials/Substrate/Glints2/dict_0004_0094" 8473
"../../../Engine/Content/EngineMaterials/Substrate/Glints2/dict_0004_0092.uasset" 8474
"../../../Engine/Content/EngineMaterials/Substrate/Glints2/dict_0004_0091.uasset" 8475
"../../../Engine/Content/EngineMaterials/Substrate/Glints2/dict_0004_0090.uasset" 8476
"../../../Engine/Content/EngineMaterials/Substrate/Glints2/dict_0004_0089.uasset" 8477
"../../../Engine/Content/EngineMaterials/Substrate/Glints2/dict_0004_0087.uasset" 8478
"../../../Engine/Content/EngineMaterials/Substrate/Glints2/dict_0004_0086.uasset" 8479
"../../../Engine/Content/EngineMaterials/Substrate/Glints2/dict_0004_0088.uasset" 8480
"/Engine/EngineMaterials/Substrate/Glints2/dict_0004_0095" 8481
"../../../Engine/Content/EngineMaterials/Substrate/Glints2/dict_0004_0085.uasset" 8482
"../../../Engine/Content/EngineMaterials/Substrate/Glints2/dict_0004_0082.uasset" 8483
"../../../Engine/Content/EngineMaterials/Substrate/Glints2/dict_0004_0084.uasset" 8484
"../../../Engine/Content/EngineMaterials/Substrate/Glints2/dict_0004_0083.uasset" 8485
"../../../Engine/Content/EngineMaterials/Substrate/Glints2/dict_0004_0080.uasset" 8486
"../../../Engine/Content/EngineMaterials/Substrate/Glints2/dict_0004_0081.uasset" 8487
"../../../Engine/Content/EngineMaterials/Substrate/Glints2/dict_0004_0079.uasset" 8488
"../../../Engine/Content/EngineMaterials/Substrate/Glints2/dict_0004_0078.uasset" 8489
"../../../Engine/Content/EngineMaterials/Substrate/Glints2/dict_0004_0077.uasset" 8490
"/Engine/EngineMaterials/Substrate/Glints2/dict_0004_0096" 8491
"../../../Engine/Content/EngineMaterials/Substrate/Glints2/dict_0004_0076.uasset" 8492
"../../../Engine/Content/EngineMaterials/Substrate/Glints2/dict_0004_0075.uasset" 8493
"../../../Engine/Content/EngineMaterials/Substrate/Glints2/dict_0004_0074.uasset" 8494
"../../../Engine/Content/EngineMaterials/Substrate/Glints2/dict_0004_0073.uasset" 8495
"/Engine/EngineMaterials/Substrate/Glints2/dict_0004_0097" 8496
"/Engine/EngineMaterials/Substrate/Glints2/dict_0004_0098" 8497
"/Engine/EngineMaterials/Substrate/Glints2/dict_0004_0099" 8498
"/Engine/EngineMaterials/Substrate/Glints2/dict_0004_0100" 8499
"/Engine/EngineMaterials/Substrate/Glints2/dict_0004_0101" 8500
"/Engine/EngineMaterials/Substrate/Glints2/dict_0004_0102" 8501
"/Engine/EngineMaterials/Substrate/Glints2/dict_0004_0103" 8502
"/Engine/EngineMaterials/Substrate/Glints2/dict_0004_0104" 8503
"/Engine/EngineMaterials/Substrate/Glints2/dict_0004_0073" 8504
"../../../Engine/Content/EngineMaterials/Substrate/Glints2/dict_0004_0072.uasset" 8505
"/Engine/EngineMaterials/Substrate/Glints2/dict_0004_0074" 8506
"../../../Engine/Content/EngineMaterials/Substrate/Glints2/dict_0004_0069.uasset" 8507
"../../../Engine/Content/EngineMaterials/Substrate/Glints2/dict_0004_0067.uasset" 8508
"../../../Engine/Content/EngineMaterials/Substrate/Glints2/dict_0004_0068.uasset" 8509
"../../../Engine/Content/EngineMaterials/Substrate/Glints2/dict_0004_0071.uasset" 8510
"../../../Engine/Content/EngineMaterials/Substrate/Glints2/dict_0004_0065.uasset" 8511
"../../../Engine/Content/EngineMaterials/Substrate/Glints2/dict_0004_0070.uasset" 8512
"../../../Engine/Content/EngineMaterials/Substrate/Glints2/dict_0004_0062.uasset" 8513
"../../../Engine/Content/EngineMaterials/Substrate/Glints2/dict_0004_0064.uasset" 8514
"/Engine/EngineMaterials/Substrate/Glints2/dict_0004_0075" 8515
"../../../Engine/Content/EngineMaterials/Substrate/Glints2/dict_0004_0063.uasset" 8516
"../../../Engine/Content/EngineMaterials/Substrate/Glints2/dict_0004_0061.uasset" 8517
"../../../Engine/Content/EngineMaterials/Substrate/Glints2/dict_0004_0066.uasset" 8518
"/Engine/EngineMaterials/Substrate/Glints2/dict_0004_0076" 8519
"/Engine/EngineMaterials/Substrate/Glints2/dict_0004_0077" 8520
"/Engine/EngineMaterials/Substrate/Glints2/dict_0004_0078" 8521
"/Engine/EngineMaterials/Substrate/Glints2/dict_0004_0079" 8522
"/Engine/EngineMaterials/Substrate/Glints2/dict_0004_0080" 8523
"/Engine/EngineMaterials/Substrate/Glints2/dict_0004_0081" 8524
"/Engine/EngineMaterials/Substrate/Glints2/dict_0004_0082" 8525
"/Engine/EngineMaterials/Substrate/Glints2/dict_0004_0083" 8526
"/Engine/EngineMaterials/Substrate/Glints2/dict_0004_0084" 8527
"/Engine/EngineMaterials/Substrate/Glints2/dict_0004_0085" 8528
"/Engine/EngineMaterials/Substrate/Glints2/dict_0004_0086" 8529
"/Engine/EngineMaterials/Substrate/Glints2/dict_0004_0087" 8530
"/Engine/EngineMaterials/Substrate/Glints2/dict_0004_0088" 8531
"/Engine/EngineMaterials/Substrate/Glints2/dict_0004_0089" 8532
"/Engine/EngineMaterials/Substrate/Glints2/dict_0004_0090" 8533
"/Engine/EngineMaterials/Substrate/Glints2/dict_0004_0091" 8534
"/Engine/EngineMaterials/Substrate/Glints2/dict_0004_0092" 8535
"/Engine/EngineMaterials/Substrate/Glints2/dict_0004_0061" 8536
"../../../Engine/Content/EngineMaterials/Substrate/Glints2/dict_0004_0060.uasset" 8537
"../../../Engine/Content/EngineMaterials/Substrate/Glints2/dict_0004_0059.uasset" 8538
"../../../Engine/Content/EngineMaterials/Substrate/Glints2/dict_0004_0058.uasset" 8539
"../../../Engine/Content/EngineMaterials/Substrate/Glints2/dict_0004_0056.uasset" 8540
"/Engine/EngineMaterials/Substrate/Glints2/dict_0004_0062" 8541
"../../../Engine/Content/EngineMaterials/Substrate/Glints2/dict_0004_0054.uasset" 8542
"../../../Engine/Content/EngineMaterials/Substrate/Glints2/dict_0004_0057.uasset" 8543
"../../../Engine/Content/EngineMaterials/Substrate/Glints2/dict_0004_0055.uasset" 8544
"../../../Engine/Content/EngineMaterials/Substrate/Glints2/dict_0004_0052.uasset" 8545
"../../../Engine/Content/EngineMaterials/Substrate/Glints2/dict_0004_0053.uasset" 8546
"../../../Engine/Content/EngineMaterials/Substrate/Glints2/dict_0004_0051.uasset" 8547
"../../../Engine/Content/EngineMaterials/Substrate/Glints2/dict_0004_0049.uasset" 8548
"../../../Engine/Content/EngineMaterials/Substrate/Glints2/dict_0004_0050.uasset" 8549
"../../../Engine/Content/EngineMaterials/Substrate/Glints2/dict_0004_0048.uasset" 8550
"/Engine/EngineMaterials/Substrate/Glints2/dict_0004_0063" 8551
"../../../Engine/Content/EngineMaterials/Substrate/Glints2/dict_0004_0046.uasset" 8552
"../../../Engine/Content/EngineMaterials/Substrate/Glints2/dict_0004_0047.uasset" 8553
"../../../Engine/Content/EngineMaterials/Substrate/Glints2/dict_0004_0045.uasset" 8554
"../../../Engine/Content/EngineMaterials/Substrate/Glints2/dict_0004_0041.uasset" 8555
"../../../Engine/Content/EngineMaterials/Substrate/Glints2/dict_0004_0042.uasset" 8556
"../../../Engine/Content/EngineMaterials/Substrate/Glints2/dict_0004_0043.uasset" 8557
"../../../Engine/Content/EngineMaterials/Substrate/Glints2/dict_0004_0044.uasset" 8558
"/Engine/EngineMaterials/Substrate/Glints2/dict_0004_0064" 8559
"/Engine/EngineMaterials/Substrate/Glints2/dict_0004_0065" 8560
"/Engine/EngineMaterials/Substrate/Glints2/dict_0004_0066" 8561
"/Engine/EngineMaterials/Substrate/Glints2/dict_0004_0067" 8562
"/Engine/EngineMaterials/Substrate/Glints2/dict_0004_0068" 8563
"/Engine/EngineMaterials/Substrate/Glints2/dict_0004_0069" 8564
"/Engine/EngineMaterials/Substrate/Glints2/dict_0004_0070" 8565
"/Engine/EngineMaterials/Substrate/Glints2/dict_0004_0071" 8566
"/Engine/EngineMaterials/Substrate/Glints2/dict_0004_0072" 8567
"/Engine/EngineMaterials/Substrate/Glints2/dict_0004_0041" 8568
"../../../Engine/Content/EngineMaterials/Substrate/Glints2/dict_0004_0040.uasset" 8569
"../../../Engine/Content/EngineMaterials/Substrate/Glints2/dict_0004_0039.uasset" 8570
"/Engine/EngineMaterials/Substrate/Glints2/dict_0004_0042" 8571
"../../../Engine/Content/EngineMaterials/Substrate/Glints2/dict_0004_0037.uasset" 8572
"../../../Engine/Content/EngineMaterials/Substrate/Glints2/dict_0004_0038.uasset" 8573
"../../../Engine/Content/EngineMaterials/Substrate/Glints2/dict_0004_0036.uasset" 8574
"../../../Engine/Content/EngineMaterials/Substrate/Glints2/dict_0004_0035.uasset" 8575
"../../../Engine/Content/EngineMaterials/Substrate/Glints2/dict_0004_0034.uasset" 8576
"../../../Engine/Content/EngineMaterials/Substrate/Glints2/dict_0004_0032.uasset" 8577
"../../../Engine/Content/EngineMaterials/Substrate/Glints2/dict_0004_0033.uasset" 8578
"../../../Engine/Content/EngineMaterials/Substrate/Glints2/dict_0004_0031.uasset" 8579
"/Engine/EngineMaterials/Substrate/Glints2/dict_0004_0043" 8580
"../../../Engine/Content/EngineMaterials/Substrate/Glints2/dict_0004_0030.uasset" 8581
"../../../Engine/Content/EngineMaterials/Substrate/Glints2/dict_0004_0029.uasset" 8582
"/Engine/EngineMaterials/Substrate/Glints2/dict_0004_0044" 8583
"/Engine/EngineMaterials/Substrate/Glints2/dict_0004_0045" 8584
"/Engine/EngineMaterials/Substrate/Glints2/dict_0004_0046" 8585
"/Engine/EngineMaterials/Substrate/Glints2/dict_0004_0047" 8586
"/Engine/EngineMaterials/Substrate/Glints2/dict_0004_0048" 8587
"/Engine/EngineMaterials/Substrate/Glints2/dict_0004_0049" 8588
"/Engine/EngineMaterials/Substrate/Glints2/dict_0004_0050" 8589
"/Engine/EngineMaterials/Substrate/Glints2/dict_0004_0051" 8590
"/Engine/EngineMaterials/Substrate/Glints2/dict_0004_0052" 8591
"/Engine/EngineMaterials/Substrate/Glints2/dict_0004_0053" 8592
"/Engine/EngineMaterials/Substrate/Glints2/dict_0004_0054" 8593
"/Engine/EngineMaterials/Substrate/Glints2/dict_0004_0055" 8594
"/Engine/EngineMaterials/Substrate/Glints2/dict_0004_0056" 8595
"/Engine/EngineMaterials/Substrate/Glints2/dict_0004_0057" 8596
"/Engine/EngineMaterials/Substrate/Glints2/dict_0004_0058" 8597
"/Engine/EngineMaterials/Substrate/Glints2/dict_0004_0059" 8598
"/Engine/EngineMaterials/Substrate/Glints2/dict_0004_0060" 8599
"/Engine/EngineMaterials/Substrate/Glints2/dict_0004_0029" 8600
"../../../Engine/Content/EngineMaterials/Substrate/Glints2/dict_0004_0026.uasset" 8601
"../../../Engine/Content/EngineMaterials/Substrate/Glints2/dict_0004_0027.uasset" 8602
"../../../Engine/Content/EngineMaterials/Substrate/Glints2/dict_0004_0028.uasset" 8603
"../../../Engine/Content/EngineMaterials/Substrate/Glints2/dict_0004_0025.uasset" 8604
"../../../Engine/Content/EngineMaterials/Substrate/Glints2/dict_0004_0024.uasset" 8605
"../../../Engine/Content/EngineMaterials/Substrate/Glints2/dict_0004_0023.uasset" 8606
"../../../Engine/Content/EngineMaterials/Substrate/Glints2/dict_0004_0022.uasset" 8607
"/Engine/EngineMaterials/Substrate/Glints2/dict_0004_0030" 8608
"../../../Engine/Content/EngineMaterials/Substrate/Glints2/dict_0004_0020.uasset" 8609
"../../../Engine/Content/EngineMaterials/Substrate/Glints2/dict_0004_0021.uasset" 8610
"../../../Engine/Content/EngineMaterials/Substrate/Glints2/dict_0004_0019.uasset" 8611
"../../../Engine/Content/EngineMaterials/Substrate/Glints2/dict_0004_0018.uasset" 8612
"../../../Engine/Content/EngineMaterials/Substrate/Glints2/dict_0004_0017.uasset" 8613
"../../../Engine/Content/EngineMaterials/Substrate/Glints2/dict_0004_0016.uasset" 8614
"../../../Engine/Content/EngineMaterials/Substrate/Glints2/dict_0004_0015.uasset" 8615
"/Engine/EngineMaterials/Substrate/Glints2/dict_0004_0031" 8616
"../../../Engine/Content/EngineMaterials/Substrate/Glints2/dict_0004_0014.uasset" 8617
"../../../Engine/Content/EngineMaterials/Substrate/Glints2/dict_0004_0013.uasset" 8618
"../../../Engine/Content/EngineMaterials/Substrate/Glints2/dict_0004_0012.uasset" 8619
"../../../Engine/Content/EngineMaterials/Substrate/Glints2/dict_0004_0011.uasset" 8620
"../../../Engine/Content/EngineMaterials/Substrate/Glints2/dict_0004_0009.uasset" 8621
"../../../Engine/Content/EngineMaterials/Substrate/Glints2/dict_0004_0010.uasset" 8622
"/Engine/EngineMaterials/Substrate/Glints2/dict_0004_0032" 8623
"/Engine/EngineMaterials/Substrate/Glints2/dict_0004_0033" 8624
"/Engine/EngineMaterials/Substrate/Glints2/dict_0004_0034" 8625
"/Engine/EngineMaterials/Substrate/Glints2/dict_0004_0035" 8626
"/Engine/EngineMaterials/Substrate/Glints2/dict_0004_0036" 8627
"/Engine/EngineMaterials/Substrate/Glints2/dict_0004_0037" 8628
"/Engine/EngineMaterials/Substrate/Glints2/dict_0004_0038" 8629
"/Engine/EngineMaterials/Substrate/Glints2/dict_0004_0039" 8630
"/Engine/EngineMaterials/Substrate/Glints2/dict_0004_0040" 8631
"/Engine/EngineMaterials/Substrate/Glints2/dict_0004_0009" 8632
"../../../Engine/Content/EngineMaterials/Substrate/Glints2/dict_0004_0007.uasset" 8633
"../../../Engine/Content/EngineMaterials/Substrate/Glints2/dict_0004_0008.uasset" 8634
"../../../Engine/Content/EngineMaterials/Substrate/Glints2/dict_0004_0006.uasset" 8635
"../../../Engine/Content/EngineMaterials/Substrate/Glints2/dict_0004_0005.uasset" 8636
"../../../Engine/Content/EngineMaterials/Substrate/Glints2/dict_0004_0004.uasset" 8637
"../../../Engine/Content/EngineMaterials/Substrate/Glints2/dict_0004_0003.uasset" 8638
"../../../Engine/Content/EngineMaterials/Substrate/Glints2/dict_0004_0002.uasset" 8639
"/Engine/EngineMaterials/Substrate/Glints2/dict_0004_0010" 8640
"../../../Engine/Content/EngineMaterials/Substrate/Glints2/dict_0004_0001.uasset" 8641
"../../../Engine/Content/EngineMaterials/Substrate/Glints2/dict_0003_0255.uasset" 8642
"../../../Engine/Content/EngineMaterials/Substrate/Glints2/dict_0004_0000.uasset" 8643
"../../../Engine/Content/EngineMaterials/Substrate/Glints2/dict_0003_0254.uasset" 8644
"../../../Engine/Content/EngineMaterials/Substrate/Glints2/dict_0003_0253.uasset" 8645
"/Engine/EngineMaterials/Substrate/Glints2/dict_0004_0011" 8646
"/Engine/EngineMaterials/Substrate/Glints2/dict_0004_0012" 8647
"/Engine/EngineMaterials/Substrate/Glints2/dict_0004_0013" 8648
"/Engine/EngineMaterials/Substrate/Glints2/dict_0004_0014" 8649
"/Engine/EngineMaterials/Substrate/Glints2/dict_0004_0015" 8650
"/Engine/EngineMaterials/Substrate/Glints2/dict_0004_0016" 8651
"/Engine/EngineMaterials/Substrate/Glints2/dict_0004_0017" 8652
"/Engine/EngineMaterials/Substrate/Glints2/dict_0004_0018" 8653
"/Engine/EngineMaterials/Substrate/Glints2/dict_0004_0019" 8654
"/Engine/EngineMaterials/Substrate/Glints2/dict_0004_0020" 8655
"/Engine/EngineMaterials/Substrate/Glints2/dict_0004_0021" 8656
"/Engine/EngineMaterials/Substrate/Glints2/dict_0004_0022" 8657
"/Engine/EngineMaterials/Substrate/Glints2/dict_0004_0023" 8658
"/Engine/EngineMaterials/Substrate/Glints2/dict_0004_0024" 8659
"/Engine/EngineMaterials/Substrate/Glints2/dict_0004_0025" 8660
"/Engine/EngineMaterials/Substrate/Glints2/dict_0004_0026" 8661
"/Engine/EngineMaterials/Substrate/Glints2/dict_0004_0027" 8662
"/Engine/EngineMaterials/Substrate/Glints2/dict_0004_0028" 8663
"/Engine/EngineMaterials/Substrate/Glints2/dict_0003_0253" 8664
"../../../Engine/Content/EngineMaterials/Substrate/Glints2/dict_0003_0250.uasset" 8665
"/Engine/EngineMaterials/Substrate/Glints2/dict_0003_0254" 8666
"../../../Engine/Content/EngineMaterials/Substrate/Glints2/dict_0003_0249.uasset" 8667
"../../../Engine/Content/EngineMaterials/Substrate/Glints2/dict_0003_0252.uasset" 8668
"../../../Engine/Content/EngineMaterials/Substrate/Glints2/dict_0003_0251.uasset" 8669
"../../../Engine/Content/EngineMaterials/Substrate/Glints2/dict_0003_0248.uasset" 8670
"../../../Engine/Content/EngineMaterials/Substrate/Glints2/dict_0003_0247.uasset" 8671
"../../../Engine/Content/EngineMaterials/Substrate/Glints2/dict_0003_0246.uasset" 8672
"../../../Engine/Content/EngineMaterials/Substrate/Glints2/dict_0003_0244.uasset" 8673
"../../../Engine/Content/EngineMaterials/Substrate/Glints2/dict_0003_0243.uasset" 8674
"../../../Engine/Content/EngineMaterials/Substrate/Glints2/dict_0003_0245.uasset" 8675
"../../../Engine/Content/EngineMaterials/Substrate/Glints2/dict_0003_0242.uasset" 8676
"/Engine/EngineMaterials/Substrate/Glints2/dict_0003_0255" 8677
"../../../Engine/Content/EngineMaterials/Substrate/Glints2/dict_0003_0239.uasset" 8678
"../../../Engine/Content/EngineMaterials/Substrate/Glints2/dict_0003_0241.uasset" 8679
"../../../Engine/Content/EngineMaterials/Substrate/Glints2/dict_0003_0240.uasset" 8680
"../../../Engine/Content/EngineMaterials/Substrate/Glints2/dict_0003_0238.uasset" 8681
"../../../Engine/Content/EngineMaterials/Substrate/Glints2/dict_0003_0236.uasset" 8682
"../../../Engine/Content/EngineMaterials/Substrate/Glints2/dict_0003_0235.uasset" 8683
"../../../Engine/Content/EngineMaterials/Substrate/Glints2/dict_0003_0237.uasset" 8684
"../../../Engine/Content/EngineMaterials/Substrate/Glints2/dict_0003_0234.uasset" 8685
"../../../Engine/Content/EngineMaterials/Substrate/Glints2/dict_0003_0233.uasset" 8686
"/Engine/EngineMaterials/Substrate/Glints2/dict_0004_0000" 8687
"/Engine/EngineMaterials/Substrate/Glints2/dict_0004_0001" 8688
"/Engine/EngineMaterials/Substrate/Glints2/dict_0004_0002" 8689
"/Engine/EngineMaterials/Substrate/Glints2/dict_0004_0003" 8690
"/Engine/EngineMaterials/Substrate/Glints2/dict_0004_0004" 8691
"/Engine/EngineMaterials/Substrate/Glints2/dict_0004_0005" 8692
"/Engine/EngineMaterials/Substrate/Glints2/dict_0004_0006" 8693
"/Engine/EngineMaterials/Substrate/Glints2/dict_0004_0007" 8694
"/Engine/EngineMaterials/Substrate/Glints2/dict_0004_0008" 8695
"/Engine/EngineMaterials/Substrate/Glints2/dict_0003_0233" 8696
"../../../Engine/Content/EngineMaterials/Substrate/Glints2/dict_0003_0232.uasset" 8697
"../../../Engine/Content/EngineMaterials/Substrate/Glints2/dict_0003_0231.uasset" 8698
"../../../Engine/Content/EngineMaterials/Substrate/Glints2/dict_0003_0230.uasset" 8699
"../../../Engine/Content/EngineMaterials/Substrate/Glints2/dict_0003_0229.uasset" 8700
"../../../Engine/Content/EngineMaterials/Substrate/Glints2/dict_0003_0226.uasset" 8701
"/Engine/EngineMaterials/Substrate/Glints2/dict_0003_0234" 8702
"../../../Engine/Content/EngineMaterials/Substrate/Glints2/dict_0003_0227.uasset" 8703
"../../../Engine/Content/EngineMaterials/Substrate/Glints2/dict_0003_0228.uasset" 8704
"../../../Engine/Content/EngineMaterials/Substrate/Glints2/dict_0003_0225.uasset" 8705
"../../../Engine/Content/EngineMaterials/Substrate/Glints2/dict_0003_0223.uasset" 8706
"../../../Engine/Content/EngineMaterials/Substrate/Glints2/dict_0003_0224.uasset" 8707
"../../../Engine/Content/EngineMaterials/Substrate/Glints2/dict_0003_0222.uasset" 8708
"../../../Engine/Content/EngineMaterials/Substrate/Glints2/dict_0003_0221.uasset" 8709
"/Engine/EngineMaterials/Substrate/Glints2/dict_0003_0235" 8710
"/Engine/EngineMaterials/Substrate/Glints2/dict_0003_0236" 8711
"/Engine/EngineMaterials/Substrate/Glints2/dict_0003_0237" 8712
"/Engine/EngineMaterials/Substrate/Glints2/dict_0003_0238" 8713
"/Engine/EngineMaterials/Substrate/Glints2/dict_0003_0239" 8714
"/Engine/EngineMaterials/Substrate/Glints2/dict_0003_0240" 8715
"/Engine/EngineMaterials/Substrate/Glints2/dict_0003_0241" 8716
"/Engine/EngineMaterials/Substrate/Glints2/dict_0003_0242" 8717
"/Engine/EngineMaterials/Substrate/Glints2/dict_0003_0243" 8718
"/Engine/EngineMaterials/Substrate/Glints2/dict_0003_0244" 8719
"/Engine/EngineMaterials/Substrate/Glints2/dict_0003_0245" 8720
"/Engine/EngineMaterials/Substrate/Glints2/dict_0003_0246" 8721
"/Engine/EngineMaterials/Substrate/Glints2/dict_0003_0247" 8722
"/Engine/EngineMaterials/Substrate/Glints2/dict_0003_0248" 8723
"/Engine/EngineMaterials/Substrate/Glints2/dict_0003_0249" 8724
"/Engine/EngineMaterials/Substrate/Glints2/dict_0003_0250" 8725
"/Engine/EngineMaterials/Substrate/Glints2/dict_0003_0251" 8726
"/Engine/EngineMaterials/Substrate/Glints2/dict_0003_0252" 8727
"/Engine/EngineMaterials/Substrate/Glints2/dict_0003_0221" 8728
"../../../Engine/Content/EngineMaterials/Substrate/Glints2/dict_0003_0220.uasset" 8729
"../../../Engine/Content/EngineMaterials/Substrate/Glints2/dict_0003_0219.uasset" 8730
"../../../Engine/Content/EngineMaterials/Substrate/Glints2/dict_0003_0218.uasset" 8731
"/Engine/EngineMaterials/Substrate/Glints2/dict_0003_0222" 8732
"../../../Engine/Content/EngineMaterials/Substrate/Glints2/dict_0003_0216.uasset" 8733
"../../../Engine/Content/EngineMaterials/Substrate/Glints2/dict_0003_0217.uasset" 8734
"../../../Engine/Content/EngineMaterials/Substrate/Glints2/dict_0003_0215.uasset" 8735
"../../../Engine/Content/EngineMaterials/Substrate/Glints2/dict_0003_0214.uasset" 8736
"/Engine/EngineMaterials/Substrate/Glints2/dict_0003_0223" 8737
"../../../Engine/Content/EngineMaterials/Substrate/Glints2/dict_0003_0213.uasset" 8738
"../../../Engine/Content/EngineMaterials/Substrate/Glints2/dict_0003_0212.uasset" 8739
"../../../Engine/Content/EngineMaterials/Substrate/Glints2/dict_0003_0211.uasset" 8740
"../../../Engine/Content/EngineMaterials/Substrate/Glints2/dict_0003_0210.uasset" 8741
"../../../Engine/Content/EngineMaterials/Substrate/Glints2/dict_0003_0209.uasset" 8742
"../../../Engine/Content/EngineMaterials/Substrate/Glints2/dict_0003_0207.uasset" 8743
"../../../Engine/Content/EngineMaterials/Substrate/Glints2/dict_0003_0208.uasset" 8744
"/Engine/EngineMaterials/Substrate/Glints2/dict_0003_0224" 8745
"../../../Engine/Content/EngineMaterials/Substrate/Glints2/dict_0003_0205.uasset" 8746
"../../../Engine/Content/EngineMaterials/Substrate/Glints2/dict_0003_0206.uasset" 8747
"../../../Engine/Content/EngineMaterials/Substrate/Glints2/dict_0003_0204.uasset" 8748
"../../../Engine/Content/EngineMaterials/Substrate/Glints2/dict_0003_0203.uasset" 8749
"../../../Engine/Content/EngineMaterials/Substrate/Glints2/dict_0003_0202.uasset" 8750
"../../../Engine/Content/EngineMaterials/Substrate/Glints2/dict_0003_0201.uasset" 8751
"/Engine/EngineMaterials/Substrate/Glints2/dict_0003_0225" 8752
"/Engine/EngineMaterials/Substrate/Glints2/dict_0003_0226" 8753
"/Engine/EngineMaterials/Substrate/Glints2/dict_0003_0227" 8754
"/Engine/EngineMaterials/Substrate/Glints2/dict_0003_0228" 8755
"/Engine/EngineMaterials/Substrate/Glints2/dict_0003_0229" 8756
"/Engine/EngineMaterials/Substrate/Glints2/dict_0003_0230" 8757
"/Engine/EngineMaterials/Substrate/Glints2/dict_0003_0231" 8758
"/Engine/EngineMaterials/Substrate/Glints2/dict_0003_0232" 8759
"/Engine/EngineMaterials/Substrate/Glints2/dict_0003_0201" 8760
"../../../Engine/Content/EngineMaterials/Substrate/Glints2/dict_0003_0200.uasset" 8761
"../../../Engine/Content/EngineMaterials/Substrate/Glints2/dict_0003_0199.uasset" 8762
"../../../Engine/Content/EngineMaterials/Substrate/Glints2/dict_0003_0198.uasset" 8763
"/Engine/EngineMaterials/Substrate/Glints2/dict_0003_0202" 8764
"../../../Engine/Content/EngineMaterials/Substrate/Glints2/dict_0003_0197.uasset" 8765
"../../../Engine/Content/EngineMaterials/Substrate/Glints2/dict_0003_0196.uasset" 8766
"../../../Engine/Content/EngineMaterials/Substrate/Glints2/dict_0003_0194.uasset" 8767
"../../../Engine/Content/EngineMaterials/Substrate/Glints2/dict_0003_0193.uasset" 8768
"../../../Engine/Content/EngineMaterials/Substrate/Glints2/dict_0003_0195.uasset" 8769
"../../../Engine/Content/EngineMaterials/Substrate/Glints2/dict_0003_0192.uasset" 8770
"../../../Engine/Content/EngineMaterials/Substrate/Glints2/dict_0003_0191.uasset" 8771
"../../../Engine/Content/EngineMaterials/Substrate/Glints2/dict_0003_0190.uasset" 8772
"../../../Engine/Content/EngineMaterials/Substrate/Glints2/dict_0003_0189.uasset" 8773
"/Engine/EngineMaterials/Substrate/Glints2/dict_0003_0203" 8774
"/Engine/EngineMaterials/Substrate/Glints2/dict_0003_0204" 8775
"/Engine/EngineMaterials/Substrate/Glints2/dict_0003_0205" 8776
"/Engine/EngineMaterials/Substrate/Glints2/dict_0003_0206" 8777
"/Engine/EngineMaterials/Substrate/Glints2/dict_0003_0207" 8778
"/Engine/EngineMaterials/Substrate/Glints2/dict_0003_0208" 8779
"/Engine/EngineMaterials/Substrate/Glints2/dict_0003_0209" 8780
"/Engine/EngineMaterials/Substrate/Glints2/dict_0003_0210" 8781
"/Engine/EngineMaterials/Substrate/Glints2/dict_0003_0211" 8782
"/Engine/EngineMaterials/Substrate/Glints2/dict_0003_0212" 8783
"/Engine/EngineMaterials/Substrate/Glints2/dict_0003_0213" 8784
"/Engine/EngineMaterials/Substrate/Glints2/dict_0003_0214" 8785
"/Engine/EngineMaterials/Substrate/Glints2/dict_0003_0215" 8786
"/Engine/EngineMaterials/Substrate/Glints2/dict_0003_0216" 8787
"/Engine/EngineMaterials/Substrate/Glints2/dict_0003_0217" 8788
"/Engine/EngineMaterials/Substrate/Glints2/dict_0003_0218" 8789
"/Engine/EngineMaterials/Substrate/Glints2/dict_0003_0219" 8790
"/Engine/EngineMaterials/Substrate/Glints2/dict_0003_0220" 8791
"/Engine/EngineMaterials/Substrate/Glints2/dict_0003_0189" 8792
"../../../Engine/Content/EngineMaterials/Substrate/Glints2/dict_0003_0188.uasset" 8793
"../../../Engine/Content/EngineMaterials/Substrate/Glints2/dict_0003_0187.uasset" 8794
"../../../Engine/Content/EngineMaterials/Substrate/Glints2/dict_0003_0184.uasset" 8795
"../../../Engine/Content/EngineMaterials/Substrate/Glints2/dict_0003_0186.uasset" 8796
"../../../Engine/Content/EngineMaterials/Substrate/Glints2/dict_0003_0185.uasset" 8797
"../../../Engine/Content/EngineMaterials/Substrate/Glints2/dict_0003_0183.uasset" 8798
"../../../Engine/Content/EngineMaterials/Substrate/Glints2/dict_0003_0182.uasset" 8799
"/Engine/EngineMaterials/Substrate/Glints2/dict_0003_0190" 8800
"../../../Engine/Content/EngineMaterials/Substrate/Glints2/dict_0003_0179.uasset" 8801
"../../../Engine/Content/EngineMaterials/Substrate/Glints2/dict_0003_0181.uasset" 8802
"../../../Engine/Content/EngineMaterials/Substrate/Glints2/dict_0003_0177.uasset" 8803
"../../../Engine/Content/EngineMaterials/Substrate/Glints2/dict_0003_0180.uasset" 8804
"../../../Engine/Content/EngineMaterials/Substrate/Glints2/dict_0003_0178.uasset" 8805
"/Engine/EngineMaterials/Substrate/Glints2/dict_0003_0191" 8806
"../../../Engine/Content/EngineMaterials/Substrate/Glints2/dict_0003_0176.uasset" 8807
"../../../Engine/Content/EngineMaterials/Substrate/Glints2/dict_0003_0175.uasset" 8808
"../../../Engine/Content/EngineMaterials/Substrate/Glints2/dict_0003_0174.uasset" 8809
"../../../Engine/Content/EngineMaterials/Substrate/Glints2/dict_0003_0169.uasset" 8810
"../../../Engine/Content/EngineMaterials/Substrate/Glints2/dict_0003_0173.uasset" 8811
"../../../Engine/Content/EngineMaterials/Substrate/Glints2/dict_0003_0170.uasset" 8812
"/Engine/EngineMaterials/Substrate/Glints2/dict_0003_0192" 8813
"../../../Engine/Content/EngineMaterials/Substrate/Glints2/dict_0003_0172.uasset" 8814
"../../../Engine/Content/EngineMaterials/Substrate/Glints2/dict_0003_0171.uasset" 8815
"/Engine/EngineMaterials/Substrate/Glints2/dict_0003_0193" 8816
"/Engine/EngineMaterials/Substrate/Glints2/dict_0003_0194" 8817
"/Engine/EngineMaterials/Substrate/Glints2/dict_0003_0195" 8818
"/Engine/EngineMaterials/Substrate/Glints2/dict_0003_0196" 8819
"/Engine/EngineMaterials/Substrate/Glints2/dict_0003_0197" 8820
"/Engine/EngineMaterials/Substrate/Glints2/dict_0003_0198" 8821
"/Engine/EngineMaterials/Substrate/Glints2/dict_0003_0199" 8822
"/Engine/EngineMaterials/Substrate/Glints2/dict_0003_0200" 8823
"/Engine/EngineMaterials/Substrate/Glints2/dict_0003_0169" 8824
"../../../Engine/Content/EngineMaterials/Substrate/Glints2/dict_0003_0167.uasset" 8825
"../../../Engine/Content/EngineMaterials/Substrate/Glints2/dict_0003_0168.uasset" 8826
"../../../Engine/Content/EngineMaterials/Substrate/Glints2/dict_0003_0164.uasset" 8827
"../../../Engine/Content/EngineMaterials/Substrate/Glints2/dict_0003_0162.uasset" 8828
"../../../Engine/Content/EngineMaterials/Substrate/Glints2/dict_0003_0166.uasset" 8829
"../../../Engine/Content/EngineMaterials/Substrate/Glints2/dict_0003_0165.uasset" 8830
"../../../Engine/Content/EngineMaterials/Substrate/Glints2/dict_0003_0163.uasset" 8831
"../../../Engine/Content/EngineMaterials/Substrate/Glints2/dict_0003_0161.uasset" 8832
"../../../Engine/Content/EngineMaterials/Substrate/Glints2/dict_0003_0160.uasset" 8833
"../../../Engine/Content/EngineMaterials/Substrate/Glints2/dict_0003_0159.uasset" 8834
"/Engine/EngineMaterials/Substrate/Glints2/dict_0003_0170" 8835
"../../../Engine/Content/EngineMaterials/Substrate/Glints2/dict_0003_0157.uasset" 8836
"../../../Engine/Content/EngineMaterials/Substrate/Glints2/dict_0003_0158.uasset" 8837
"/Engine/EngineMaterials/Substrate/Glints2/dict_0003_0171" 8838
"/Engine/EngineMaterials/Substrate/Glints2/dict_0003_0172" 8839
"/Engine/EngineMaterials/Substrate/Glints2/dict_0003_0173" 8840
"/Engine/EngineMaterials/Substrate/Glints2/dict_0003_0174" 8841
"/Engine/EngineMaterials/Substrate/Glints2/dict_0003_0175" 8842
"/Engine/EngineMaterials/Substrate/Glints2/dict_0003_0176" 8843
"/Engine/EngineMaterials/Substrate/Glints2/dict_0003_0177" 8844
"/Engine/EngineMaterials/Substrate/Glints2/dict_0003_0178" 8845
"/Engine/EngineMaterials/Substrate/Glints2/dict_0003_0179" 8846
"/Engine/EngineMaterials/Substrate/Glints2/dict_0003_0180" 8847
"/Engine/EngineMaterials/Substrate/Glints2/dict_0003_0181" 8848
"/Engine/EngineMaterials/Substrate/Glints2/dict_0003_0182" 8849
"/Engine/EngineMaterials/Substrate/Glints2/dict_0003_0183" 8850
"/Engine/EngineMaterials/Substrate/Glints2/dict_0003_0184" 8851
"/Engine/EngineMaterials/Substrate/Glints2/dict_0003_0185" 8852
"/Engine/EngineMaterials/Substrate/Glints2/dict_0003_0186" 8853
"/Engine/EngineMaterials/Substrate/Glints2/dict_0003_0187" 8854
"/Engine/EngineMaterials/Substrate/Glints2/dict_0003_0188" 8855
"/Engine/EngineMaterials/Substrate/Glints2/dict_0003_0157" 8856
"../../../Engine/Content/EngineMaterials/Substrate/Glints2/dict_0003_0155.uasset" 8857
"../../../Engine/Content/EngineMaterials/Substrate/Glints2/dict_0003_0156.uasset" 8858
"../../../Engine/Content/EngineMaterials/Substrate/Glints2/dict_0003_0153.uasset" 8859
"../../../Engine/Content/EngineMaterials/Substrate/Glints2/dict_0003_0154.uasset" 8860
"../../../Engine/Content/EngineMaterials/Substrate/Glints2/dict_0003_0152.uasset" 8861
"/Engine/EngineMaterials/Substrate/Glints2/dict_0003_0158" 8862
"../../../Engine/Content/EngineMaterials/Substrate/Glints2/dict_0003_0150.uasset" 8863
"../../../Engine/Content/EngineMaterials/Substrate/Glints2/dict_0003_0151.uasset" 8864
"../../../Engine/Content/EngineMaterials/Substrate/Glints2/dict_0003_0149.uasset" 8865
"../../../Engine/Content/EngineMaterials/Substrate/Glints2/dict_0003_0148.uasset" 8866
"../../../Engine/Content/EngineMaterials/Substrate/Glints2/dict_0003_0147.uasset" 8867
"../../../Engine/Content/EngineMaterials/Substrate/Glints2/dict_0003_0146.uasset" 8868
"../../../Engine/Content/EngineMaterials/Substrate/Glints2/dict_0003_0145.uasset" 8869
"../../../Engine/Content/EngineMaterials/Substrate/Glints2/dict_0003_0143.uasset" 8870
"../../../Engine/Content/EngineMaterials/Substrate/Glints2/dict_0003_0142.uasset" 8871
"../../../Engine/Content/EngineMaterials/Substrate/Glints2/dict_0003_0141.uasset" 8872
"../../../Engine/Content/EngineMaterials/Substrate/Glints2/dict_0003_0140.uasset" 8873
"/Engine/EngineMaterials/Substrate/Glints2/dict_0003_0159" 8874
"../../../Engine/Content/EngineMaterials/Substrate/Glints2/dict_0003_0144.uasset" 8875
"../../../Engine/Content/EngineMaterials/Substrate/Glints2/dict_0003_0139.uasset" 8876
"../../../Engine/Content/EngineMaterials/Substrate/Glints2/dict_0003_0138.uasset" 8877
"../../../Engine/Content/EngineMaterials/Substrate/Glints2/dict_0003_0137.uasset" 8878
"/Engine/EngineMaterials/Substrate/Glints2/dict_0003_0160" 8879
"/Engine/EngineMaterials/Substrate/Glints2/dict_0003_0161" 8880
"/Engine/EngineMaterials/Substrate/Glints2/dict_0003_0162" 8881
"/Engine/EngineMaterials/Substrate/Glints2/dict_0003_0163" 8882
"/Engine/EngineMaterials/Substrate/Glints2/dict_0003_0164" 8883
"/Engine/EngineMaterials/Substrate/Glints2/dict_0003_0165" 8884
"/Engine/EngineMaterials/Substrate/Glints2/dict_0003_0166" 8885
"/Engine/EngineMaterials/Substrate/Glints2/dict_0003_0167" 8886
"/Engine/EngineMaterials/Substrate/Glints2/dict_0003_0168" 8887
"/Engine/EngineMaterials/Substrate/Glints2/dict_0003_0137" 8888
"../../../Engine/Content/EngineMaterials/Substrate/Glints2/dict_0003_0136.uasset" 8889
"../../../Engine/Content/EngineMaterials/Substrate/Glints2/dict_0003_0135.uasset" 8890
"../../../Engine/Content/EngineMaterials/Substrate/Glints2/dict_0003_0134.uasset" 8891
"../../../Engine/Content/EngineMaterials/Substrate/Glints2/dict_0003_0133.uasset" 8892
"../../../Engine/Content/EngineMaterials/Substrate/Glints2/dict_0003_0132.uasset" 8893
"../../../Engine/Content/EngineMaterials/Substrate/Glints2/dict_0003_0131.uasset" 8894
"../../../Engine/Content/EngineMaterials/Substrate/Glints2/dict_0003_0129.uasset" 8895
"../../../Engine/Content/EngineMaterials/Substrate/Glints2/dict_0003_0130.uasset" 8896
"../../../Engine/Content/EngineMaterials/Substrate/Glints2/dict_0003_0128.uasset" 8897
"/Engine/EngineMaterials/Substrate/Glints2/dict_0003_0138" 8898
"../../../Engine/Content/EngineMaterials/Substrate/Glints2/dict_0003_0127.uasset" 8899
"../../../Engine/Content/EngineMaterials/Substrate/Glints2/dict_0003_0126.uasset" 8900
"../../../Engine/Content/EngineMaterials/Substrate/Glints2/dict_0003_0125.uasset" 8901
"/Engine/EngineMaterials/Substrate/Glints2/dict_0003_0139" 8902
"/Engine/EngineMaterials/Substrate/Glints2/dict_0003_0140" 8903
"/Engine/EngineMaterials/Substrate/Glints2/dict_0003_0141" 8904
"/Engine/EngineMaterials/Substrate/Glints2/dict_0003_0142" 8905
"/Engine/EngineMaterials/Substrate/Glints2/dict_0003_0143" 8906
"/Engine/EngineMaterials/Substrate/Glints2/dict_0003_0144" 8907
"/Engine/EngineMaterials/Substrate/Glints2/dict_0003_0145" 8908
"/Engine/EngineMaterials/Substrate/Glints2/dict_0003_0146" 8909
"/Engine/EngineMaterials/Substrate/Glints2/dict_0003_0147" 8910
"/Engine/EngineMaterials/Substrate/Glints2/dict_0003_0148" 8911
"/Engine/EngineMaterials/Substrate/Glints2/dict_0003_0149" 8912
"/Engine/EngineMaterials/Substrate/Glints2/dict_0003_0150" 8913
"/Engine/EngineMaterials/Substrate/Glints2/dict_0003_0151" 8914
"/Engine/EngineMaterials/Substrate/Glints2/dict_0003_0152" 8915
"/Engine/EngineMaterials/Substrate/Glints2/dict_0003_0153" 8916
"/Engine/EngineMaterials/Substrate/Glints2/dict_0003_0154" 8917
"/Engine/EngineMaterials/Substrate/Glints2/dict_0003_0155" 8918
"/Engine/EngineMaterials/Substrate/Glints2/dict_0003_0156" 8919
"/Engine/EngineMaterials/Substrate/Glints2/dict_0003_0125" 8920
"../../../Engine/Content/EngineMaterials/Substrate/Glints2/dict_0003_0123.uasset" 8921
"../../../Engine/Content/EngineMaterials/Substrate/Glints2/dict_0003_0122.uasset" 8922
"../../../Engine/Content/EngineMaterials/Substrate/Glints2/dict_0003_0121.uasset" 8923
"../../../Engine/Content/EngineMaterials/Substrate/Glints2/dict_0003_0120.uasset" 8924
"../../../Engine/Content/EngineMaterials/Substrate/Glints2/dict_0003_0119.uasset" 8925
"../../../Engine/Content/EngineMaterials/Substrate/Glints2/dict_0003_0118.uasset" 8926
"../../../Engine/Content/EngineMaterials/Substrate/Glints2/dict_0003_0117.uasset" 8927
"../../../Engine/Content/EngineMaterials/Substrate/Glints2/dict_0003_0116.uasset" 8928
"../../../Engine/Content/EngineMaterials/Substrate/Glints2/dict_0003_0115.uasset" 8929
"/Engine/EngineMaterials/Substrate/Glints2/dict_0003_0126" 8930
"../../../Engine/Content/EngineMaterials/Substrate/Glints2/dict_0003_0124.uasset" 8931
"../../../Engine/Content/EngineMaterials/Substrate/Glints2/dict_0003_0114.uasset" 8932
"../../../Engine/Content/EngineMaterials/Substrate/Glints2/dict_0003_0111.uasset" 8933
"../../../Engine/Content/EngineMaterials/Substrate/Glints2/dict_0003_0113.uasset" 8934
"../../../Engine/Content/EngineMaterials/Substrate/Glints2/dict_0003_0110.uasset" 8935
"../../../Engine/Content/EngineMaterials/Substrate/Glints2/dict_0003_0109.uasset" 8936
"../../../Engine/Content/EngineMaterials/Substrate/Glints2/dict_0003_0112.uasset" 8937
"../../../Engine/Content/EngineMaterials/Substrate/Glints2/dict_0003_0108.uasset" 8938
"/Engine/EngineMaterials/Substrate/Glints2/dict_0003_0127" 8939
"../../../Engine/Content/EngineMaterials/Substrate/Glints2/dict_0003_0106.uasset" 8940
"../../../Engine/Content/EngineMaterials/Substrate/Glints2/dict_0003_0105.uasset" 8941
"../../../Engine/Content/EngineMaterials/Substrate/Glints2/dict_0003_0107.uasset" 8942
"/Engine/EngineMaterials/Substrate/Glints2/dict_0003_0128" 8943
"/Engine/EngineMaterials/Substrate/Glints2/dict_0003_0129" 8944
"/Engine/EngineMaterials/Substrate/Glints2/dict_0003_0130" 8945
"/Engine/EngineMaterials/Substrate/Glints2/dict_0003_0131" 8946
"/Engine/EngineMaterials/Substrate/Glints2/dict_0003_0132" 8947
"/Engine/EngineMaterials/Substrate/Glints2/dict_0003_0133" 8948
"/Engine/EngineMaterials/Substrate/Glints2/dict_0003_0134" 8949
"/Engine/EngineMaterials/Substrate/Glints2/dict_0003_0135" 8950
"/Engine/EngineMaterials/Substrate/Glints2/dict_0003_0136" 8951
"/Engine/EngineMaterials/Substrate/Glints2/dict_0003_0105" 8952
"../../../Engine/Content/EngineMaterials/Substrate/Glints2/dict_0003_0104.uasset" 8953
"../../../Engine/Content/EngineMaterials/Substrate/Glints2/dict_0003_0103.uasset" 8954
"../../../Engine/Content/EngineMaterials/Substrate/Glints2/dict_0003_0101.uasset" 8955
"../../../Engine/Content/EngineMaterials/Substrate/Glints2/dict_0003_0102.uasset" 8956
"../../../Engine/Content/EngineMaterials/Substrate/Glints2/dict_0003_0100.uasset" 8957
"../../../Engine/Content/EngineMaterials/Substrate/Glints2/dict_0003_0099.uasset" 8958
"../../../Engine/Content/EngineMaterials/Substrate/Glints2/dict_0003_0098.uasset" 8959
"/Engine/EngineMaterials/Substrate/Glints2/dict_0003_0106" 8960
"../../../Engine/Content/EngineMaterials/Substrate/Glints2/dict_0003_0097.uasset" 8961
"../../../Engine/Content/EngineMaterials/Substrate/Glints2/dict_0003_0093.uasset" 8962
"../../../Engine/Content/EngineMaterials/Substrate/Glints2/dict_0003_0094.uasset" 8963
"../../../Engine/Content/EngineMaterials/Substrate/Glints2/dict_0003_0096.uasset" 8964
"../../../Engine/Content/EngineMaterials/Substrate/Glints2/dict_0003_0095.uasset" 8965
"/Engine/EngineMaterials/Substrate/Glints2/dict_0003_0107" 8966
"/Engine/EngineMaterials/Substrate/Glints2/dict_0003_0108" 8967
"/Engine/EngineMaterials/Substrate/Glints2/dict_0003_0109" 8968
"/Engine/EngineMaterials/Substrate/Glints2/dict_0003_0110" 8969
"/Engine/EngineMaterials/Substrate/Glints2/dict_0003_0111" 8970
"/Engine/EngineMaterials/Substrate/Glints2/dict_0003_0112" 8971
"/Engine/EngineMaterials/Substrate/Glints2/dict_0003_0113" 8972
"/Engine/EngineMaterials/Substrate/Glints2/dict_0003_0114" 8973
"/Engine/EngineMaterials/Substrate/Glints2/dict_0003_0115" 8974
"/Engine/EngineMaterials/Substrate/Glints2/dict_0003_0116" 8975
"/Engine/EngineMaterials/Substrate/Glints2/dict_0003_0117" 8976
"/Engine/EngineMaterials/Substrate/Glints2/dict_0003_0118" 8977
"/Engine/EngineMaterials/Substrate/Glints2/dict_0003_0119" 8978
"/Engine/EngineMaterials/Substrate/Glints2/dict_0003_0120" 8979
"/Engine/EngineMaterials/Substrate/Glints2/dict_0003_0121" 8980
"/Engine/EngineMaterials/Substrate/Glints2/dict_0003_0122" 8981
"/Engine/EngineMaterials/Substrate/Glints2/dict_0003_0123" 8982
"/Engine/EngineMaterials/Substrate/Glints2/dict_0003_0124" 8983
"/Engine/EngineMaterials/Substrate/Glints2/dict_0003_0093" 8984
"../../../Engine/Content/EngineMaterials/Substrate/Glints2/dict_0003_0090.uasset" 8985
"../../../Engine/Content/EngineMaterials/Substrate/Glints2/dict_0003_0092.uasset" 8986
"../../../Engine/Content/EngineMaterials/Substrate/Glints2/dict_0003_0088.uasset" 8987
"../../../Engine/Content/EngineMaterials/Substrate/Glints2/dict_0003_0086.uasset" 8988
"../../../Engine/Content/EngineMaterials/Substrate/Glints2/dict_0003_0087.uasset" 8989
"../../../Engine/Content/EngineMaterials/Substrate/Glints2/dict_0003_0089.uasset" 8990
"../../../Engine/Content/EngineMaterials/Substrate/Glints2/dict_0003_0091.uasset" 8991
"/Engine/EngineMaterials/Substrate/Glints2/dict_0003_0094" 8992
"../../../Engine/Content/EngineMaterials/Substrate/Glints2/dict_0003_0084.uasset" 8993
"../../../Engine/Content/EngineMaterials/Substrate/Glints2/dict_0003_0083.uasset" 8994
"../../../Engine/Content/EngineMaterials/Substrate/Glints2/dict_0003_0079.uasset" 8995
"../../../Engine/Content/EngineMaterials/Substrate/Glints2/dict_0003_0085.uasset" 8996
"../../../Engine/Content/EngineMaterials/Substrate/Glints2/dict_0003_0080.uasset" 8997
"../../../Engine/Content/EngineMaterials/Substrate/Glints2/dict_0003_0081.uasset" 8998
"/Engine/EngineMaterials/Substrate/Glints2/dict_0003_0095" 8999
"../../../Engine/Content/EngineMaterials/Substrate/Glints2/dict_0003_0082.uasset" 9000
"../../../Engine/Content/EngineMaterials/Substrate/Glints2/dict_0003_0077.uasset" 9001
"../../../Engine/Content/EngineMaterials/Substrate/Glints2/dict_0003_0076.uasset" 9002
"../../../Engine/Content/EngineMaterials/Substrate/Glints2/dict_0003_0075.uasset" 9003
"../../../Engine/Content/EngineMaterials/Substrate/Glints2/dict_0003_0074.uasset" 9004
"../../../Engine/Content/EngineMaterials/Substrate/Glints2/dict_0003_0078.uasset" 9005
"../../../Engine/Content/EngineMaterials/Substrate/Glints2/dict_0003_0073.uasset" 9006
"/Engine/EngineMaterials/Substrate/Glints2/dict_0003_0096" 9007
"/Engine/EngineMaterials/Substrate/Glints2/dict_0003_0097" 9008
"/Engine/EngineMaterials/Substrate/Glints2/dict_0003_0098" 9009
"/Engine/EngineMaterials/Substrate/Glints2/dict_0003_0099" 9010
"/Engine/EngineMaterials/Substrate/Glints2/dict_0003_0100" 9011
"/Engine/EngineMaterials/Substrate/Glints2/dict_0003_0101" 9012
"/Engine/EngineMaterials/Substrate/Glints2/dict_0003_0102" 9013
"/Engine/EngineMaterials/Substrate/Glints2/dict_0003_0103" 9014
"/Engine/EngineMaterials/Substrate/Glints2/dict_0003_0104" 9015
"/Engine/EngineMaterials/Substrate/Glints2/dict_0003_0073" 9016
"../../../Engine/Content/EngineMaterials/Substrate/Glints2/dict_0003_0072.uasset" 9017
"../../../Engine/Content/EngineMaterials/Substrate/Glints2/dict_0003_0071.uasset" 9018
"../../../Engine/Content/EngineMaterials/Substrate/Glints2/dict_0003_0070.uasset" 9019
"../../../Engine/Content/EngineMaterials/Substrate/Glints2/dict_0003_0067.uasset" 9020
"../../../Engine/Content/EngineMaterials/Substrate/Glints2/dict_0003_0068.uasset" 9021
"../../../Engine/Content/EngineMaterials/Substrate/Glints2/dict_0003_0069.uasset" 9022
"../../../Engine/Content/EngineMaterials/Substrate/Glints2/dict_0003_0066.uasset" 9023
"/Engine/EngineMaterials/Substrate/Glints2/dict_0003_0074" 9024
"../../../Engine/Content/EngineMaterials/Substrate/Glints2/dict_0003_0065.uasset" 9025
"../../../Engine/Content/EngineMaterials/Substrate/Glints2/dict_0003_0064.uasset" 9026
"../../../Engine/Content/EngineMaterials/Substrate/Glints2/dict_0003_0062.uasset" 9027
"../../../Engine/Content/EngineMaterials/Substrate/Glints2/dict_0003_0063.uasset" 9028
"../../../Engine/Content/EngineMaterials/Substrate/Glints2/dict_0003_0061.uasset" 9029
"/Engine/EngineMaterials/Substrate/Glints2/dict_0003_0075" 9030
"/Engine/EngineMaterials/Substrate/Glints2/dict_0003_0076" 9031
"/Engine/EngineMaterials/Substrate/Glints2/dict_0003_0077" 9032
"/Engine/EngineMaterials/Substrate/Glints2/dict_0003_0078" 9033
"/Engine/EngineMaterials/Substrate/Glints2/dict_0003_0079" 9034
"/Engine/EngineMaterials/Substrate/Glints2/dict_0003_0080" 9035
"/Engine/EngineMaterials/Substrate/Glints2/dict_0003_0081" 9036
"/Engine/EngineMaterials/Substrate/Glints2/dict_0003_0082" 9037
"/Engine/EngineMaterials/Substrate/Glints2/dict_0003_0083" 9038
"/Engine/EngineMaterials/Substrate/Glints2/dict_0003_0084" 9039
"/Engine/EngineMaterials/Substrate/Glints2/dict_0003_0085" 9040
"/Engine/EngineMaterials/Substrate/Glints2/dict_0003_0086" 9041
"/Engine/EngineMaterials/Substrate/Glints2/dict_0003_0087" 9042
"/Engine/EngineMaterials/Substrate/Glints2/dict_0003_0088" 9043
"/Engine/EngineMaterials/Substrate/Glints2/dict_0003_0089" 9044
"/Engine/EngineMaterials/Substrate/Glints2/dict_0003_0090" 9045
"/Engine/EngineMaterials/Substrate/Glints2/dict_0003_0091" 9046
"/Engine/EngineMaterials/Substrate/Glints2/dict_0003_0092" 9047
"/Engine/EngineMaterials/Substrate/Glints2/dict_0003_0061" 9048
"../../../Engine/Content/EngineMaterials/Substrate/Glints2/dict_0003_0060.uasset" 9049
"../../../Engine/Content/EngineMaterials/Substrate/Glints2/dict_0003_0059.uasset" 9050
"../../../Engine/Content/EngineMaterials/Substrate/Glints2/dict_0003_0058.uasset" 9051
"../../../Engine/Content/EngineMaterials/Substrate/Glints2/dict_0003_0056.uasset" 9052
"../../../Engine/Content/EngineMaterials/Substrate/Glints2/dict_0003_0054.uasset" 9053
"../../../Engine/Content/EngineMaterials/Substrate/Glints2/dict_0003_0055.uasset" 9054
"../../../Engine/Content/EngineMaterials/Substrate/Glints2/dict_0003_0057.uasset" 9055
"/Engine/EngineMaterials/Substrate/Glints2/dict_0003_0062" 9056
"../../../Engine/Content/EngineMaterials/Substrate/Glints2/dict_0003_0053.uasset" 9057
"../../../Engine/Content/EngineMaterials/Substrate/Glints2/dict_0003_0049.uasset" 9058
"../../../Engine/Content/EngineMaterials/Substrate/Glints2/dict_0003_0051.uasset" 9059
"../../../Engine/Content/EngineMaterials/Substrate/Glints2/dict_0003_0048.uasset" 9060
"../../../Engine/Content/EngineMaterials/Substrate/Glints2/dict_0003_0047.uasset" 9061
"../../../Engine/Content/EngineMaterials/Substrate/Glints2/dict_0003_0046.uasset" 9062
"../../../Engine/Content/EngineMaterials/Substrate/Glints2/dict_0003_0045.uasset" 9063
"/Engine/EngineMaterials/Substrate/Glints2/dict_0003_0063" 9064
"../../../Engine/Content/EngineMaterials/Substrate/Glints2/dict_0003_0052.uasset" 9065
"../../../Engine/Content/EngineMaterials/Substrate/Glints2/dict_0003_0043.uasset" 9066
"../../../Engine/Content/EngineMaterials/Substrate/Glints2/dict_0003_0042.uasset" 9067
"../../../Engine/Content/EngineMaterials/Substrate/Glints2/dict_0003_0041.uasset" 9068
"../../../Engine/Content/EngineMaterials/Substrate/Glints2/dict_0003_0044.uasset" 9069
"../../../Engine/Content/EngineMaterials/Substrate/Glints2/dict_0003_0050.uasset" 9070
"/Engine/EngineMaterials/Substrate/Glints2/dict_0003_0064" 9071
"/Engine/EngineMaterials/Substrate/Glints2/dict_0003_0065" 9072
"/Engine/EngineMaterials/Substrate/Glints2/dict_0003_0066" 9073
"/Engine/EngineMaterials/Substrate/Glints2/dict_0003_0067" 9074
"/Engine/EngineMaterials/Substrate/Glints2/dict_0003_0068" 9075
"/Engine/EngineMaterials/Substrate/Glints2/dict_0003_0069" 9076
"/Engine/EngineMaterials/Substrate/Glints2/dict_0003_0070" 9077
"/Engine/EngineMaterials/Substrate/Glints2/dict_0003_0071" 9078
"/Engine/EngineMaterials/Substrate/Glints2/dict_0003_0072" 9079
"/Engine/EngineMaterials/Substrate/Glints2/dict_0003_0041" 9080
"../../../Engine/Content/EngineMaterials/Substrate/Glints2/dict_0003_0037.uasset" 9081
"../../../Engine/Content/EngineMaterials/Substrate/Glints2/dict_0003_0040.uasset" 9082
"../../../Engine/Content/EngineMaterials/Substrate/Glints2/dict_0003_0039.uasset" 9083
"../../../Engine/Content/EngineMaterials/Substrate/Glints2/dict_0003_0038.uasset" 9084
"../../../Engine/Content/EngineMaterials/Substrate/Glints2/dict_0003_0034.uasset" 9085
"../../../Engine/Content/EngineMaterials/Substrate/Glints2/dict_0003_0035.uasset" 9086
"../../../Engine/Content/EngineMaterials/Substrate/Glints2/dict_0003_0036.uasset" 9087
"../../../Engine/Content/EngineMaterials/Substrate/Glints2/dict_0003_0033.uasset" 9088
"../../../Engine/Content/EngineMaterials/Substrate/Glints2/dict_0003_0032.uasset" 9089
"../../../Engine/Content/EngineMaterials/Substrate/Glints2/dict_0003_0031.uasset" 9090
"../../../Engine/Content/EngineMaterials/Substrate/Glints2/dict_0003_0030.uasset" 9091
"../../../Engine/Content/EngineMaterials/Substrate/Glints2/dict_0003_0029.uasset" 9092
"/Engine/EngineMaterials/Substrate/Glints2/dict_0003_0042" 9093
"/Engine/EngineMaterials/Substrate/Glints2/dict_0003_0043" 9094
"/Engine/EngineMaterials/Substrate/Glints2/dict_0003_0044" 9095
"/Engine/EngineMaterials/Substrate/Glints2/dict_0003_0045" 9096
"/Engine/EngineMaterials/Substrate/Glints2/dict_0003_0046" 9097
"/Engine/EngineMaterials/Substrate/Glints2/dict_0003_0047" 9098
"/Engine/EngineMaterials/Substrate/Glints2/dict_0003_0048" 9099
"/Engine/EngineMaterials/Substrate/Glints2/dict_0003_0049" 9100
"/Engine/EngineMaterials/Substrate/Glints2/dict_0003_0050" 9101
"/Engine/EngineMaterials/Substrate/Glints2/dict_0003_0051" 9102
"/Engine/EngineMaterials/Substrate/Glints2/dict_0003_0052" 9103
"/Engine/EngineMaterials/Substrate/Glints2/dict_0003_0053" 9104
"/Engine/EngineMaterials/Substrate/Glints2/dict_0003_0054" 9105
"/Engine/EngineMaterials/Substrate/Glints2/dict_0003_0055" 9106
"/Engine/EngineMaterials/Substrate/Glints2/dict_0003_0056" 9107
"/Engine/EngineMaterials/Substrate/Glints2/dict_0003_0057" 9108
"/Engine/EngineMaterials/Substrate/Glints2/dict_0003_0058" 9109
"/Engine/EngineMaterials/Substrate/Glints2/dict_0003_0059" 9110
"/Engine/EngineMaterials/Substrate/Glints2/dict_0003_0060" 9111
"/Engine/EngineMaterials/Substrate/Glints2/dict_0003_0029" 9112
"../../../Engine/Content/EngineMaterials/Substrate/Glints2/dict_0003_0027.uasset" 9113
"../../../Engine/Content/EngineMaterials/Substrate/Glints2/dict_0003_0028.uasset" 9114
"../../../Engine/Content/EngineMaterials/Substrate/Glints2/dict_0003_0025.uasset" 9115
"../../../Engine/Content/EngineMaterials/Substrate/Glints2/dict_0003_0026.uasset" 9116
"../../../Engine/Content/EngineMaterials/Substrate/Glints2/dict_0003_0023.uasset" 9117
"../../../Engine/Content/EngineMaterials/Substrate/Glints2/dict_0003_0022.uasset" 9118
"../../../Engine/Content/EngineMaterials/Substrate/Glints2/dict_0003_0024.uasset" 9119
"/Engine/EngineMaterials/Substrate/Glints2/dict_0003_0030" 9120
"../../../Engine/Content/EngineMaterials/Substrate/Glints2/dict_0003_0021.uasset" 9121
"../../../Engine/Content/EngineMaterials/Substrate/Glints2/dict_0003_0020.uasset" 9122
"../../../Engine/Content/EngineMaterials/Substrate/Glints2/dict_0003_0017.uasset" 9123
"../../../Engine/Content/EngineMaterials/Substrate/Glints2/dict_0003_0018.uasset" 9124
"../../../Engine/Content/EngineMaterials/Substrate/Glints2/dict_0003_0019.uasset" 9125
"../../../Engine/Content/EngineMaterials/Substrate/Glints2/dict_0003_0015.uasset" 9126
"../../../Engine/Content/EngineMaterials/Substrate/Glints2/dict_0003_0016.uasset" 9127
"/Engine/EngineMaterials/Substrate/Glints2/dict_0003_0031" 9128
"../../../Engine/Content/EngineMaterials/Substrate/Glints2/dict_0003_0014.uasset" 9129
"../../../Engine/Content/EngineMaterials/Substrate/Glints2/dict_0003_0013.uasset" 9130
"../../../Engine/Content/EngineMaterials/Substrate/Glints2/dict_0003_0012.uasset" 9131
"../../../Engine/Content/EngineMaterials/Substrate/Glints2/dict_0003_0010.uasset" 9132
"../../../Engine/Content/EngineMaterials/Substrate/Glints2/dict_0003_0011.uasset" 9133
"../../../Engine/Content/EngineMaterials/Substrate/Glints2/dict_0003_0009.uasset" 9134
"/Engine/EngineMaterials/Substrate/Glints2/dict_0003_0032" 9135
"/Engine/EngineMaterials/Substrate/Glints2/dict_0003_0033" 9136
"/Engine/EngineMaterials/Substrate/Glints2/dict_0003_0034" 9137
"/Engine/EngineMaterials/Substrate/Glints2/dict_0003_0035" 9138
"/Engine/EngineMaterials/Substrate/Glints2/dict_0003_0036" 9139
"/Engine/EngineMaterials/Substrate/Glints2/dict_0003_0037" 9140
"/Engine/EngineMaterials/Substrate/Glints2/dict_0003_0038" 9141
"/Engine/EngineMaterials/Substrate/Glints2/dict_0003_0039" 9142
"/Engine/EngineMaterials/Substrate/Glints2/dict_0003_0040" 9143
"/Engine/EngineMaterials/Substrate/Glints2/dict_0003_0009" 9144
"../../../Engine/Content/EngineMaterials/Substrate/Glints2/dict_0003_0007.uasset" 9145
"../../../Engine/Content/EngineMaterials/Substrate/Glints2/dict_0003_0008.uasset" 9146
"../../../Engine/Content/EngineMaterials/Substrate/Glints2/dict_0003_0006.uasset" 9147
"../../../Engine/Content/EngineMaterials/Substrate/Glints2/dict_0003_0005.uasset" 9148
"../../../Engine/Content/EngineMaterials/Substrate/Glints2/dict_0003_0003.uasset" 9149
"../../../Engine/Content/EngineMaterials/Substrate/Glints2/dict_0003_0004.uasset" 9150
"../../../Engine/Content/EngineMaterials/Substrate/Glints2/dict_0003_0001.uasset" 9151
"../../../Engine/Content/EngineMaterials/Substrate/Glints2/dict_0003_0002.uasset" 9152
"../../../Engine/Content/EngineMaterials/Substrate/Glints2/dict_0003_0000.uasset" 9153
"../../../Engine/Content/EngineMaterials/Substrate/Glints2/dict_0002_0254.uasset" 9154
"../../../Engine/Content/EngineMaterials/Substrate/Glints2/dict_0002_0255.uasset" 9155
"../../../Engine/Content/EngineMaterials/Substrate/Glints2/dict_0002_0253.uasset" 9156
"/Engine/EngineMaterials/Substrate/Glints2/dict_0003_0010" 9157
"/Engine/EngineMaterials/Substrate/Glints2/dict_0003_0011" 9158
"/Engine/EngineMaterials/Substrate/Glints2/dict_0003_0012" 9159
"/Engine/EngineMaterials/Substrate/Glints2/dict_0003_0013" 9160
"/Engine/EngineMaterials/Substrate/Glints2/dict_0003_0014" 9161
"/Engine/EngineMaterials/Substrate/Glints2/dict_0003_0015" 9162
"/Engine/EngineMaterials/Substrate/Glints2/dict_0003_0016" 9163
"/Engine/EngineMaterials/Substrate/Glints2/dict_0003_0017" 9164
"/Engine/EngineMaterials/Substrate/Glints2/dict_0003_0018" 9165
"/Engine/EngineMaterials/Substrate/Glints2/dict_0003_0019" 9166
"/Engine/EngineMaterials/Substrate/Glints2/dict_0003_0020" 9167
"/Engine/EngineMaterials/Substrate/Glints2/dict_0003_0021" 9168
"/Engine/EngineMaterials/Substrate/Glints2/dict_0003_0022" 9169
"/Engine/EngineMaterials/Substrate/Glints2/dict_0003_0023" 9170
"/Engine/EngineMaterials/Substrate/Glints2/dict_0003_0024" 9171
"/Engine/EngineMaterials/Substrate/Glints2/dict_0003_0025" 9172
"/Engine/EngineMaterials/Substrate/Glints2/dict_0003_0026" 9173
"/Engine/EngineMaterials/Substrate/Glints2/dict_0003_0027" 9174
"/Engine/EngineMaterials/Substrate/Glints2/dict_0003_0028" 9175
"/Engine/EngineMaterials/Substrate/Glints2/dict_0002_0253" 9176
"../../../Engine/Content/EngineMaterials/Substrate/Glints2/dict_0002_0252.uasset" 9177
"../../../Engine/Content/EngineMaterials/Substrate/Glints2/dict_0002_0251.uasset" 9178
"../../../Engine/Content/EngineMaterials/Substrate/Glints2/dict_0002_0250.uasset" 9179
"../../../Engine/Content/EngineMaterials/Substrate/Glints2/dict_0002_0248.uasset" 9180
"../../../Engine/Content/EngineMaterials/Substrate/Glints2/dict_0002_0249.uasset" 9181
"../../../Engine/Content/EngineMaterials/Substrate/Glints2/dict_0002_0246.uasset" 9182
"../../../Engine/Content/EngineMaterials/Substrate/Glints2/dict_0002_0247.uasset" 9183
"/Engine/EngineMaterials/Substrate/Glints2/dict_0002_0254" 9184
"../../../Engine/Content/EngineMaterials/Substrate/Glints2/dict_0002_0245.uasset" 9185
"../../../Engine/Content/EngineMaterials/Substrate/Glints2/dict_0002_0244.uasset" 9186
"../../../Engine/Content/EngineMaterials/Substrate/Glints2/dict_0002_0242.uasset" 9187
"../../../Engine/Content/EngineMaterials/Substrate/Glints2/dict_0002_0241.uasset" 9188
"../../../Engine/Content/EngineMaterials/Substrate/Glints2/dict_0002_0243.uasset" 9189
"../../../Engine/Content/EngineMaterials/Substrate/Glints2/dict_0002_0240.uasset" 9190
"../../../Engine/Content/EngineMaterials/Substrate/Glints2/dict_0002_0239.uasset" 9191
"/Engine/EngineMaterials/Substrate/Glints2/dict_0002_0255" 9192
"../../../Engine/Content/EngineMaterials/Substrate/Glints2/dict_0002_0238.uasset" 9193
"../../../Engine/Content/EngineMaterials/Substrate/Glints2/dict_0002_0237.uasset" 9194
"../../../Engine/Content/EngineMaterials/Substrate/Glints2/dict_0002_0235.uasset" 9195
"../../../Engine/Content/EngineMaterials/Substrate/Glints2/dict_0002_0234.uasset" 9196
"../../../Engine/Content/EngineMaterials/Substrate/Glints2/dict_0002_0236.uasset" 9197
"../../../Engine/Content/EngineMaterials/Substrate/Glints2/dict_0002_0233.uasset" 9198
"/Engine/EngineMaterials/Substrate/Glints2/dict_0003_0000" 9199
"/Engine/EngineMaterials/Substrate/Glints2/dict_0003_0001" 9200
"/Engine/EngineMaterials/Substrate/Glints2/dict_0003_0002" 9201
"/Engine/EngineMaterials/Substrate/Glints2/dict_0003_0003" 9202
"/Engine/EngineMaterials/Substrate/Glints2/dict_0003_0004" 9203
"/Engine/EngineMaterials/Substrate/Glints2/dict_0003_0005" 9204
"/Engine/EngineMaterials/Substrate/Glints2/dict_0003_0006" 9205
"/Engine/EngineMaterials/Substrate/Glints2/dict_0003_0007" 9206
"/Engine/EngineMaterials/Substrate/Glints2/dict_0003_0008" 9207
"/Engine/EngineMaterials/Substrate/Glints2/dict_0002_0233" 9208
"../../../Engine/Content/EngineMaterials/Substrate/Glints2/dict_0002_0232.uasset" 9209
"../../../Engine/Content/EngineMaterials/Substrate/Glints2/dict_0002_0229.uasset" 9210
"../../../Engine/Content/EngineMaterials/Substrate/Glints2/dict_0002_0226.uasset" 9211
"../../../Engine/Content/EngineMaterials/Substrate/Glints2/dict_0002_0231.uasset" 9212
"../../../Engine/Content/EngineMaterials/Substrate/Glints2/dict_0002_0227.uasset" 9213
"../../../Engine/Content/EngineMaterials/Substrate/Glints2/dict_0002_0230.uasset" 9214
"../../../Engine/Content/EngineMaterials/Substrate/Glints2/dict_0002_0228.uasset" 9215
"../../../Engine/Content/EngineMaterials/Substrate/Glints2/dict_0002_0225.uasset" 9216
"/Engine/EngineMaterials/Substrate/Glints2/dict_0002_0234" 9217
"../../../Engine/Content/EngineMaterials/Substrate/Glints2/dict_0002_0221.uasset" 9218
"../../../Engine/Content/EngineMaterials/Substrate/Glints2/dict_0002_0224.uasset" 9219
"../../../Engine/Content/EngineMaterials/Substrate/Glints2/dict_0002_0223.uasset" 9220
"../../../Engine/Content/EngineMaterials/Substrate/Glints2/dict_0002_0222.uasset" 9221
"/Engine/EngineMaterials/Substrate/Glints2/dict_0002_0235" 9222
"/Engine/EngineMaterials/Substrate/Glints2/dict_0002_0236" 9223
"/Engine/EngineMaterials/Substrate/Glints2/dict_0002_0237" 9224
"/Engine/EngineMaterials/Substrate/Glints2/dict_0002_0238" 9225
"/Engine/EngineMaterials/Substrate/Glints2/dict_0002_0239" 9226
"/Engine/EngineMaterials/Substrate/Glints2/dict_0002_0240" 9227
"/Engine/EngineMaterials/Substrate/Glints2/dict_0002_0241" 9228
"/Engine/EngineMaterials/Substrate/Glints2/dict_0002_0242" 9229
"/Engine/EngineMaterials/Substrate/Glints2/dict_0002_0243" 9230
"/Engine/EngineMaterials/Substrate/Glints2/dict_0002_0244" 9231
"/Engine/EngineMaterials/Substrate/Glints2/dict_0002_0245" 9232
"/Engine/EngineMaterials/Substrate/Glints2/dict_0002_0246" 9233
"/Engine/EngineMaterials/Substrate/Glints2/dict_0002_0247" 9234
"/Engine/EngineMaterials/Substrate/Glints2/dict_0002_0248" 9235
"/Engine/EngineMaterials/Substrate/Glints2/dict_0002_0249" 9236
"/Engine/EngineMaterials/Substrate/Glints2/dict_0002_0250" 9237
"/Engine/EngineMaterials/Substrate/Glints2/dict_0002_0251" 9238
"/Engine/EngineMaterials/Substrate/Glints2/dict_0002_0252" 9239
"/Engine/EngineMaterials/Substrate/Glints2/dict_0002_0221" 9240
"../../../Engine/Content/EngineMaterials/Substrate/Glints2/dict_0002_0219.uasset" 9241
"../../../Engine/Content/EngineMaterials/Substrate/Glints2/dict_0002_0220.uasset" 9242
"../../../Engine/Content/EngineMaterials/Substrate/Glints2/dict_0002_0216.uasset" 9243
"../../../Engine/Content/EngineMaterials/Substrate/Glints2/dict_0002_0217.uasset" 9244
"../../../Engine/Content/EngineMaterials/Substrate/Glints2/dict_0002_0215.uasset" 9245
"../../../Engine/Content/EngineMaterials/Substrate/Glints2/dict_0002_0214.uasset" 9246
"../../../Engine/Content/EngineMaterials/Substrate/Glints2/dict_0002_0218.uasset" 9247
"/Engine/EngineMaterials/Substrate/Glints2/dict_0002_0222" 9248
"../../../Engine/Content/EngineMaterials/Substrate/Glints2/dict_0002_0213.uasset" 9249
"../../../Engine/Content/EngineMaterials/Substrate/Glints2/dict_0002_0212.uasset" 9250
"../../../Engine/Content/EngineMaterials/Substrate/Glints2/dict_0002_0211.uasset" 9251
"../../../Engine/Content/EngineMaterials/Substrate/Glints2/dict_0002_0210.uasset" 9252
"../../../Engine/Content/EngineMaterials/Substrate/Glints2/dict_0002_0208.uasset" 9253
"../../../Engine/Content/EngineMaterials/Substrate/Glints2/dict_0002_0207.uasset" 9254
"/Engine/EngineMaterials/Substrate/Glints2/dict_0002_0223" 9255
"../../../Engine/Content/EngineMaterials/Substrate/Glints2/dict_0002_0209.uasset" 9256
"../../../Engine/Content/EngineMaterials/Substrate/Glints2/dict_0002_0205.uasset" 9257
"../../../Engine/Content/EngineMaterials/Substrate/Glints2/dict_0002_0206.uasset" 9258
"../../../Engine/Content/EngineMaterials/Substrate/Glints2/dict_0002_0203.uasset" 9259
"../../../Engine/Content/EngineMaterials/Substrate/Glints2/dict_0002_0204.uasset" 9260
"../../../Engine/Content/EngineMaterials/Substrate/Glints2/dict_0002_0202.uasset" 9261
"../../../Engine/Content/EngineMaterials/Substrate/Glints2/dict_0002_0201.uasset" 9262
"/Engine/EngineMaterials/Substrate/Glints2/dict_0002_0224" 9263
"/Engine/EngineMaterials/Substrate/Glints2/dict_0002_0225" 9264
"/Engine/EngineMaterials/Substrate/Glints2/dict_0002_0226" 9265
"/Engine/EngineMaterials/Substrate/Glints2/dict_0002_0227" 9266
"/Engine/EngineMaterials/Substrate/Glints2/dict_0002_0228" 9267
"/Engine/EngineMaterials/Substrate/Glints2/dict_0002_0229" 9268
"/Engine/EngineMaterials/Substrate/Glints2/dict_0002_0230" 9269
"/Engine/EngineMaterials/Substrate/Glints2/dict_0002_0231" 9270
"/Engine/EngineMaterials/Substrate/Glints2/dict_0002_0232" 9271
"/Engine/EngineMaterials/Substrate/Glints2/dict_0002_0201" 9272
"../../../Engine/Content/EngineMaterials/Substrate/Glints2/dict_0002_0199.uasset" 9273
"../../../Engine/Content/EngineMaterials/Substrate/Glints2/dict_0002_0198.uasset" 9274
"../../../Engine/Content/EngineMaterials/Substrate/Glints2/dict_0002_0195.uasset" 9275
"../../../Engine/Content/EngineMaterials/Substrate/Glints2/dict_0002_0194.uasset" 9276
"../../../Engine/Content/EngineMaterials/Substrate/Glints2/dict_0002_0200.uasset" 9277
"../../../Engine/Content/EngineMaterials/Substrate/Glints2/dict_0002_0197.uasset" 9278
"../../../Engine/Content/EngineMaterials/Substrate/Glints2/dict_0002_0196.uasset" 9279
"/Engine/EngineMaterials/Substrate/Glints2/dict_0002_0202" 9280
"../../../Engine/Content/EngineMaterials/Substrate/Glints2/dict_0002_0193.uasset" 9281
"../../../Engine/Content/EngineMaterials/Substrate/Glints2/dict_0002_0192.uasset" 9282
"../../../Engine/Content/EngineMaterials/Substrate/Glints2/dict_0002_0190.uasset" 9283
"../../../Engine/Content/EngineMaterials/Substrate/Glints2/dict_0002_0189.uasset" 9284
"../../../Engine/Content/EngineMaterials/Substrate/Glints2/dict_0002_0191.uasset" 9285
"/Engine/EngineMaterials/Substrate/Glints2/dict_0002_0203" 9286
"/Engine/EngineMaterials/Substrate/Glints2/dict_0002_0204" 9287
"/Engine/EngineMaterials/Substrate/Glints2/dict_0002_0205" 9288
"/Engine/EngineMaterials/Substrate/Glints2/dict_0002_0206" 9289
"/Engine/EngineMaterials/Substrate/Glints2/dict_0002_0207" 9290
"/Engine/EngineMaterials/Substrate/Glints2/dict_0002_0208" 9291
"/Engine/EngineMaterials/Substrate/Glints2/dict_0002_0209" 9292
"/Engine/EngineMaterials/Substrate/Glints2/dict_0002_0210" 9293
"/Engine/EngineMaterials/Substrate/Glints2/dict_0002_0211" 9294
"/Engine/EngineMaterials/Substrate/Glints2/dict_0002_0212" 9295
"/Engine/EngineMaterials/Substrate/Glints2/dict_0002_0213" 9296
"/Engine/EngineMaterials/Substrate/Glints2/dict_0002_0214" 9297
"/Engine/EngineMaterials/Substrate/Glints2/dict_0002_0215" 9298
"/Engine/EngineMaterials/Substrate/Glints2/dict_0002_0216" 9299
"/Engine/EngineMaterials/Substrate/Glints2/dict_0002_0217" 9300
"/Engine/EngineMaterials/Substrate/Glints2/dict_0002_0218" 9301
"/Engine/EngineMaterials/Substrate/Glints2/dict_0002_0219" 9302
"/Engine/EngineMaterials/Substrate/Glints2/dict_0002_0220" 9303
"/Engine/EngineMaterials/Substrate/Glints2/dict_0002_0189" 9304
"../../../Engine/Content/EngineMaterials/Substrate/Glints2/dict_0002_0186.uasset" 9305
"../../../Engine/Content/EngineMaterials/Substrate/Glints2/dict_0002_0188.uasset" 9306
"/Engine/EngineMaterials/Substrate/Glints2/dict_0002_0190" 9307
"../../../Engine/Content/EngineMaterials/Substrate/Glints2/dict_0002_0185.uasset" 9308
"../../../Engine/Content/EngineMaterials/Substrate/Glints2/dict_0002_0184.uasset" 9309
"../../../Engine/Content/EngineMaterials/Substrate/Glints2/dict_0002_0182.uasset" 9310
"../../../Engine/Content/EngineMaterials/Substrate/Glints2/dict_0002_0187.uasset" 9311
"../../../Engine/Content/EngineMaterials/Substrate/Glints2/dict_0002_0183.uasset" 9312
"../../../Engine/Content/EngineMaterials/Substrate/Glints2/dict_0002_0181.uasset" 9313
"../../../Engine/Content/EngineMaterials/Substrate/Glints2/dict_0002_0180.uasset" 9314
"../../../Engine/Content/EngineMaterials/Substrate/Glints2/dict_0002_0179.uasset" 9315
"../../../Engine/Content/EngineMaterials/Substrate/Glints2/dict_0002_0176.uasset" 9316
"../../../Engine/Content/EngineMaterials/Substrate/Glints2/dict_0002_0177.uasset" 9317
"../../../Engine/Content/EngineMaterials/Substrate/Glints2/dict_0002_0175.uasset" 9318
"../../../Engine/Content/EngineMaterials/Substrate/Glints2/dict_0002_0178.uasset" 9319
"/Engine/EngineMaterials/Substrate/Glints2/dict_0002_0191" 9320
"../../../Engine/Content/EngineMaterials/Substrate/Glints2/dict_0002_0174.uasset" 9321
"../../../Engine/Content/EngineMaterials/Substrate/Glints2/dict_0002_0172.uasset" 9322
"../../../Engine/Content/EngineMaterials/Substrate/Glints2/dict_0002_0173.uasset" 9323
"../../../Engine/Content/EngineMaterials/Substrate/Glints2/dict_0002_0171.uasset" 9324
"../../../Engine/Content/EngineMaterials/Substrate/Glints2/dict_0002_0170.uasset" 9325
"../../../Engine/Content/EngineMaterials/Substrate/Glints2/dict_0002_0169.uasset" 9326
"/Engine/EngineMaterials/Substrate/Glints2/dict_0002_0192" 9327
"/Engine/EngineMaterials/Substrate/Glints2/dict_0002_0193" 9328
"/Engine/EngineMaterials/Substrate/Glints2/dict_0002_0194" 9329
"/Engine/EngineMaterials/Substrate/Glints2/dict_0002_0195" 9330
"/Engine/EngineMaterials/Substrate/Glints2/dict_0002_0196" 9331
"/Engine/EngineMaterials/Substrate/Glints2/dict_0002_0197" 9332
"/Engine/EngineMaterials/Substrate/Glints2/dict_0002_0198" 9333
"/Engine/EngineMaterials/Substrate/Glints2/dict_0002_0199" 9334
"/Engine/EngineMaterials/Substrate/Glints2/dict_0002_0200" 9335
"/Engine/EngineMaterials/Substrate/Glints2/dict_0002_0169" 9336
"../../../Engine/Content/EngineMaterials/Substrate/Glints2/dict_0002_0168.uasset" 9337
"../../../Engine/Content/EngineMaterials/Substrate/Glints2/dict_0002_0167.uasset" 9338
"../../../Engine/Content/EngineMaterials/Substrate/Glints2/dict_0002_0164.uasset" 9339
"../../../Engine/Content/EngineMaterials/Substrate/Glints2/dict_0002_0165.uasset" 9340
"../../../Engine/Content/EngineMaterials/Substrate/Glints2/dict_0002_0162.uasset" 9341
"../../../Engine/Content/EngineMaterials/Substrate/Glints2/dict_0002_0163.uasset" 9342
"../../../Engine/Content/EngineMaterials/Substrate/Glints2/dict_0002_0166.uasset" 9343
"../../../Engine/Content/EngineMaterials/Substrate/Glints2/dict_0002_0161.uasset" 9344
"/Engine/EngineMaterials/Substrate/Glints2/dict_0002_0170" 9345
"../../../Engine/Content/EngineMaterials/Substrate/Glints2/dict_0002_0160.uasset" 9346
"../../../Engine/Content/EngineMaterials/Substrate/Glints2/dict_0002_0159.uasset" 9347
"../../../Engine/Content/EngineMaterials/Substrate/Glints2/dict_0002_0158.uasset" 9348
"../../../Engine/Content/EngineMaterials/Substrate/Glints2/dict_0002_0157.uasset" 9349
"/Engine/EngineMaterials/Substrate/Glints2/dict_0002_0171" 9350
"/Engine/EngineMaterials/Substrate/Glints2/dict_0002_0172" 9351
"/Engine/EngineMaterials/Substrate/Glints2/dict_0002_0173" 9352
"/Engine/EngineMaterials/Substrate/Glints2/dict_0002_0174" 9353
"/Engine/EngineMaterials/Substrate/Glints2/dict_0002_0175" 9354
"/Engine/EngineMaterials/Substrate/Glints2/dict_0002_0176" 9355
"/Engine/EngineMaterials/Substrate/Glints2/dict_0002_0177" 9356
"/Engine/EngineMaterials/Substrate/Glints2/dict_0002_0178" 9357
"/Engine/EngineMaterials/Substrate/Glints2/dict_0002_0179" 9358
"/Engine/EngineMaterials/Substrate/Glints2/dict_0002_0180" 9359
"/Engine/EngineMaterials/Substrate/Glints2/dict_0002_0181" 9360
"/Engine/EngineMaterials/Substrate/Glints2/dict_0002_0182" 9361
"/Engine/EngineMaterials/Substrate/Glints2/dict_0002_0183" 9362
"/Engine/EngineMaterials/Substrate/Glints2/dict_0002_0184" 9363
"/Engine/EngineMaterials/Substrate/Glints2/dict_0002_0185" 9364
"/Engine/EngineMaterials/Substrate/Glints2/dict_0002_0186" 9365
"/Engine/EngineMaterials/Substrate/Glints2/dict_0002_0187" 9366
"/Engine/EngineMaterials/Substrate/Glints2/dict_0002_0188" 9367
"/Engine/EngineMaterials/Substrate/Glints2/dict_0002_0157" 9368
"../../../Engine/Content/EngineMaterials/Substrate/Glints2/dict_0002_0156.uasset" 9369
"/Engine/EngineMaterials/Substrate/Glints2/dict_0002_0158" 9370
"../../../Engine/Content/EngineMaterials/Substrate/Glints2/dict_0002_0154.uasset" 9371
"../../../Engine/Content/EngineMaterials/Substrate/Glints2/dict_0002_0153.uasset" 9372
"../../../Engine/Content/EngineMaterials/Substrate/Glints2/dict_0002_0155.uasset" 9373
"../../../Engine/Content/EngineMaterials/Substrate/Glints2/dict_0002_0151.uasset" 9374
"../../../Engine/Content/EngineMaterials/Substrate/Glints2/dict_0002_0152.uasset" 9375
"../../../Engine/Content/EngineMaterials/Substrate/Glints2/dict_0002_0150.uasset" 9376
"../../../Engine/Content/EngineMaterials/Substrate/Glints2/dict_0002_0149.uasset" 9377
"../../../Engine/Content/EngineMaterials/Substrate/Glints2/dict_0002_0148.uasset" 9378
"../../../Engine/Content/EngineMaterials/Substrate/Glints2/dict_0002_0146.uasset" 9379
"../../../Engine/Content/EngineMaterials/Substrate/Glints2/dict_0002_0147.uasset" 9380
"/Engine/EngineMaterials/Substrate/Glints2/dict_0002_0159" 9381
"../../../Engine/Content/EngineMaterials/Substrate/Glints2/dict_0002_0145.uasset" 9382
"../../../Engine/Content/EngineMaterials/Substrate/Glints2/dict_0002_0144.uasset" 9383
"../../../Engine/Content/EngineMaterials/Substrate/Glints2/dict_0002_0143.uasset" 9384
"../../../Engine/Content/EngineMaterials/Substrate/Glints2/dict_0002_0141.uasset" 9385
"../../../Engine/Content/EngineMaterials/Substrate/Glints2/dict_0002_0140.uasset" 9386
"../../../Engine/Content/EngineMaterials/Substrate/Glints2/dict_0002_0139.uasset" 9387
"../../../Engine/Content/EngineMaterials/Substrate/Glints2/dict_0002_0142.uasset" 9388
"../../../Engine/Content/EngineMaterials/Substrate/Glints2/dict_0002_0138.uasset" 9389
"../../../Engine/Content/EngineMaterials/Substrate/Glints2/dict_0002_0137.uasset" 9390
"/Engine/EngineMaterials/Substrate/Glints2/dict_0002_0160" 9391
"/Engine/EngineMaterials/Substrate/Glints2/dict_0002_0161" 9392
"/Engine/EngineMaterials/Substrate/Glints2/dict_0002_0162" 9393
"/Engine/EngineMaterials/Substrate/Glints2/dict_0002_0163" 9394
"/Engine/EngineMaterials/Substrate/Glints2/dict_0002_0164" 9395
"/Engine/EngineMaterials/Substrate/Glints2/dict_0002_0165" 9396
"/Engine/EngineMaterials/Substrate/Glints2/dict_0002_0166" 9397
"/Engine/EngineMaterials/Substrate/Glints2/dict_0002_0167" 9398
"/Engine/EngineMaterials/Substrate/Glints2/dict_0002_0168" 9399
"/Engine/EngineMaterials/Substrate/Glints2/dict_0002_0137" 9400
"../../../Engine/Content/EngineMaterials/Substrate/Glints2/dict_0002_0136.uasset" 9401
"../../../Engine/Content/EngineMaterials/Substrate/Glints2/dict_0002_0135.uasset" 9402
"../../../Engine/Content/EngineMaterials/Substrate/Glints2/dict_0002_0134.uasset" 9403
"../../../Engine/Content/EngineMaterials/Substrate/Glints2/dict_0002_0133.uasset" 9404
"/Engine/EngineMaterials/Substrate/Glints2/dict_0002_0138" 9405
"../../../Engine/Content/EngineMaterials/Substrate/Glints2/dict_0002_0130.uasset" 9406
"../../../Engine/Content/EngineMaterials/Substrate/Glints2/dict_0002_0132.uasset" 9407
"../../../Engine/Content/EngineMaterials/Substrate/Glints2/dict_0002_0131.uasset" 9408
"../../../Engine/Content/EngineMaterials/Substrate/Glints2/dict_0002_0128.uasset" 9409
"../../../Engine/Content/EngineMaterials/Substrate/Glints2/dict_0002_0129.uasset" 9410
"../../../Engine/Content/EngineMaterials/Substrate/Glints2/dict_0002_0127.uasset" 9411
"../../../Engine/Content/EngineMaterials/Substrate/Glints2/dict_0002_0126.uasset" 9412
"../../../Engine/Content/EngineMaterials/Substrate/Glints2/dict_0002_0125.uasset" 9413
"/Engine/EngineMaterials/Substrate/Glints2/dict_0002_0139" 9414
"/Engine/EngineMaterials/Substrate/Glints2/dict_0002_0140" 9415
"/Engine/EngineMaterials/Substrate/Glints2/dict_0002_0141" 9416
"/Engine/EngineMaterials/Substrate/Glints2/dict_0002_0142" 9417
"/Engine/EngineMaterials/Substrate/Glints2/dict_0002_0143" 9418
"/Engine/EngineMaterials/Substrate/Glints2/dict_0002_0144" 9419
"/Engine/EngineMaterials/Substrate/Glints2/dict_0002_0145" 9420
"/Engine/EngineMaterials/Substrate/Glints2/dict_0002_0146" 9421
"/Engine/EngineMaterials/Substrate/Glints2/dict_0002_0147" 9422
"/Engine/EngineMaterials/Substrate/Glints2/dict_0002_0148" 9423
"/Engine/EngineMaterials/Substrate/Glints2/dict_0002_0149" 9424
"/Engine/EngineMaterials/Substrate/Glints2/dict_0002_0150" 9425
"/Engine/EngineMaterials/Substrate/Glints2/dict_0002_0151" 9426
"/Engine/EngineMaterials/Substrate/Glints2/dict_0002_0152" 9427
"/Engine/EngineMaterials/Substrate/Glints2/dict_0002_0153" 9428
"/Engine/EngineMaterials/Substrate/Glints2/dict_0002_0154" 9429
"/Engine/EngineMaterials/Substrate/Glints2/dict_0002_0155" 9430
"/Engine/EngineMaterials/Substrate/Glints2/dict_0002_0156" 9431
"/Engine/EngineMaterials/Substrate/Glints2/dict_0002_0125" 9432
"../../../Engine/Content/EngineMaterials/Substrate/Glints2/dict_0002_0124.uasset" 9433
"../../../Engine/Content/EngineMaterials/Substrate/Glints2/dict_0002_0123.uasset" 9434
"/Engine/EngineMaterials/Substrate/Glints2/dict_0002_0126" 9435
"../../../Engine/Content/EngineMaterials/Substrate/Glints2/dict_0002_0122.uasset" 9436
"../../../Engine/Content/EngineMaterials/Substrate/Glints2/dict_0002_0121.uasset" 9437
"../../../Engine/Content/EngineMaterials/Substrate/Glints2/dict_0002_0119.uasset" 9438
"../../../Engine/Content/EngineMaterials/Substrate/Glints2/dict_0002_0118.uasset" 9439
"../../../Engine/Content/EngineMaterials/Substrate/Glints2/dict_0002_0120.uasset" 9440
"../../../Engine/Content/EngineMaterials/Substrate/Glints2/dict_0002_0117.uasset" 9441
"../../../Engine/Content/EngineMaterials/Substrate/Glints2/dict_0002_0116.uasset" 9442
"/Engine/EngineMaterials/Substrate/Glints2/dict_0002_0127" 9443
"../../../Engine/Content/EngineMaterials/Substrate/Glints2/dict_0002_0115.uasset" 9444
"../../../Engine/Content/EngineMaterials/Substrate/Glints2/dict_0002_0113.uasset" 9445
"../../../Engine/Content/EngineMaterials/Substrate/Glints2/dict_0002_0114.uasset" 9446
"../../../Engine/Content/EngineMaterials/Substrate/Glints2/dict_0002_0112.uasset" 9447
"../../../Engine/Content/EngineMaterials/Substrate/Glints2/dict_0002_0111.uasset" 9448
"../../../Engine/Content/EngineMaterials/Substrate/Glints2/dict_0002_0109.uasset" 9449
"../../../Engine/Content/EngineMaterials/Substrate/Glints2/dict_0002_0110.uasset" 9450
"../../../Engine/Content/EngineMaterials/Substrate/Glints2/dict_0002_0108.uasset" 9451
"../../../Engine/Content/EngineMaterials/Substrate/Glints2/dict_0002_0107.uasset" 9452
"/Engine/EngineMaterials/Substrate/Glints2/dict_0002_0128" 9453
"../../../Engine/Content/EngineMaterials/Substrate/Glints2/dict_0002_0106.uasset" 9454
"../../../Engine/Content/EngineMaterials/Substrate/Glints2/dict_0002_0105.uasset" 9455
"/Engine/EngineMaterials/Substrate/Glints2/dict_0002_0129" 9456
"/Engine/EngineMaterials/Substrate/Glints2/dict_0002_0130" 9457
"/Engine/EngineMaterials/Substrate/Glints2/dict_0002_0131" 9458
"/Engine/EngineMaterials/Substrate/Glints2/dict_0002_0132" 9459
"/Engine/EngineMaterials/Substrate/Glints2/dict_0002_0133" 9460
"/Engine/EngineMaterials/Substrate/Glints2/dict_0002_0134" 9461
"/Engine/EngineMaterials/Substrate/Glints2/dict_0002_0135" 9462
"/Engine/EngineMaterials/Substrate/Glints2/dict_0002_0136" 9463
"/Engine/EngineMaterials/Substrate/Glints2/dict_0002_0105" 9464
"../../../Engine/Content/EngineMaterials/Substrate/Glints2/dict_0002_0104.uasset" 9465
"../../../Engine/Content/EngineMaterials/Substrate/Glints2/dict_0002_0103.uasset" 9466
"../../../Engine/Content/EngineMaterials/Substrate/Glints2/dict_0002_0102.uasset" 9467
"../../../Engine/Content/EngineMaterials/Substrate/Glints2/dict_0002_0101.uasset" 9468
"../../../Engine/Content/EngineMaterials/Substrate/Glints2/dict_0002_0100.uasset" 9469
"../../../Engine/Content/EngineMaterials/Substrate/Glints2/dict_0002_0098.uasset" 9470
"../../../Engine/Content/EngineMaterials/Substrate/Glints2/dict_0002_0099.uasset" 9471
"/Engine/EngineMaterials/Substrate/Glints2/dict_0002_0106" 9472
"../../../Engine/Content/EngineMaterials/Substrate/Glints2/dict_0002_0096.uasset" 9473
"../../../Engine/Content/EngineMaterials/Substrate/Glints2/dict_0002_0097.uasset" 9474
"../../../Engine/Content/EngineMaterials/Substrate/Glints2/dict_0002_0095.uasset" 9475
"../../../Engine/Content/EngineMaterials/Substrate/Glints2/dict_0002_0094.uasset" 9476
"../../../Engine/Content/EngineMaterials/Substrate/Glints2/dict_0002_0093.uasset" 9477
"/Engine/EngineMaterials/Substrate/Glints2/dict_0002_0107" 9478
"/Engine/EngineMaterials/Substrate/Glints2/dict_0002_0108" 9479
"/Engine/EngineMaterials/Substrate/Glints2/dict_0002_0109" 9480
"/Engine/EngineMaterials/Substrate/Glints2/dict_0002_0110" 9481
"/Engine/EngineMaterials/Substrate/Glints2/dict_0002_0111" 9482
"/Engine/EngineMaterials/Substrate/Glints2/dict_0002_0112" 9483
"/Engine/EngineMaterials/Substrate/Glints2/dict_0002_0113" 9484
"/Engine/EngineMaterials/Substrate/Glints2/dict_0002_0114" 9485
"/Engine/EngineMaterials/Substrate/Glints2/dict_0002_0115" 9486
"/Engine/EngineMaterials/Substrate/Glints2/dict_0002_0116" 9487
"/Engine/EngineMaterials/Substrate/Glints2/dict_0002_0117" 9488
"/Engine/EngineMaterials/Substrate/Glints2/dict_0002_0118" 9489
"/Engine/EngineMaterials/Substrate/Glints2/dict_0002_0119" 9490
"/Engine/EngineMaterials/Substrate/Glints2/dict_0002_0120" 9491
"/Engine/EngineMaterials/Substrate/Glints2/dict_0002_0121" 9492
"/Engine/EngineMaterials/Substrate/Glints2/dict_0002_0122" 9493
"/Engine/EngineMaterials/Substrate/Glints2/dict_0002_0123" 9494
"/Engine/EngineMaterials/Substrate/Glints2/dict_0002_0124" 9495
"/Engine/EngineMaterials/Substrate/Glints2/dict_0002_0093" 9496
"../../../Engine/Content/EngineMaterials/Substrate/Glints2/dict_0002_0090.uasset" 9497
"../../../Engine/Content/EngineMaterials/Substrate/Glints2/dict_0002_0089.uasset" 9498
"../../../Engine/Content/EngineMaterials/Substrate/Glints2/dict_0002_0087.uasset" 9499
"../../../Engine/Content/EngineMaterials/Substrate/Glints2/dict_0002_0088.uasset" 9500
"../../../Engine/Content/EngineMaterials/Substrate/Glints2/dict_0002_0092.uasset" 9501
"../../../Engine/Content/EngineMaterials/Substrate/Glints2/dict_0002_0086.uasset" 9502
"../../../Engine/Content/EngineMaterials/Substrate/Glints2/dict_0002_0085.uasset" 9503
"../../../Engine/Content/EngineMaterials/Substrate/Glints2/dict_0002_0084.uasset" 9504
"/Engine/EngineMaterials/Substrate/Glints2/dict_0002_0094" 9505
"../../../Engine/Content/EngineMaterials/Substrate/Glints2/dict_0002_0083.uasset" 9506
"../../../Engine/Content/EngineMaterials/Substrate/Glints2/dict_0002_0091.uasset" 9507
"../../../Engine/Content/EngineMaterials/Substrate/Glints2/dict_0002_0082.uasset" 9508
"../../../Engine/Content/EngineMaterials/Substrate/Glints2/dict_0002_0081.uasset" 9509
"../../../Engine/Content/EngineMaterials/Substrate/Glints2/dict_0002_0078.uasset" 9510
"../../../Engine/Content/EngineMaterials/Substrate/Glints2/dict_0002_0080.uasset" 9511
"/Engine/EngineMaterials/Substrate/Glints2/dict_0002_0095" 9512
"../../../Engine/Content/EngineMaterials/Substrate/Glints2/dict_0002_0076.uasset" 9513
"../../../Engine/Content/EngineMaterials/Substrate/Glints2/dict_0002_0079.uasset" 9514
"../../../Engine/Content/EngineMaterials/Substrate/Glints2/dict_0002_0077.uasset" 9515
"../../../Engine/Content/EngineMaterials/Substrate/Glints2/dict_0002_0075.uasset" 9516
"../../../Engine/Content/EngineMaterials/Substrate/Glints2/dict_0002_0073.uasset" 9517
"../../../Engine/Content/EngineMaterials/Substrate/Glints2/dict_0002_0074.uasset" 9518
"/Engine/EngineMaterials/Substrate/Glints2/dict_0002_0096" 9519
"/Engine/EngineMaterials/Substrate/Glints2/dict_0002_0097" 9520
"/Engine/EngineMaterials/Substrate/Glints2/dict_0002_0098" 9521
"/Engine/EngineMaterials/Substrate/Glints2/dict_0002_0099" 9522
"/Engine/EngineMaterials/Substrate/Glints2/dict_0002_0100" 9523
"/Engine/EngineMaterials/Substrate/Glints2/dict_0002_0101" 9524
"/Engine/EngineMaterials/Substrate/Glints2/dict_0002_0102" 9525
"/Engine/EngineMaterials/Substrate/Glints2/dict_0002_0103" 9526
"/Engine/EngineMaterials/Substrate/Glints2/dict_0002_0104" 9527
"/Engine/EngineMaterials/Substrate/Glints2/dict_0002_0073" 9528
"../../../Engine/Content/EngineMaterials/Substrate/Glints2/dict_0002_0072.uasset" 9529
"../../../Engine/Content/EngineMaterials/Substrate/Glints2/dict_0002_0071.uasset" 9530
"../../../Engine/Content/EngineMaterials/Substrate/Glints2/dict_0002_0070.uasset" 9531
"../../../Engine/Content/EngineMaterials/Substrate/Glints2/dict_0002_0069.uasset" 9532
"../../../Engine/Content/EngineMaterials/Substrate/Glints2/dict_0002_0068.uasset" 9533
"/Engine/EngineMaterials/Substrate/Glints2/dict_0002_0074" 9534
"../../../Engine/Content/EngineMaterials/Substrate/Glints2/dict_0002_0067.uasset" 9535
"../../../Engine/Content/EngineMaterials/Substrate/Glints2/dict_0002_0066.uasset" 9536
"../../../Engine/Content/EngineMaterials/Substrate/Glints2/dict_0002_0064.uasset" 9537
"../../../Engine/Content/EngineMaterials/Substrate/Glints2/dict_0002_0065.uasset" 9538
"../../../Engine/Content/EngineMaterials/Substrate/Glints2/dict_0002_0062.uasset" 9539
"../../../Engine/Content/EngineMaterials/Substrate/Glints2/dict_0002_0063.uasset" 9540
"../../../Engine/Content/EngineMaterials/Substrate/Glints2/dict_0002_0061.uasset" 9541
"/Engine/EngineMaterials/Substrate/Glints2/dict_0002_0075" 9542
"/Engine/EngineMaterials/Substrate/Glints2/dict_0002_0076" 9543
"/Engine/EngineMaterials/Substrate/Glints2/dict_0002_0077" 9544
"/Engine/EngineMaterials/Substrate/Glints2/dict_0002_0078" 9545
"/Engine/EngineMaterials/Substrate/Glints2/dict_0002_0079" 9546
"/Engine/EngineMaterials/Substrate/Glints2/dict_0002_0080" 9547
"/Engine/EngineMaterials/Substrate/Glints2/dict_0002_0081" 9548
"/Engine/EngineMaterials/Substrate/Glints2/dict_0002_0082" 9549
"/Engine/EngineMaterials/Substrate/Glints2/dict_0002_0083" 9550
"/Engine/EngineMaterials/Substrate/Glints2/dict_0002_0084" 9551
"/Engine/EngineMaterials/Substrate/Glints2/dict_0002_0085" 9552
"/Engine/EngineMaterials/Substrate/Glints2/dict_0002_0086" 9553
"/Engine/EngineMaterials/Substrate/Glints2/dict_0002_0087" 9554
"/Engine/EngineMaterials/Substrate/Glints2/dict_0002_0088" 9555
"/Engine/EngineMaterials/Substrate/Glints2/dict_0002_0089" 9556
"/Engine/EngineMaterials/Substrate/Glints2/dict_0002_0090" 9557
"/Engine/EngineMaterials/Substrate/Glints2/dict_0002_0091" 9558
"/Engine/EngineMaterials/Substrate/Glints2/dict_0002_0092" 9559
"/Engine/EngineMaterials/Substrate/Glints2/dict_0002_0061" 9560
"../../../Engine/Content/EngineMaterials/Substrate/Glints2/dict_0002_0060.uasset" 9561
"../../../Engine/Content/EngineMaterials/Substrate/Glints2/dict_0002_0059.uasset" 9562
"../../../Engine/Content/EngineMaterials/Substrate/Glints2/dict_0002_0058.uasset" 9563
"../../../Engine/Content/EngineMaterials/Substrate/Glints2/dict_0002_0057.uasset" 9564
"../../../Engine/Content/EngineMaterials/Substrate/Glints2/dict_0002_0055.uasset" 9565
"../../../Engine/Content/EngineMaterials/Substrate/Glints2/dict_0002_0054.uasset" 9566
"../../../Engine/Content/EngineMaterials/Substrate/Glints2/dict_0002_0056.uasset" 9567
"/Engine/EngineMaterials/Substrate/Glints2/dict_0002_0062" 9568
"../../../Engine/Content/EngineMaterials/Substrate/Glints2/dict_0002_0053.uasset" 9569
"../../../Engine/Content/EngineMaterials/Substrate/Glints2/dict_0002_0052.uasset" 9570
"../../../Engine/Content/EngineMaterials/Substrate/Glints2/dict_0002_0051.uasset" 9571
"../../../Engine/Content/EngineMaterials/Substrate/Glints2/dict_0002_0050.uasset" 9572
"../../../Engine/Content/EngineMaterials/Substrate/Glints2/dict_0002_0049.uasset" 9573
"../../../Engine/Content/EngineMaterials/Substrate/Glints2/dict_0002_0048.uasset" 9574
"/Engine/EngineMaterials/Substrate/Glints2/dict_0002_0063" 9575
"../../../Engine/Content/EngineMaterials/Substrate/Glints2/dict_0002_0047.uasset" 9576
"../../../Engine/Content/EngineMaterials/Substrate/Glints2/dict_0002_0046.uasset" 9577
"../../../Engine/Content/EngineMaterials/Substrate/Glints2/dict_0002_0045.uasset" 9578
"../../../Engine/Content/EngineMaterials/Substrate/Glints2/dict_0002_0044.uasset" 9579
"/Engine/EngineMaterials/Substrate/Glints2/dict_0002_0064" 9580
"../../../Engine/Content/EngineMaterials/Substrate/Glints2/dict_0002_0043.uasset" 9581
"../../../Engine/Content/EngineMaterials/Substrate/Glints2/dict_0002_0042.uasset" 9582
"../../../Engine/Content/EngineMaterials/Substrate/Glints2/dict_0002_0041.uasset" 9583
"/Engine/EngineMaterials/Substrate/Glints2/dict_0002_0065" 9584
"/Engine/EngineMaterials/Substrate/Glints2/dict_0002_0066" 9585
"/Engine/EngineMaterials/Substrate/Glints2/dict_0002_0067" 9586
"/Engine/EngineMaterials/Substrate/Glints2/dict_0002_0068" 9587
"/Engine/EngineMaterials/Substrate/Glints2/dict_0002_0069" 9588
"/Engine/EngineMaterials/Substrate/Glints2/dict_0002_0070" 9589
"/Engine/EngineMaterials/Substrate/Glints2/dict_0002_0071" 9590
"/Engine/EngineMaterials/Substrate/Glints2/dict_0002_0072" 9591
"/Engine/EngineMaterials/Substrate/Glints2/dict_0002_0041" 9592
"/Engine/EngineMaterials/Substrate/Glints2/dict_0002_0042" 9593
"../../../Engine/Content/EngineMaterials/Substrate/Glints2/dict_0002_0039.uasset" 9594
"../../../Engine/Content/EngineMaterials/Substrate/Glints2/dict_0002_0040.uasset" 9595
"../../../Engine/Content/EngineMaterials/Substrate/Glints2/dict_0002_0038.uasset" 9596
"../../../Engine/Content/EngineMaterials/Substrate/Glints2/dict_0002_0035.uasset" 9597
"../../../Engine/Content/EngineMaterials/Substrate/Glints2/dict_0002_0036.uasset" 9598
"../../../Engine/Content/EngineMaterials/Substrate/Glints2/dict_0002_0037.uasset" 9599
"../../../Engine/Content/EngineMaterials/Substrate/Glints2/dict_0002_0034.uasset" 9600
"/Engine/EngineMaterials/Substrate/Glints2/dict_0002_0043" 9601
"../../../Engine/Content/EngineMaterials/Substrate/Glints2/dict_0002_0033.uasset" 9602
"../../../Engine/Content/EngineMaterials/Substrate/Glints2/dict_0002_0032.uasset" 9603
"../../../Engine/Content/EngineMaterials/Substrate/Glints2/dict_0002_0031.uasset" 9604
"../../../Engine/Content/EngineMaterials/Substrate/Glints2/dict_0002_0030.uasset" 9605
"../../../Engine/Content/EngineMaterials/Substrate/Glints2/dict_0002_0029.uasset" 9606
"/Engine/EngineMaterials/Substrate/Glints2/dict_0002_0044" 9607
"/Engine/EngineMaterials/Substrate/Glints2/dict_0002_0045" 9608
"/Engine/EngineMaterials/Substrate/Glints2/dict_0002_0046" 9609
"/Engine/EngineMaterials/Substrate/Glints2/dict_0002_0047" 9610
"/Engine/EngineMaterials/Substrate/Glints2/dict_0002_0048" 9611
"/Engine/EngineMaterials/Substrate/Glints2/dict_0002_0049" 9612
"/Engine/EngineMaterials/Substrate/Glints2/dict_0002_0050" 9613
"/Engine/EngineMaterials/Substrate/Glints2/dict_0002_0051" 9614
"/Engine/EngineMaterials/Substrate/Glints2/dict_0002_0052" 9615
"/Engine/EngineMaterials/Substrate/Glints2/dict_0002_0053" 9616
"/Engine/EngineMaterials/Substrate/Glints2/dict_0002_0054" 9617
"/Engine/EngineMaterials/Substrate/Glints2/dict_0002_0055" 9618
"/Engine/EngineMaterials/Substrate/Glints2/dict_0002_0056" 9619
"/Engine/EngineMaterials/Substrate/Glints2/dict_0002_0057" 9620
"/Engine/EngineMaterials/Substrate/Glints2/dict_0002_0058" 9621
"/Engine/EngineMaterials/Substrate/Glints2/dict_0002_0059" 9622
"/Engine/EngineMaterials/Substrate/Glints2/dict_0002_0060" 9623
"/Engine/EngineMaterials/Substrate/Glints2/dict_0002_0029" 9624
"../../../Engine/Content/EngineMaterials/Substrate/Glints2/dict_0002_0027.uasset" 9625
"../../../Engine/Content/EngineMaterials/Substrate/Glints2/dict_0002_0028.uasset" 9626
"../../../Engine/Content/EngineMaterials/Substrate/Glints2/dict_0002_0025.uasset" 9627
"/Engine/EngineMaterials/Substrate/Glints2/dict_0002_0030" 9628
"../../../Engine/Content/EngineMaterials/Substrate/Glints2/dict_0002_0024.uasset" 9629
"../../../Engine/Content/EngineMaterials/Substrate/Glints2/dict_0002_0022.uasset" 9630
"../../../Engine/Content/EngineMaterials/Substrate/Glints2/dict_0002_0026.uasset" 9631
"../../../Engine/Content/EngineMaterials/Substrate/Glints2/dict_0002_0023.uasset" 9632
"../../../Engine/Content/EngineMaterials/Substrate/Glints2/dict_0002_0020.uasset" 9633
"../../../Engine/Content/EngineMaterials/Substrate/Glints2/dict_0002_0021.uasset" 9634
"../../../Engine/Content/EngineMaterials/Substrate/Glints2/dict_0002_0019.uasset" 9635
"../../../Engine/Content/EngineMaterials/Substrate/Glints2/dict_0002_0018.uasset" 9636
"../../../Engine/Content/EngineMaterials/Substrate/Glints2/dict_0002_0017.uasset" 9637
"../../../Engine/Content/EngineMaterials/Substrate/Glints2/dict_0002_0015.uasset" 9638
"/Engine/EngineMaterials/Substrate/Glints2/dict_0002_0031" 9639
"../../../Engine/Content/EngineMaterials/Substrate/Glints2/dict_0002_0016.uasset" 9640
"../../../Engine/Content/EngineMaterials/Substrate/Glints2/dict_0002_0013.uasset" 9641
"../../../Engine/Content/EngineMaterials/Substrate/Glints2/dict_0002_0014.uasset" 9642
"../../../Engine/Content/EngineMaterials/Substrate/Glints2/dict_0002_0011.uasset" 9643
"../../../Engine/Content/EngineMaterials/Substrate/Glints2/dict_0002_0010.uasset" 9644
"../../../Engine/Content/EngineMaterials/Substrate/Glints2/dict_0002_0012.uasset" 9645
"../../../Engine/Content/EngineMaterials/Substrate/Glints2/dict_0002_0009.uasset" 9646
"/Engine/EngineMaterials/Substrate/Glints2/dict_0002_0032" 9647
"/Engine/EngineMaterials/Substrate/Glints2/dict_0002_0033" 9648
"/Engine/EngineMaterials/Substrate/Glints2/dict_0002_0034" 9649
"/Engine/EngineMaterials/Substrate/Glints2/dict_0002_0035" 9650
"/Engine/EngineMaterials/Substrate/Glints2/dict_0002_0036" 9651
"/Engine/EngineMaterials/Substrate/Glints2/dict_0002_0037" 9652
"/Engine/EngineMaterials/Substrate/Glints2/dict_0002_0038" 9653
"/Engine/EngineMaterials/Substrate/Glints2/dict_0002_0039" 9654
"/Engine/EngineMaterials/Substrate/Glints2/dict_0002_0040" 9655
"/Engine/EngineMaterials/Substrate/Glints2/dict_0002_0009" 9656
"../../../Engine/Content/EngineMaterials/Substrate/Glints2/dict_0002_0007.uasset" 9657
"/Engine/EngineMaterials/Substrate/Glints2/dict_0002_0010" 9658
"../../../Engine/Content/EngineMaterials/Substrate/Glints2/dict_0002_0006.uasset" 9659
"../../../Engine/Content/EngineMaterials/Substrate/Glints2/dict_0002_0008.uasset" 9660
"../../../Engine/Content/EngineMaterials/Substrate/Glints2/dict_0002_0005.uasset" 9661
"../../../Engine/Content/EngineMaterials/Substrate/Glints2/dict_0002_0004.uasset" 9662
"../../../Engine/Content/EngineMaterials/Substrate/Glints2/dict_0002_0002.uasset" 9663
"../../../Engine/Content/EngineMaterials/Substrate/Glints2/dict_0002_0003.uasset" 9664
"../../../Engine/Content/EngineMaterials/Substrate/Glints2/dict_0002_0001.uasset" 9665
"../../../Engine/Content/EngineMaterials/Substrate/Glints2/dict_0001_0254.uasset" 9666
"../../../Engine/Content/EngineMaterials/Substrate/Glints2/dict_0001_0255.uasset" 9667
"../../../Engine/Content/EngineMaterials/Substrate/Glints2/dict_0002_0000.uasset" 9668
"../../../Engine/Content/EngineMaterials/Substrate/Glints2/dict_0001_0253.uasset" 9669
"/Engine/EngineMaterials/Substrate/Glints2/dict_0002_0011" 9670
"/Engine/EngineMaterials/Substrate/Glints2/dict_0002_0012" 9671
"/Engine/EngineMaterials/Substrate/Glints2/dict_0002_0013" 9672
"/Engine/EngineMaterials/Substrate/Glints2/dict_0002_0014" 9673
"/Engine/EngineMaterials/Substrate/Glints2/dict_0002_0015" 9674
"/Engine/EngineMaterials/Substrate/Glints2/dict_0002_0016" 9675
"/Engine/EngineMaterials/Substrate/Glints2/dict_0002_0017" 9676
"/Engine/EngineMaterials/Substrate/Glints2/dict_0002_0018" 9677
"/Engine/EngineMaterials/Substrate/Glints2/dict_0002_0019" 9678
"/Engine/EngineMaterials/Substrate/Glints2/dict_0002_0020" 9679
"/Engine/EngineMaterials/Substrate/Glints2/dict_0002_0021" 9680
"/Engine/EngineMaterials/Substrate/Glints2/dict_0002_0022" 9681
"/Engine/EngineMaterials/Substrate/Glints2/dict_0002_0023" 9682
"/Engine/EngineMaterials/Substrate/Glints2/dict_0002_0024" 9683
"/Engine/EngineMaterials/Substrate/Glints2/dict_0002_0025" 9684
"/Engine/EngineMaterials/Substrate/Glints2/dict_0002_0026" 9685
"/Engine/EngineMaterials/Substrate/Glints2/dict_0002_0027" 9686
"/Engine/EngineMaterials/Substrate/Glints2/dict_0002_0028" 9687
"/Engine/EngineMaterials/Substrate/Glints2/dict_0001_0253" 9688
"../../../Engine/Content/EngineMaterials/Substrate/Glints2/dict_0001_0252.uasset" 9689
"../../../Engine/Content/EngineMaterials/Substrate/Glints2/dict_0001_0250.uasset" 9690
"../../../Engine/Content/EngineMaterials/Substrate/Glints2/dict_0001_0251.uasset" 9691
"/Engine/EngineMaterials/Substrate/Glints2/dict_0001_0254" 9692
"../../../Engine/Content/EngineMaterials/Substrate/Glints2/dict_0001_0247.uasset" 9693
"../../../Engine/Content/EngineMaterials/Substrate/Glints2/dict_0001_0248.uasset" 9694
"../../../Engine/Content/EngineMaterials/Substrate/Glints2/dict_0001_0249.uasset" 9695
"../../../Engine/Content/EngineMaterials/Substrate/Glints2/dict_0001_0246.uasset" 9696
"../../../Engine/Content/EngineMaterials/Substrate/Glints2/dict_0001_0245.uasset" 9697
"/Engine/EngineMaterials/Substrate/Glints2/dict_0001_0255" 9698
"../../../Engine/Content/EngineMaterials/Substrate/Glints2/dict_0001_0244.uasset" 9699
"../../../Engine/Content/EngineMaterials/Substrate/Glints2/dict_0001_0243.uasset" 9700
"/Engine/EngineMaterials/Substrate/Glints2/dict_0002_0000" 9701
"../../../Engine/Content/EngineMaterials/Substrate/Glints2/dict_0001_0241.uasset" 9702
"../../../Engine/Content/EngineMaterials/Substrate/Glints2/dict_0001_0242.uasset" 9703
"../../../Engine/Content/EngineMaterials/Substrate/Glints2/dict_0001_0239.uasset" 9704
"../../../Engine/Content/EngineMaterials/Substrate/Glints2/dict_0001_0240.uasset" 9705
"../../../Engine/Content/EngineMaterials/Substrate/Glints2/dict_0001_0237.uasset" 9706
"../../../Engine/Content/EngineMaterials/Substrate/Glints2/dict_0001_0238.uasset" 9707
"../../../Engine/Content/EngineMaterials/Substrate/Glints2/dict_0001_0236.uasset" 9708
"../../../Engine/Content/EngineMaterials/Substrate/Glints2/dict_0001_0235.uasset" 9709
"../../../Engine/Content/EngineMaterials/Substrate/Glints2/dict_0001_0234.uasset" 9710
"../../../Engine/Content/EngineMaterials/Substrate/Glints2/dict_0001_0233.uasset" 9711
"/Engine/EngineMaterials/Substrate/Glints2/dict_0002_0001" 9712
"/Engine/EngineMaterials/Substrate/Glints2/dict_0002_0002" 9713
"/Engine/EngineMaterials/Substrate/Glints2/dict_0002_0003" 9714
"/Engine/EngineMaterials/Substrate/Glints2/dict_0002_0004" 9715
"/Engine/EngineMaterials/Substrate/Glints2/dict_0002_0005" 9716
"/Engine/EngineMaterials/Substrate/Glints2/dict_0002_0006" 9717
"/Engine/EngineMaterials/Substrate/Glints2/dict_0002_0007" 9718
"/Engine/EngineMaterials/Substrate/Glints2/dict_0002_0008" 9719
"/Engine/EngineMaterials/Substrate/Glints2/dict_0001_0233" 9720
"../../../Engine/Content/EngineMaterials/Substrate/Glints2/dict_0001_0231.uasset" 9721
"/Engine/EngineMaterials/Substrate/Glints2/dict_0001_0234" 9722
"../../../Engine/Content/EngineMaterials/Substrate/Glints2/dict_0001_0232.uasset" 9723
"../../../Engine/Content/EngineMaterials/Substrate/Glints2/dict_0001_0229.uasset" 9724
"../../../Engine/Content/EngineMaterials/Substrate/Glints2/dict_0001_0226.uasset" 9725
"../../../Engine/Content/EngineMaterials/Substrate/Glints2/dict_0001_0230.uasset" 9726
"../../../Engine/Content/EngineMaterials/Substrate/Glints2/dict_0001_0228.uasset" 9727
"../../../Engine/Content/EngineMaterials/Substrate/Glints2/dict_0001_0227.uasset" 9728
"../../../Engine/Content/EngineMaterials/Substrate/Glints2/dict_0001_0225.uasset" 9729
"../../../Engine/Content/EngineMaterials/Substrate/Glints2/dict_0001_0224.uasset" 9730
"../../../Engine/Content/EngineMaterials/Substrate/Glints2/dict_0001_0223.uasset" 9731
"../../../Engine/Content/EngineMaterials/Substrate/Glints2/dict_0001_0222.uasset" 9732
"/Engine/EngineMaterials/Substrate/Glints2/dict_0001_0235" 9733
"../../../Engine/Content/EngineMaterials/Substrate/Glints2/dict_0001_0221.uasset" 9734
"/Engine/EngineMaterials/Substrate/Glints2/dict_0001_0236" 9735
"/Engine/EngineMaterials/Substrate/Glints2/dict_0001_0237" 9736
"/Engine/EngineMaterials/Substrate/Glints2/dict_0001_0238" 9737
"/Engine/EngineMaterials/Substrate/Glints2/dict_0001_0239" 9738
"/Engine/EngineMaterials/Substrate/Glints2/dict_0001_0240" 9739
"/Engine/EngineMaterials/Substrate/Glints2/dict_0001_0241" 9740
"/Engine/EngineMaterials/Substrate/Glints2/dict_0001_0242" 9741
"/Engine/EngineMaterials/Substrate/Glints2/dict_0001_0243" 9742
"/Engine/EngineMaterials/Substrate/Glints2/dict_0001_0244" 9743
"/Engine/EngineMaterials/Substrate/Glints2/dict_0001_0245" 9744
"/Engine/EngineMaterials/Substrate/Glints2/dict_0001_0246" 9745
"/Engine/EngineMaterials/Substrate/Glints2/dict_0001_0247" 9746
"/Engine/EngineMaterials/Substrate/Glints2/dict_0001_0248" 9747
"/Engine/EngineMaterials/Substrate/Glints2/dict_0001_0249" 9748
"/Engine/EngineMaterials/Substrate/Glints2/dict_0001_0250" 9749
"/Engine/EngineMaterials/Substrate/Glints2/dict_0001_0251" 9750
"/Engine/EngineMaterials/Substrate/Glints2/dict_0001_0252" 9751
"/Engine/EngineMaterials/Substrate/Glints2/dict_0001_0221" 9752
"/Engine/EngineMaterials/Substrate/Glints2/dict_0001_0222" 9753
"../../../Engine/Content/EngineMaterials/Substrate/Glints2/dict_0001_0220.uasset" 9754
"../../../Engine/Content/EngineMaterials/Substrate/Glints2/dict_0001_0219.uasset" 9755
"../../../Engine/Content/EngineMaterials/Substrate/Glints2/dict_0001_0217.uasset" 9756
"../../../Engine/Content/EngineMaterials/Substrate/Glints2/dict_0001_0218.uasset" 9757
"/Engine/EngineMaterials/Substrate/Glints2/dict_0001_0223" 9758
"../../../Engine/Content/EngineMaterials/Substrate/Glints2/dict_0001_0215.uasset" 9759
"../../../Engine/Content/EngineMaterials/Substrate/Glints2/dict_0001_0214.uasset" 9760
"../../../Engine/Content/EngineMaterials/Substrate/Glints2/dict_0001_0216.uasset" 9761
"../../../Engine/Content/EngineMaterials/Substrate/Glints2/dict_0001_0213.uasset" 9762
"../../../Engine/Content/EngineMaterials/Substrate/Glints2/dict_0001_0212.uasset" 9763
"/Engine/EngineMaterials/Substrate/Glints2/dict_0001_0224" 9764
"../../../Engine/Content/EngineMaterials/Substrate/Glints2/dict_0001_0210.uasset" 9765
"../../../Engine/Content/EngineMaterials/Substrate/Glints2/dict_0001_0211.uasset" 9766
"../../../Engine/Content/EngineMaterials/Substrate/Glints2/dict_0001_0209.uasset" 9767
"/Engine/EngineMaterials/Substrate/Glints2/dict_0001_0225" 9768
"../../../Engine/Content/EngineMaterials/Substrate/Glints2/dict_0001_0208.uasset" 9769
"../../../Engine/Content/EngineMaterials/Substrate/Glints2/dict_0001_0207.uasset" 9770
"../../../Engine/Content/EngineMaterials/Substrate/Glints2/dict_0001_0206.uasset" 9771
"../../../Engine/Content/EngineMaterials/Substrate/Glints2/dict_0001_0205.uasset" 9772
"../../../Engine/Content/EngineMaterials/Substrate/Glints2/dict_0001_0204.uasset" 9773
"../../../Engine/Content/EngineMaterials/Substrate/Glints2/dict_0001_0202.uasset" 9774
"../../../Engine/Content/EngineMaterials/Substrate/Glints2/dict_0001_0203.uasset" 9775
"../../../Engine/Content/EngineMaterials/Substrate/Glints2/dict_0001_0201.uasset" 9776
"/Engine/EngineMaterials/Substrate/Glints2/dict_0001_0226" 9777
"/Engine/EngineMaterials/Substrate/Glints2/dict_0001_0227" 9778
"/Engine/EngineMaterials/Substrate/Glints2/dict_0001_0228" 9779
"/Engine/EngineMaterials/Substrate/Glints2/dict_0001_0229" 9780
"/Engine/EngineMaterials/Substrate/Glints2/dict_0001_0230" 9781
"/Engine/EngineMaterials/Substrate/Glints2/dict_0001_0231" 9782
"/Engine/EngineMaterials/Substrate/Glints2/dict_0001_0232" 9783
"/Engine/EngineMaterials/Substrate/Glints2/dict_0001_0201" 9784
"../../../Engine/Content/EngineMaterials/Substrate/Glints2/dict_0001_0200.uasset" 9785
"../../../Engine/Content/EngineMaterials/Substrate/Glints2/dict_0001_0199.uasset" 9786
"../../../Engine/Content/EngineMaterials/Substrate/Glints2/dict_0001_0197.uasset" 9787
"/Engine/EngineMaterials/Substrate/Glints2/dict_0001_0202" 9788
"../../../Engine/Content/EngineMaterials/Substrate/Glints2/dict_0001_0196.uasset" 9789
"../../../Engine/Content/EngineMaterials/Substrate/Glints2/dict_0001_0194.uasset" 9790
"../../../Engine/Content/EngineMaterials/Substrate/Glints2/dict_0001_0195.uasset" 9791
"../../../Engine/Content/EngineMaterials/Substrate/Glints2/dict_0001_0198.uasset" 9792
"../../../Engine/Content/EngineMaterials/Substrate/Glints2/dict_0001_0193.uasset" 9793
"../../../Engine/Content/EngineMaterials/Substrate/Glints2/dict_0001_0192.uasset" 9794
"../../../Engine/Content/EngineMaterials/Substrate/Glints2/dict_0001_0191.uasset" 9795
"../../../Engine/Content/EngineMaterials/Substrate/Glints2/dict_0001_0190.uasset" 9796
"../../../Engine/Content/EngineMaterials/Substrate/Glints2/dict_0001_0189.uasset" 9797
"/Engine/EngineMaterials/Substrate/Glints2/dict_0001_0203" 9798
"/Engine/EngineMaterials/Substrate/Glints2/dict_0001_0204" 9799
"/Engine/EngineMaterials/Substrate/Glints2/dict_0001_0205" 9800
"/Engine/EngineMaterials/Substrate/Glints2/dict_0001_0206" 9801
"/Engine/EngineMaterials/Substrate/Glints2/dict_0001_0207" 9802
"/Engine/EngineMaterials/Substrate/Glints2/dict_0001_0208" 9803
"/Engine/EngineMaterials/Substrate/Glints2/dict_0001_0209" 9804
"/Engine/EngineMaterials/Substrate/Glints2/dict_0001_0210" 9805
"/Engine/EngineMaterials/Substrate/Glints2/dict_0001_0211" 9806
"/Engine/EngineMaterials/Substrate/Glints2/dict_0001_0212" 9807
"/Engine/EngineMaterials/Substrate/Glints2/dict_0001_0213" 9808
"/Engine/EngineMaterials/Substrate/Glints2/dict_0001_0214" 9809
"/Engine/EngineMaterials/Substrate/Glints2/dict_0001_0215" 9810
"/Engine/EngineMaterials/Substrate/Glints2/dict_0001_0216" 9811
"/Engine/EngineMaterials/Substrate/Glints2/dict_0001_0217" 9812
"/Engine/EngineMaterials/Substrate/Glints2/dict_0001_0218" 9813
"/Engine/EngineMaterials/Substrate/Glints2/dict_0001_0219" 9814
"/Engine/EngineMaterials/Substrate/Glints2/dict_0001_0220" 9815
"/Engine/EngineMaterials/Substrate/Glints2/dict_0001_0189" 9816
"../../../Engine/Content/EngineMaterials/Substrate/Glints2/dict_0001_0186.uasset" 9817
"../../../Engine/Content/EngineMaterials/Substrate/Glints2/dict_0001_0187.uasset" 9818
"/Engine/EngineMaterials/Substrate/Glints2/dict_0001_0190" 9819
"../../../Engine/Content/EngineMaterials/Substrate/Glints2/dict_0001_0185.uasset" 9820
"../../../Engine/Content/EngineMaterials/Substrate/Glints2/dict_0001_0182.uasset" 9821
"../../../Engine/Content/EngineMaterials/Substrate/Glints2/dict_0001_0183.uasset" 9822
"../../../Engine/Content/EngineMaterials/Substrate/Glints2/dict_0001_0188.uasset" 9823
"../../../Engine/Content/EngineMaterials/Substrate/Glints2/dict_0001_0184.uasset" 9824
"../../../Engine/Content/EngineMaterials/Substrate/Glints2/dict_0001_0180.uasset" 9825
"../../../Engine/Content/EngineMaterials/Substrate/Glints2/dict_0001_0181.uasset" 9826
"../../../Engine/Content/EngineMaterials/Substrate/Glints2/dict_0001_0179.uasset" 9827
"/Engine/EngineMaterials/Substrate/Glints2/dict_0001_0191" 9828
"../../../Engine/Content/EngineMaterials/Substrate/Glints2/dict_0001_0178.uasset" 9829
"../../../Engine/Content/EngineMaterials/Substrate/Glints2/dict_0001_0176.uasset" 9830
"../../../Engine/Content/EngineMaterials/Substrate/Glints2/dict_0001_0177.uasset" 9831
"../../../Engine/Content/EngineMaterials/Substrate/Glints2/dict_0001_0175.uasset" 9832
"../../../Engine/Content/EngineMaterials/Substrate/Glints2/dict_0001_0174.uasset" 9833
"/Engine/EngineMaterials/Substrate/Glints2/dict_0001_0192" 9834
"../../../Engine/Content/EngineMaterials/Substrate/Glints2/dict_0001_0173.uasset" 9835
"../../../Engine/Content/EngineMaterials/Substrate/Glints2/dict_0001_0172.uasset" 9836
"../../../Engine/Content/EngineMaterials/Substrate/Glints2/dict_0001_0171.uasset" 9837
"../../../Engine/Content/EngineMaterials/Substrate/Glints2/dict_0001_0170.uasset" 9838
"../../../Engine/Content/EngineMaterials/Substrate/Glints2/dict_0001_0169.uasset" 9839
"/Engine/EngineMaterials/Substrate/Glints2/dict_0001_0193" 9840
"/Engine/EngineMaterials/Substrate/Glints2/dict_0001_0194" 9841
"/Engine/EngineMaterials/Substrate/Glints2/dict_0001_0195" 9842
"/Engine/EngineMaterials/Substrate/Glints2/dict_0001_0196" 9843
"/Engine/EngineMaterials/Substrate/Glints2/dict_0001_0197" 9844
"/Engine/EngineMaterials/Substrate/Glints2/dict_0001_0198" 9845
"/Engine/EngineMaterials/Substrate/Glints2/dict_0001_0199" 9846
"/Engine/EngineMaterials/Substrate/Glints2/dict_0001_0200" 9847
"/Engine/EngineMaterials/Substrate/Glints2/dict_0001_0169" 9848
"../../../Engine/Content/EngineMaterials/Substrate/Glints2/dict_0001_0168.uasset" 9849
"/Engine/EngineMaterials/Substrate/Glints2/dict_0001_0170" 9850
"../../../Engine/Content/EngineMaterials/Substrate/Glints2/dict_0001_0167.uasset" 9851
"../../../Engine/Content/EngineMaterials/Substrate/Glints2/dict_0001_0165.uasset" 9852
"../../../Engine/Content/EngineMaterials/Substrate/Glints2/dict_0001_0166.uasset" 9853
"../../../Engine/Content/EngineMaterials/Substrate/Glints2/dict_0001_0162.uasset" 9854
"../../../Engine/Content/EngineMaterials/Substrate/Glints2/dict_0001_0164.uasset" 9855
"../../../Engine/Content/EngineMaterials/Substrate/Glints2/dict_0001_0163.uasset" 9856
"../../../Engine/Content/EngineMaterials/Substrate/Glints2/dict_0001_0160.uasset" 9857
"../../../Engine/Content/EngineMaterials/Substrate/Glints2/dict_0001_0161.uasset" 9858
"../../../Engine/Content/EngineMaterials/Substrate/Glints2/dict_0001_0159.uasset" 9859
"../../../Engine/Content/EngineMaterials/Substrate/Glints2/dict_0001_0158.uasset" 9860
"/Engine/EngineMaterials/Substrate/Glints2/dict_0001_0171" 9861
"../../../Engine/Content/EngineMaterials/Substrate/Glints2/dict_0001_0157.uasset" 9862
"/Engine/EngineMaterials/Substrate/Glints2/dict_0001_0172" 9863
"/Engine/EngineMaterials/Substrate/Glints2/dict_0001_0173" 9864
"/Engine/EngineMaterials/Substrate/Glints2/dict_0001_0174" 9865
"/Engine/EngineMaterials/Substrate/Glints2/dict_0001_0175" 9866
"/Engine/EngineMaterials/Substrate/Glints2/dict_0001_0176" 9867
"/Engine/EngineMaterials/Substrate/Glints2/dict_0001_0177" 9868
"/Engine/EngineMaterials/Substrate/Glints2/dict_0001_0178" 9869
"/Engine/EngineMaterials/Substrate/Glints2/dict_0001_0179" 9870
"/Engine/EngineMaterials/Substrate/Glints2/dict_0001_0180" 9871
"/Engine/EngineMaterials/Substrate/Glints2/dict_0001_0181" 9872
"/Engine/EngineMaterials/Substrate/Glints2/dict_0001_0182" 9873
"/Engine/EngineMaterials/Substrate/Glints2/dict_0001_0183" 9874
"/Engine/EngineMaterials/Substrate/Glints2/dict_0001_0184" 9875
"/Engine/EngineMaterials/Substrate/Glints2/dict_0001_0185" 9876
"/Engine/EngineMaterials/Substrate/Glints2/dict_0001_0186" 9877
"/Engine/EngineMaterials/Substrate/Glints2/dict_0001_0187" 9878
"/Engine/EngineMaterials/Substrate/Glints2/dict_0001_0188" 9879
"/Engine/EngineMaterials/Substrate/Glints2/dict_0001_0157" 9880
"../../../Engine/Content/EngineMaterials/Substrate/Glints2/dict_0001_0156.uasset" 9881
"../../../Engine/Content/EngineMaterials/Substrate/Glints2/dict_0001_0154.uasset" 9882
"../../../Engine/Content/EngineMaterials/Substrate/Glints2/dict_0001_0155.uasset" 9883
"/Engine/EngineMaterials/Substrate/Glints2/dict_0001_0158" 9884
"../../../Engine/Content/EngineMaterials/Substrate/Glints2/dict_0001_0152.uasset" 9885
"../../../Engine/Content/EngineMaterials/Substrate/Glints2/dict_0001_0153.uasset" 9886
"../../../Engine/Content/EngineMaterials/Substrate/Glints2/dict_0001_0150.uasset" 9887
"../../../Engine/Content/EngineMaterials/Substrate/Glints2/dict_0001_0151.uasset" 9888
"../../../Engine/Content/EngineMaterials/Substrate/Glints2/dict_0001_0149.uasset" 9889
"../../../Engine/Content/EngineMaterials/Substrate/Glints2/dict_0001_0148.uasset" 9890
"/Engine/EngineMaterials/Substrate/Glints2/dict_0001_0159" 9891
"../../../Engine/Content/EngineMaterials/Substrate/Glints2/dict_0001_0143.uasset" 9892
"../../../Engine/Content/EngineMaterials/Substrate/Glints2/dict_0001_0144.uasset" 9893
"../../../Engine/Content/EngineMaterials/Substrate/Glints2/dict_0001_0146.uasset" 9894
"../../../Engine/Content/EngineMaterials/Substrate/Glints2/dict_0001_0147.uasset" 9895
"../../../Engine/Content/EngineMaterials/Substrate/Glints2/dict_0001_0141.uasset" 9896
"../../../Engine/Content/EngineMaterials/Substrate/Glints2/dict_0001_0142.uasset" 9897
"../../../Engine/Content/EngineMaterials/Substrate/Glints2/dict_0001_0140.uasset" 9898
"/Engine/EngineMaterials/Substrate/Glints2/dict_0001_0160" 9899
"../../../Engine/Content/EngineMaterials/Substrate/Glints2/dict_0001_0138.uasset" 9900
"../../../Engine/Content/EngineMaterials/Substrate/Glints2/dict_0001_0139.uasset" 9901
"../../../Engine/Content/EngineMaterials/Substrate/Glints2/dict_0001_0137.uasset" 9902
"../../../Engine/Content/EngineMaterials/Substrate/Glints2/dict_0001_0145.uasset" 9903
"/Engine/EngineMaterials/Substrate/Glints2/dict_0001_0161" 9904
"/Engine/EngineMaterials/Substrate/Glints2/dict_0001_0162" 9905
"/Engine/EngineMaterials/Substrate/Glints2/dict_0001_0163" 9906
"/Engine/EngineMaterials/Substrate/Glints2/dict_0001_0164" 9907
"/Engine/EngineMaterials/Substrate/Glints2/dict_0001_0165" 9908
"/Engine/EngineMaterials/Substrate/Glints2/dict_0001_0166" 9909
"/Engine/EngineMaterials/Substrate/Glints2/dict_0001_0167" 9910
"/Engine/EngineMaterials/Substrate/Glints2/dict_0001_0168" 9911
"/Engine/EngineMaterials/Substrate/Glints2/dict_0001_0137" 9912
"../../../Engine/Content/EngineMaterials/Substrate/Glints2/dict_0001_0136.uasset" 9913
"/Engine/EngineMaterials/Substrate/Glints2/dict_0001_0138" 9914
"../../../Engine/Content/EngineMaterials/Substrate/Glints2/dict_0001_0134.uasset" 9915
"../../../Engine/Content/EngineMaterials/Substrate/Glints2/dict_0001_0133.uasset" 9916
"../../../Engine/Content/EngineMaterials/Substrate/Glints2/dict_0001_0132.uasset" 9917
"../../../Engine/Content/EngineMaterials/Substrate/Glints2/dict_0001_0130.uasset" 9918
"../../../Engine/Content/EngineMaterials/Substrate/Glints2/dict_0001_0131.uasset" 9919
"../../../Engine/Content/EngineMaterials/Substrate/Glints2/dict_0001_0135.uasset" 9920
"../../../Engine/Content/EngineMaterials/Substrate/Glints2/dict_0001_0128.uasset" 9921
"../../../Engine/Content/EngineMaterials/Substrate/Glints2/dict_0001_0129.uasset" 9922
"/Engine/EngineMaterials/Substrate/Glints2/dict_0001_0139" 9923
"../../../Engine/Content/EngineMaterials/Substrate/Glints2/dict_0001_0127.uasset" 9924
"../../../Engine/Content/EngineMaterials/Substrate/Glints2/dict_0001_0125.uasset" 9925
"../../../Engine/Content/EngineMaterials/Substrate/Glints2/dict_0001_0126.uasset" 9926
"/Engine/EngineMaterials/Substrate/Glints2/dict_0001_0140" 9927
"/Engine/EngineMaterials/Substrate/Glints2/dict_0001_0141" 9928
"/Engine/EngineMaterials/Substrate/Glints2/dict_0001_0142" 9929
"/Engine/EngineMaterials/Substrate/Glints2/dict_0001_0143" 9930
"/Engine/EngineMaterials/Substrate/Glints2/dict_0001_0144" 9931
"/Engine/EngineMaterials/Substrate/Glints2/dict_0001_0145" 9932
"/Engine/EngineMaterials/Substrate/Glints2/dict_0001_0146" 9933
"/Engine/EngineMaterials/Substrate/Glints2/dict_0001_0147" 9934
"/Engine/EngineMaterials/Substrate/Glints2/dict_0001_0148" 9935
"/Engine/EngineMaterials/Substrate/Glints2/dict_0001_0149" 9936
"/Engine/EngineMaterials/Substrate/Glints2/dict_0001_0150" 9937
"/Engine/EngineMaterials/Substrate/Glints2/dict_0001_0151" 9938
"/Engine/EngineMaterials/Substrate/Glints2/dict_0001_0152" 9939
"/Engine/EngineMaterials/Substrate/Glints2/dict_0001_0153" 9940
"/Engine/EngineMaterials/Substrate/Glints2/dict_0001_0154" 9941
"/Engine/EngineMaterials/Substrate/Glints2/dict_0001_0155" 9942
"/Engine/EngineMaterials/Substrate/Glints2/dict_0001_0156" 9943
"/Engine/EngineMaterials/Substrate/Glints2/dict_0001_0125" 9944
"/Engine/EngineMaterials/Substrate/Glints2/dict_0001_0126" 9945
"../../../Engine/Content/EngineMaterials/Substrate/Glints2/dict_0001_0123.uasset" 9946
"/Engine/EngineMaterials/Substrate/Glints2/dict_0001_0127" 9947
"../../../Engine/Content/EngineMaterials/Substrate/Glints2/dict_0001_0124.uasset" 9948
"../../../Engine/Content/EngineMaterials/Substrate/Glints2/dict_0001_0122.uasset" 9949
"../../../Engine/Content/EngineMaterials/Substrate/Glints2/dict_0001_0121.uasset" 9950
"../../../Engine/Content/EngineMaterials/Substrate/Glints2/dict_0001_0120.uasset" 9951
"../../../Engine/Content/EngineMaterials/Substrate/Glints2/dict_0001_0118.uasset" 9952
"../../../Engine/Content/EngineMaterials/Substrate/Glints2/dict_0001_0117.uasset" 9953
"../../../Engine/Content/EngineMaterials/Substrate/Glints2/dict_0001_0119.uasset" 9954
"../../../Engine/Content/EngineMaterials/Substrate/Glints2/dict_0001_0116.uasset" 9955
"../../../Engine/Content/EngineMaterials/Substrate/Glints2/dict_0001_0115.uasset" 9956
"/Engine/EngineMaterials/Substrate/Glints2/dict_0001_0128" 9957
"../../../Engine/Content/EngineMaterials/Substrate/Glints2/dict_0001_0114.uasset" 9958
"../../../Engine/Content/EngineMaterials/Substrate/Glints2/dict_0001_0113.uasset" 9959
"../../../Engine/Content/EngineMaterials/Substrate/Glints2/dict_0001_0111.uasset" 9960
"../../../Engine/Content/EngineMaterials/Substrate/Glints2/dict_0001_0112.uasset" 9961
"../../../Engine/Content/EngineMaterials/Substrate/Glints2/dict_0001_0110.uasset" 9962
"../../../Engine/Content/EngineMaterials/Substrate/Glints2/dict_0001_0109.uasset" 9963
"../../../Engine/Content/EngineMaterials/Substrate/Glints2/dict_0001_0108.uasset" 9964
"../../../Engine/Content/EngineMaterials/Substrate/Glints2/dict_0001_0107.uasset" 9965
"../../../Engine/Content/EngineMaterials/Substrate/Glints2/dict_0001_0106.uasset" 9966
"../../../Engine/Content/EngineMaterials/Substrate/Glints2/dict_0001_0105.uasset" 9967
"/Engine/EngineMaterials/Substrate/Glints2/dict_0001_0129" 9968
"/Engine/EngineMaterials/Substrate/Glints2/dict_0001_0130" 9969
"/Engine/EngineMaterials/Substrate/Glints2/dict_0001_0131" 9970
"/Engine/EngineMaterials/Substrate/Glints2/dict_0001_0132" 9971
"/Engine/EngineMaterials/Substrate/Glints2/dict_0001_0133" 9972
"/Engine/EngineMaterials/Substrate/Glints2/dict_0001_0134" 9973
"/Engine/EngineMaterials/Substrate/Glints2/dict_0001_0135" 9974
"/Engine/EngineMaterials/Substrate/Glints2/dict_0001_0136" 9975
"/Engine/EngineMaterials/Substrate/Glints2/dict_0001_0105" 9976
"../../../Engine/Content/EngineMaterials/Substrate/Glints2/dict_0001_0104.uasset" 9977
"../../../Engine/Content/EngineMaterials/Substrate/Glints2/dict_0001_0103.uasset" 9978
"../../../Engine/Content/EngineMaterials/Substrate/Glints2/dict_0001_0102.uasset" 9979
"../../../Engine/Content/EngineMaterials/Substrate/Glints2/dict_0001_0101.uasset" 9980
"/Engine/EngineMaterials/Substrate/Glints2/dict_0001_0106" 9981
"../../../Engine/Content/EngineMaterials/Substrate/Glints2/dict_0001_0100.uasset" 9982
"../../../Engine/Content/EngineMaterials/Substrate/Glints2/dict_0001_0098.uasset" 9983
"../../../Engine/Content/EngineMaterials/Substrate/Glints2/dict_0001_0099.uasset" 9984
"../../../Engine/Content/EngineMaterials/Substrate/Glints2/dict_0001_0097.uasset" 9985
"../../../Engine/Content/EngineMaterials/Substrate/Glints2/dict_0001_0095.uasset" 9986
"../../../Engine/Content/EngineMaterials/Substrate/Glints2/dict_0001_0096.uasset" 9987
"../../../Engine/Content/EngineMaterials/Substrate/Glints2/dict_0001_0094.uasset" 9988
"../../../Engine/Content/EngineMaterials/Substrate/Glints2/dict_0001_0093.uasset" 9989
"/Engine/EngineMaterials/Substrate/Glints2/dict_0001_0107" 9990
"/Engine/EngineMaterials/Substrate/Glints2/dict_0001_0108" 9991
"/Engine/EngineMaterials/Substrate/Glints2/dict_0001_0109" 9992
"/Engine/EngineMaterials/Substrate/Glints2/dict_0001_0110" 9993
"/Engine/EngineMaterials/Substrate/Glints2/dict_0001_0111" 9994
"/Engine/EngineMaterials/Substrate/Glints2/dict_0001_0112" 9995
"/Engine/EngineMaterials/Substrate/Glints2/dict_0001_0113" 9996
"/Engine/EngineMaterials/Substrate/Glints2/dict_0001_0114" 9997
"/Engine/EngineMaterials/Substrate/Glints2/dict_0001_0115" 9998
"/Engine/EngineMaterials/Substrate/Glints2/dict_0001_0116" 9999
"/Engine/EngineMaterials/Substrate/Glints2/dict_0001_0117" 10000
"/Engine/EngineMaterials/Substrate/Glints2/dict_0001_0118" 10001
"/Engine/EngineMaterials/Substrate/Glints2/dict_0001_0119" 10002
"/Engine/EngineMaterials/Substrate/Glints2/dict_0001_0120" 10003
"/Engine/EngineMaterials/Substrate/Glints2/dict_0001_0121" 10004
"/Engine/EngineMaterials/Substrate/Glints2/dict_0001_0122" 10005
"/Engine/EngineMaterials/Substrate/Glints2/dict_0001_0123" 10006
"/Engine/EngineMaterials/Substrate/Glints2/dict_0001_0124" 10007
"/Engine/EngineMaterials/Substrate/Glints2/dict_0001_0093" 10008
"../../../Engine/Content/EngineMaterials/Substrate/Glints2/dict_0001_0091.uasset" 10009
"../../../Engine/Content/EngineMaterials/Substrate/Glints2/dict_0001_0092.uasset" 10010
"/Engine/EngineMaterials/Substrate/Glints2/dict_0001_0094" 10011
"../../../Engine/Content/EngineMaterials/Substrate/Glints2/dict_0001_0089.uasset" 10012
"../../../Engine/Content/EngineMaterials/Substrate/Glints2/dict_0001_0090.uasset" 10013
"../../../Engine/Content/EngineMaterials/Substrate/Glints2/dict_0001_0088.uasset" 10014
"../../../Engine/Content/EngineMaterials/Substrate/Glints2/dict_0001_0085.uasset" 10015
"../../../Engine/Content/EngineMaterials/Substrate/Glints2/dict_0001_0086.uasset" 10016
"../../../Engine/Content/EngineMaterials/Substrate/Glints2/dict_0001_0084.uasset" 10017
"../../../Engine/Content/EngineMaterials/Substrate/Glints2/dict_0001_0083.uasset" 10018
"../../../Engine/Content/EngineMaterials/Substrate/Glints2/dict_0001_0087.uasset" 10019
"/Engine/EngineMaterials/Substrate/Glints2/dict_0001_0095" 10020
"../../../Engine/Content/EngineMaterials/Substrate/Glints2/dict_0001_0082.uasset" 10021
"../../../Engine/Content/EngineMaterials/Substrate/Glints2/dict_0001_0081.uasset" 10022
"../../../Engine/Content/EngineMaterials/Substrate/Glints2/dict_0001_0080.uasset" 10023
"../../../Engine/Content/EngineMaterials/Substrate/Glints2/dict_0001_0079.uasset" 10024
"../../../Engine/Content/EngineMaterials/Substrate/Glints2/dict_0001_0078.uasset" 10025
"../../../Engine/Content/EngineMaterials/Substrate/Glints2/dict_0001_0077.uasset" 10026
"../../../Engine/Content/EngineMaterials/Substrate/Glints2/dict_0001_0076.uasset" 10027
"../../../Engine/Content/EngineMaterials/Substrate/Glints2/dict_0001_0075.uasset" 10028
"../../../Engine/Content/EngineMaterials/Substrate/Glints2/dict_0001_0074.uasset" 10029
"../../../Engine/Content/EngineMaterials/Substrate/Glints2/dict_0001_0073.uasset" 10030
"/Engine/EngineMaterials/Substrate/Glints2/dict_0001_0096" 10031
"/Engine/EngineMaterials/Substrate/Glints2/dict_0001_0097" 10032
"/Engine/EngineMaterials/Substrate/Glints2/dict_0001_0098" 10033
"/Engine/EngineMaterials/Substrate/Glints2/dict_0001_0099" 10034
"/Engine/EngineMaterials/Substrate/Glints2/dict_0001_0100" 10035
"/Engine/EngineMaterials/Substrate/Glints2/dict_0001_0101" 10036
"/Engine/EngineMaterials/Substrate/Glints2/dict_0001_0102" 10037
"/Engine/EngineMaterials/Substrate/Glints2/dict_0001_0103" 10038
"/Engine/EngineMaterials/Substrate/Glints2/dict_0001_0104" 10039
"/Engine/EngineMaterials/Substrate/Glints2/dict_0001_0073" 10040
"../../../Engine/Content/EngineMaterials/Substrate/Glints2/dict_0001_0072.uasset" 10041
"../../../Engine/Content/EngineMaterials/Substrate/Glints2/dict_0001_0071.uasset" 10042
"../../../Engine/Content/EngineMaterials/Substrate/Glints2/dict_0001_0069.uasset" 10043
"../../../Engine/Content/EngineMaterials/Substrate/Glints2/dict_0001_0068.uasset" 10044
"../../../Engine/Content/EngineMaterials/Substrate/Glints2/dict_0001_0067.uasset" 10045
"../../../Engine/Content/EngineMaterials/Substrate/Glints2/dict_0001_0066.uasset" 10046
"../../../Engine/Content/EngineMaterials/Substrate/Glints2/dict_0001_0070.uasset" 10047
"/Engine/EngineMaterials/Substrate/Glints2/dict_0001_0074" 10048
"../../../Engine/Content/EngineMaterials/Substrate/Glints2/dict_0001_0065.uasset" 10049
"../../../Engine/Content/EngineMaterials/Substrate/Glints2/dict_0001_0064.uasset" 10050
"../../../Engine/Content/EngineMaterials/Substrate/Glints2/dict_0001_0062.uasset" 10051
"../../../Engine/Content/EngineMaterials/Substrate/Glints2/dict_0001_0063.uasset" 10052
"../../../Engine/Content/EngineMaterials/Substrate/Glints2/dict_0001_0061.uasset" 10053
"/Engine/EngineMaterials/Substrate/Glints2/dict_0001_0075" 10054
"/Engine/EngineMaterials/Substrate/Glints2/dict_0001_0076" 10055
"/Engine/EngineMaterials/Substrate/Glints2/dict_0001_0077" 10056
"/Engine/EngineMaterials/Substrate/Glints2/dict_0001_0078" 10057
"/Engine/EngineMaterials/Substrate/Glints2/dict_0001_0079" 10058
"/Engine/EngineMaterials/Substrate/Glints2/dict_0001_0080" 10059
"/Engine/EngineMaterials/Substrate/Glints2/dict_0001_0081" 10060
"/Engine/EngineMaterials/Substrate/Glints2/dict_0001_0082" 10061
"/Engine/EngineMaterials/Substrate/Glints2/dict_0001_0083" 10062
"/Engine/EngineMaterials/Substrate/Glints2/dict_0001_0084" 10063
"/Engine/EngineMaterials/Substrate/Glints2/dict_0001_0085" 10064
"/Engine/EngineMaterials/Substrate/Glints2/dict_0001_0086" 10065
"/Engine/EngineMaterials/Substrate/Glints2/dict_0001_0087" 10066
"/Engine/EngineMaterials/Substrate/Glints2/dict_0001_0088" 10067
"/Engine/EngineMaterials/Substrate/Glints2/dict_0001_0089" 10068
"/Engine/EngineMaterials/Substrate/Glints2/dict_0001_0090" 10069
"/Engine/EngineMaterials/Substrate/Glints2/dict_0001_0091" 10070
"/Engine/EngineMaterials/Substrate/Glints2/dict_0001_0092" 10071
"/Engine/EngineMaterials/Substrate/Glints2/dict_0001_0061" 10072
"../../../Engine/Content/EngineMaterials/Substrate/Glints2/dict_0001_0059.uasset" 10073
"../../../Engine/Content/EngineMaterials/Substrate/Glints2/dict_0001_0058.uasset" 10074
"../../../Engine/Content/EngineMaterials/Substrate/Glints2/dict_0001_0057.uasset" 10075
"../../../Engine/Content/EngineMaterials/Substrate/Glints2/dict_0001_0060.uasset" 10076
"/Engine/EngineMaterials/Substrate/Glints2/dict_0001_0062" 10077
"../../../Engine/Content/EngineMaterials/Substrate/Glints2/dict_0001_0056.uasset" 10078
"../../../Engine/Content/EngineMaterials/Substrate/Glints2/dict_0001_0054.uasset" 10079
"../../../Engine/Content/EngineMaterials/Substrate/Glints2/dict_0001_0055.uasset" 10080
"../../../Engine/Content/EngineMaterials/Substrate/Glints2/dict_0001_0053.uasset" 10081
"../../../Engine/Content/EngineMaterials/Substrate/Glints2/dict_0001_0052.uasset" 10082
"../../../Engine/Content/EngineMaterials/Substrate/Glints2/dict_0001_0049.uasset" 10083
"../../../Engine/Content/EngineMaterials/Substrate/Glints2/dict_0001_0050.uasset" 10084
"../../../Engine/Content/EngineMaterials/Substrate/Glints2/dict_0001_0048.uasset" 10085
"/Engine/EngineMaterials/Substrate/Glints2/dict_0001_0063" 10086
"../../../Engine/Content/EngineMaterials/Substrate/Glints2/dict_0001_0051.uasset" 10087
"../../../Engine/Content/EngineMaterials/Substrate/Glints2/dict_0001_0046.uasset" 10088
"../../../Engine/Content/EngineMaterials/Substrate/Glints2/dict_0001_0045.uasset" 10089
"../../../Engine/Content/EngineMaterials/Substrate/Glints2/dict_0001_0044.uasset" 10090
"../../../Engine/Content/EngineMaterials/Substrate/Glints2/dict_0001_0042.uasset" 10091
"../../../Engine/Content/EngineMaterials/Substrate/Glints2/dict_0001_0047.uasset" 10092
"../../../Engine/Content/EngineMaterials/Substrate/Glints2/dict_0001_0043.uasset" 10093
"../../../Engine/Content/EngineMaterials/Substrate/Glints2/dict_0001_0041.uasset" 10094
"/Engine/EngineMaterials/Substrate/Glints2/dict_0001_0064" 10095
"/Engine/EngineMaterials/Substrate/Glints2/dict_0001_0065" 10096
"/Engine/EngineMaterials/Substrate/Glints2/dict_0001_0066" 10097
"/Engine/EngineMaterials/Substrate/Glints2/dict_0001_0067" 10098
"/Engine/EngineMaterials/Substrate/Glints2/dict_0001_0068" 10099
"/Engine/EngineMaterials/Substrate/Glints2/dict_0001_0069" 10100
"/Engine/EngineMaterials/Substrate/Glints2/dict_0001_0070" 10101
"/Engine/EngineMaterials/Substrate/Glints2/dict_0001_0071" 10102
"/Engine/EngineMaterials/Substrate/Glints2/dict_0001_0072" 10103
"/Engine/EngineMaterials/Substrate/Glints2/dict_0001_0041" 10104
"../../../Engine/Content/EngineMaterials/Substrate/Glints2/dict_0001_0040.uasset" 10105
"../../../Engine/Content/EngineMaterials/Substrate/Glints2/dict_0001_0039.uasset" 10106
"/Engine/EngineMaterials/Substrate/Glints2/dict_0001_0042" 10107
"../../../Engine/Content/EngineMaterials/Substrate/Glints2/dict_0001_0037.uasset" 10108
"../../../Engine/Content/EngineMaterials/Substrate/Glints2/dict_0001_0035.uasset" 10109
"../../../Engine/Content/EngineMaterials/Substrate/Glints2/dict_0001_0038.uasset" 10110
"../../../Engine/Content/EngineMaterials/Substrate/Glints2/dict_0001_0036.uasset" 10111
"../../../Engine/Content/EngineMaterials/Substrate/Glints2/dict_0001_0034.uasset" 10112
"../../../Engine/Content/EngineMaterials/Substrate/Glints2/dict_0001_0033.uasset" 10113
"../../../Engine/Content/EngineMaterials/Substrate/Glints2/dict_0001_0032.uasset" 10114
"../../../Engine/Content/EngineMaterials/Substrate/Glints2/dict_0001_0031.uasset" 10115
"../../../Engine/Content/EngineMaterials/Substrate/Glints2/dict_0001_0030.uasset" 10116
"../../../Engine/Content/EngineMaterials/Substrate/Glints2/dict_0001_0029.uasset" 10117
"/Engine/EngineMaterials/Substrate/Glints2/dict_0001_0043" 10118
"/Engine/EngineMaterials/Substrate/Glints2/dict_0001_0044" 10119
"/Engine/EngineMaterials/Substrate/Glints2/dict_0001_0045" 10120
"/Engine/EngineMaterials/Substrate/Glints2/dict_0001_0046" 10121
"/Engine/EngineMaterials/Substrate/Glints2/dict_0001_0047" 10122
"/Engine/EngineMaterials/Substrate/Glints2/dict_0001_0048" 10123
"/Engine/EngineMaterials/Substrate/Glints2/dict_0001_0049" 10124
"/Engine/EngineMaterials/Substrate/Glints2/dict_0001_0050" 10125
"/Engine/EngineMaterials/Substrate/Glints2/dict_0001_0051" 10126
"/Engine/EngineMaterials/Substrate/Glints2/dict_0001_0052" 10127
"/Engine/EngineMaterials/Substrate/Glints2/dict_0001_0053" 10128
"/Engine/EngineMaterials/Substrate/Glints2/dict_0001_0054" 10129
"/Engine/EngineMaterials/Substrate/Glints2/dict_0001_0055" 10130
"/Engine/EngineMaterials/Substrate/Glints2/dict_0001_0056" 10131
"/Engine/EngineMaterials/Substrate/Glints2/dict_0001_0057" 10132
"/Engine/EngineMaterials/Substrate/Glints2/dict_0001_0058" 10133
"/Engine/EngineMaterials/Substrate/Glints2/dict_0001_0059" 10134
"/Engine/EngineMaterials/Substrate/Glints2/dict_0001_0060" 10135
"/Engine/EngineMaterials/Substrate/Glints2/dict_0001_0029" 10136
"../../../Engine/Content/EngineMaterials/Substrate/Glints2/dict_0001_0028.uasset" 10137
"../../../Engine/Content/EngineMaterials/Substrate/Glints2/dict_0001_0027.uasset" 10138
"../../../Engine/Content/EngineMaterials/Substrate/Glints2/dict_0001_0026.uasset" 10139
"../../../Engine/Content/EngineMaterials/Substrate/Glints2/dict_0001_0025.uasset" 10140
"/Engine/EngineMaterials/Substrate/Glints2/dict_0001_0030" 10141
"../../../Engine/Content/EngineMaterials/Substrate/Glints2/dict_0001_0024.uasset" 10142
"../../../Engine/Content/EngineMaterials/Substrate/Glints2/dict_0001_0023.uasset" 10143
"../../../Engine/Content/EngineMaterials/Substrate/Glints2/dict_0001_0022.uasset" 10144
"../../../Engine/Content/EngineMaterials/Substrate/Glints2/dict_0001_0021.uasset" 10145
"../../../Engine/Content/EngineMaterials/Substrate/Glints2/dict_0001_0020.uasset" 10146
"../../../Engine/Content/EngineMaterials/Substrate/Glints2/dict_0001_0018.uasset" 10147
"../../../Engine/Content/EngineMaterials/Substrate/Glints2/dict_0001_0019.uasset" 10148
"../../../Engine/Content/EngineMaterials/Substrate/Glints2/dict_0001_0017.uasset" 10149
"../../../Engine/Content/EngineMaterials/Substrate/Glints2/dict_0001_0016.uasset" 10150
"../../../Engine/Content/EngineMaterials/Substrate/Glints2/dict_0001_0015.uasset" 10151
"../../../Engine/Content/EngineMaterials/Substrate/Glints2/dict_0001_0014.uasset" 10152
"/Engine/EngineMaterials/Substrate/Glints2/dict_0001_0031" 10153
"../../../Engine/Content/EngineMaterials/Substrate/Glints2/dict_0001_0013.uasset" 10154
"../../../Engine/Content/EngineMaterials/Substrate/Glints2/dict_0001_0011.uasset" 10155
"../../../Engine/Content/EngineMaterials/Substrate/Glints2/dict_0001_0010.uasset" 10156
"../../../Engine/Content/EngineMaterials/Substrate/Glints2/dict_0001_0009.uasset" 10157
"../../../Engine/Content/EngineMaterials/Substrate/Glints2/dict_0001_0012.uasset" 10158
"/Engine/EngineMaterials/Substrate/Glints2/dict_0001_0032" 10159
"/Engine/EngineMaterials/Substrate/Glints2/dict_0001_0033" 10160
"/Engine/EngineMaterials/Substrate/Glints2/dict_0001_0034" 10161
"/Engine/EngineMaterials/Substrate/Glints2/dict_0001_0035" 10162
"/Engine/EngineMaterials/Substrate/Glints2/dict_0001_0036" 10163
"/Engine/EngineMaterials/Substrate/Glints2/dict_0001_0037" 10164
"/Engine/EngineMaterials/Substrate/Glints2/dict_0001_0038" 10165
"/Engine/EngineMaterials/Substrate/Glints2/dict_0001_0039" 10166
"/Engine/EngineMaterials/Substrate/Glints2/dict_0001_0040" 10167
"/Engine/EngineMaterials/Substrate/Glints2/dict_0001_0009" 10168
"../../../Engine/Content/EngineMaterials/Substrate/Glints2/dict_0001_0008.uasset" 10169
"../../../Engine/Content/EngineMaterials/Substrate/Glints2/dict_0001_0006.uasset" 10170
"../../../Engine/Content/EngineMaterials/Substrate/Glints2/dict_0001_0005.uasset" 10171
"/Engine/EngineMaterials/Substrate/Glints2/dict_0001_0010" 10172
"../../../Engine/Content/EngineMaterials/Substrate/Glints2/dict_0001_0003.uasset" 10173
"../../../Engine/Content/EngineMaterials/Substrate/Glints2/dict_0001_0007.uasset" 10174
"../../../Engine/Content/EngineMaterials/Substrate/Glints2/dict_0001_0002.uasset" 10175
"../../../Engine/Content/EngineMaterials/Substrate/Glints2/dict_0001_0004.uasset" 10176
"../../../Engine/Content/EngineMaterials/Substrate/Glints2/dict_0001_0001.uasset" 10177
"../../../Engine/Content/EngineMaterials/Substrate/Glints2/dict_0001_0000.uasset" 10178
"../../../Engine/Content/EngineMaterials/Substrate/Glints2/dict_0000_0254.uasset" 10179
"../../../Engine/Content/EngineMaterials/Substrate/Glints2/dict_0000_0255.uasset" 10180
"../../../Engine/Content/EngineMaterials/Substrate/Glints2/dict_0000_0253.uasset" 10181
"/Engine/EngineMaterials/Substrate/Glints2/dict_0001_0011" 10182
"/Engine/EngineMaterials/Substrate/Glints2/dict_0001_0012" 10183
"/Engine/EngineMaterials/Substrate/Glints2/dict_0001_0013" 10184
"/Engine/EngineMaterials/Substrate/Glints2/dict_0001_0014" 10185
"/Engine/EngineMaterials/Substrate/Glints2/dict_0001_0015" 10186
"/Engine/EngineMaterials/Substrate/Glints2/dict_0001_0016" 10187
"/Engine/EngineMaterials/Substrate/Glints2/dict_0001_0017" 10188
"/Engine/EngineMaterials/Substrate/Glints2/dict_0001_0018" 10189
"/Engine/EngineMaterials/Substrate/Glints2/dict_0001_0019" 10190
"/Engine/EngineMaterials/Substrate/Glints2/dict_0001_0020" 10191
"/Engine/EngineMaterials/Substrate/Glints2/dict_0001_0021" 10192
"/Engine/EngineMaterials/Substrate/Glints2/dict_0001_0022" 10193
"/Engine/EngineMaterials/Substrate/Glints2/dict_0001_0023" 10194
"/Engine/EngineMaterials/Substrate/Glints2/dict_0001_0024" 10195
"/Engine/EngineMaterials/Substrate/Glints2/dict_0001_0025" 10196
"/Engine/EngineMaterials/Substrate/Glints2/dict_0001_0026" 10197
"/Engine/EngineMaterials/Substrate/Glints2/dict_0001_0027" 10198
"/Engine/EngineMaterials/Substrate/Glints2/dict_0001_0028" 10199
"/Engine/EngineMaterials/Substrate/Glints2/dict_0000_0253" 10200
"../../../Engine/Content/EngineMaterials/Substrate/Glints2/dict_0000_0252.uasset" 10201
"../../../Engine/Content/EngineMaterials/Substrate/Glints2/dict_0000_0251.uasset" 10202
"../../../Engine/Content/EngineMaterials/Substrate/Glints2/dict_0000_0250.uasset" 10203
"/Engine/EngineMaterials/Substrate/Glints2/dict_0000_0254" 10204
"../../../Engine/Content/EngineMaterials/Substrate/Glints2/dict_0000_0249.uasset" 10205
"../../../Engine/Content/EngineMaterials/Substrate/Glints2/dict_0000_0247.uasset" 10206
"../../../Engine/Content/EngineMaterials/Substrate/Glints2/dict_0000_0246.uasset" 10207
"../../../Engine/Content/EngineMaterials/Substrate/Glints2/dict_0000_0245.uasset" 10208
"../../../Engine/Content/EngineMaterials/Substrate/Glints2/dict_0000_0244.uasset" 10209
"../../../Engine/Content/EngineMaterials/Substrate/Glints2/dict_0000_0248.uasset" 10210
"../../../Engine/Content/EngineMaterials/Substrate/Glints2/dict_0000_0243.uasset" 10211
"/Engine/EngineMaterials/Substrate/Glints2/dict_0000_0255" 10212
"../../../Engine/Content/EngineMaterials/Substrate/Glints2/dict_0000_0242.uasset" 10213
"../../../Engine/Content/EngineMaterials/Substrate/Glints2/dict_0000_0241.uasset" 10214
"/Engine/EngineMaterials/Substrate/Glints2/dict_0001_0000" 10215
"../../../Engine/Content/EngineMaterials/Substrate/Glints2/dict_0000_0240.uasset" 10216
"../../../Engine/Content/EngineMaterials/Substrate/Glints2/dict_0000_0239.uasset" 10217
"../../../Engine/Content/EngineMaterials/Substrate/Glints2/dict_0000_0238.uasset" 10218
"../../../Engine/Content/EngineMaterials/Substrate/Glints2/dict_0000_0237.uasset" 10219
"../../../Engine/Content/EngineMaterials/Substrate/Glints2/dict_0000_0236.uasset" 10220
"../../../Engine/Content/EngineMaterials/Substrate/Glints2/dict_0000_0235.uasset" 10221
"../../../Engine/Content/EngineMaterials/Substrate/Glints2/dict_0000_0234.uasset" 10222
"../../../Engine/Content/EngineMaterials/Substrate/Glints2/dict_0000_0233.uasset" 10223
"/Engine/EngineMaterials/Substrate/Glints2/dict_0001_0001" 10224
"/Engine/EngineMaterials/Substrate/Glints2/dict_0001_0002" 10225
"/Engine/EngineMaterials/Substrate/Glints2/dict_0001_0003" 10226
"/Engine/EngineMaterials/Substrate/Glints2/dict_0001_0004" 10227
"/Engine/EngineMaterials/Substrate/Glints2/dict_0001_0005" 10228
"/Engine/EngineMaterials/Substrate/Glints2/dict_0001_0006" 10229
"/Engine/EngineMaterials/Substrate/Glints2/dict_0001_0007" 10230
"/Engine/EngineMaterials/Substrate/Glints2/dict_0001_0008" 10231
"/Engine/EngineMaterials/Substrate/Glints2/dict_0000_0233" 10232
"/Engine/EngineMaterials/Substrate/Glints2/dict_0000_0234" 10233
"../../../Engine/Content/EngineMaterials/Substrate/Glints2/dict_0000_0232.uasset" 10234
"../../../Engine/Content/EngineMaterials/Substrate/Glints2/dict_0000_0231.uasset" 10235
"../../../Engine/Content/EngineMaterials/Substrate/Glints2/dict_0000_0227.uasset" 10236
"../../../Engine/Content/EngineMaterials/Substrate/Glints2/dict_0000_0230.uasset" 10237
"../../../Engine/Content/EngineMaterials/Substrate/Glints2/dict_0000_0229.uasset" 10238
"../../../Engine/Content/EngineMaterials/Substrate/Glints2/dict_0000_0228.uasset" 10239
"../../../Engine/Content/EngineMaterials/Substrate/Glints2/dict_0000_0226.uasset" 10240
"../../../Engine/Content/EngineMaterials/Substrate/Glints2/dict_0000_0225.uasset" 10241
"/Engine/EngineMaterials/Substrate/Glints2/dict_0000_0235" 10242
"../../../Engine/Content/EngineMaterials/Substrate/Glints2/dict_0000_0224.uasset" 10243
"../../../Engine/Content/EngineMaterials/Substrate/Glints2/dict_0000_0222.uasset" 10244
"../../../Engine/Content/EngineMaterials/Substrate/Glints2/dict_0000_0221.uasset" 10245
"../../../Engine/Content/EngineMaterials/Substrate/Glints2/dict_0000_0223.uasset" 10246
"/Engine/EngineMaterials/Substrate/Glints2/dict_0000_0236" 10247
"/Engine/EngineMaterials/Substrate/Glints2/dict_0000_0237" 10248
"/Engine/EngineMaterials/Substrate/Glints2/dict_0000_0238" 10249
"/Engine/EngineMaterials/Substrate/Glints2/dict_0000_0239" 10250
"/Engine/EngineMaterials/Substrate/Glints2/dict_0000_0240" 10251
"/Engine/EngineMaterials/Substrate/Glints2/dict_0000_0241" 10252
"/Engine/EngineMaterials/Substrate/Glints2/dict_0000_0242" 10253
"/Engine/EngineMaterials/Substrate/Glints2/dict_0000_0243" 10254
"/Engine/EngineMaterials/Substrate/Glints2/dict_0000_0244" 10255
"/Engine/EngineMaterials/Substrate/Glints2/dict_0000_0245" 10256
"/Engine/EngineMaterials/Substrate/Glints2/dict_0000_0246" 10257
"/Engine/EngineMaterials/Substrate/Glints2/dict_0000_0247" 10258
"/Engine/EngineMaterials/Substrate/Glints2/dict_0000_0248" 10259
"/Engine/EngineMaterials/Substrate/Glints2/dict_0000_0249" 10260
"/Engine/EngineMaterials/Substrate/Glints2/dict_0000_0250" 10261
"/Engine/EngineMaterials/Substrate/Glints2/dict_0000_0251" 10262
"/Engine/EngineMaterials/Substrate/Glints2/dict_0000_0252" 10263
"/Engine/EngineMaterials/Substrate/Glints2/dict_0000_0221" 10264
"../../../Engine/Content/EngineMaterials/Substrate/Glints2/dict_0000_0220.uasset" 10265
"../../../Engine/Content/EngineMaterials/Substrate/Glints2/dict_0000_0219.uasset" 10266
"/Engine/EngineMaterials/Substrate/Glints2/dict_0000_0222" 10267
"../../../Engine/Content/EngineMaterials/Substrate/Glints2/dict_0000_0218.uasset" 10268
"../../../Engine/Content/EngineMaterials/Substrate/Glints2/dict_0000_0215.uasset" 10269
"../../../Engine/Content/EngineMaterials/Substrate/Glints2/dict_0000_0216.uasset" 10270
"../../../Engine/Content/EngineMaterials/Substrate/Glints2/dict_0000_0214.uasset" 10271
"../../../Engine/Content/EngineMaterials/Substrate/Glints2/dict_0000_0212.uasset" 10272
"../../../Engine/Content/EngineMaterials/Substrate/Glints2/dict_0000_0213.uasset" 10273
"../../../Engine/Content/EngineMaterials/Substrate/Glints2/dict_0000_0211.uasset" 10274
"../../../Engine/Content/EngineMaterials/Substrate/Glints2/dict_0000_0210.uasset" 10275
"../../../Engine/Content/EngineMaterials/Substrate/Glints2/dict_0000_0209.uasset" 10276
"../../../Engine/Content/EngineMaterials/Substrate/Glints2/dict_0000_0217.uasset" 10277
"../../../Engine/Content/EngineMaterials/Substrate/Glints2/dict_0000_0208.uasset" 10278
"/Engine/EngineMaterials/Substrate/Glints2/dict_0000_0223" 10279
"../../../Engine/Content/EngineMaterials/Substrate/Glints2/dict_0000_0207.uasset" 10280
"../../../Engine/Content/EngineMaterials/Substrate/Glints2/dict_0000_0206.uasset" 10281
"../../../Engine/Content/EngineMaterials/Substrate/Glints2/dict_0000_0204.uasset" 10282
"../../../Engine/Content/EngineMaterials/Substrate/Glints2/dict_0000_0205.uasset" 10283
"../../../Engine/Content/EngineMaterials/Substrate/Glints2/dict_0000_0203.uasset" 10284
"../../../Engine/Content/EngineMaterials/Substrate/Glints2/dict_0000_0202.uasset" 10285
"../../../Engine/Content/EngineMaterials/Substrate/Glints2/dict_0000_0201.uasset" 10286
"/Engine/EngineMaterials/Substrate/Glints2/dict_0000_0224" 10287
"/Engine/EngineMaterials/Substrate/Glints2/dict_0000_0225" 10288
"/Engine/EngineMaterials/Substrate/Glints2/dict_0000_0226" 10289
"/Engine/EngineMaterials/Substrate/Glints2/dict_0000_0227" 10290
"/Engine/EngineMaterials/Substrate/Glints2/dict_0000_0228" 10291
"/Engine/EngineMaterials/Substrate/Glints2/dict_0000_0229" 10292
"/Engine/EngineMaterials/Substrate/Glints2/dict_0000_0230" 10293
"/Engine/EngineMaterials/Substrate/Glints2/dict_0000_0231" 10294
"/Engine/EngineMaterials/Substrate/Glints2/dict_0000_0232" 10295
"/Engine/EngineMaterials/Substrate/Glints2/dict_0000_0201" 10296
"../../../Engine/Content/EngineMaterials/Substrate/Glints2/dict_0000_0200.uasset" 10297
"../../../Engine/Content/EngineMaterials/Substrate/Glints2/dict_0000_0199.uasset" 10298
"/Engine/EngineMaterials/Substrate/Glints2/dict_0000_0202" 10299
"../../../Engine/Content/EngineMaterials/Substrate/Glints2/dict_0000_0198.uasset" 10300
"../../../Engine/Content/EngineMaterials/Substrate/Glints2/dict_0000_0197.uasset" 10301
"../../../Engine/Content/EngineMaterials/Substrate/Glints2/dict_0000_0196.uasset" 10302
"../../../Engine/Content/EngineMaterials/Substrate/Glints2/dict_0000_0194.uasset" 10303
"../../../Engine/Content/EngineMaterials/Substrate/Glints2/dict_0000_0195.uasset" 10304
"../../../Engine/Content/EngineMaterials/Substrate/Glints2/dict_0000_0193.uasset" 10305
"../../../Engine/Content/EngineMaterials/Substrate/Glints2/dict_0000_0192.uasset" 10306
"/Engine/EngineMaterials/Substrate/Glints2/dict_0000_0203" 10307
"../../../Engine/Content/EngineMaterials/Substrate/Glints2/dict_0000_0191.uasset" 10308
"../../../Engine/Content/EngineMaterials/Substrate/Glints2/dict_0000_0190.uasset" 10309
"../../../Engine/Content/EngineMaterials/Substrate/Glints2/dict_0000_0189.uasset" 10310
"/Engine/EngineMaterials/Substrate/Glints2/dict_0000_0204" 10311
"/Engine/EngineMaterials/Substrate/Glints2/dict_0000_0205" 10312
"/Engine/EngineMaterials/Substrate/Glints2/dict_0000_0206" 10313
"/Engine/EngineMaterials/Substrate/Glints2/dict_0000_0207" 10314
"/Engine/EngineMaterials/Substrate/Glints2/dict_0000_0208" 10315
"/Engine/EngineMaterials/Substrate/Glints2/dict_0000_0209" 10316
"/Engine/EngineMaterials/Substrate/Glints2/dict_0000_0210" 10317
"/Engine/EngineMaterials/Substrate/Glints2/dict_0000_0211" 10318
"/Engine/EngineMaterials/Substrate/Glints2/dict_0000_0212" 10319
"/Engine/EngineMaterials/Substrate/Glints2/dict_0000_0213" 10320
"/Engine/EngineMaterials/Substrate/Glints2/dict_0000_0214" 10321
"/Engine/EngineMaterials/Substrate/Glints2/dict_0000_0215" 10322
"/Engine/EngineMaterials/Substrate/Glints2/dict_0000_0216" 10323
"/Engine/EngineMaterials/Substrate/Glints2/dict_0000_0217" 10324
"/Engine/EngineMaterials/Substrate/Glints2/dict_0000_0218" 10325
"/Engine/EngineMaterials/Substrate/Glints2/dict_0000_0219" 10326
"/Engine/EngineMaterials/Substrate/Glints2/dict_0000_0220" 10327
"/Engine/EngineMaterials/Substrate/Glints2/dict_0000_0189" 10328
"../../../Engine/Content/EngineMaterials/Substrate/Glints2/dict_0000_0188.uasset" 10329
"/Engine/EngineMaterials/Substrate/Glints2/dict_0000_0190" 10330
"../../../Engine/Content/EngineMaterials/Substrate/Glints2/dict_0000_0187.uasset" 10331
"../../../Engine/Content/EngineMaterials/Substrate/Glints2/dict_0000_0186.uasset" 10332
"../../../Engine/Content/EngineMaterials/Substrate/Glints2/dict_0000_0185.uasset" 10333
"../../../Engine/Content/EngineMaterials/Substrate/Glints2/dict_0000_0182.uasset" 10334
"../../../Engine/Content/EngineMaterials/Substrate/Glints2/dict_0000_0184.uasset" 10335
"/Engine/EngineMaterials/Substrate/Glints2/dict_0000_0191" 10336
"../../../Engine/Content/EngineMaterials/Substrate/Glints2/dict_0000_0183.uasset" 10337
"../../../Engine/Content/EngineMaterials/Substrate/Glints2/dict_0000_0181.uasset" 10338
"../../../Engine/Content/EngineMaterials/Substrate/Glints2/dict_0000_0180.uasset" 10339
"../../../Engine/Content/EngineMaterials/Substrate/Glints2/dict_0000_0178.uasset" 10340
"../../../Engine/Content/EngineMaterials/Substrate/Glints2/dict_0000_0176.uasset" 10341
"../../../Engine/Content/EngineMaterials/Substrate/Glints2/dict_0000_0177.uasset" 10342
"/Engine/EngineMaterials/Substrate/Glints2/dict_0000_0192" 10343
"../../../Engine/Content/EngineMaterials/Substrate/Glints2/dict_0000_0175.uasset" 10344
"../../../Engine/Content/EngineMaterials/Substrate/Glints2/dict_0000_0174.uasset" 10345
"../../../Engine/Content/EngineMaterials/Substrate/Glints2/dict_0000_0172.uasset" 10346
"../../../Engine/Content/EngineMaterials/Substrate/Glints2/dict_0000_0170.uasset" 10347
"../../../Engine/Content/EngineMaterials/Substrate/Glints2/dict_0000_0173.uasset" 10348
"../../../Engine/Content/EngineMaterials/Substrate/Glints2/dict_0000_0171.uasset" 10349
"/Engine/EngineMaterials/Substrate/Glints2/dict_0000_0193" 10350
"../../../Engine/Content/EngineMaterials/Substrate/Glints2/dict_0000_0179.uasset" 10351
"../../../Engine/Content/EngineMaterials/Substrate/Glints2/dict_0000_0169.uasset" 10352
"/Engine/EngineMaterials/Substrate/Glints2/dict_0000_0194" 10353
"/Engine/EngineMaterials/Substrate/Glints2/dict_0000_0195" 10354
"/Engine/EngineMaterials/Substrate/Glints2/dict_0000_0196" 10355
"/Engine/EngineMaterials/Substrate/Glints2/dict_0000_0197" 10356
"/Engine/EngineMaterials/Substrate/Glints2/dict_0000_0198" 10357
"/Engine/EngineMaterials/Substrate/Glints2/dict_0000_0199" 10358
"/Engine/EngineMaterials/Substrate/Glints2/dict_0000_0200" 10359
"/Engine/EngineMaterials/Substrate/Glints2/dict_0000_0169" 10360
"../../../Engine/Content/EngineMaterials/Substrate/Glints2/dict_0000_0168.uasset" 10361
"../../../Engine/Content/EngineMaterials/Substrate/Glints2/dict_0000_0167.uasset" 10362
"../../../Engine/Content/EngineMaterials/Substrate/Glints2/dict_0000_0165.uasset" 10363
"/Engine/EngineMaterials/Substrate/Glints2/dict_0000_0170" 10364
"../../../Engine/Content/EngineMaterials/Substrate/Glints2/dict_0000_0163.uasset" 10365
"../../../Engine/Content/EngineMaterials/Substrate/Glints2/dict_0000_0166.uasset" 10366
"../../../Engine/Content/EngineMaterials/Substrate/Glints2/dict_0000_0164.uasset" 10367
"../../../Engine/Content/EngineMaterials/Substrate/Glints2/dict_0000_0162.uasset" 10368
"../../../Engine/Content/EngineMaterials/Substrate/Glints2/dict_0000_0161.uasset" 10369
"../../../Engine/Content/EngineMaterials/Substrate/Glints2/dict_0000_0159.uasset" 10370
"../../../Engine/Content/EngineMaterials/Substrate/Glints2/dict_0000_0160.uasset" 10371
"../../../Engine/Content/EngineMaterials/Substrate/Glints2/dict_0000_0158.uasset" 10372
"../../../Engine/Content/EngineMaterials/Substrate/Glints2/dict_0000_0157.uasset" 10373
"/Engine/EngineMaterials/Substrate/Glints2/dict_0000_0171" 10374
"/Engine/EngineMaterials/Substrate/Glints2/dict_0000_0172" 10375
"/Engine/EngineMaterials/Substrate/Glints2/dict_0000_0173" 10376
"/Engine/EngineMaterials/Substrate/Glints2/dict_0000_0174" 10377
"/Engine/EngineMaterials/Substrate/Glints2/dict_0000_0175" 10378
"/Engine/EngineMaterials/Substrate/Glints2/dict_0000_0176" 10379
"/Engine/EngineMaterials/Substrate/Glints2/dict_0000_0177" 10380
"/Engine/EngineMaterials/Substrate/Glints2/dict_0000_0178" 10381
"/Engine/EngineMaterials/Substrate/Glints2/dict_0000_0179" 10382
"/Engine/EngineMaterials/Substrate/Glints2/dict_0000_0180" 10383
"/Engine/EngineMaterials/Substrate/Glints2/dict_0000_0181" 10384
"/Engine/EngineMaterials/Substrate/Glints2/dict_0000_0182" 10385
"/Engine/EngineMaterials/Substrate/Glints2/dict_0000_0183" 10386
"/Engine/EngineMaterials/Substrate/Glints2/dict_0000_0184" 10387
"/Engine/EngineMaterials/Substrate/Glints2/dict_0000_0185" 10388
"/Engine/EngineMaterials/Substrate/Glints2/dict_0000_0186" 10389
"/Engine/EngineMaterials/Substrate/Glints2/dict_0000_0187" 10390
"/Engine/EngineMaterials/Substrate/Glints2/dict_0000_0188" 10391
"/Engine/EngineMaterials/Substrate/Glints2/dict_0000_0157" 10392
"/Engine/EngineMaterials/Substrate/Glints2/dict_0000_0158" 10393
"../../../Engine/Content/EngineMaterials/Substrate/Glints2/dict_0000_0154.uasset" 10394
"../../../Engine/Content/EngineMaterials/Substrate/Glints2/dict_0000_0156.uasset" 10395
"../../../Engine/Content/EngineMaterials/Substrate/Glints2/dict_0000_0155.uasset" 10396
"../../../Engine/Content/EngineMaterials/Substrate/Glints2/dict_0000_0152.uasset" 10397
"../../../Engine/Content/EngineMaterials/Substrate/Glints2/dict_0000_0153.uasset" 10398
"../../../Engine/Content/EngineMaterials/Substrate/Glints2/dict_0000_0151.uasset" 10399
"../../../Engine/Content/EngineMaterials/Substrate/Glints2/dict_0000_0150.uasset" 10400
"../../../Engine/Content/EngineMaterials/Substrate/Glints2/dict_0000_0148.uasset" 10401
"/Engine/EngineMaterials/Substrate/Glints2/dict_0000_0159" 10402
"../../../Engine/Content/EngineMaterials/Substrate/Glints2/dict_0000_0147.uasset" 10403
"../../../Engine/Content/EngineMaterials/Substrate/Glints2/dict_0000_0149.uasset" 10404
"../../../Engine/Content/EngineMaterials/Substrate/Glints2/dict_0000_0146.uasset" 10405
"../../../Engine/Content/EngineMaterials/Substrate/Glints2/dict_0000_0145.uasset" 10406
"../../../Engine/Content/EngineMaterials/Substrate/Glints2/dict_0000_0144.uasset" 10407
"../../../Engine/Content/EngineMaterials/Substrate/Glints2/dict_0000_0143.uasset" 10408
"../../../Engine/Content/EngineMaterials/Substrate/Glints2/dict_0000_0142.uasset" 10409
"../../../Engine/Content/EngineMaterials/Substrate/Glints2/dict_0000_0141.uasset" 10410
"/Engine/EngineMaterials/Substrate/Glints2/dict_0000_0160" 10411
"../../../Engine/Content/EngineMaterials/Substrate/Glints2/dict_0000_0140.uasset" 10412
"../../../Engine/Content/EngineMaterials/Substrate/Glints2/dict_0000_0139.uasset" 10413
"../../../Engine/Content/EngineMaterials/Substrate/Glints2/dict_0000_0137.uasset" 10414
"../../../Engine/Content/EngineMaterials/Substrate/Glints2/dict_0000_0138.uasset" 10415
"/Engine/EngineMaterials/Substrate/Glints2/dict_0000_0161" 10416
"/Engine/EngineMaterials/Substrate/Glints2/dict_0000_0162" 10417
"/Engine/EngineMaterials/Substrate/Glints2/dict_0000_0163" 10418
"/Engine/EngineMaterials/Substrate/Glints2/dict_0000_0164" 10419
"/Engine/EngineMaterials/Substrate/Glints2/dict_0000_0165" 10420
"/Engine/EngineMaterials/Substrate/Glints2/dict_0000_0166" 10421
"/Engine/EngineMaterials/Substrate/Glints2/dict_0000_0167" 10422
"/Engine/EngineMaterials/Substrate/Glints2/dict_0000_0168" 10423
"/Engine/EngineMaterials/Substrate/Glints2/dict_0000_0137" 10424
"../../../Engine/Content/EngineMaterials/Substrate/Glints2/dict_0000_0135.uasset" 10425
"../../../Engine/Content/EngineMaterials/Substrate/Glints2/dict_0000_0134.uasset" 10426
"../../../Engine/Content/EngineMaterials/Substrate/Glints2/dict_0000_0136.uasset" 10427
"/Engine/EngineMaterials/Substrate/Glints2/dict_0000_0138" 10428
"../../../Engine/Content/EngineMaterials/Substrate/Glints2/dict_0000_0133.uasset" 10429
"../../../Engine/Content/EngineMaterials/Substrate/Glints2/dict_0000_0131.uasset" 10430
"../../../Engine/Content/EngineMaterials/Substrate/Glints2/dict_0000_0132.uasset" 10431
"../../../Engine/Content/EngineMaterials/Substrate/Glints2/dict_0000_0130.uasset" 10432
"../../../Engine/Content/EngineMaterials/Substrate/Glints2/dict_0000_0129.uasset" 10433
"../../../Engine/Content/EngineMaterials/Substrate/Glints2/dict_0000_0128.uasset" 10434
"../../../Engine/Content/EngineMaterials/Substrate/Glints2/dict_0000_0127.uasset" 10435
"../../../Engine/Content/EngineMaterials/Substrate/Glints2/dict_0000_0126.uasset" 10436
"../../../Engine/Content/EngineMaterials/Substrate/Glints2/dict_0000_0125.uasset" 10437
"/Engine/EngineMaterials/Substrate/Glints2/dict_0000_0139" 10438
"/Engine/EngineMaterials/Substrate/Glints2/dict_0000_0140" 10439
"/Engine/EngineMaterials/Substrate/Glints2/dict_0000_0141" 10440
"/Engine/EngineMaterials/Substrate/Glints2/dict_0000_0142" 10441
"/Engine/EngineMaterials/Substrate/Glints2/dict_0000_0143" 10442
"/Engine/EngineMaterials/Substrate/Glints2/dict_0000_0144" 10443
"/Engine/EngineMaterials/Substrate/Glints2/dict_0000_0145" 10444
"/Engine/EngineMaterials/Substrate/Glints2/dict_0000_0146" 10445
"/Engine/EngineMaterials/Substrate/Glints2/dict_0000_0147" 10446
"/Engine/EngineMaterials/Substrate/Glints2/dict_0000_0148" 10447
"/Engine/EngineMaterials/Substrate/Glints2/dict_0000_0149" 10448
"/Engine/EngineMaterials/Substrate/Glints2/dict_0000_0150" 10449
"/Engine/EngineMaterials/Substrate/Glints2/dict_0000_0151" 10450
"/Engine/EngineMaterials/Substrate/Glints2/dict_0000_0152" 10451
"/Engine/EngineMaterials/Substrate/Glints2/dict_0000_0153" 10452
"/Engine/EngineMaterials/Substrate/Glints2/dict_0000_0154" 10453
"/Engine/EngineMaterials/Substrate/Glints2/dict_0000_0155" 10454
"/Engine/EngineMaterials/Substrate/Glints2/dict_0000_0156" 10455
"/Engine/EngineMaterials/Substrate/Glints2/dict_0000_0125" 10456
"../../../Engine/Content/EngineMaterials/Substrate/Glints2/dict_0000_0124.uasset" 10457
"/Engine/EngineMaterials/Substrate/Glints2/dict_0000_0126" 10458
"../../../Engine/Content/EngineMaterials/Substrate/Glints2/dict_0000_0123.uasset" 10459
"../../../Engine/Content/EngineMaterials/Substrate/Glints2/dict_0000_0122.uasset" 10460
"../../../Engine/Content/EngineMaterials/Substrate/Glints2/dict_0000_0119.uasset" 10461
"../../../Engine/Content/EngineMaterials/Substrate/Glints2/dict_0000_0121.uasset" 10462
"../../../Engine/Content/EngineMaterials/Substrate/Glints2/dict_0000_0120.uasset" 10463
"../../../Engine/Content/EngineMaterials/Substrate/Glints2/dict_0000_0118.uasset" 10464
"../../../Engine/Content/EngineMaterials/Substrate/Glints2/dict_0000_0117.uasset" 10465
"/Engine/EngineMaterials/Substrate/Glints2/dict_0000_0127" 10466
"../../../Engine/Content/EngineMaterials/Substrate/Glints2/dict_0000_0116.uasset" 10467
"../../../Engine/Content/EngineMaterials/Substrate/Glints2/dict_0000_0115.uasset" 10468
"/Engine/EngineMaterials/Substrate/Glints2/dict_0000_0128" 10469
"../../../Engine/Content/EngineMaterials/Substrate/Glints2/dict_0000_0114.uasset" 10470
"../../../Engine/Content/EngineMaterials/Substrate/Glints2/dict_0000_0113.uasset" 10471
"../../../Engine/Content/EngineMaterials/Substrate/Glints2/dict_0000_0112.uasset" 10472
"../../../Engine/Content/EngineMaterials/Substrate/Glints2/dict_0000_0111.uasset" 10473
"../../../Engine/Content/EngineMaterials/Substrate/Glints2/dict_0000_0109.uasset" 10474
"../../../Engine/Content/EngineMaterials/Substrate/Glints2/dict_0000_0110.uasset" 10475
"../../../Engine/Content/EngineMaterials/Substrate/Glints2/dict_0000_0108.uasset" 10476
"/Engine/EngineMaterials/Substrate/Glints2/dict_0000_0129" 10477
"../../../Engine/Content/EngineMaterials/Substrate/Glints2/dict_0000_0107.uasset" 10478
"../../../Engine/Content/EngineMaterials/Substrate/Glints2/dict_0000_0106.uasset" 10479
"../../../Engine/Content/EngineMaterials/Substrate/Glints2/dict_0000_0105.uasset" 10480
"/Engine/EngineMaterials/Substrate/Glints2/dict_0000_0130" 10481
"/Engine/EngineMaterials/Substrate/Glints2/dict_0000_0131" 10482
"/Engine/EngineMaterials/Substrate/Glints2/dict_0000_0132" 10483
"/Engine/EngineMaterials/Substrate/Glints2/dict_0000_0133" 10484
"/Engine/EngineMaterials/Substrate/Glints2/dict_0000_0134" 10485
"/Engine/EngineMaterials/Substrate/Glints2/dict_0000_0135" 10486
"/Engine/EngineMaterials/Substrate/Glints2/dict_0000_0136" 10487
"/Engine/EngineMaterials/Substrate/Glints2/dict_0000_0105" 10488
"../../../Engine/Content/EngineMaterials/Substrate/Glints2/dict_0000_0104.uasset" 10489
"/Engine/EngineMaterials/Substrate/Glints2/dict_0000_0106" 10490
"../../../Engine/Content/EngineMaterials/Substrate/Glints2/dict_0000_0103.uasset" 10491
"../../../Engine/Content/EngineMaterials/Substrate/Glints2/dict_0000_0101.uasset" 10492
"../../../Engine/Content/EngineMaterials/Substrate/Glints2/dict_0000_0102.uasset" 10493
"../../../Engine/Content/EngineMaterials/Substrate/Glints2/dict_0000_0099.uasset" 10494
"../../../Engine/Content/EngineMaterials/Substrate/Glints2/dict_0000_0098.uasset" 10495
"../../../Engine/Content/EngineMaterials/Substrate/Glints2/dict_0000_0100.uasset" 10496
"../../../Engine/Content/EngineMaterials/Substrate/Glints2/dict_0000_0097.uasset" 10497
"../../../Engine/Content/EngineMaterials/Substrate/Glints2/dict_0000_0096.uasset" 10498
"/Engine/EngineMaterials/Substrate/Glints2/dict_0000_0107" 10499
"../../../Engine/Content/EngineMaterials/Substrate/Glints2/dict_0000_0094.uasset" 10500
"../../../Engine/Content/EngineMaterials/Substrate/Glints2/dict_0000_0095.uasset" 10501
"../../../Engine/Content/EngineMaterials/Substrate/Glints2/dict_0000_0093.uasset" 10502
"/Engine/EngineMaterials/Substrate/Glints2/dict_0000_0108" 10503
"/Engine/EngineMaterials/Substrate/Glints2/dict_0000_0109" 10504
"/Engine/EngineMaterials/Substrate/Glints2/dict_0000_0110" 10505
"/Engine/EngineMaterials/Substrate/Glints2/dict_0000_0111" 10506
"/Engine/EngineMaterials/Substrate/Glints2/dict_0000_0112" 10507
"/Engine/EngineMaterials/Substrate/Glints2/dict_0000_0113" 10508
"/Engine/EngineMaterials/Substrate/Glints2/dict_0000_0114" 10509
"/Engine/EngineMaterials/Substrate/Glints2/dict_0000_0115" 10510
"/Engine/EngineMaterials/Substrate/Glints2/dict_0000_0116" 10511
"/Engine/EngineMaterials/Substrate/Glints2/dict_0000_0117" 10512
"/Engine/EngineMaterials/Substrate/Glints2/dict_0000_0118" 10513
"/Engine/EngineMaterials/Substrate/Glints2/dict_0000_0119" 10514
"/Engine/EngineMaterials/Substrate/Glints2/dict_0000_0120" 10515
"/Engine/EngineMaterials/Substrate/Glints2/dict_0000_0121" 10516
"/Engine/EngineMaterials/Substrate/Glints2/dict_0000_0122" 10517
"/Engine/EngineMaterials/Substrate/Glints2/dict_0000_0123" 10518
"/Engine/EngineMaterials/Substrate/Glints2/dict_0000_0124" 10519
"/Engine/EngineMaterials/Substrate/Glints2/dict_0000_0093" 10520
"/Engine/EngineMaterials/Substrate/Glints2/dict_0000_0094" 10521
"../../../Engine/Content/EngineMaterials/Substrate/Glints2/dict_0000_0092.uasset" 10522
"../../../Engine/Content/EngineMaterials/Substrate/Glints2/dict_0000_0091.uasset" 10523
"../../../Engine/Content/EngineMaterials/Substrate/Glints2/dict_0000_0090.uasset" 10524
"../../../Engine/Content/EngineMaterials/Substrate/Glints2/dict_0000_0089.uasset" 10525
"/Engine/EngineMaterials/Substrate/Glints2/dict_0000_0095" 10526
"../../../Engine/Content/EngineMaterials/Substrate/Glints2/dict_0000_0087.uasset" 10527
"../../../Engine/Content/EngineMaterials/Substrate/Glints2/dict_0000_0086.uasset" 10528
"../../../Engine/Content/EngineMaterials/Substrate/Glints2/dict_0000_0088.uasset" 10529
"../../../Engine/Content/EngineMaterials/Substrate/Glints2/dict_0000_0085.uasset" 10530
"../../../Engine/Content/EngineMaterials/Substrate/Glints2/dict_0000_0083.uasset" 10531
"../../../Engine/Content/EngineMaterials/Substrate/Glints2/dict_0000_0084.uasset" 10532
"../../../Engine/Content/EngineMaterials/Substrate/Glints2/dict_0000_0082.uasset" 10533
"../../../Engine/Content/EngineMaterials/Substrate/Glints2/dict_0000_0080.uasset" 10534
"../../../Engine/Content/EngineMaterials/Substrate/Glints2/dict_0000_0081.uasset" 10535
"../../../Engine/Content/EngineMaterials/Substrate/Glints2/dict_0000_0079.uasset" 10536
"/Engine/EngineMaterials/Substrate/Glints2/dict_0000_0096" 10537
"../../../Engine/Content/EngineMaterials/Substrate/Glints2/dict_0000_0076.uasset" 10538
"../../../Engine/Content/EngineMaterials/Substrate/Glints2/dict_0000_0077.uasset" 10539
"../../../Engine/Content/EngineMaterials/Substrate/Glints2/dict_0000_0075.uasset" 10540
"../../../Engine/Content/EngineMaterials/Substrate/Glints2/dict_0000_0074.uasset" 10541
"../../../Engine/Content/EngineMaterials/Substrate/Glints2/dict_0000_0073.uasset" 10542
"../../../Engine/Content/EngineMaterials/Substrate/Glints2/dict_0000_0078.uasset" 10543
"/Engine/EngineMaterials/Substrate/Glints2/dict_0000_0097" 10544
"/Engine/EngineMaterials/Substrate/Glints2/dict_0000_0098" 10545
"/Engine/EngineMaterials/Substrate/Glints2/dict_0000_0099" 10546
"/Engine/EngineMaterials/Substrate/Glints2/dict_0000_0100" 10547
"/Engine/EngineMaterials/Substrate/Glints2/dict_0000_0101" 10548
"/Engine/EngineMaterials/Substrate/Glints2/dict_0000_0102" 10549
"/Engine/EngineMaterials/Substrate/Glints2/dict_0000_0103" 10550
"/Engine/EngineMaterials/Substrate/Glints2/dict_0000_0104" 10551
"../../../Engine/Content/EngineMaterials/Substrate/Glints2/dict_0000_0072.uasset" 10552
"/Engine/EngineMaterials/Substrate/Glints2/dict_0000_0073" 10553
"../../../Engine/Content/EngineMaterials/Substrate/Glints2/dict_0000_0068.uasset" 10554
"/Engine/EngineMaterials/Substrate/Glints2/dict_0000_0074" 10555
"../../../Engine/Content/EngineMaterials/Substrate/Glints2/dict_0000_0067.uasset" 10556
"../../../Engine/Content/EngineMaterials/Substrate/Glints2/dict_0000_0069.uasset" 10557
"../../../Engine/Content/EngineMaterials/Substrate/Glints2/dict_0000_0065.uasset" 10558
"../../../Engine/Content/EngineMaterials/Substrate/Glints2/dict_0000_0071.uasset" 10559
"../../../Engine/Content/EngineMaterials/Substrate/Glints2/dict_0000_0066.uasset" 10560
"../../../Engine/Content/EngineMaterials/Substrate/Glints2/dict_0000_0070.uasset" 10561
"../../../Engine/Content/EngineMaterials/Substrate/Glints2/dict_0000_0064.uasset" 10562
"../../../Engine/Content/EngineMaterials/Substrate/Glints2/dict_0000_0063.uasset" 10563
"../../../Engine/Content/EngineMaterials/Substrate/Glints2/dict_0000_0062.uasset" 10564
"../../../Engine/Content/EngineMaterials/Substrate/Glints2/dict_0000_0061.uasset" 10565
"/Engine/EngineMaterials/Substrate/Glints2/dict_0000_0075" 10566
"/Engine/EngineMaterials/Substrate/Glints2/dict_0000_0076" 10567
"/Engine/EngineMaterials/Substrate/Glints2/dict_0000_0077" 10568
"/Engine/EngineMaterials/Substrate/Glints2/dict_0000_0078" 10569
"/Engine/EngineMaterials/Substrate/Glints2/dict_0000_0079" 10570
"/Engine/EngineMaterials/Substrate/Glints2/dict_0000_0080" 10571
"/Engine/EngineMaterials/Substrate/Glints2/dict_0000_0081" 10572
"/Engine/EngineMaterials/Substrate/Glints2/dict_0000_0082" 10573
"/Engine/EngineMaterials/Substrate/Glints2/dict_0000_0083" 10574
"/Engine/EngineMaterials/Substrate/Glints2/dict_0000_0084" 10575
"/Engine/EngineMaterials/Substrate/Glints2/dict_0000_0085" 10576
"/Engine/EngineMaterials/Substrate/Glints2/dict_0000_0086" 10577
"/Engine/EngineMaterials/Substrate/Glints2/dict_0000_0087" 10578
"/Engine/EngineMaterials/Substrate/Glints2/dict_0000_0088" 10579
"/Engine/EngineMaterials/Substrate/Glints2/dict_0000_0089" 10580
"/Engine/EngineMaterials/Substrate/Glints2/dict_0000_0090" 10581
"/Engine/EngineMaterials/Substrate/Glints2/dict_0000_0091" 10582
"/Engine/EngineMaterials/Substrate/Glints2/dict_0000_0092" 10583
"/Engine/EngineMaterials/Substrate/Glints2/dict_0000_0061" 10584
"../../../Engine/Content/EngineMaterials/Substrate/Glints2/dict_0000_0059.uasset" 10585
"/Engine/EngineMaterials/Substrate/Glints2/dict_0000_0062" 10586
"../../../Engine/Content/EngineMaterials/Substrate/Glints2/dict_0000_0060.uasset" 10587
"../../../Engine/Content/EngineMaterials/Substrate/Glints2/dict_0000_0058.uasset" 10588
"../../../Engine/Content/EngineMaterials/Substrate/Glints2/dict_0000_0057.uasset" 10589
"../../../Engine/Content/EngineMaterials/Substrate/Glints2/dict_0000_0056.uasset" 10590
"../../../Engine/Content/EngineMaterials/Substrate/Glints2/dict_0000_0055.uasset" 10591
"../../../Engine/Content/EngineMaterials/Substrate/Glints2/dict_0000_0054.uasset" 10592
"../../../Engine/Content/EngineMaterials/Substrate/Glints2/dict_0000_0053.uasset" 10593
"../../../Engine/Content/EngineMaterials/Substrate/Glints2/dict_0000_0052.uasset" 10594
"../../../Engine/Content/EngineMaterials/Substrate/Glints2/dict_0000_0051.uasset" 10595
"/Engine/EngineMaterials/Substrate/Glints2/dict_0000_0063" 10596
"../../../Engine/Content/EngineMaterials/Substrate/Glints2/dict_0000_0050.uasset" 10597
"../../../Engine/Content/EngineMaterials/Substrate/Glints2/dict_0000_0049.uasset" 10598
"../../../Engine/Content/EngineMaterials/Substrate/Glints2/dict_0000_0048.uasset" 10599
"/Engine/EngineMaterials/Substrate/Glints2/dict_0000_0064" 10600
"../../../Engine/Content/EngineMaterials/Substrate/Glints2/dict_0000_0047.uasset" 10601
"../../../Engine/Content/EngineMaterials/Substrate/Glints2/dict_0000_0046.uasset" 10602
"../../../Engine/Content/EngineMaterials/Substrate/Glints2/dict_0000_0045.uasset" 10603
"../../../Engine/Content/EngineMaterials/Substrate/Glints2/dict_0000_0043.uasset" 10604
"../../../Engine/Content/EngineMaterials/Substrate/Glints2/dict_0000_0044.uasset" 10605
"../../../Engine/Content/EngineMaterials/Substrate/Glints2/dict_0000_0042.uasset" 10606
"../../../Engine/Content/EngineMaterials/Substrate/Glints2/dict_0000_0041.uasset" 10607
"/Engine/EngineMaterials/Substrate/Glints2/dict_0000_0065" 10608
"/Engine/EngineMaterials/Substrate/Glints2/dict_0000_0066" 10609
"/Engine/EngineMaterials/Substrate/Glints2/dict_0000_0067" 10610
"/Engine/EngineMaterials/Substrate/Glints2/dict_0000_0068" 10611
"/Engine/EngineMaterials/Substrate/Glints2/dict_0000_0069" 10612
"/Engine/EngineMaterials/Substrate/Glints2/dict_0000_0070" 10613
"/Engine/EngineMaterials/Substrate/Glints2/dict_0000_0071" 10614
"/Engine/EngineMaterials/Substrate/Glints2/dict_0000_0072" 10615
"/Engine/EngineMaterials/Substrate/Glints2/dict_0000_0041" 10616
"../../../Engine/Content/EngineMaterials/Substrate/Glints2/dict_0000_0039.uasset" 10617
"/Engine/EngineMaterials/Substrate/Glints2/dict_0000_0042" 10618
"../../../Engine/Content/EngineMaterials/Substrate/Glints2/dict_0000_0038.uasset" 10619
"../../../Engine/Content/EngineMaterials/Substrate/Glints2/dict_0000_0040.uasset" 10620
"../../../Engine/Content/EngineMaterials/Substrate/Glints2/dict_0000_0036.uasset" 10621
"../../../Engine/Content/EngineMaterials/Substrate/Glints2/dict_0000_0037.uasset" 10622
"../../../Engine/Content/EngineMaterials/Substrate/Glints2/dict_0000_0035.uasset" 10623
"../../../Engine/Content/EngineMaterials/Substrate/Glints2/dict_0000_0034.uasset" 10624
"../../../Engine/Content/EngineMaterials/Substrate/Glints2/dict_0000_0033.uasset" 10625
"/Engine/EngineMaterials/Substrate/Glints2/dict_0000_0043" 10626
"../../../Engine/Content/EngineMaterials/Substrate/Glints2/dict_0000_0032.uasset" 10627
"../../../Engine/Content/EngineMaterials/Substrate/Glints2/dict_0000_0031.uasset" 10628
"../../../Engine/Content/EngineMaterials/Substrate/Glints2/dict_0000_0030.uasset" 10629
"../../../Engine/Content/EngineMaterials/Substrate/Glints2/dict_0000_0029.uasset" 10630
"/Engine/EngineMaterials/Substrate/Glints2/dict_0000_0044" 10631
"/Engine/EngineMaterials/Substrate/Glints2/dict_0000_0045" 10632
"/Engine/EngineMaterials/Substrate/Glints2/dict_0000_0046" 10633
"/Engine/EngineMaterials/Substrate/Glints2/dict_0000_0047" 10634
"/Engine/EngineMaterials/Substrate/Glints2/dict_0000_0048" 10635
"/Engine/EngineMaterials/Substrate/Glints2/dict_0000_0049" 10636
"/Engine/EngineMaterials/Substrate/Glints2/dict_0000_0050" 10637
"/Engine/EngineMaterials/Substrate/Glints2/dict_0000_0051" 10638
"/Engine/EngineMaterials/Substrate/Glints2/dict_0000_0052" 10639
"/Engine/EngineMaterials/Substrate/Glints2/dict_0000_0053" 10640
"/Engine/EngineMaterials/Substrate/Glints2/dict_0000_0054" 10641
"/Engine/EngineMaterials/Substrate/Glints2/dict_0000_0055" 10642
"/Engine/EngineMaterials/Substrate/Glints2/dict_0000_0056" 10643
"/Engine/EngineMaterials/Substrate/Glints2/dict_0000_0057" 10644
"/Engine/EngineMaterials/Substrate/Glints2/dict_0000_0058" 10645
"/Engine/EngineMaterials/Substrate/Glints2/dict_0000_0059" 10646
"/Engine/EngineMaterials/Substrate/Glints2/dict_0000_0060" 10647
"/Engine/EngineMaterials/Substrate/Glints2/dict_0000_0029" 10648
"/Engine/EngineMaterials/Substrate/Glints2/dict_0000_0030" 10649
"../../../Engine/Content/EngineMaterials/Substrate/Glints2/dict_0000_0028.uasset" 10650
"../../../Engine/Content/EngineMaterials/Substrate/Glints2/dict_0000_0027.uasset" 10651
"../../../Engine/Content/EngineMaterials/Substrate/Glints2/dict_0000_0026.uasset" 10652
"../../../Engine/Content/EngineMaterials/Substrate/Glints2/dict_0000_0025.uasset" 10653
"../../../Engine/Content/EngineMaterials/Substrate/Glints2/dict_0000_0023.uasset" 10654
"../../../Engine/Content/EngineMaterials/Substrate/Glints2/dict_0000_0024.uasset" 10655
"../../../Engine/Content/EngineMaterials/Substrate/Glints2/dict_0000_0022.uasset" 10656
"../../../Engine/Content/EngineMaterials/Substrate/Glints2/dict_0000_0020.uasset" 10657
"../../../Engine/Content/EngineMaterials/Substrate/Glints2/dict_0000_0021.uasset" 10658
"../../../Engine/Content/EngineMaterials/Substrate/Glints2/dict_0000_0019.uasset" 10659
"../../../Engine/Content/EngineMaterials/Substrate/Glints2/dict_0000_0018.uasset" 10660
"/Engine/EngineMaterials/Substrate/Glints2/dict_0000_0031" 10661
"../../../Engine/Content/EngineMaterials/Substrate/Glints2/dict_0000_0017.uasset" 10662
"../../../Engine/Content/EngineMaterials/Substrate/Glints2/dict_0000_0015.uasset" 10663
"../../../Engine/Content/EngineMaterials/Substrate/Glints2/dict_0000_0016.uasset" 10664
"../../../Engine/Content/EngineMaterials/Substrate/Glints2/dict_0000_0014.uasset" 10665
"../../../Engine/Content/EngineMaterials/Substrate/Glints2/dict_0000_0013.uasset" 10666
"../../../Engine/Content/EngineMaterials/Substrate/Glints2/dict_0000_0012.uasset" 10667
"../../../Engine/Content/EngineMaterials/Substrate/Glints2/dict_0000_0011.uasset" 10668
"../../../Engine/Content/EngineMaterials/Substrate/Glints2/dict_0000_0009.uasset" 10669
"../../../Engine/Content/EngineMaterials/Substrate/Glints2/dict_0000_0010.uasset" 10670
"/Engine/EngineMaterials/Substrate/Glints2/dict_0000_0032" 10671
"/Engine/EngineMaterials/Substrate/Glints2/dict_0000_0033" 10672
"/Engine/EngineMaterials/Substrate/Glints2/dict_0000_0034" 10673
"/Engine/EngineMaterials/Substrate/Glints2/dict_0000_0035" 10674
"/Engine/EngineMaterials/Substrate/Glints2/dict_0000_0036" 10675
"/Engine/EngineMaterials/Substrate/Glints2/dict_0000_0037" 10676
"/Engine/EngineMaterials/Substrate/Glints2/dict_0000_0038" 10677
"/Engine/EngineMaterials/Substrate/Glints2/dict_0000_0039" 10678
"/Engine/EngineMaterials/Substrate/Glints2/dict_0000_0040" 10679
"/Engine/EngineMaterials/Substrate/Glints2/dict_0000_0009" 10680
"/Engine/EngineMaterials/Substrate/Glints2/dict_0000_0010" 10681
"../../../Engine/Content/EngineMaterials/Substrate/Glints2/dict_0000_0008.uasset" 10682
"../../../Engine/Content/EngineMaterials/Substrate/Glints2/dict_0000_0007.uasset" 10683
"../../../Engine/Content/EngineMaterials/Substrate/Glints2/dict_0000_0006.uasset" 10684
"../../../Engine/Content/EngineMaterials/Substrate/Glints2/dict_0000_0005.uasset" 10685
"/Engine/EngineMaterials/Substrate/Glints2/dict_0000_0011" 10686
"../../../Engine/Content/EngineMaterials/Substrate/Glints2/dict_0000_0004.uasset" 10687
"../../../Engine/Content/EngineMaterials/Substrate/Glints2/dict_0000_0002.uasset" 10688
"../../../Engine/Content/EngineMaterials/Substrate/Glints2/dict_0000_0003.uasset" 10689
"../../../Engine/Content/EngineMaterials/Substrate/Glints2/dict_0000_0001.uasset" 10690
"../../../Engine/Content/EngineMaterials/Substrate/Volume/SubstrateSimpleVolumeLUT2D.uasset" 10691
"../../../Engine/Content/EngineMaterials/Substrate/Glints2/AGlintTex2dArray2.uasset" 10692
"../../../Engine/Content/EngineMaterials/Substrate/Glints2/dict_0000_0000.uasset" 10693
"../../../Engine/Content/EngineMaterials/Substrate/Volume/SubstrateSimpleVolumeLUT3D.uasset" 10694
"/Engine/EngineMaterials/Substrate/Glints2/dict_0000_0012" 10695
"/Engine/EngineMaterials/Substrate/Glints2/dict_0000_0013" 10696
"/Engine/EngineMaterials/Substrate/Glints2/dict_0000_0014" 10697
"/Engine/EngineMaterials/Substrate/Glints2/dict_0000_0015" 10698
"/Engine/EngineMaterials/Substrate/Glints2/dict_0000_0016" 10699
"/Engine/EngineMaterials/Substrate/Glints2/dict_0000_0017" 10700
"/Engine/EngineMaterials/Substrate/Glints2/dict_0000_0018" 10701
"/Engine/EngineMaterials/Substrate/Glints2/dict_0000_0019" 10702
"/Engine/EngineMaterials/Substrate/Glints2/dict_0000_0020" 10703
"/Engine/EngineMaterials/Substrate/Glints2/dict_0000_0021" 10704
"/Engine/EngineMaterials/Substrate/Glints2/dict_0000_0022" 10705
"/Engine/EngineMaterials/Substrate/Glints2/dict_0000_0023" 10706
"/Engine/EngineMaterials/Substrate/Glints2/dict_0000_0024" 10707
"/Engine/EngineMaterials/Substrate/Glints2/dict_0000_0025" 10708
"/Engine/EngineMaterials/Substrate/Glints2/dict_0000_0026" 10709
"/Engine/EngineMaterials/Substrate/Glints2/dict_0000_0027" 10710
"/Engine/EngineMaterials/Substrate/Glints2/dict_0000_0028" 10711
"../../../Engine/Content/EngineMaterials/DefaultCalibrationColor.uasset" 10712
"../../../Engine/Content/EngineMaterials/Substrate/Volume/SubstrateSimpleVolumeEnvLUT3D.uasset" 10713
"../../../Engine/Content/EngineMaterials/PPM_DefaultCalibrationColor.uasset" 10714
"../../../Engine/Content/MobileResources/HUD/VirtualJoystick_Background.uasset" 10715
"../../../Engine/Content/EngineMaterials/Substrate/Volume/SubstrateSimpleVolumeEnvLUT2D.uasset" 10716
"../../../Engine/Content/MobileResources/HUD/DefaultVirtualJoysticks.uasset" 10717
"../../../Engine/Content/MobileResources/HUD/VirtualJoystick_Thumb.uasset" 10718
"/Engine/EngineMaterials/Substrate/Volume/SubstrateSimpleVolumeLUT3D" 10719
"../../../Engine/Content/EngineMaterials/PPM_DefaultCalibrationGrayscale.uasset" 10720
"../../../Engine/Content/EngineMaterials/DefaultCalibrationGrayscale.uasset" 10721
"../../../Engine/Content/Functions/MaterialLayerFunctions/MatLayerBlend_OverrideOpacity.uasset" 10722
"../../../Engine/Content/Functions/Engine_MaterialFunctions03/Procedurals/HeightToNormalSmooth.uasset" 10723
"../../../Engine/Plugins/Interchange/Assets/Content/Functions/MX_Surface.uasset" 10724
"../../../Engine/Plugins/Interchange/Assets/Content/Functions/MX_Displacement.uasset" 10725
"../../../Engine/Plugins/NNE/NNEDenoiser/Content/NNEDIM_ColorAlbedoNormal_Alpha.uasset" 10726
"../../../Engine/Plugins/NNE/NNEDenoiser/Content/NNEDIM_ColorAlbedoNormal_Default.uasset" 10727
"../../../Engine/Plugins/NNE/NNEDenoiser/Content/NNEDIM_HighQuality_Alpha.uasset" 10728
"../../../Engine/Plugins/NNE/NNEDenoiser/Content/NNEDIM_HighQuality_Default.uasset" 10729
"../../../Engine/Plugins/NNE/NNEDenoiser/Content/NNEDOM_Output_Alpha.uasset" 10730
"../../../Engine/Plugins/NNE/NNEDenoiser/Content/NNEDOM_Output_Default.uasset" 10731
"../../../Engine/Plugins/NNE/NNEDenoiser/Content/NNEDTIM_ColorAlbedoNormal_Alpha.uasset" 10732
"/Engine/EngineMaterials/Substrate/Glints2/AGlintTex2dArray2" 10733
"/NNEDenoiser/NNEDTIM_ColorAlbedoNormal_Alpha" 10734
"/NNEDenoiser/NNEDOM_Output_Default" 10735
"/NNEDenoiser/NNEDOM_Output_Alpha" 10736
"/NNEDenoiser/NNEDIM_HighQuality_Default" 10737
"/NNEDenoiser/NNEDIM_HighQuality_Alpha" 10738
"/NNEDenoiser/NNEDIM_ColorAlbedoNormal_Default" 10739
"/NNEDenoiser/NNEDIM_ColorAlbedoNormal_Alpha" 10740
"/InterchangeAssets/Functions/MX_Displacement" 10741
"/InterchangeAssets/Functions/MX_Surface" 10742
"/Engine/EngineMaterials/PPM_DefaultCalibrationGrayscale" 10743
"/Engine/EngineMaterials/PPM_DefaultCalibrationColor" 10744
"/Engine/MobileResources/HUD/DefaultVirtualJoysticks" 10745
"/Engine/EngineMaterials/Substrate/Volume/SubstrateSimpleVolumeEnvLUT3D" 10746
"../../../Engine/Plugins/NNE/NNEDenoiser/Content/NNEDTOM_Output_Alpha.uasset" 10747
"../../../Engine/Plugins/NNE/NNEDenoiser/Content/NNEDTOM_Output_Default.uasset" 10748
"../../../Engine/Plugins/NNE/NNEDenoiser/Content/NNEDT_Oidn2-3_Balanced.uasset" 10749
"../../../Engine/Plugins/NNE/NNEDenoiser/Content/NNED_Oidn2-3_Balanced.uasset" 10750
"../../../Engine/Plugins/NNE/NNEDenoiser/Content/NNEDT_Oidn2-3_Balanced_Alpha.uasset" 10751
"../../../Engine/Plugins/NNE/NNEDenoiser/Content/NNEDTIM_ColorAlbedoNormal_Default.uasset" 10752
"../../../Engine/Plugins/NNE/NNEDenoiser/Content/NNED_Oidn2-3_Balanced_Alpha.uasset" 10753
"../../../Engine/Plugins/NNE/NNEDenoiser/Content/NNED_Oidn2-3_Fast.uasset" 10754
"../../../Engine/Plugins/NNE/NNEDenoiser/Content/NNED_Oidn2-3_Fast_Alpha.uasset" 10755
"../../../Engine/Plugins/NNE/NNEDenoiser/Content/NNED_Oidn2-3_HighQuality.uasset" 10756
"../../../Engine/Plugins/NNE/NNEDenoiser/Content/NNED_Oidn2-3_HighQuality_Alpha.uasset" 10757
"../../../Engine/Plugins/NNE/NNEDenoiser/Content/NNE_oidn2-3-0_rt_hdr_alb_nrm_small__dyn__fp16_opset11_DenoiseAlpha.uasset" 10758
"../../../Engine/Plugins/NNE/NNEDenoiser/Content/NNE_oidn2-3-0_rt_hdr_alb_nrm_small__dyn__fp16_opset11_ForwardAlpha.uasset" 10759
"../../../Engine/Plugins/NNE/NNEDenoiser/Content/NNE_oidn2-3-0_rt_hdr_alb_nrm__dyn__fp16_opset11_DenoiseAlpha.uasset" 10760
"../../../Engine/Plugins/NNE/NNEDenoiser/Content/NNE_oidn2-3-0_rt_hdr_alb_nrm__dyn__fp16_opset11_ForwardAlpha.uasset" 10761
"../../../Engine/Plugins/NNE/NNEDenoiser/Content/NNE_oidn2-3-0_rt_hdr_calb_cnrm_large__dyn__fp16_opset11_DenoiseAlpha.uasset" 10762
"../../../Engine/Plugins/NNE/NNEDenoiser/Content/NNE_oidn2-3-0_rt_hdr_calb_cnrm_large__dyn__fp16_opset11_ForwardAlpha.uasset" 10763
"/NNEDenoiser/NNE_oidn2-3-0_rt_hdr_calb_cnrm_large__dyn__fp16_opset11_ForwardAlpha" 10764
"/NNEDenoiser/NNE_oidn2-3-0_rt_hdr_calb_cnrm_large__dyn__fp16_opset11_DenoiseAlpha" 10765
"/NNEDenoiser/NNE_oidn2-3-0_rt_hdr_alb_nrm__dyn__fp16_opset11_ForwardAlpha" 10766
"/NNEDenoiser/NNE_oidn2-3-0_rt_hdr_alb_nrm__dyn__fp16_opset11_DenoiseAlpha" 10767
"/NNEDenoiser/NNE_oidn2-3-0_rt_hdr_alb_nrm_small__dyn__fp16_opset11_ForwardAlpha" 10768
"/NNEDenoiser/NNE_oidn2-3-0_rt_hdr_alb_nrm_small__dyn__fp16_opset11_DenoiseAlpha" 10769
"/NNEDenoiser/NNED_Oidn2-3_HighQuality_Alpha" 10770
"/NNEDenoiser/NNED_Oidn2-3_HighQuality" 10771
"/NNEDenoiser/NNED_Oidn2-3_Fast_Alpha" 10772
"E:/Repos/Unreal-Zombie-Shooter/Zombie_Shooter/Intermediate/ORTOptimizerPass_Optimized2489FF8245B5EFA02D213C8732030724.onnx" 10773
"E:/Repos/Unreal-Zombie-Shooter/Zombie_Shooter/Intermediate/ORTOptimizerPass_Optimized49F605AA437965AAC65212B19E2B098F.onnx" 10774
"/NNEDenoiser/NNED_Oidn2-3_Fast" 10775
"/NNEDenoiser/NNED_Oidn2-3_Balanced_Alpha" 10776
"/NNEDenoiser/NNED_Oidn2-3_Balanced" 10777
"/NNEDenoiser/NNEDT_Oidn2-3_Balanced_Alpha" 10778
"/NNEDenoiser/NNEDT_Oidn2-3_Balanced" 10779
"/NNEDenoiser/NNEDTOM_Output_Default" 10780
"/NNEDenoiser/NNEDTOM_Output_Alpha" 10781
"/NNEDenoiser/NNEDTIM_ColorAlbedoNormal_Default" 10782
"E:/Repos/Unreal-Zombie-Shooter/Zombie_Shooter/Intermediate/ORTOptimizerPass_Optimized55D9D52D415AA27E3C19559723B7C23E.onnx" 10783
"E:/Repos/Unreal-Zombie-Shooter/Zombie_Shooter/Intermediate/ORTOptimizerPass_Optimized9BC519484257F69F80D06D89275E9030.onnx" 10784
"E:/Repos/Unreal-Zombie-Shooter/Zombie_Shooter/Intermediate/ORTOptimizerPass_OptimizedFDD37A6640846FC77FB0038FAA6FDC8C.onnx" 10785
"E:/Repos/Unreal-Zombie-Shooter/Zombie_Shooter/Intermediate/ORTOptimizerPass_Optimized096764A04620FCFF6D455AA16741225E.onnx" 10786
"E:/Repos/Unreal-Zombie-Shooter/Zombie_Shooter/Intermediate/ORTOptimizerPass_Optimized5FEC72B94864A81288EFA3B7AE025729.onnx" 10787
"E:/Repos/Unreal-Zombie-Shooter/Zombie_Shooter/Intermediate/ORTOptimizerPass_Optimized128F12584185DB4BBF8802A327656636.onnx" 10788
"E:/Repos/Unreal-Zombie-Shooter/Zombie_Shooter/Intermediate/ORTOptimizerPass_OptimizedF1D5F7C54CD86B770E55168669F255F1.onnx" 10789
"E:/Repos/Unreal-Zombie-Shooter/Zombie_Shooter/Intermediate/ORTOptimizerPass_OptimizedB6842957486B0789236AAB8FEA2640A7.onnx" 10790
"E:/Repos/Unreal-Zombie-Shooter/Zombie_Shooter/Intermediate/ORTOptimizerPass_Optimized7E7A2F2242F660F9243AE6A0EC8A1797.onnx" 10791
"E:/Repos/Unreal-Zombie-Shooter/Zombie_Shooter/Intermediate/ORTOptimizerPass_Optimized5C46CFEA448384436816E3858E5F8A0E.onnx" 10792
"../../../Engine/Content/EditorResources/BSPVertex.uasset" 10793
"../../../Engine/Content/EngineMaterials/DefaultBloomKernel.uasset" 10794
"../../../Engine/Content/EngineResources/FilmGrains/Marcie_Grain_v3_128_M2_000.uasset" 10795
"../../../Engine/Content/EngineResources/Development/ZenLogo_64.uasset" 10796
"../../../Engine/Content/EngineMaterials/FastBlueNoise_scalar_128x128x64.uasset" 10797
"../../../Engine/Content/EngineMaterials/FastBlueNoise_scalar_128x128x8.uasset" 10798
"../../../Engine/Content/EngineDebugMaterials/DebugEditorMaterial.uasset" 10799
"../../../Engine/Content/EngineMaterials/FastBlueNoise_vec2_128x128x64.uasset" 10800
"../../../Engine/Content/EngineMaterials/EnergyConservation/SheenLegacy_Energy.uasset" 10801
"../../../Engine/Content/EngineMaterials/SMAAAreaTex.uasset" 10802
"../../../Engine/Content/EngineMaterials/SMAASearchTex.uasset" 10803
"../../../Engine/Content/EngineSounds/Master.uasset" 10804
"../../../Engine/Plugins/Interchange/Runtime/Content/Pipelines/DefaultAssetsPipeline.uasset" 10805
"../../../Engine/Plugins/Interchange/Runtime/Content/Pipelines/DefaultMaterialXPipeline.uasset" 10806
"../../../Engine/Plugins/Interchange/Runtime/Content/Pipelines/DefaultGLTFAssetsPipeline.uasset" 10807
"../../../Engine/Plugins/Interchange/Runtime/Content/Pipelines/DefaultMaterialPipeline.uasset" 10808
"../../../Engine/Plugins/Interchange/Runtime/Content/Pipelines/DefaultGLTFPipeline.uasset" 10809
"../../../Engine/Plugins/Interchange/Runtime/Content/Pipelines/DefaultTexturePipeline.uasset" 10810
"../../../Engine/Plugins/Interchange/Runtime/Content/Pipelines/DefaultAudioPipeline.uasset" 10811
"../../../Engine/Plugins/Interchange/Runtime/Content/Pipelines/DefaultSceneAssetsPipeline.uasset" 10812
"/Interchange/Pipelines/DefaultSceneAssetsPipeline" 10813
"/Interchange/Pipelines/DefaultAudioPipeline" 10814
"/Interchange/Pipelines/DefaultTexturePipeline" 10815
"/Interchange/Pipelines/DefaultMaterialPipeline" 10816
"/Interchange/Pipelines/DefaultGLTFPipeline" 10817
"/Interchange/Pipelines/DefaultGLTFAssetsPipeline" 10818
"/Interchange/Pipelines/DefaultMaterialXPipeline" 10819
"/Interchange/Pipelines/DefaultAssetsPipeline" 10820
"/Engine/EngineSounds/Master" 10821
"/Engine/EngineMaterials/SMAASearchTex" 10822
"/Engine/EngineMaterials/SMAAAreaTex" 10823
"/Engine/EngineMaterials/EnergyConservation/SheenLegacy_Energy" 10824
"/Engine/EngineMaterials/FastBlueNoise_vec2_128x128x64" 10825
"/Engine/EngineMaterials/FastBlueNoise_scalar_128x128x8" 10826
"/Engine/EngineMaterials/FastBlueNoise_scalar_128x128x64" 10827
"/Engine/EngineDebugMaterials/DebugEditorMaterial" 10828
"/Engine/EngineResources/Development/ZenLogo_64" 10829
"/Engine/EngineResources/FilmGrains/Marcie_Grain_v3_128_M2_000" 10830
"/Engine/EngineMaterials/DefaultBloomKernel" 10831
"/Engine/EditorResources/BSPVertex" 10832
"../../../Engine/Plugins/Interchange/Runtime/Content/Pipelines/DefaultSceneLevelPipeline.uasset" 10833
"../../../Engine/Plugins/Interchange/Runtime/Content/Pipelines/DefaultGLTFSceneAssetsPipeline.uasset" 10834
"../../../Engine/Plugins/Interchange/Assets/Content/Functions/MX_SurfaceUnlit.uasset" 10835
"../../../Engine/Plugins/Interchange/Assets/Content/Functions/MX_UsdPreviewSurface.uasset" 10836
"../../../Engine/Plugins/Interchange/Assets/Content/Substrate/MX_SimpleVolume.uasset" 10837
"../../../Engine/Plugins/Interchange/Assets/Content/Functions/MX_OrenNayarBSDF.uasset" 10838
"../../../Engine/Plugins/Interchange/Assets/Content/Functions/MX_BurleyDiffuseBSDF.uasset" 10839
"../../../Engine/Plugins/Interchange/Assets/Content/Functions/MX_TranslucentBSDF.uasset" 10840
"../../../Engine/Plugins/Interchange/Assets/Content/Functions/MX_DielectricBSDF.uasset" 10841
"../../../Engine/Plugins/Interchange/Assets/Content/Functions/MX_GeneralizedSchlickBSDF.uasset" 10842
"../../../Engine/Plugins/Interchange/Assets/Content/Functions/MX_ConductorBSDF.uasset" 10843
"../../../Engine/Plugins/Interchange/Assets/Content/Functions/MX_SheenBSDF.uasset" 10844
"../../../Engine/Plugins/Interchange/Assets/Content/Functions/MX_ChiangHairBSDF.uasset" 10845
"../../../Engine/Plugins/Interchange/Assets/Content/Functions/MX_UniformEDF.uasset" 10846
"../../../Engine/Plugins/Interchange/Assets/Content/Functions/MX_ConicalEDF.uasset" 10847
"../../../Engine/Plugins/Interchange/Assets/Content/Functions/MX_MeasuredEDF.uasset" 10848
"../../../Engine/Plugins/Interchange/Assets/Content/Functions/MX_AbsorptionVDF.uasset" 10849
"../../../Engine/Plugins/Interchange/Assets/Content/Functions/MX_AnisotropicVDF.uasset" 10850
"../../../Engine/Plugins/Animation/ControlRig/Content/Controls/ControlRigGizmoMaterial.uasset" 10851
"../../../Engine/Plugins/Interchange/Assets/Content/Functions/MX_SubsurfaceBSDF.uasset" 10852
"/ControlRig/Controls/ControlRigGizmoMaterial" 10853
"/InterchangeAssets/Functions/MX_AnisotropicVDF" 10854
"/InterchangeAssets/Functions/MX_AbsorptionVDF" 10855
"/InterchangeAssets/Functions/MX_MeasuredEDF" 10856
"/InterchangeAssets/Functions/MX_ConicalEDF" 10857
"/InterchangeAssets/Functions/MX_UniformEDF" 10858
"/InterchangeAssets/Functions/MX_ChiangHairBSDF" 10859
"/InterchangeAssets/Functions/MX_SheenBSDF" 10860
"/InterchangeAssets/Functions/MX_SubsurfaceBSDF" 10861
"/InterchangeAssets/Functions/MX_GeneralizedSchlickBSDF" 10862
"/InterchangeAssets/Functions/MX_ConductorBSDF" 10863
"/InterchangeAssets/Functions/MX_DielectricBSDF" 10864
"/InterchangeAssets/Functions/MX_TranslucentBSDF" 10865
"/InterchangeAssets/Functions/MX_BurleyDiffuseBSDF" 10866
"/InterchangeAssets/Functions/MX_OrenNayarBSDF" 10867
"/InterchangeAssets/Substrate/MX_SimpleVolume" 10868
"/InterchangeAssets/Functions/MX_UsdPreviewSurface" 10869
"/InterchangeAssets/Functions/MX_SurfaceUnlit" 10870
"/Interchange/Pipelines/DefaultGLTFSceneAssetsPipeline" 10871
"/Interchange/Pipelines/DefaultSceneLevelPipeline" 10872
"E:/Repos/Unreal-Zombie-Shooter/Zombie_Shooter/Saved/Cooked/WindowsServer/Zombie_Shooter/Metadata/CookedSettings.txt" 10873
